{
	"code": "smallstonebrick",
	"maxstacksize": 64,
	"variantgroups": [ { "code": "rock", "loadFromProperties": "block/rock", "states": [ "kimberlite", "obsidian", "suevite" ] } ],
	"materialDensity": 2500,
	"shape": { "base": "game:item/stonebrick" },
	"attributes": {
		"displaycaseable": true,
		"shelvable": true,
		"onDisplayTransform": {
			"origin": { "x": 0.5, "y": 0, "z": 0.5 },
			"scale": 0.7
		},
		"handbook": { "groupBy": [ "smallstonebrick-*" ] }
	},
	"behaviors": [ {
		"name": "GroundStorable",
		"properties": {
			"layout": "Stacking",
			"placeRemoveSound": "game:sounds/block/ceramicplace",
			"stackingModel": "bricklayers:block/clay/smallbrickpile",
			"tessQuantityElements": 1,
			"stackingCapacity": 32,
			"transferQuantity": 1,
			"bulkTransferQuantity": 4,
			"collisionBox": { "x1": 0, "y1": 0, "z1": 0, "x2": 1, "y2": 0.25, "z2": 1 },
			"cbScaleYByLayer": 0.125,
			"maxFireable": 16
		}
	} ],
	"texturesByType": {
		"*-kimberlite": {
			"rock": { "base": "bricklayers:block/stone/brick/{rock}1" },
			"material": { "base": "bricklayers:block/stone/brick/{rock}1" },
			"top": { "base": "bricklayers:block/stone/brick/{rock}1" }
		},
		"*-obsidian": {
			"rock": { "base": "bricklayers:block/stone/brick/{rock}1" },
			"material": { "base": "bricklayers:block/stone/brick/{rock}1" },
			"top": { "base": "bricklayers:block/stone/brick/{rock}1" }
		},
		"*-suevite": {
			"rock": { "base": "bricklayers:block/stone/brick/{rock}1" },
			"material": { "base": "bricklayers:block/stone/brick/{rock}1" },
			"top": { "base": "bricklayers:block/stone/brick/{rock}1" }
		},
		"*": {
			"rock": { "base": "game:block/stone/brick/{rock}1" },
			"material": { "base": "game:block/stone/brick/{rock}1" },
			"top": { "base": "game:block/stone/brick/{rock}1" }
		}
	},
        "sounds": {
                "walk": "game:walk/stone",
                "place": "game:block/ceramicplace"
        },
	"creativeinventory": { "general": ["*"], "items": ["*"] },
	"guiTransform": {
		"translation": { "x": 2, "y": 0, "z": 0 },
		"rotation": { "x": 149, "y": -36, "z": 0 },
		"origin": { "x": 0.5, "y": 0.256, "z": 0.5 },
		"scale": 1.7
	},
	"fpHandTransform": {
		"translation": { "x": 0, "y": 0.1, "z": 0 },
		"rotation": { "x": 65, "y": 21, "z": -6 },
		"origin": { "x": 0.5, "y": 0.1, "z": 0.5 },
		"scale": 1.5
	},
	"tpHandTransform": {
		"translation": { "x": -1.15, "y": -0.35, "z": -0.94 },
		"rotation": { "x": 0, "y": -71, "z": 18 },
		"origin": { "x": 0.5, "y": 0.1, "z": 0.5 },
		"scale": 0.5
	},
	"groundTransform": {
		"translation": { "x": 0, "y": 0, "z": 0 },
		"rotation": { "x": 0, "y": 0, "z": 0 },
		"origin": { "x": 0.5, "y": 0, "z": 0.5 },
		"scale": 2.1
	}
}
