[
    {
        "ingredient": {
            "type": "item",
            "code": "game:ingot-*",
            "name": "metal",
            "allowedVariants": [
                "tinbronze",
                "bismuthbronze",
                "blackbronze",
                "iron",
                "meteoriciron",
                "steel"
            ]
        },
        "pattern": [
            [
                "_____#######___",
                "###############",
                "_____#######___"
            ]
        ],
        "name": "Blade",
        "output": {
            "type": "item",
            "code": "aa-bladehead-gladius-{metal}"
        }
    },
    {
        "ingredient": {
            "type": "item",
            "code": "game:ingot-*",
            "name": "metal",
            "allowedVariants": [
                "meteoriciron",
                "iron",
                "steel"
            ]
        },
        "pattern": [
            [
                "___#######____",
                "##############",
                "___#######____",
                "______________",
                "___##_#__#____",
                "___##_####____",
                "______________"
            ]
        ],
        "name": "Blade",
        "output": {
            "type": "item",
            "code": "aa-bladehead-arming-{metal}"
        }
    },
    {
        "ingredient": {
            "type": "item",
            "code": "game:ingot-*",
            "name": "metal",
            "allowedVariants": [
                "meteoriciron",
                "iron",
                "steel"
            ]
        },
        "pattern": [
            [

                "___########_____",
                "################",
                "___########_____",
                "________________",
                "___#____________",
                "_####_#######___",
                "___#____________"
            ],
                        [
                "___#____________",
                "___#######______",
                "___#____________",
                "________________",
                "________________",
                "___#____###_____",
                "________________"
            ]
        ],
        "name": "Blade",
        "output": {
            "type": "item",
            "code": "aa-bladehead-claymore-{metal}"
        }
    },
    {
        "ingredient": {
            "type": "item",
            "code": "game:ingot-*",
            "name": "metal",
            "allowedVariants": [
                "meteoriciron",
                "iron",
                "steel"
            ]
        },
        "pattern": [
            [
                "___________#####",
                "##############__",
                "____#######_____",
                "___#____________",
                "_#_#####________",
                "_______#________"
            ]
        ],
        "name": "Blade",
        "output": {
            "type": "item",
            "code": "aa-bladehead-sabre-{metal}"
        }
    }
]