{
	"editor": {
		"allAngles": false,
		"entityTextureMode": false
	},
	"textureWidth": 16,
	"textureHeight": 16,
	"textureSizes": {
	},
	"textures": {
	},
	"elements": [
		{
			"name": "origin",
			"from": [ 11.0, 0.5, 7.7 ], 
			"to": [ 11.0, 0.5, 7.7 ], 
			"rotationOrigin": [ 8.0, 0.0, 8.0 ],
			"faces": {
				"north": { "texture": "#metal", "uv": [ 0.0, 0.0, 0.5, 0.5 ] },
				"east": { "texture": "#metal", "uv": [ 0.0, 0.0, 0.5, 0.5 ] },
				"south": { "texture": "#metal", "uv": [ 0.0, 0.0, 0.5, 0.5 ] },
				"west": { "texture": "#metal", "uv": [ 0.0, 0.0, 0.5, 0.5 ] },
				"up": { "texture": "#metal", "uv": [ 0.0, 0.0, 0.5, 0.5 ] },
				"down": { "texture": "#metal", "uv": [ 0.0, 0.0, 0.5, 0.5 ] }
			},
			"children": [
				{
					"name": "handle 2",
					"from": [ -8.5, -0.5, -0.5 ], 
					"to": [ 7.5, 1.0, 1.0 ], 
					"rotationOrigin": [ -0.5, 0.3, 0.0 ],
					"faces": {
						"north": { "texture": "#handle", "uv": [ 0.0, 5.5, 16.0, 7.0 ] },
						"east": { "texture": "#handle", "uv": [ 0.5, 0.5, 2.0, 2.0 ] },
						"south": { "texture": "#handle", "uv": [ 0.0, 10.5, 16.0, 12.0 ] },
						"west": { "texture": "#handle", "uv": [ 14.0, 10.0, 15.5, 11.5 ], "enabled": false },
						"up": { "texture": "#handle", "uv": [ 0.0, 4.5, 16.0, 6.0 ] },
						"down": { "texture": "#handle", "uv": [ 0.0, 5.0, 16.0, 6.5 ] }
					}
				},
				{
					"name": "handle 11",
					"from": [ -12.5, -0.5, -0.5 ], 
					"to": [ -8.5, 1.0, 1.0 ], 
					"rotationOrigin": [ -9.5, 0.3, 0.0 ],
					"faces": {
						"north": { "texture": "#handle", "uv": [ 0.0, 5.5, 4.0, 7.0 ] },
						"east": { "texture": "#handle", "uv": [ 0.5, 0.5, 2.0, 2.0 ], "enabled": false },
						"south": { "texture": "#handle", "uv": [ 0.0, 10.5, 4.0, 12.0 ] },
						"west": { "texture": "#handle", "uv": [ 14.0, 10.0, 15.5, 11.5 ] },
						"up": { "texture": "#handle", "uv": [ 0.0, 4.5, 4.0, 6.0 ] },
						"down": { "texture": "#handle", "uv": [ 0.0, 5.0, 4.0, 6.5 ] }
					}
				},
				{
					"name": "metaladze_origin",
					"from": [ 5.0, -0.5, 0.3 ], 
					"to": [ 6.0, 0.5, 1.3 ], 
					"rotationOrigin": [ 5.0, -0.5, 0.3 ],
					"faces": {
						"north": { "texture": "#metal", "uv": [ 12.0, 5.5, 13.0, 6.5 ], "enabled": false },
						"east": { "texture": "#metal", "uv": [ 1.0, 11.5, 2.0, 12.5 ], "enabled": false },
						"south": { "texture": "#metal", "uv": [ 4.0, 0.5, 5.0, 1.5 ], "enabled": false },
						"west": { "texture": "#metal", "uv": [ 7.0, 8.0, 8.0, 9.0 ], "enabled": false },
						"up": { "texture": "#metal", "uv": [ 6.0, 14.0, 7.0, 15.0 ], "enabled": false },
						"down": { "texture": "#metal", "uv": [ 0.5, 7.5, 1.5, 8.5 ], "enabled": false }
					},
					"children": [
						{
							"name": "base",
							"from": [ -1.0, -0.25, -1.0 ], 
							"to": [ 2.0, 1.75, 1.0 ], 
							"rotationOrigin": [ 0.5, 0.5, 0.0 ],
							"faces": {
								"north": { "texture": "#metal", "uv": [ 6.5, 1.5, 9.5, 3.5 ] },
								"east": { "texture": "#metal", "uv": [ 1.0, 5.0, 3.0, 7.0 ] },
								"south": { "texture": "#metal", "uv": [ 5.0, 9.5, 8.0, 11.5 ] },
								"west": { "texture": "#metal", "uv": [ 4.5, 11.0, 6.5, 13.0 ] },
								"up": { "texture": "#metal", "uv": [ 8.5, 5.5, 11.5, 7.5 ] },
								"down": { "texture": "#metal", "uv": [ 9.5, 6.0, 11.5, 9.0 ], "rotation": 270 }
							},
							"children": [
								{
									"name": "connection",
									"from": [ 2.0, 0.5, -1.0 ], 
									"to": [ 2.5, 1.5, 1.0 ], 
									"rotationOrigin": [ 2.0, 1.0, -1.0 ],
									"faces": {
										"north": { "texture": "#metal", "uv": [ 10.5, 10.5, 11.0, 11.5 ], "enabled": false },
										"east": { "texture": "#metal", "uv": [ 4.5, 6.5, 6.5, 7.5 ] },
										"south": { "texture": "#metal", "uv": [ 12.0, 7.0, 12.5, 8.0 ], "enabled": false },
										"west": { "texture": "#metal", "uv": [ 1.0, 8.5, 3.0, 9.5 ] },
										"up": { "texture": "#metal", "uv": [ 2.0, 8.5, 2.5, 10.5 ] },
										"down": { "texture": "#metal", "uv": [ 2.0, 11.5, 2.5, 13.5 ] }
									},
									"children": [
										{
											"name": "toolhead_base1",
											"from": [ 0.2, -0.5, -1.6 ], 
											"to": [ 0.7, 1.5, 0.4 ], 
											"rotationOrigin": [ 0.2, 0.5, 0.4 ],
											"rotationY": 22.5,
											"faces": {
												"north": { "texture": "#metal", "uv": [ 1.0, 9.0, 1.5, 11.0 ], "enabled": false },
												"east": { "texture": "#metal", "uv": [ 0.0, 8.0, 2.0, 10.0 ] },
												"south": { "texture": "#metal", "uv": [ 5.0, 7.0, 5.5, 9.0 ] },
												"west": { "texture": "#metal", "uv": [ 4.0, 7.5, 6.0, 9.5 ] },
												"up": { "texture": "#metal", "uv": [ 2.0, 7.5, 2.5, 9.5 ], "autoUv": false },
												"down": { "texture": "#metal", "uv": [ 5.0, 9.0, 5.5, 11.0 ] }
											},
											"children": [
												{
													"name": "toolhead_base2",
													"from": [ -0.07, -0.5, -1.75 ], 
													"to": [ 0.43, 2.5, 0.25 ], 
													"rotationOrigin": [ -0.0707, 1.0, -0.0506 ],
													"rotationY": 22.50000207513112,
													"faces": {
														"north": { "texture": "#metal", "uv": [ 5.5, 8.5, 6.0, 11.5 ] },
														"east": { "texture": "#metal", "uv": [ 6.5, 7.5, 8.5, 10.5 ] },
														"south": { "texture": "#metal", "uv": [ 7.0, 8.0, 7.5, 11.0 ] },
														"west": { "texture": "#metal", "uv": [ 8.5, 8.0, 10.5, 11.0 ] },
														"up": { "texture": "#metal", "uv": [ 11.0, 6.5, 11.5, 8.5 ], "autoUv": false },
														"down": { "texture": "#metal", "uv": [ 2.5, 13.0, 3.0, 15.0 ] }
													},
													"children": [
														{
															"name": "toolhead_base3",
															"from": [ 0.0, 0.5, -1.8 ], 
															"to": [ 0.5, 2.5, 0.2 ], 
															"rotationOrigin": [ 0.0, 1.5, 0.02 ],
															"rotationY": 22.5,
															"faces": {
																"north": { "texture": "#metal", "uv": [ 11.5, 12.5, 12.0, 14.5 ] },
																"east": { "texture": "#metal", "uv": [ 2.0, 6.0, 4.0, 8.0 ] },
																"south": { "texture": "#metal", "uv": [ 9.0, 11.5, 9.5, 13.5 ] },
																"west": { "texture": "#metal", "uv": [ 6.5, 1.0, 8.5, 3.0 ] },
																"up": { "texture": "#metal", "uv": [ 3.5, 11.5, 4.0, 13.5 ] },
																"down": { "texture": "#metal", "uv": [ 14.5, 5.5, 15.0, 7.5 ] }
															},
															"children": [
																{
																	"name": "base3detail1",
																	"from": [ -0.5, 1.5, 0.0 ], 
																	"to": [ 0.0, 2.0, 2.0 ], 
																	"rotationOrigin": [ -0.5, 2.5, 1.82 ],
																	"faces": {
																		"north": { "texture": "#metal", "uv": [ 13.0, 14.5, 13.5, 15.0 ] },
																		"east": { "texture": "#metal", "uv": [ 10.0, 2.0, 12.0, 2.5 ], "enabled": false },
																		"south": { "texture": "#metal", "uv": [ 4.0, 13.5, 4.5, 14.0 ] },
																		"west": { "texture": "#metal", "uv": [ 11.5, 5.5, 13.5, 6.0 ] },
																		"up": { "texture": "#metal", "uv": [ 0.5, 4.0, 1.0, 6.0 ] },
																		"down": { "texture": "#metal", "uv": [ 0.5, 5.5, 1.0, 7.5 ] }
																	}
																},
																{
																	"name": "base3detail2",
																	"from": [ -0.5, 0.0, 0.0 ], 
																	"to": [ 0.0, 0.5, 2.0 ], 
																	"rotationOrigin": [ -0.5, 1.0, 1.82 ],
																	"faces": {
																		"north": { "texture": "#metal", "uv": [ 5.5, 1.5, 6.0, 2.0 ] },
																		"east": { "texture": "#metal", "uv": [ 10.0, 8.0, 12.0, 8.5 ], "enabled": false },
																		"south": { "texture": "#metal", "uv": [ 4.0, 5.5, 4.5, 6.0 ] },
																		"west": { "texture": "#metal", "uv": [ 4.5, 13.5, 6.5, 14.0 ] },
																		"up": { "texture": "#metal", "uv": [ 2.0, 6.0, 2.5, 8.0 ] },
																		"down": { "texture": "#metal", "uv": [ 12.5, 6.0, 13.0, 8.0 ] }
																	}
																},
																{
																	"name": "diggintip",
																	"from": [ 0.0, 0.5, -0.5 ], 
																	"to": [ 0.5, 1.5, 0.0 ], 
																	"rotationOrigin": [ 0.0, 1.0, 1.32 ],
																	"faces": {
																		"north": { "texture": "#metal", "uv": [ 12.5, 10.0, 13.0, 11.0 ] },
																		"east": { "texture": "#metal", "uv": [ 1.0, 5.5, 1.5, 6.5 ] },
																		"south": { "texture": "#metal", "uv": [ 13.0, 3.5, 13.5, 4.5 ], "enabled": false },
																		"west": { "texture": "#metal", "uv": [ 9.5, 12.5, 10.0, 13.5 ] },
																		"up": { "texture": "#metal", "uv": [ 3.5, 6.0, 4.0, 6.5 ] },
																		"down": { "texture": "#metal", "uv": [ 9.5, 12.0, 10.0, 12.5 ] }
																	}
																}
															]
														},
														{
															"name": "base2detail1",
															"from": [ -0.5, 0.0, 0.0 ], 
															"to": [ 0.0, 0.5, 2.0 ], 
															"rotationOrigin": [ -0.5007, 1.5, 1.6994 ],
															"faces": {
																"north": { "texture": "#metal", "uv": [ 1.0, 6.5, 1.5, 7.0 ] },
																"east": { "texture": "#metal", "uv": [ 4.5, 2.0, 6.5, 2.5 ], "enabled": false },
																"south": { "texture": "#metal", "uv": [ 2.0, 4.0, 2.5, 4.5 ] },
																"west": { "texture": "#metal", "uv": [ 5.0, 8.5, 7.0, 9.0 ] },
																"up": { "texture": "#metal", "uv": [ 6.5, 11.0, 7.0, 13.0 ] },
																"down": { "texture": "#metal", "uv": [ 9.5, 6.0, 10.0, 8.0 ] }
															}
														},
														{
															"name": "base2detail2",
															"from": [ -0.5, 2.5, 0.0 ], 
															"to": [ 0.0, 3.0, 2.0 ], 
															"rotationOrigin": [ -0.5007, 4.0, 1.6994 ],
															"faces": {
																"north": { "texture": "#metal", "uv": [ 10.0, 5.0, 10.5, 5.5 ] },
																"east": { "texture": "#metal", "uv": [ 5.0, 7.5, 7.0, 8.0 ], "enabled": false },
																"south": { "texture": "#metal", "uv": [ 6.0, 10.5, 6.5, 11.0 ] },
																"west": { "texture": "#metal", "uv": [ 10.5, 8.5, 12.5, 9.0 ] },
																"up": { "texture": "#metal", "uv": [ 9.5, 3.0, 10.0, 5.0 ] },
																"down": { "texture": "#metal", "uv": [ 7.0, 1.0, 7.5, 3.0 ] }
															}
														}
													]
												},
												{
													"name": "base1detail2",
													"from": [ -0.5, 0.0, 0.0 ], 
													"to": [ 0.0, 0.5, 2.0 ], 
													"faces": {
														"north": { "texture": "#metal", "uv": [ 7.0, 12.5, 7.5, 13.0 ] },
														"east": { "texture": "#metal", "uv": [ 10.5, 13.0, 12.5, 13.5 ], "enabled": false },
														"south": { "texture": "#metal", "uv": [ 5.0, 11.0, 5.5, 11.5 ] },
														"west": { "texture": "#metal", "uv": [ 3.5, 9.0, 5.5, 9.5 ] },
														"up": { "texture": "#metal", "uv": [ 7.0, 3.5, 7.5, 5.5 ] },
														"down": { "texture": "#metal", "uv": [ 5.5, 8.0, 6.0, 10.0 ] }
													}
												},
												{
													"name": "base1detail1",
													"from": [ -0.5, 1.5, 0.0 ], 
													"to": [ 0.0, 2.0, 2.0 ], 
													"rotationOrigin": [ 0.0, 1.5, 0.0 ],
													"faces": {
														"north": { "texture": "#metal", "uv": [ 6.5, 6.5, 7.0, 7.0 ] },
														"east": { "texture": "#metal", "uv": [ 12.0, 6.0, 14.0, 6.5 ], "enabled": false },
														"south": { "texture": "#metal", "uv": [ 9.0, 6.5, 9.5, 7.0 ] },
														"west": { "texture": "#metal", "uv": [ 0.5, 8.0, 2.5, 8.5 ] },
														"up": { "texture": "#metal", "uv": [ 1.0, 8.5, 1.5, 10.5 ] },
														"down": { "texture": "#metal", "uv": [ 5.0, 10.0, 5.5, 12.0 ] }
													}
												}
											]
										}
									]
								},
								{
									"name": "braceconnection",
									"from": [ 2.5, 0.75, -1.0 ], 
									"to": [ 3.0, 1.25, 0.0 ], 
									"rotationOrigin": [ 2.5, 1.0, -1.0 ],
									"faces": {
										"north": { "texture": "#metal", "uv": [ 1.0, 4.5, 1.5, 5.0 ] },
										"east": { "texture": "#metal", "uv": [ 6.5, 8.5, 7.5, 9.0 ] },
										"south": { "texture": "#metal", "uv": [ 8.0, 2.5, 8.5, 3.0 ] },
										"west": { "texture": "#metal", "uv": [ 7.0, 7.5, 8.0, 8.0 ] },
										"up": { "texture": "#metal", "uv": [ 8.5, 6.5, 9.0, 7.5 ], "autoUv": false },
										"down": { "texture": "#metal", "uv": [ 6.5, 7.5, 7.0, 8.5 ] }
									},
									"children": [
										{
											"name": "brace1",
											"from": [ 0.2, -0.25, -1.8 ], 
											"to": [ 0.7, 0.75, 0.4 ], 
											"rotationOrigin": [ 0.2, 1.0, 0.4 ],
											"rotationY": 22.5,
											"faces": {
												"north": { "texture": "#metal", "uv": [ 14.5, 13.5, 15.0, 14.5 ], "enabled": false },
												"east": { "texture": "#metal", "uv": [ 6.5, 12.0, 8.5, 13.0 ] },
												"south": { "texture": "#metal", "uv": [ 1.0, 8.0, 1.5, 9.0 ] },
												"west": { "texture": "#metal", "uv": [ 0.5, 9.0, 2.5, 10.0 ] },
												"up": { "texture": "#metal", "uv": [ 3.5, 7.5, 4.0, 9.5 ], "autoUv": false },
												"down": { "texture": "#metal", "uv": [ 7.0, 9.0, 7.5, 11.0 ] }
											}
										},
										{
											"name": "brace2",
											"from": [ -0.6, -0.5, -3.8 ], 
											"to": [ -0.1, 1.0, -1.3 ], 
											"rotationOrigin": [ -0.6, 0.5, -1.6 ],
											"rotationY": 45.0,
											"faces": {
												"north": { "texture": "#metal", "uv": [ 12.0, 6.0, 12.5, 7.5 ] },
												"east": { "texture": "#metal", "uv": [ 11.5, 10.5, 14.0, 12.0 ] },
												"south": { "texture": "#metal", "uv": [ 3.0, 3.0, 3.5, 4.5 ] },
												"west": { "texture": "#metal", "uv": [ 10.0, 0.0, 12.5, 1.5 ] },
												"up": { "texture": "#metal", "uv": [ 7.5, 12.0, 8.0, 14.5 ] },
												"down": { "texture": "#metal", "uv": [ 2.5, 2.5, 3.0, 5.0 ] }
											}
										},
										{
											"name": "brace3",
											"from": [ -2.2, -0.25, -3.8 ], 
											"to": [ -1.7, 0.75, -2.8 ], 
											"rotationOrigin": [ -2.2, 0.5, -3.0 ],
											"rotationY": 67.5,
											"faces": {
												"north": { "texture": "#metal", "uv": [ 7.0, 9.5, 7.5, 10.5 ] },
												"east": { "texture": "#metal", "uv": [ 14.5, 9.5, 15.5, 10.5 ] },
												"south": { "texture": "#metal", "uv": [ 9.0, 1.5, 9.5, 2.5 ], "enabled": false },
												"west": { "texture": "#metal", "uv": [ 8.0, 8.5, 9.0, 9.5 ] },
												"up": { "texture": "#metal", "uv": [ 8.0, 9.5, 8.5, 10.5 ] },
												"down": { "texture": "#metal", "uv": [ 10.5, 6.0, 11.0, 7.0 ] }
											}
										}
									]
								},
								{
									"name": "handlereinforcement1",
									"from": [ -2.0, 0.5, 0.0 ], 
									"to": [ 0.0, 1.5, 0.25 ], 
									"rotationOrigin": [ -2.0, 1.0, 0.0 ],
									"faces": {
										"north": { "texture": "#metal", "uv": [ 7.0, 6.5, 9.0, 7.5 ] },
										"east": { "texture": "#metal", "uv": [ 6.0, 6.0, 6.5, 7.0 ], "enabled": false },
										"south": { "texture": "#metal", "uv": [ 6.5, 4.0, 8.5, 5.0 ] },
										"west": { "texture": "#metal", "uv": [ 12.0, 8.5, 12.5, 9.5 ] },
										"up": { "texture": "#metal", "uv": [ 0.5, 14.0, 2.5, 14.5 ] },
										"down": { "texture": "#metal", "uv": [ 8.5, 3.0, 10.5, 3.5 ] }
									}
								},
								{
									"name": "handlereinforcement2",
									"from": [ -2.0, 0.5, 1.65 ], 
									"to": [ 0.0, 1.5, 2.0 ], 
									"rotationOrigin": [ -2.0, 1.0, 1.7 ],
									"faces": {
										"north": { "texture": "#metal", "uv": [ 10.0, 7.5, 12.0, 8.5 ] },
										"east": { "texture": "#metal", "uv": [ 7.5, 13.5, 8.0, 14.5 ], "enabled": false },
										"south": { "texture": "#metal", "uv": [ 9.0, 7.5, 11.0, 8.5 ] },
										"west": { "texture": "#metal", "uv": [ 13.0, 4.5, 13.5, 5.5 ] },
										"up": { "texture": "#metal", "uv": [ 9.0, 7.0, 11.0, 7.5 ] },
										"down": { "texture": "#metal", "uv": [ 4.0, 5.0, 6.0, 5.5 ] }
									}
								}
							]
						}
					]
				}
			]
		}
	]}