{
  "code": "antlerpipe",
  "class": "SmokingItem",
  "creativeinventory": { "general": [ "*" ] },
  "blockmaterial": "Bone",
  "shape": { "base": "pipeleaf:antlerpipe" },
  "heldTpIdleAnimation": "holdbothhands",
  "behaviors": [
    {
      "name": "GroundStorable",
      "properties": {
        "layout": "Quadrants",
        "collisionBox": {
          "x1": 0,
          "y1": 0,
          "z1": 0,
          "x2": 1,
          "y2": 0.125,
          "z2": 1
        }
      }
    }
  ],
  "attributes": {
    "handbook": {
      "groupBy": [ "*smokingpipe-*" ],
      "extraSections": [
        {
          "title": "handbook-item-use",
          "text": "Hold right mouse button. If you have smokable herbs in your inventory, they be consumed. Don't inhale too long though or you will take damage!"
        }
      ]
    },
    "shelvable": true,
    "bookshelveable": true,
    "displaycaseable": true,
    "onshelfTransform": {
      "translation": {
        "x": 0,
        "y": -0.25,
        "z": 0
      },
      "rotation": {
        "x": 0,
        "y": -133,
        "z": 0
      },
      "scale": 0.48
    },
    "onDisplayTransform": {
      "translation": {
        "x": 0,
        "y": -0.2,
        "z": -0
      },
      "rotation": {
        "x": 2,
        "y": 83,
        "z": 0
      },
      "scale": 0.54
    },
    "groundStorageTransform": {
      "translation": {
        "x": 0,
        "y": -0.35,
        "z": 0.1
      },
      "rotation": {
        "x": 0,
        "y": -144,
        "z": -15
      },
      "scale": 0.36
    }
  },
  "groundTransform": {
    "translation": {
      "x": 0,
      "y": 0.08,
      "z": 0
    },
    "rotation": {
      "x": 90,
      "y": -91,
      "z": -11
    },
    "origin": {
      "x": 0.5,
      "y": 0.5,
      "z": 0.45
    },
    "scale": 1.48
  },
  "tpHandTransform": {
    "translation": {
      "x": -1.3,
      "y": -1,
      "z": -0.8
    },
    "rotation": {
      "x": -87,
      "y": -23,
      "z": -106
    },
    "scale": 0.54
  },
  "guiTransform": {
    "translation": {
      "x": -0.8,
      "y": 8.7,
      "z": 0
    },
    "rotation": {
      "x": -20,
      "y": 180,
      "z": -180
    },
    "origin": {
      "x": 0.48,
      "y": 0.1,
      "z": 0.5
    },
    "scale": 2.12
  },
  "fpHandTransform": {
    "translation": {
      "x": 0.4,
      "y": 0.2,
      "z": 2.2
    },
    "rotation": {
      "x": -20,
      "y": -42,
      "z": -14
    },
    "origin": {
      "x": 1.4,
      "y": 0.5,
      "z": -1.5
    },
    "scale": 1.79
  }
}