{
    "code": "aa-blade",
    "class": "ItemSword",
    "tool": "sword",
    "damagedby": ["blockbreaking", "attacking"],
    "creativeinventory": { "general": ["*"], "items": ["*"], "tools": ["*"], "ancientarmory": ["*"] },
    "variantgroups": [
        { "code": "type", "states": ["longsword"] },
        { "code": "metal", "states": ["iron", "meteoriciron", "steel"] }
    ],
    "allowedVariants": [
        "*-longsword-iron",
        "*-longsword-meteoriciron",
        "*-longsword-steel"
        ],
    "attributes": {
        "handbook": { "groupBy": ["aa-blade-{type}-*"] },
		"toolrackTransformByType": {
            "*-longsword-*": { "translation": { "x": 0.42, "y": 0.4, "z": -0.2 }, "rotation": { "x": -16, "y": 180, "z": 1 }, "scale": 0.85 }
        },
        "groundStorageTransformByType": {
            "*-longsword-*": { "translation": { "x": 0, "y": 0.85, "z": 0.08 }, "rotation": { "x": 24, "y": 90, "z": -87 }, "scale": 0.59 }
        }
    },
    "behaviors": [
        {
            "name": "GroundStorable",
            "properties": {
                "layout": "WallHalves",
                "wallOffYByType": {
                    "*-longsword-*": 2
                },
                "sprintKey": true,
                "selectionBox": { "x1": 0, "y1": 0, "z1": 0, "x2": 1, "y2": 0.1, "z2": 1 },
                "collisionBox": { "x1": 0, "y1": 0, "z1": 0, "x2": 0, "y2": 0, "z2": 0 }
            }
        }
    ],
    "shape": { "base": "shapes/{type}" },
    "textures": {
        "metal": { "base": "game:block/metal/ingot/{metal}" }
    },
    "heldTpHitAnimationByType": {
        "*-longsword-*": "zweiswing"
    },
    "heldTpIdleAnimationByType": {
        "*-longsword-*": "crudeOarIdle"
    },
    "attackRangeByType": {
        "*-longsword-*": 2.7
    },
    "tooltierbytype": {
        "*-iron": 4,
        "*-meteoriciron": 4,
        "*-steel": 5
    },
    "miningspeedbytype": {
        "*-iron": { "wood": 3, "leaves": 3 },
        "*-meteoriciron": { "wood": 3.25, "leaves": 3.5 },
        "*-steel": { "wood": 3.5, "leaves": 4 }
    },
    "attackpowerbytype": {
        "*-longsword-iron": 5.4,
        "*-longsword-meteoriciron": 5.6,
        "*-longsword-steel": 5.9
    },
    "durabilitybytype": {
        "*-iron": 850,
        "*-meteoriciron": 1100,
        "*-steel": 2100
    },
    "guiTransformByType": {
        "*-longsword-*": {
            "translation": { "x": 0, "y": 0, "z": 0 },
            "rotation": { "x": -87, "y": 119, "z": 30 },
            "origin": { "x": 1.15, "y": -0.1, "z": 0.57 },
            "scale": 1.95
        }
    },
    "fpHandTransformByType": {
        "*-longsword-*": {
            "translation": { "x": -0.2, "y": -0.4, "z": 0 },
            "rotation": { "x": -25, "y": 5, "z": 85 },
            "scale": 1.95
        }
    },
    "groundTransformByType": {
        "*-longsword-*": {
            "translation": { "x": 0, "y": 0.05, "z": 0 },
            "rotation": { "x": 14, "y": 0, "z": 0 },
            "origin": { "x": 0.5, "y": 0, "z": 0.5 },
            "scale": 2.8
        }
    },
    "tpHandTransformByType": {
        "*-longsword-*": {
            "translation": { "x": -0.67, "y": 0.05, "z": -0.78 },
            "rotation": { "x": 39, "y": 12, "z": -15 },
            "origin": { "x": 0.46, "y": -0.11, "z": 0.43 },
            "scale": 0.57
        }
    }
}