[
    {
        "op": "addeach",
        "path": "/variantGroups/0/states/-",
        "value": [
            "dogshepherd1",
            "dogshepherd2",
            "dogshepherdpup",
            "doghunting1",
            "doghunting2",
            "doghuntingpup",
            "dogwolf1",
            "dogwolf2",
            "dogwolf3",
            "dogwolf4",
            "dogwolf5",
            "dogwolf6",
            "dogwolf7",
            "dogwolf8",
            "dogwolf9",
            "dogwolfpup1",
            "dogwolfpup2",
            "dogcorgi1",
            "dogcorgi2",
            "dogcorgi3",
            "dogcorgi4"
        ],
        "file": "petai:itemtypes/backpack.json"
    },
    {
        "op": "add",
        "path": "/attributes/canPickUp/dog-wolf-male",
        "value": {
            "type": "dogwolf",
            "appendTextureIndex": true
        },
        "file": "petai:itemtypes/backpack.json"
    },
    {
        "op": "add",
        "path": "/attributes/canPickUp/dog-shepherd-male",
        "value": {
            "type": "dogshepherd",
            "appendTextureIndex": true
        },
        "file": "petai:itemtypes/backpack.json"
    },
    {
        "op": "add",
        "path": "/attributes/canPickUp/dog-hunting-male",
        "value": {
            "type": "doghunting",
            "appendTextureIndex": true
        },
        "file": "petai:itemtypes/backpack.json"
    },
    {
        "op": "add",
        "path": "/attributes/canPickUp/dog-wolf-female",
        "value": {
            "type": "dogwolf",
            "appendTextureIndex": true
        },
        "file": "petai:itemtypes/backpack.json"
    },
    {
        "op": "add",
        "path": "/attributes/canPickUp/dog-shepherd-female",
        "value": {
            "type": "dogshepherd",
            "appendTextureIndex": true
        },
        "file": "petai:itemtypes/backpack.json"
    },
    {
        "op": "add",
        "path": "/attributes/canPickUp/dog-hunting-female",
        "value": {
            "type": "doghunting",
            "appendTextureIndex": true
        },
        "file": "petai:itemtypes/backpack.json"
    },
    {
        "op": "add",
        "path": "/attributes/canPickUp/dog-wolf-pup",
        "value": {
            "type": "dogwolfpup",
            "appendTextureIndex": true
        },
        "file": "petai:itemtypes/backpack.json"
    },
    {
        "op": "add",
        "path": "/attributes/canPickUp/dog-shepherd-pup",
        "value": {
            "type": "dogshepherdpup",
            "appendTextureIndex": false
        },
        "file": "petai:itemtypes/backpack.json"
    },
    {
        "op": "add",
        "path": "/attributes/canPickUp/dog-hunting-pup",
        "value": {
            "type": "doghuntingpup",
            "appendTextureIndex": false
        },
        "file": "petai:itemtypes/backpack.json"
    },
    {
        "op": "add",
        "path": "/attributes/canPickUp/dog-corgi-male",
        "value": {
            "type": "dogcorgi",
            "appendTextureIndex": true
        },
        "file": "petai:itemtypes/backpack.json"
    },
    {
        "op": "add",
        "path": "/attributes/canPickUp/dog-corgi-female",
        "value": {
            "type": "dogcorgi",
            "appendTextureIndex": true
        },
        "file": "petai:itemtypes/backpack.json"
    },
    {
        "op": "add",
        "path": "/attributes/canPickUp/dog-corgi-pup",
        "value": {
            "type": "dogcorgi",
            "appendTextureIndex": true
        },
        "file": "petai:itemtypes/backpack.json"
    },
    {
        "op": "add",
        "path": "/attributes/attachShape/baseByType/@backpack-dogshepherd(1|2)",
        "value": "wolftaming:backpack/backpack-shepherd",
        "file": "petai:itemtypes/backpack.json"
    },
    {
        "op": "add",
        "path": "/attributes/attachShape/baseByType/@backpack-doghunting(1|2)",
        "value": "wolftaming:backpack/backpack-hunting",
        "file": "petai:itemtypes/backpack.json"
    },
    {
        "op": "add",
        "path": "/attributes/attachShape/baseByType/@backpack-dogwolf(1|2|3|4|5|6|7|8|9)",
        "value": "wolftaming:backpack/backpack-wolf",
        "file": "petai:itemtypes/backpack.json"
    },
    {
        "op": "add",
        "path": "/attributes/attachShape/baseByType/@backpack-dogwolfpup(1|2)",
        "value": "wolftaming:backpack/backpack-wolfpup",
        "file": "petai:itemtypes/backpack.json"
    },
    {
        "op": "add",
        "path": "/attributes/attachShape/baseByType/backpack-doghuntingpup",
        "value": "wolftaming:backpack/backpack-huntingpup",
        "file": "petai:itemtypes/backpack.json"
    },
    {
        "op": "add",
        "path": "/attributes/attachShape/baseByType/backpack-dogshepherdpup",
        "value": "wolftaming:backpack/backpack-shepherdpup",
        "file": "petai:itemtypes/backpack.json"
    },
    {
        "op": "add",
        "path": "/attributes/attachShape/baseByType/@backpack-dogcorgi(1|2|3|4)",
        "value": "wolftaming:backpack/backpack-corgi",
        "file": "petai:itemtypes/backpack.json"
    },
    {
        "op": "add",
        "path": "/texturesByType/backpack-dog*",
        "value": {
            "backpack": {
                "base": "petai:backpack/backpack"
            },
            "skin": {
                "baseByType": {
                    "backpack-dogshepherd1": "wolftaming:entity/dog-shepherd-1",
                    "backpack-dogshepherd2": "wolftaming:entity/dog-shepherd-2",
                    "backpack-dogshepherdpup": "wolftaming:entity/dog-shepherd-pup",
                    "backpack-doghunting1": "wolftaming:entity/dog-hunting-black",
                    "backpack-doghunting2": "wolftaming:entity/dog-hunting-brown",
                    "backpack-doghuntingpup": "wolftaming:entity/dog-hunting-pup",
                    "backpack-dogcorgi1": "wolftaming:entity/dog-corgi-1",
                    "backpack-dogcorgi2": "wolftaming:entity/dog-corgi-2",
                    "backpack-dogcorgi3": "wolftaming:entity/dog-corgi-3",
                    "backpack-dogcorgi4": "wolftaming:entity/dog-corgi-4",
                    "backpack-dogwolf1": "game:entity/wolf/wolf1",
                    "backpack-dogwolf2": "game:entity/wolf/wolf2",
                    "backpack-dogwolf3": "game:entity/wolf/wolf3",
                    "backpack-dogwolf4": "game:entity/wolf/wolf4",
                    "backpack-dogwolf5": "game:entity/wolf/wolf5",
                    "backpack-dogwolf6": "game:entity/wolf/wolf6",
                    "backpack-dogwolf7": "game:entity/wolf/wolf7",
                    "backpack-dogwolf8": "game:entity/wolf/wolf8",
                    "backpack-dogwolf9": "game:entity/wolf/wolf9",
                    "backpack-dogwolfpup1": "game:entity/wolf/wolf-pup1",
                    "backpack-dogwolfpup2": "game:entity/wolf/wolf-pup2"
                }
            }
        },
        "file": "petai:itemtypes/backpack.json"
    }
]