{
	"code": "aurochs-female",
	"class": "EntityAgent",
	"hitboxSize": {
		"x": 1.3,
		"y": 1.4
	},
	"deadHitboxSize": {
		"x": 1.3,
		"y": 0.75
	},
	"eyeHeight": 1.4,
	"attributes": {
		"creatureDiet": {
			"foodCategories": [ "Grain" ],
			"foodTags": [ "aurochsfood", "grass" ],
			"skipFoodTags": [ "rice", "amaranth", "sunflower" ]
		}
	},
	"weight": 140,
	"drops": [],
	"client": {
		"renderer": "Shape",
		"shape": { "base": "medievalexpansion:entity/land/cow-female" },
		"texture": { "base": "medievalexpansion:entity/cow-female2" },
		"behaviors": [
			{ "code": "repulseagents" },
			{
				"code": "controlledphysics",
				"stepHeight": 1.1251
			},
			{ "code": "interpolateposition" },
			{
				"code": "floatupwhenstuck",
				"onlyWhenDead": true
			},
			{ "code": "multiply" },
			{ "code": "harvestable" },
			{
				"code": "despawn",
				"minPlayerDistance": 8,
				"belowLightLevel": 8,
				"minSeconds": 300
			},
			{ "code": "milkable" },
			{
				"code": "ropetieable",
				"minGeneration": 1
			}
		],
		"animations": [
			{
				"code": "hurt",
				"animation": "hurt",
				"animationSpeed": 2.2,
				"weight": 10,
				"blendMode": "AddAverage"
			},
			{
				"code": "die",
				"animation": "death",
				"animationSpeed": 1.0,
				"weight": 10,
				"blendMode": "Average",
				"triggeredBy": { "onControls": [ "dead" ] }
			},
			{
				"code": "idle",
				"animation": "idle",
				"blendMode": "AddAverage",
				"easeOutSpeed": 4,
				"triggeredBy": { "defaultAnim": true }
			},
			{
				"code": "sleep",
				"animation": "sleep",
				"easeInSpeed": 4,
				"easeOutSpeed": 4,
				"blendMode": "Average"
			},
			{
				"code": "sit",
				"animation": "sit",
				"easeInSpeed": 4,
				"easeOutSpeed": 4,
				"blendMode": "Average"
			}
		]
	},
	"server": {
		"attributes": {
			"pathfinder": {
				"minTurnAnglePerSec": 90,
				"maxTurnAnglePerSec": 180
			}
		},
		"behaviors": [
			{ "code": "repulseagents" },
			{
				"code": "controlledphysics",
				"stepHeight": 1.1251
			},
			{
				"code": "despawn",
				"minPlayerDistance": 8,
				"belowLightLevel": 8,
				"minSeconds": 300
			},
			{
				"code": "health",
				"currenthealth": 17,
				"maxhealth": 17
			},
			{
				"code": "deaddecay",
				"hoursToDecay": 96,
				"decayedBlock": "carcass-medium"
			},
			{
				"code": "floatupwhenstuck",
				"onlyWhenDead": true
			},
			{
				"code": "harvestable",
				"drops": [
					{
						"type": "item",
						"code": "game:redmeat-raw",
						"quantity": {
							"avg": 16,
							"var": 3
						}
					},
					{
						"type": "item",
						"code": "game:hide-raw-large",
						"quantity": {
							"avg": 1.2,
							"var": 0.2
						}
					},
					{
						"type": "item",
						"code": "game:fat",
						"quantity": {
							"avg": 1,
							"var": 0.3
						}
					},
					{
						"type": "item",
						"code": "game:bone",
						"quantity": {
							"avg": 5,
							"var": 0
						}
					}
				]
			},
			{ "code": "breathe" },
			{
				"code": "multiply",
				"spawnEntityCode": "medievalexpansion:aurochs-lamb",
				"requiresNearbyEntityCode": "medievalexpansion:aurochs-male",
				"requiresNearbyEntityRange": 10,
				"spawnQuantityMin": 1,
				"spawnQuantityMax": 1,
				"pregnancyDays": 20,
				"multiplyCooldownDaysMin": 4,
				"multiplyCooldownDaysMax": 11,
				"portionsEatenForMultiply": 10
			},
			{
				"code": "emotionstates",
				"states": [
					{
						"code": "fleeondamage",
						"duration": 60,
						"chance": 0.85,
						"slot": 0,
						"priority": 5,
						"accumType": "max",
						"whenHealthRelBelow": 0.4,
						"stressLevel": 0.5
					},
					{
						"code": "aggressiveondamage",
						"duration": 30,
						"chance": 0.75,
						"slot": 0,
						"priority": 2,
						"accumType": "noaccum",
						"stressLevel": 0.5
					},
					{
						"code": "fleeondamage",
						"duration": 30,
						"chance": 1,
						"slot": 0,
						"priority": 1,
						"accumType": "max"
					},
					{
						"code": "alarmherdondamage",
						"chance": 1,
						"slot": 1,
						"priority": 1,
						"accumType": "max"
					}
				]
			},
			{
				"code": "taskai",
				"aitasks": [
					{
						"code": "meleeattack",
						"entityCodes": [ "player" ],
						"priority": 2,
						"damage": 6,
						"damageTier": 2,
						"slot": 1,
						"mincooldown": 1500,
						"maxcooldown": 2500,
						"attackDurationMs": 1250,
						"damagePlayerAtMs": 900,
						"animation": "Attack",
						"animationSpeed": 2,
						"whenInEmotionState": "aggressiveondamage"
					},
					{
						"code": "seekentity",
						"entityCodes": [ "player" ],
						"priority": 1.5,
						"mincooldown": 1000,
						"maxcooldown": 1500,
						"movespeed": 0.04,
						"seekingRange": 25,
						"animation": "Run",
						"animationSpeed": 4,
						"whenInEmotionState": "aggressiveondamage"
					},
					{
						"code": "fleeentity",
						"entityCodes": [ "player" ],
						"priority": 1.5,
						"movespeed": 0.025,
						"seekingRange": 12,
						"animation": "Run",
						"animationSpeed": 3.5,
						"sound": "game:creature/sheep/hurt2",
						"whenInEmotionState": "fleeondamage"
					},
					{
						"code": "getoutofwater",
						"priority": 1.4,
						"movespeed": 0.02,
						"animation": "Walk",
						"animationSpeed": 4
					},
					{
						"code": "idle",
						"priority": 1.35,
						"priorityForCancel": 1.35,
						"minduration": 5000000,
						"maxduration": 5000000,
						"mincooldown": 10000,
						"maxcooldown": 30000,
						"animation": "Sleep",
						"whenNotInEmotionState": "aggressiveondamage",
						"duringDayTimeFrames": [
							{
								"fromHour": 22,
								"toHour": 24
							},
							{
								"fromHour": 0,
								"toHour": 5
							}
						],
						"stopOnNearbyEntityCodes": [ "player" ],
						"stopRange": 8,
						"stopOnHurt": true
					},
					{
						"code": "stayclosetoentity",
						"priority": 1.3,
						"entityCode": "medievalexpansion:aurochs-male",
						"maxDistance": 10,
						"searchRange": 25,
						"movespeed": 0.035,
						"animation": "Run",
						"animationSpeed": 3.5
					},
					{
						"code": "seekfoodandeat",
						"movespeed": 0.004,
						"priority": 1.25,
						"eatSound": "game:player/eat",
						"eatTime": 1.5,
						"animationSpeed": 1.4,
						"animation": "Walk",
						"eatAnimation": "Eat",
						"mincooldownHours": 1,
						"maxcooldownHours": 4
					},
					{
						"code": "idle",
						"priority": 1.2,
						"priorityForCancel": 1.35,
						"minduration": 2667,
						"maxduration": 2667,
						"mincooldown": 6000,
						"maxcooldown": 20000,
						"animation": "Eat",
						"animationSpeed": 1.5
					},
					{
						"code": "wander",
						"priority": 1.0,
						"priorityForCancel": 1.35,
						"movespeed": 0.005,
						"animationSpeed": 1.4,
						"animation": "Walk",
						"preferredLightLevel": 24
					},
					{
						"code": "idle",
						"priority": 0.9,
						"minduration": 6000,
						"maxduration": 45000,
						"mincooldown": 6000,
						"maxcooldown": 120000,
						"priorityForCancel": 1.28,
						"stopOnHurt": true,
						"animation": "Sit"
					},
					{
						"code": "idle",
						"priority": 1.0,
						"priorityForCancel": 1.35,
						"minduration": 5333,
						"maxduration": 5333,
						"mincooldown": 6000,
						"maxcooldown": 120000,
						"animation": "Look"
					},
					{
						"code": "lookaround",
						"priority": 0.5
					}
				]
			},
			{ "code": "milkable" },
			{
				"code": "ropetieable",
				"minGeneration": 0
			}
		]
	},
	"sounds": {
		"hurt": "game:creature/sheep/hurt",
		"death": "game:creature/sheep/hurt",
		"idle": "game:creature/sheep/idle"
	},
	"idleSoundChance": 0
}