{
	"code": "aurochs-male",
	"class": "EntityAgent",
	"hitboxSize": {
		"x": 1.3,
		"y": 1.4
	},
	"deadHitboxSize": {
		"x": 1.3,
		"y": 0.75
	},
	"eyeHeight": 1.4,
	"attributes": {
		"creatureDiet": {
			"foodCategories": [ "Grain"],
			"foodTags": [ "aurochsfood", "grass" ],
			"skipFoodTags": [ "rice", "amaranth", "sunflower" ]
		}
	},
	"weight": 140,
	"drops": [],
	"client": {
		"renderer": "Shape",
		"shape": { "base": "entity/land/cow-male" },
		"texture": { "base": "entity/cow-male" },
		"behaviors": [
			{ "code": "repulseagents" },
			{
				"code": "controlledphysics",
				"stepHeight": 1.1251
			},
			{
				"code": "floatupwhenstuck",
				"onlyWhenDead": true
			},
			{ "code": "interpolateposition" },
			{ "code": "harvestable" },
			{
				"code": "despawn",
				"minPlayerDistance": 8,
				"belowLightLevel": 8,
				"minSeconds": 300
			},
			{
				"code": "ropetieable",
				"minGeneration": 1
			}
		],
		"animations": [
			{
				"code": "hurt",
				"animation": "hurt",
				"animationSpeed": 2.2,
				"weight": 10,
				"blendMode": "AddAverage"
			},
			{
				"code": "die",
				"animation": "die",
				"animationSpeed": 1.25,
				"weight": 10,
				"blendMode": "Average",
				"triggeredBy": { "onControls": [ "dead" ] }
			},
			{
				"code": "idle",
				"animation": "idle",
				"blendMode": "AddAverage",
				"easeOutSpeed": 4,
				"triggeredBy": { "defaultAnim": true }
			},
			{
				"code": "sleep",
				"animation": "sleep",
				"easeInSpeed": 4,
				"easeOutSpeed": 4,
				"blendMode": "Average"
			},
			{
				"code": "sit",
				"animation": "sit",
				"easeInSpeed": 4,
				"easeOutSpeed": 4,
				"blendMode": "Average"
			}
		]
	},
	"server": {
		"attributes": {
			"pathfinder": {
				"minTurnAnglePerSec": 90,
				"maxTurnAnglePerSec": 180
			}
		},
		"behaviors": [
			{ "code": "repulseagents" },
			{
				"code": "controlledphysics",
				"stepHeight": 1.1251
			},
			{
				"code": "despawn",
				"minPlayerDistance": 8,
				"belowLightLevel": 8,
				"minSeconds": 300
			},
			{
				"code": "health",
				"currenthealth": 19,
				"maxhealth": 19
			},
			{
				"code": "deaddecay",
				"hoursToDecay": 96,
				"decayedBlock": "carcass-medium"
			},
			{
				"code": "floatupwhenstuck",
				"onlyWhenDead": true
			},
			{
				"code": "harvestable",
				"drops": [
					{
						"type": "item",
						"code": "redmeat-raw",
						"quantity": {
							"avg": 13,
							"var": 3
						}
					},
					{
						"type": "item",
						"code": "hide-raw-large",
						"quantity": {
							"avg": 1.2,
							"var": 0.2
						}
					},
					{
						"type": "item",
						"code": "fat",
						"quantity": {
							"avg": 1,
							"var": 0.3
						}
					},
					{
						"type": "item",
						"code": "bone",
						"quantity": {
							"avg": 5,
							"var": 0
						}
					}
				]
			},
			{ "code": "breathe" },
			{
				"code": "emotionstates",
				"states": [
					{
						"code": "fleeondamage",
						"duration": 60,
						"chance": 0.85,
						"slot": 0,
						"priority": 5,
						"accumType": "max",
						"whenHealthRelBelow": 0.4
					},
					{
						"code": "aggressiveondamage",
						"duration": 30,
						"chance": 0.95,
						"slot": 0,
						"priority": 2,
						"accumType": "noaccum"
					},
					{
						"code": "fleeondamage",
						"duration": 30,
						"chance": 1,
						"slot": 0,
						"priority": 1,
						"accumType": "max"
					},
					{
						"code": "alarmherdondamage",
						"chance": 1,
						"slot": 1,
						"priority": 1,
						"accumType": "max"
					}
				]
			},
			{
				"code": "taskai",
				"aitasks": [
					{
						"code": "meleeattack",
						"entityCodes": [ "player" ],
						"priority": 2,
						"slot": 1,
						"damage": 7.5,
						"damageTier": 2,
						"mincooldown": 1500,
						"maxcooldown": 2500,
						"attackDurationMs": 1250,
						"damagePlayerAtMs": 900,
						"animation": "Attack",
						"animationSpeed": 2
					},
					{
						"code": "seekentity",
						"entityCodes": [ "player" ],
						"priority": 1.5,
						"mincooldown": 1000,
						"maxcooldown": 1500,
						"seekingRange": 25,
						"movespeed": 0.05,
						"animation": "Run",
						"animationSpeed": 2.5,
						"whenInEmotionState": "aggressiveondamage"
					},
					{
						"code": "fleeentity",
						"entityCodes": [ "player" ],
						"priority": 1.5,
						"movespeed": 0.025,
						"seekingRange": 12,
						"animation": "Run",
						"animationSpeed": 3.5,
						"sound": "game:creature/sheep/hurt2",
						"whenInEmotionState": "fleeondamage"
					},
					{
						"code": "getoutofwater",
						"priority": 1.4,
						"movespeed": 0.02,
						"animation": "Walk",
						"animationSpeed": 4
					},
					{
						"code": "idle",
						"priority": 1.35,
						"priorityForCancel": 1.35,
						"minduration": 5000000,
						"maxduration": 5000000,
						"mincooldown": 10000,
						"maxcooldown": 30000,
						"animation": "Sleep",
						"whenNotInEmotionState": "aggressiveondamage",
						"duringDayTimeFrames": [
							{
								"fromHour": 22,
								"toHour": 24
							},
							{
								"fromHour": 0,
								"toHour": 5
							}
						],
						"stopOnNearbyEntityCodes": [ "player" ],
						"stopRange": 8,
						"stopOnHurt": true
					},
					{
						"code": "seekfoodandeat",
						"movespeed": 0.004,
						"priority": 1.35,
						"eatSound": "game:player/eat",
						"eatTime": 1.5,
						"animationSpeed": 1.4,
						"animation": "Walk",
						"mincooldownHours": 1,
						"maxcooldownHours": 4
					},
					{
						"code": "idle",
						"priority": 1.3,
						"priorityForCancel": 1.35,
						"minduration": 2667,
						"maxduration": 2667,
						"mincooldown": 6000,
						"maxcooldown": 20000,
						"animation": "Eat",
						"animationSpeed": 1.5,
						"whenNotInEmotionState": "aggressiveondamage"
					},
					{
						"code": "idle",
						"priority": 1.2,
						"priorityForCancel": 1.35,
						"minduration": 2500,
						"maxduration": 2500,
						"mincooldown": 6000,
						"maxcooldown": 20000,
						"animation": "Idle",
						"animationSpeed": 1.25,
						"whenNotInEmotionState": "aggressiveondamage"
					},
					{
						"code": "idle",
						"priority": 1.1,
						"priorityForCancel": 1.35,
						"minduration": 1500,
						"maxduration": 1500,
						"mincooldown": 6000,
						"maxcooldown": 90000,
						"animation": "look",
						"animationSpeed": 1,
						"whenNotInEmotionState": "aggressiveondamage"
					},
					{
						"code": "idle",
						"priority": 1.0,
						"priorityForCancel": 1.35,
						"minduration": 5333,
						"maxduration": 5333,
						"mincooldown": 6000,
						"maxcooldown": 120000,
						"animation": "Look"
					},
					{
						"code": "wander",
						"priority": 1.0,
						"priorityForCancel": 1.35,
						"movespeed": 0.002,
						"animationSpeed": 1.4,
						"animation": "Walk",
						"preferredLightLevel": 24,
					},
					{
						"code": "idle",
						"priority": 0.9,
						"minduration": 7000,
						"maxduration": 45000,
						"mincooldown": 6000,
						"maxcooldown": 120000,
						"priorityForCancel": 1.33,
						"stopOnNearbyEntityCodes": [ "player" ],
						"stopRange": 5,
						"stopOnHurt": true,
						"animation": "Sit"
					},
					{
						"code": "lookaround",
						"priority": 0.5
					}
				]
			},
			{
				"code": "ropetieable",
				"minGeneration": 0
			}
		],
		"spawnconditions": {
			"worldgen": {
				"TriesPerChunk": {
					"avg": 0.02,
					"var": 0
				},
				"tryOnlySurface": true,
				"minLightLevel": 10,
				"groupSize": {
					"dist": "verynarrowgaussian",
					"avg": 3,
					"var": 4
				},
				"insideBlockCodes": [ "game:air", "game:tallgrass-*", "game:snowlayer-1" ],
				"minTemp": -10,
				"maxTemp": 25,
				"minRain": 0.2,
				"companions": [ "medievalexpansion:aurochs-female", "medievalexpansion:aurochs-lamb" ]
			},
			"runtime": {
				"group": "neutral",
				"tryOnlySurface": true,
				"chance": 0.001,
				"maxQuantity": 4,
				"minLightLevel": 10,
				"groupSize": {
					"dist": "verynarrowgaussian",
					"avg": 3,
					"var": 4
				},
				"insideBlockCodes": [ "game:air", "game:tallgrass-*", "game:snowlayer-1" ],
				"minTemp": -10,
				"maxTemp": 25,
				"minRain": 0.2,
				"companions": [ "medievalexpansion:aurochs-female", "medievalexpansion:aurochs-lamb" ]
			}
		}
	},
	"sounds": {
		"hurt": "game:creature/sheep/hurt",
		"death": "game:creature/sheep/hurt",
		"idle": "game:creature/sheep/idle"
	},
	"idleSoundChance": 0.001
}