﻿[
 {
   file: "expandedfoods:recipes/kneading/wildcraft/herbstuff/breadedfishnuggetherb.json",
    op: "add", 
    path: "/0/ingredients/2/inputs/-", 
    value: { type: "item", code: "acorns:flour-acorn", quantity: 1 },
    "side": "server",
    dependsOn: [{ "modid": "acorns" }, { "modid": "wildcraft" }]
 },
 {
   file: "expandedfoods:recipes/kneading/wildcraft/herbstuff/breadedfishnuggetherb.json",
    op: "add", 
    path: "/1/ingredients/2/inputs/-", 
    value: { type: "item", code: "acorns:flour-acorn", quantity: 1 },
    dependsOn: [{ "modid": "acorns" }, { "modid": "wildcraft" }]
 },
]