{
    "code": "cat-female",
    "class": "EntityPet",
    "variantgroups": [
        {
            "code": "type",
            "states": [
                "",
                "ocelot",
                "serval",
                "european"
            ]
        }
    ],
    "hitboxSize": {
        "x": 1,
        "y": 0.5
    },
    "deadHitboxSize": {
        "x": 1,
        "y": 0.4
    },
    "eyeHeight": 0.6,
    "drops": [],
    "client": {
        "renderer": "Shape",
        "shape": {
            "base": "entity/cat"
        },
        "sizeByType": {
            "*-european": 0.9,
            "*-serval": 1.3,
            "*-ocelot": 1.1,
            "*": 0.8
        },
        "textureByType": {
            "*-ocelot": {
                "base": "entity/cat/cat-male11"
            },
            "*-serval": {
                "base": "entity/cat/cat-male01"
            },
            "*-european": {
                "base": "entity/cat/cat-male03"
            },
            "*": {
                "base": "entity/cat/cat-male02",
                "alternates": [
                    {
                        "base": "entity/cat/cat-male04"
                    },
                    {
                        "base": "entity/cat/cat-male05"
                    },
                    {
                        "base": "entity/cat/cat-male06"
                    },
                    {
                        "base": "entity/cat/cat-male07"
                    },
                    {
                        "base": "entity/cat/cat-male08"
                    },
                    {
                        "base": "entity/cat/cat-male09"
                    },
                    {
                        "base": "entity/cat/cat-male10"
                    }
                ]
            }
        },
        "behaviors": [
            {
                "code": "nametag",
                "showtagonlywhentargeted": true
            },
            {
                "code": "receivecommand",
                "availableCommands": [
                    {
                        "commandName": "followmaster",
                        "commandType": "COMPLEX",
                        "minObedience": 0.3
                    },
                    {
                        "commandName": "stay",
                        "commandType": "COMPLEX",
                        "minObedience": 0.2
                    }
                ]
            },
            {
                "code": "tameable",
                "treat": [
                    {
                        "code": "bushmeat-raw",
                        "progress": 0.1,
                        "cooldown": 2
                    },
                    {
                        "code": "redmeat-raw",
                        "progress": 0.2,
                        "cooldown": 3
                    },
                    {
                        "code": "poultry-raw",
                        "progress": 0.2,
                        "cooldown": 3
                    },
                    {
                        "code": "fishfillet-raw",
                        "domain": "primitivesurvival",
                        "progress": 0.4,
                        "cooldown": 3
                    },
                    {
                        "code": "fish-raw",
                        "progress": 0.4,
                        "cooldown": 3
                    },
                    {
                        "code": "petcookie-meat-perfect",
                        "domain": "petai",
                        "progress": 0.8,
                        "cooldown": 3
                    }
                ]
            },
            {
                "code": "mouthinventory",
                "acceptStacks": [
                    {
                        "type": "item",
                        "code": "bushmeat-raw"
                    },
                    {
                        "type": "item",
                        "code": "redmeat-raw"
                    },
                    {
                        "type": "item",
                        "code": "poultry-raw"
                    },
                    {
                        "type": "item",
                        "code": "fish-raw"
                    },
                    {
                        "type": "item",
                        "code": "petai:petcookie-meat-perfect"
                    }
                ]
            },
            {
                "code": "multiply"
            },
            {
                "code": "repulseagents"
            },
            {
                "code": "controlledphysics",
                "stepHeight": 1.1251
            },
            {
                "code": "floatupwhenstuck",
                "onlyWhenDead": true
            },
            {
                "code": "interpolateposition"
            },
            {
                "code": "harvestable"
            },
            {
                "code": "ropetieable",
                "minGeneration": 2
            }
        ],
        "animations": [
            {
                "code": "hurt",
                "animation": "hurt",
                "animationSpeed": 2.2,
                "weight": 10,
                "blendMode": "addAverage"
            },
            {
                "code": "die",
                "animation": "death",
                "animationSpeed": 1.25,
                "weight": 10,
                "blendMode": "average",
                "triggeredBy": {
                    "onControls": [
                        "dead"
                    ]
                }
            },
            {
                "code": "idle",
                "animation": "idle",
                "blendMode": "addAverage",
                "easeOutSpeed": 4,
                "triggeredBy": {
                    "defaultAnim": true
                }
            },
            {
                "code": "sleep",
                "animation": "sleep",
                "easeInSpeed": 4,
                "easeOutSpeed": 4,
                "blendMode": "average"
            },
            {
                "code": "sit",
                "animation": "sit",
                "easeInSpeed": 4,
                "easeOutSpeed": 4,
                "blendMode": "average"
            }
        ]
    },
    "server": {
        "behaviors": [
            {
                "code": "nametag",
                "showtagonlywhentargeted": true
            },
            {
                "code": "tameable",
                "size": "small",
                "disobediencePerDay": 0.05,
                "treat": [
                    {
                        "code": "bushmeat-raw",
                        "progress": 0.1,
                        "cooldown": 2
                    },
                    {
                        "code": "redmeat-raw",
                        "progress": 0.2,
                        "cooldown": 3
                    },
                    {
                        "code": "poultry-raw",
                        "progress": 0.2,
                        "cooldown": 3
                    },
                    {
                        "code": "fishfillet-raw",
                        "domain": "primitivesurvival",
                        "progress": 0.4,
                        "cooldown": 3
                    },
                    {
                        "code": "fish-raw",
                        "progress": 0.4,
                        "cooldown": 3
                    },
                    {
                        "code": "petcookie-meat-perfect",
                        "domain": "petai",
                        "progress": 0.8,
                        "cooldown": 3
                    }
                ]
            },
            {
                "code": "mouthinventory",
                "acceptStacks": [
                    {
                        "type": "item",
                        "code": "bushmeat-raw"
                    },
                    {
                        "type": "item",
                        "code": "redmeat-raw"
                    },
                    {
                        "type": "item",
                        "code": "poultry-raw"
                    },
                    {
                        "type": "item",
                        "code": "fish-raw"
                    },
                    {
                        "type": "item",
                        "code": "petai:petcookie-meat-perfect"
                    }
                ]
            },
            {
                "code": "receivecommand",
                "availableCommands": [
                    {
                        "commandName": "followmaster",
                        "commandType": "COMPLEX",
                        "minObedience": 0.3
                    },
                    {
                        "commandName": "stay",
                        "commandType": "COMPLEX",
                        "minObedience": 0.2
                    }
                ]
            },
            {
                "code": "repulseagents"
            },
            {
                "code": "controlledphysics",
                "stepHeight": 1.1251
            },
            {
                "code": "health",
                "currenthealthByType": {
                    "*-ocelot": 15,
                    "*-serval": 20,
                    "*": 10
                },
                "maxhealthByType": {
                    "*-ocelot": 15,
                    "*-serval": 20,
                    "*": 10
                }
            },
            {
                "code": "deaddecay",
                "hoursToDecay": 96,
                "decayedBlock": "carcass-small"
            },
            {
                "code": "floatupwhenstuck",
                "onlyWhenDead": true
            },
            {
                "code": "harvestable",
                "drops": [
                    {
                        "type": "item",
                        "code": "bushmeat-raw",
                        "quantity": {
                            "avg": 2,
                            "var": 1
                        }
                    },
                    {
                        "type": "item",
                        "code": "hide-raw-small",
                        "quantity": {
                            "avg": 1.5,
                            "var": 0
                        }
                    },
                    {
                        "type": "item",
                        "code": "fat",
                        "quantity": {
                            "avg": 0.25,
                            "var": 1
                        }
                    },
                    {
                        "type": "item",
                        "code": "bone",
                        "quantity": {
                            "avg": 0.75,
                            "var": 0.5
                        }
                    }
                ]
            },
            {
                "code": "multiply",
                "spawnEntityCodeByType": {
                    "cat-female": "cats:cat-kitten",
                    "*": "cats:cat-kitten-{type}"
                },
                "requiresNearbyEntityCodeByType": {
                    "cat-female": "cats:cat-male",
                    "*": "cats:cat-male-{type}"
                },
                "requiresNearbyEntityRange": 6,
                "spawnQuantityMin": 1,
                "spawnQuantityMax": 3,
                "pregnancyDays": 20,
                "multiplyCooldownDaysMin": 4,
                "multiplyCooldownDaysMax": 11,
                "portionsEatenForMultiply": 9
            },
            {
                "code": "breathe"
            },
            {
                "code": "emotionstates",
                "states": [
                    {
                        "code": "fleeondamage",
                        "duration": 60,
                        "chance": 0.75,
                        "slot": 2,
                        "priority": 5,
                        "accumType": "max",
                        "whenHealthRelBelow": 0.3
                    },
                    {
                        "code": "saturated",
                        "duration": 1200,
                        "chance": 1,
                        "slot": 0,
                        "priority": 1,
                        "accumType": "sum",
                        "belowTempDuration": 600,
                        "belowTempThreshold": -5
                    },
                    {
                        "code": "aggressiveondamage",
                        "duration": 30,
                        "chance": 1,
                        "slot": 2,
                        "priority": 2,
                        "accumType": "noaccum"
                    }
                ]
            },
            {
                "code": "taskai",
                "aitasks": [
                    {
                        "code": "petmeleeattack",
                        "entityCodes": [
                            "hare-*",
                            "chicken-*"
                        ],
                        "isCommandable": false,
                        "priority": 2.2,
                        "damage": 2.5,
                        "damageTier": 1,
                        "damageType": "SlashingAttack",
                        "slot": 1,
                        "mincooldown": 1500,
                        "maxcooldown": 1500,
                        "attackDurationMs": 800,
                        "damagePlayerAtMs": 500,
                        "animation": "Attack",
                        "animationSpeed": 2.5
                    },
                    {
                        "code": "petseekentity",
                        "entityCodes": [
                            "hare-*",
                            "chicken-*"
                        ],
                        "isCommandable": false,
                        "priority": 2.1,
                        "movespeed": 0.045,
                        "seekingRange": 15,
                        "belowTempSeekingRange": 25,
                        "belowTempThreshold": -5,
                        "animation": "Run",
                        "leapAtTarget": true,
                        "leapAnimation": null,
                        "animationSpeed": 2.2,
                        "leapChance": 0.01
                    },
                    {
                        "code": "followmaster",
                        "priority": 2,
                        "priorityForCancel": 1.9,
                        "command": "followmaster",
                        "movespeed": 0.045,
                        "animationSpeed": 2.2,
                        "maxDistance": 8,
                        "searchRange": 40,
                        "animation": "Run",
                        "allowTeleport": true
                    },
                    {
                        "code": "stay",
                        "priority": 2,
                        "priorityForCancel": 1.9,
                        "command": "stay",
                        "animationSpeed": 1.2,
                        "movespeed": 0.005,
                        "maxDistance": 10,
                        "searchRange": 40,
                        "animation": "Walk"
                    },
                    {
                        "code": "fleeentity",
                        "entityCodes": [
                            "wolf-*",
                            "fox-*",
                            "dog-*"
                        ],
                        "priority": 1.5,
                        "movespeed": 0.045,
                        "animationSpeed": 2.4,
                        "seekingRange": 6,
                        "animation": "Run",
                        "sound": "creature/cat/hiss",
                        "soundRange": 3
                    },
                    {
                        "code": "seeknest",
                        "priority": 1.56,
                        "duringDayTimeFrames": [
                            {
                                "fromHour": 10,
                                "toHour": 18
                            },
                            {
                                "fromHour": 1,
                                "toHour": 3
                            }
                        ],
                        "movespeed": 0.004,
                        "animationSpeed": 1.2,
                        "animation": "Walk"
                    },
                    {
                        "code": "idle",
                        "priority": 1.45,
                        "priorityForCancel": 1.55,
                        "minduration": 200000,
                        "maxduration": 800000,
                        "mincooldown": 10000,
                        "maxcooldown": 30000,
                        "animation": "Sleep",
                        "whenNotInEmotionState": "aggressiveondamage",
                        "duringDayTimeFrames": [
                            {
                                "fromHour": 10,
                                "toHour": 18
                            },
                            {
                                "fromHour": 1,
                                "toHour": 3
                            }
                        ],
                        "stopOnHurt": true,
                        "soundRange": 3
                    },
                    {
                        "code": "idle",
                        "priority": 1.45,
                        "priorityForCancel": 1.55,
                        "minduration": 10000,
                        "maxduration": 30000,
                        "mincooldown": 50000,
                        "maxcooldown": 150000,
                        "animation": "Lie",
                        "whenNotInEmotionState": "aggressiveondamage",
                        "stopOnHurt": true,
                        "sound": "creature/cat/purr",
                        "soundRange": 3
                    },
                    {
                        "code": "getoutofwater",
                        "priority": 1.4,
                        "movespeed": 0.015,
                        "animation": "Walk",
                        "animationSpeed": 2.2
                    },
                    {
                        "code": "idle",
                        "priority": 1.2,
                        "priorityForCancel": 1.35,
                        "minduration": 2500,
                        "maxduration": 2500,
                        "mincooldown": 6000,
                        "maxcooldown": 20000,
                        "animation": "Sniff",
                        "animationSpeed": 1.25,
                        "whenNotInEmotionState": "aggressiveondamage"
                    },
                    {
                        "code": "wander",
                        "priority": 1.0,
                        "priorityForCancel": 1.35,
                        "movespeed": 0.003,
                        "animationSpeed": 1.2,
                        "animation": "Walk",
                        "preferredLightLevel": 20
                    },
                    {
                        "code": "useinventory",
                        "animation": "eat",
                        "animationSpeed": 0.75,
                        "priority": 1.6,
                        "priorityForCancel": 1.7,
                        "eatItemCategories": [
                            "Protein"
                        ],
                        "eatItemCodes": [
                            "bushmeat-raw",
                            "redmeat-raw",
                            "poultry-raw",
                            "fish-raw",
                            "petai:petcookie-meat-perfect"
                        ],
                        "useTime": 1.5,
                        "mincooldownHours": 1,
                        "maxcooldownHours": 1.5
                    },
                    {
                        "code": "idle",
                        "priority": 1.3,
                        "priorityForCancel": 1.35,
                        "minduration": 4667,
                        "maxduration": 4667,
                        "mincooldown": 20000,
                        "maxcooldown": 100000,
                        "animation": "Yip",
                        "animationSpeed": 1,
                        "sound": "creature/cat/meow1",
                        "soundRange": 8
                    },
                    {
                        "code": "idle",
                        "priority": 0.9,
                        "minduration": 2000,
                        "maxduration": 10000,
                        "mincooldown": 2000,
                        "maxcooldown": 120000,
                        "priorityForCancel": 1.33,
                        "animation": "Sit",
                        "whenNotInEmotionState": "aggressiveondamage",
                        "stopRange": 5
                    },
                    {
                        "code": "lookaround",
                        "priority": 0.5
                    }
                ]
            },
            {
                "code": "ropetieable",
                "minGeneration": 2
            },
            {
                "code": "pettableextended",
                "minGeneration": 0
            }
        ],
        "spawnconditions": {
            "worldgen": {
                "TriesPerChunk": {
                    "avg": 0.002,
                    "var": 0
                },
                "tryOnlySurface": true,
                "groupSize": {
                    "dist": "verynarrowgaussian",
                    "avg": 1,
                    "var": 2
                },
                "insideBlockCodes": [
                    "game:air",
                    "game:tallgrass-*",
                    "game:snowlayer-1"
                ],
                "minTempByType": {
                    "*-ocelot": 20,
                    "*-serval": 25,
                    "*-european": -15,
                    "*": 1
                },
                "maxTempByType": {
                    "*-ocelot": 40,
                    "*-serval": 40,
                    "*-european": 15,
                    "*": -1
                },
                "minRainByType": {
                    "*-serval": 0.1,
                    "*": 0.25
                },
                "maxRainByType": {
                    "*-serval": 0.39,
                    "*": 1
                },
                "companionsByType": {
                    "cat-female": [
                        "cat-kitten"
                    ],
                    "*": [
                        "cat-kitten-{type}"
                    ]
                }
            },
            "runtime": {
                "group": "neutral",
                "tryOnlySurface": true,
                "chance": 0.000005,
                "maxQuantity": 2,
                "__comment": "Make them spawn away from artifical light so they don't spawn inside farmland",
                "maxLightLevel": 7,
                "lightLevelType": "onlyBlockLight",
                "groupSize": {
                    "dist": "verynarrowgaussian",
                    "avg": 1,
                    "var": 2
                },
                "insideBlockCodes": [
                    "game:air",
                    "game:tallgrass-*",
                    "game:snowlayer-1"
                ],
                "minTempByType": {
                    "*-ocelot": 20,
                    "*-serval": 25,
                    "*-european": -15,
                    "*": 1
                },
                "maxTempByType": {
                    "*-ocelot": 40,
                    "*-serval": 40,
                    "*-european": 15,
                    "*": -1
                },
                "minRainByType": {
                    "*-serval": 0.1,
                    "*": 0.25
                },
                "maxRainByType": {
                    "*-serval": 0.39,
                    "*": 1
                },
                "companionsByType": {
                    "cat-female": [
                        "cat-kitten"
                    ],
                    "*": [
                        "cat-kitten-{type}"
                    ]
                }
            }
        }
    },
    "sounds": {
        "hurt": "creature/cat/hiss",
        "death": "creature/cat/hiss",
        "idle": "creature/cat/meow1"
    },
    "idleSoundChance": 0
}