{
	"editor": {
		"collapsedPaths": "Root/root/slope2",
		"allAngles": false,
		"entityTextureMode": false
	},
	"textureWidth": 16,
	"textureHeight": 16,
	"textureSizes": {
	},
	"textures": {
		"MA1": "C:/Users/Wanja/Pictures/vintage story mods/MA1",
		"MA2": "C:/Users/Wanja/Pictures/vintage story mods/MA2",
		"MA3": "C:/Users/Wanja/Pictures/vintage story mods/MA3",
		"MA4": "C:/Users/Wanja/Pictures/vintage story mods/MA4",
		"MA5": "C:/Users/Wanja/Pictures/vintage story mods/MA5",
		"MA6": "C:/Users/Wanja/Pictures/vintage story mods/MA6",
		"MA7": "C:/Users/Wanja/Pictures/vintage story mods/MA7",
		"MA8": "C:/Users/Wanja/Pictures/vintage story mods/MA8"
	},
	"elements": [
		{
			"name": "origin",
			"from": [ 0.0, -48.0, 8.0 ],
			"to": [ 0.0, -48.0, 8.0 ],
			"rotationOrigin": [ 0.0, -1.0, 8.0 ],
			"faces": {
			},
			"children": [
				{
					"name": "A2",
					"from": [ 16.0, 48.0, 0.0 ],
					"to": [ 32.0, 64.0, 0.0 ],
					"faces": {
						"south": { "texture": "#MA2", "uv": [ 0.0, 0.0, 16.0, 16.0 ] }
					}
				},
				{
					"name": "A1",
					"from": [ 0.0, 48.0, 0.0 ],
					"to": [ 16.0, 64.0, 0.0 ],
					"faces": {
						"south": { "texture": "#MA1", "uv": [ 0.0, 0.0, 16.0, 16.0 ], "windMode": [-1,-1,-1,-1], "windData": [0,0,1,1] }
					}
				},
				{
					"name": "B1",
					"from": [ 0.0, 32.0, 0.0 ],
					"to": [ 16.0, 48.0, 0.0 ],
					"faces": {
						"south": { "texture": "#MA3", "uv": [ 0.0, 0.0, 16.0, 16.0 ] }
					}
				},
				{
					"name": "B2",
					"from": [ 16.0, 32.0, 0.0 ],
					"to": [ 32.0, 48.0, 0.0 ],
					"faces": {
						"south": { "texture": "#MA4", "uv": [ 0.0, 0.0, 16.0, 16.0 ] }
					}
				},
				{
					"name": "C2",
					"from": [ 16.0, 16.0, 0.0 ],
					"to": [ 32.0, 32.0, 0.0 ],
					"faces": {
						"south": { "texture": "#MA6", "uv": [ 0.0, 0.0, 16.0, 16.0 ] }
					}
				},
				{
					"name": "D2",
					"from": [ 16.0, 0.0, 0.0 ],
					"to": [ 32.0, 16.0, 0.0 ],
					"faces": {
						"south": { "texture": "#MA8", "uv": [ 0.0, 0.0, 16.0, 16.0 ] }
					}
				},
				{
					"name": "C1",
					"from": [ 0.0, 16.0, 0.0 ],
					"to": [ 16.0, 32.0, 0.0 ],
					"faces": {
						"south": { "texture": "#MA5", "uv": [ 0.0, 0.0, 16.0, 16.0 ] }
					}
				},
				{
					"name": "D1",
					"from": [ 0.0, 0.0, 0.0 ],
					"to": [ 16.0, 16.0, 0.0 ],
					"faces": {
						"south": { "texture": "#MA7", "uv": [ 0.0, 0.0, 16.0, 16.0 ] }
					}
				}
			]
		}
	]}