{
	"editor": {
		"allAngles": false,
		"entityTextureMode": false
	},
	"textureWidth": 16,
	"textureHeight": 16,
	"textureSizes": {
	},
	"textures": {
		"window3_middle": "C:/Users/Wanja/Pictures/vintage story mods/window3_middle",
		"window3_top": "C:/Users/Wanja/Pictures/vintage story mods/window3_top"
	},
	"elements": [
		{
			"name": "Cube2",
			"from": [ 0.0, 0.0, 0.0 ],
			"to": [ 16.0, 16.0, 0.01 ],
			"faces": {
				"north": { "texture": "#window3_top", "uv": [ 0.0, 0.0, 16.0, 16.0 ] },
				"south": { "texture": "#window3_top", "uv": [ 0.0, 0.0, 16.0, 16.0 ], "windMode": [-1,-1,-1,-1], "windData": [0,0,1,1] }
			}
		},
		{
			"name": "Cube3",
			"from": [ 0.0, -16.0, 0.0 ],
			"to": [ 16.0, 0.0, 0.01 ],
			"faces": {
				"north": { "texture": "#window3_middle", "uv": [ 0.0, 0.0, 16.0, 16.0 ] },
				"south": { "texture": "#window3_middle", "uv": [ 0.0, 0.0, 16.0, 16.0 ] }
			}
		}
	]}