{
	"editor": {
		"collapsedPaths": "Root/Arch",
		"allAngles": false,
		"entityTextureMode": false
	},
	
	"elements": [
		{
			"name": "frame1",
			"from": [ 0.0, 0.0, 0.0 ],
			"to": [ 5.0, 13.0, 6.0 ],
			"faces": {
				"north": { "texture": "#A", "uv": [ 11.0, 3.0, 16.0, 16.0 ] },
				"east": { "texture": "#A", "uv": [ 10.0, 3.0, 16.0, 16.0 ] },
				"west": { "texture": "#A", "uv": [ 0.0, 3.0, 6.0, 16.0 ] },
				"down": { "texture": "#A", "uv": [ 11.0, 0.0, 16.0, 6.0 ] }
			}
		},
		{
			"name": "frame2",
			"from": [ 11.0, 0.0, 0.0 ],
			"to": [ 16.0, 13.0, 6.0 ],
			"rotationOrigin": [ 11.0, 0.0, 0.0 ],
			"faces": {
				"north": { "texture": "#A", "uv": [ 0.0, 3.0, 5.0, 16.0 ] },
				"east": { "texture": "#A", "uv": [ 10.0, 3.0, 16.0, 16.0 ] },
				"west": { "texture": "#A", "uv": [ 0.0, 3.0, 6.0, 16.0 ] },
				"down": { "texture": "#A", "uv": [ 0.0, 0.0, 5.0, 6.0 ] }
			}
		},
		{
			"name": "frameangleR1",
			"from": [ 11.0, 0.0, 6.0 ],
			"to": [ 16.4, 16.0, 14.1 ],
			"rotationOrigin": [ 11.0, 0.0, 6.0 ],
			"rotationY": 30.0,
			"faces": {
				"west": { "texture": "#A", "uv": [ 6.0, 0.0, 14.0, 16.0 ] }
			}
		},
		{
			"name": "frameangleR",
			"from": [ 15.0, 0.0, 6.0 ],
			"to": [ 16.0, 15.0, 16.0 ],
			"rotationOrigin": [ 15.0, 0.0, 6.0 ],
			"faces": {
				"east": { "texture": "#A", "uv": [ 0.0, 1.0, 10.0, 16.0 ] },
				"south": { "texture": "#A", "uv": [ 15.0, 1.0, 16.0, 16.0 ] },
				"west": { "texture": "#A", "uv": [ 6.0, 1.0, 16.0, 16.0 ], "windMode": [-1,-1,-1,-1], "windData": [0,0,1,1] },
				"down": { "texture": "#A", "uv": [ 0.0, 5.75, 1.0, 15.75 ], "windMode": [-1,-1,-1,-1] }
			}
		},
		{
			"name": "frameangleL",
			"from": [ 0.0, 0.0, 6.0 ],
			"to": [ 1.0, 15.0, 16.0 ],
			"rotationOrigin": [ 0.0, 0.0, 6.0 ],
			"faces": {
				"east": { "texture": "#A", "uv": [ 0.0, 1.0, 10.0, 16.0 ] },
				"south": { "texture": "#A", "uv": [ 0.0, 1.0, 1.0, 16.0 ] },
				"west": { "texture": "#A", "uv": [ 6.0, 1.0, 16.0, 16.0 ] },
				"down": { "texture": "#A", "uv": [ 15.0, 6.0, 16.0, 16.0 ], "windMode": [-1,-1,-1,-1] }
			}
		},
		{
			"name": "frameangleL1",
			"from": [ -0.4, 0.0, 6.0 ],
			"to": [ 5.0, 16.0, 14.1 ],
			"rotationOrigin": [ 5.0, 0.0, 6.0 ],
			"rotationY": -30.0,
			"faces": {
				"east": { "texture": "#A", "uv": [ 2.0, 0.0, 10.0, 16.0 ], "windMode": [-1,-1,-1,-1], "windData": [0,1,1,0] }
			}
		},
		{
			"name": "base",
			"from": [ 0.0, 13.0, 0.0 ],
			"to": [ 16.0, 16.0, 6.0 ],
			"rotationOrigin": [ 0.0, 13.0, 0.0 ],
			"faces": {
				"north": { "texture": "#A", "uv": [ 0.0, 0.0, 16.0, 3.0 ] },
				"east": { "texture": "#A", "uv": [ 10.0, 0.0, 16.0, 3.0 ], "windMode": [-1,-1,-1,-1] },
				"west": { "texture": "#A", "uv": [ 0.0, 0.0, 6.0, 3.0 ], "windMode": [-1,-1,-1,-1] },
				"up": { "texture": "#A", "uv": [ 0.0, 10.0, 16.0, 16.0 ], "rotation": 180 },
				"down": { "texture": "#A", "uv": [ 0.0, 2.0, 16.0, 8.0 ], "rotation": 180 }
			}
		},
		{
			"name": "base2",
			"from": [ 0.0, 13.0, 6.0 ],
			"to": [ 16.0, 13.0, 14.3 ],
			"rotationOrigin": [ 8.0, 13.0, 6.0 ],
			"rotationX": -14.0,
			"faces": {
				"down": { "texture": "#A", "uv": [ 0.0, 1.75, 16.0, 10.0 ], "rotation": 180, "windMode": [-1,-1,-1,-1] }
			}
		},
		{
			"name": "base3",
			"from": [ 0.0, 16.0, 16.0 ],
			"to": [ 16.0, 17.0, 26.0 ],
			"rotationOrigin": [ 0.0, 16.0, 16.0 ],
			"rotationX": 180.0,
			"faces": {
				"north": { "texture": "#A", "uv": [ 0.0, 0.0, 16.0, 1.0 ], "rotation": 180, "windMode": [-1,-1,-1,-1], "windData": [1,0,0,1] },
				"east": { "texture": "#A", "uv": [ 0.0, 0.0, 10.0, 1.0 ], "rotation": 180, "windMode": [-1,-1,-1,-1], "windData": [1,0,0,1] },
				"west": { "texture": "#A", "uv": [ 6.0, 0.0, 16.0, 1.0 ], "rotation": 180, "windMode": [-1,-1,-1,-1], "windData": [1,1,0,0] },
				"down": { "texture": "#A", "uv": [ 0.0, 6.0, 16.0, 16.0 ], "rotation": 180, "windMode": [-1,-1,-1,-1], "windData": [1,1,1,1] }
			}
		},
		{
			"name": "Arch",
			"from": [ 7.5, 12.7, -1.3 ],
			"to": [ 8.5, 14.6, 1.7 ],
			"rotationOrigin": [ 7.5, 12.7, -1.3 ],
			"faces": {
				"north": { "texture": "#B", "uv": [ 11.5, 12.5, 12.5, 14.25 ] },
				"east": { "texture": "#B", "uv": [ 11.0, 11.0, 14.0, 12.75 ] },
				"south": { "texture": "#B", "uv": [ 0.0, 0.0, 1.0, 1.75 ] },
				"west": { "texture": "#B", "uv": [ 11.0, 8.0, 14.0, 9.75 ] },
				"up": { "texture": "#B", "uv": [ 10.5, 8.5, 11.5, 11.5 ] },
				"down": { "texture": "#B", "uv": [ 1.5, 6.0, 2.5, 9.0 ] }
			},
			"children": [
				{
					"name": "Arch2",
					"from": [ 1.1, 0.0, 0.3 ],
					"to": [ 2.5, 1.6, 3.3 ],
					"rotationOrigin": [ 1.1, 0.0, 0.3 ],
					"rotationZ": -22.5,
					"faces": {
						"north": { "texture": "#B", "uv": [ 6.5, 12.5, 7.5, 14.0 ] },
						"east": { "texture": "#B", "uv": [ 9.5, 14.0, 12.5, 15.5 ] },
						"south": { "texture": "#B", "uv": [ 14.5, 0.5, 15.5, 2.0 ] },
						"west": { "texture": "#B", "uv": [ 6.5, 14.5, 9.5, 16.0 ] },
						"up": { "texture": "#B", "uv": [ 9.0, 3.0, 10.0, 6.0 ] },
						"down": { "texture": "#B", "uv": [ 14.0, 3.0, 15.0, 6.0 ] }
					}
				},
				{
					"name": "Arch3",
					"from": [ 2.5, -0.6, 0.3 ],
					"to": [ 4.0, 1.0, 3.3 ],
					"rotationOrigin": [ 2.5, -0.6, 0.3 ],
					"rotationZ": -48.0,
					"faces": {
						"north": { "texture": "#B", "uv": [ 4.0, 4.0, 5.5, 5.5 ] },
						"east": { "texture": "#B", "uv": [ 5.0, 3.5, 8.0, 5.0 ] },
						"south": { "texture": "#B", "uv": [ 2.5, 3.5, 4.0, 5.0 ] },
						"west": { "texture": "#B", "uv": [ 2.0, 3.0, 5.0, 4.5 ] },
						"up": { "texture": "#B", "uv": [ 2.0, 2.0, 3.5, 5.0 ] },
						"down": { "texture": "#B", "uv": [ 3.0, 1.5, 4.5, 4.5 ] }
					}
				},
				{
					"name": "Arch4",
					"from": [ -0.1, 0.0, 3.3 ],
					"to": [ 1.3, 1.6, 6.3 ],
					"rotationOrigin": [ -0.1, 0.0, 3.3 ],
					"rotationX": -180.0,
					"rotationZ": 157.5,
					"faces": {
						"north": { "texture": "#B", "uv": [ 7.0, 6.0, 8.0, 7.5 ] },
						"east": { "texture": "#B", "uv": [ 3.5, 3.5, 6.5, 5.0 ] },
						"south": { "texture": "#B", "uv": [ 2.5, 2.0, 3.5, 3.5 ] },
						"west": { "texture": "#B", "uv": [ 4.0, 5.5, 7.0, 7.0 ] },
						"up": { "texture": "#B", "uv": [ 3.0, 3.0, 4.0, 6.0 ] },
						"down": { "texture": "#B", "uv": [ 7.5, 5.5, 8.5, 8.5 ] }
					}
				},
				{
					"name": "Arch5",
					"from": [ -1.5, -0.6, 3.3 ],
					"to": [ 0.0, 1.0, 6.3 ],
					"rotationOrigin": [ -1.5, -0.6, 3.3 ],
					"rotationX": 180.0,
					"rotationZ": 132.0,
					"faces": {
						"north": { "texture": "#B", "uv": [ 14.5, 0.0, 16.0, 1.5 ] },
						"east": { "texture": "#B", "uv": [ 13.0, 14.5, 16.0, 16.0 ] },
						"south": { "texture": "#B", "uv": [ 4.5, 8.5, 6.0, 10.0 ] },
						"west": { "texture": "#B", "uv": [ 6.5, 14.0, 9.5, 15.5 ] },
						"up": { "texture": "#B", "uv": [ 7.5, 0.0, 9.0, 3.0 ] },
						"down": { "texture": "#B", "uv": [ 8.5, 8.0, 10.0, 11.0 ] }
					}
				}
			]
		},
		{
			"name": "frame3",
			"from": [ 1.0, 15.0, 14.0 ],
			"to": [ 15.0, 16.0, 16.0 ],
			"rotationOrigin": [ 1.0, 15.0, 14.0 ],
			"faces": {
				"down": { "texture": "#A", "uv": [ 1.0, 0.0, 15.0, 2.0 ], "rotation": 180 }
			}
		},
		{
			"name": "plaster1",
			"from": [ 8.2, 12.9, -0.6 ],
			"to": [ 9.6, 14.1, 1.9 ],
			"rotationOrigin": [ 8.2, 12.8, -0.6 ],
			"rotationZ": -10.0,
			"faces": {
				"north": { "texture": "#C", "uv": [ 14.0, 9.5, 15.0, 10.5 ] },
				"south": { "texture": "#C", "uv": [ 0.0, 0.0, 1.0, 1.0 ] },
				"up": { "texture": "#C", "uv": [ 0.0, 0.0, 1.0, 2.5 ] },
				"down": { "texture": "#C", "uv": [ 0.0, 0.0, 1.0, 2.5 ] }
			},
			"children": [
				{
					"name": "plaster2",
					"from": [ 0.0, 0.0, 2.5 ],
					"to": [ 1.4, 1.2, 5.0 ],
					"rotationOrigin": [ 0.0, -0.1, 2.5 ],
					"rotationX": -180.0,
					"rotationY": 0.0,
					"rotationZ": 160.0,
					"faces": {
						"north": { "texture": "#C", "uv": [ 14.0, 9.5, 15.0, 10.5 ] },
						"south": { "texture": "#C", "uv": [ 0.0, 0.0, 1.0, 1.0 ] },
						"up": { "texture": "#C", "uv": [ 0.0, 0.0, 1.0, 2.5 ] },
						"down": { "texture": "#C", "uv": [ 0.0, 0.0, 1.0, 2.5 ] }
					}
				},
				{
					"name": "plaster3",
					"from": [ -1.6047, -0.6891, 2.5 ],
					"to": [ -0.2047, 0.5109, 5.0 ],
					"rotationOrigin": [ -1.6047, -0.7891, 2.5 ],
					"rotationX": -180.0,
					"rotationY": 0.0,
					"rotationZ": 137.0,
					"faces": {
						"north": { "texture": "#C", "uv": [ 14.0, 9.5, 15.0, 10.5 ] },
						"south": { "texture": "#C", "uv": [ 0.0, 0.0, 1.0, 1.0 ] },
						"up": { "texture": "#C", "uv": [ 0.0, 0.0, 1.0, 2.5 ] },
						"down": { "texture": "#C", "uv": [ 0.0, 0.0, 1.0, 2.5 ] }
					}
				},
				{
					"name": "plaster4",
					"from": [ 1.3497, -0.1682, 0.0 ],
					"to": [ 2.7497, 1.0318, 2.5 ],
					"rotationOrigin": [ 1.3497, -0.2682, 0.0 ],
					"rotationZ": -23.0,
					"faces": {
						"north": { "texture": "#C", "uv": [ 14.0, 9.5, 15.0, 10.5 ] },
						"south": { "texture": "#C", "uv": [ 0.0, 0.0, 1.0, 1.0 ] },
						"up": { "texture": "#C", "uv": [ 0.0, 0.0, 1.0, 2.5 ] },
						"down": { "texture": "#C", "uv": [ 0.0, 0.0, 1.0, 2.5 ] }
					}
				}
			]
		}
	]}