{
	"editor": {
		"collapsedPaths": "Root/Arch",
		"allAngles": false,
		"entityTextureMode": false
	},
	"elements": [
		{
			"name": "frame1",
			"from": [ 0.0, 3.0, 0.0 ],
			"to": [ 5.0, 16.0, 6.0 ],
			"rotationOrigin": [ 0.0, 3.0, 0.0 ],
			"faces": {
				"north": { "texture": "#A", "uv": [ 11.0, 0.0, 16.0, 13.0 ] },
				"east": { "texture": "#A", "uv": [ 10.0, 0.0, 16.0, 13.0 ] },
				"west": { "texture": "#A", "uv": [ 0.0, 0.0, 6.0, 13.0 ] },
				"up": { "texture": "#A", "uv": [ 0.0, 0.0, 5.0, 6.0 ] }
			}
		},
		{
			"name": "frame2",
			"from": [ 11.0, 3.0, 0.0 ],
			"to": [ 16.0, 16.0, 6.0 ],
			"rotationOrigin": [ 11.0, 3.0, 0.0 ],
			"faces": {
				"north": { "texture": "#A", "uv": [ 0.0, 0.0, 5.0, 13.0 ] },
				"east": { "texture": "#A", "uv": [ 10.0, 0.0, 16.0, 13.0 ] },
				"west": { "texture": "#A", "uv": [ 0.0, 0.0, 6.0, 13.0 ] },
				"up": { "texture": "#A", "uv": [ 11.0, 0.0, 16.0, 6.0 ] }
			}
		},
		{
			"name": "frameangleR1",
			"from": [ 11.0, 0.0, 6.0 ],
			"to": [ 16.4, 16.0, 14.1 ],
			"rotationOrigin": [ 11.0, 0.0, 6.0 ],
			"rotationY": 30.0,
			"faces": {
				"west": { "texture": "#A", "uv": [ 6.0, 0.0, 14.0, 16.0 ] }
			}
		},
		{
			"name": "frameangleR",
			"from": [ 15.0, 1.0, 6.0 ],
			"to": [ 16.0, 16.0, 16.0 ],
			"rotationOrigin": [ 15.0, 1.0, 6.0 ],
			"faces": {
				"east": { "texture": "#A", "uv": [ 0.0, 0.0, 10.0, 15.0 ] },
				"south": { "texture": "#A", "uv": [ 15.0, 0.0, 16.0, 15.0 ] },
				"west": { "texture": "#A", "uv": [ 6.0, 0.0, 16.0, 15.0 ], "windMode": [-1,-1,-1,-1], "windData": [0,0,1,1] },
				"up": { "texture": "#A", "uv": [ 15.0, 6.0, 16.0, 16.0 ] }
			}
		},
		{
			"name": "frameangleL",
			"from": [ 0.0, 1.0, 6.0 ],
			"to": [ 1.0, 16.0, 16.0 ],
			"rotationOrigin": [ 0.0, 1.0, 6.0 ],
			"faces": {
				"east": { "texture": "#A", "uv": [ 0.0, 0.0, 10.0, 15.0 ] },
				"south": { "texture": "#A", "uv": [ 0.0, 0.0, 1.0, 15.0 ] },
				"west": { "texture": "#A", "uv": [ 6.0, 0.0, 16.0, 15.0 ] },
				"up": { "texture": "#A", "uv": [ 0.0, 6.0, 1.0, 16.0 ] }
			}
		},
		{
			"name": "frameangleL1",
			"from": [ -0.4, 0.0, 6.0 ],
			"to": [ 5.0, 16.0, 14.1 ],
			"rotationOrigin": [ 5.0, 0.0, 6.0 ],
			"rotationY": -30.0,
			"faces": {
				"east": { "texture": "#A", "uv": [ 2.0, 0.0, 10.0, 16.0 ], "windMode": [-1,-1,-1,-1], "windData": [0,1,1,0] }
			}
		},
		{
			"name": "base",
			"from": [ 0.0, 0.0, 0.0 ],
			"to": [ 16.0, 3.0, 6.0 ],
			"faces": {
				"north": { "texture": "#A", "uv": [ 0.0, 13.0, 16.0, 16.0 ] },
				"east": { "texture": "#A", "uv": [ 10.0, 13.0, 16.0, 16.0 ], "windMode": [-1,-1,-1,-1] },
				"west": { "texture": "#A", "uv": [ 0.0, 13.0, 6.0, 16.0 ], "windMode": [-1,-1,-1,-1] },
				"up": { "texture": "#A", "uv": [ 0.0, 0.0, 16.0, 6.0 ] },
				"down": { "texture": "#A", "uv": [ 0.0, 10.0, 16.0, 16.0 ] }
			}
		},
		{
			"name": "base2",
			"from": [ 0.0, 1.0, 6.0 ],
			"to": [ 16.0, 3.0, 14.0 ],
			"rotationOrigin": [ 8.0, 3.0, 6.0 ],
			"rotationX": 14.5,
			"faces": {
				"up": { "texture": "#A", "uv": [ 0.0, 6.0, 16.0, 14.0 ] }
			}
		},
		{
			"name": "base3",
			"from": [ 0.0, 0.0, 6.0 ],
			"to": [ 16.0, 1.0, 16.0 ],
			"rotationOrigin": [ 0.0, 0.0, 6.0 ],
			"faces": {
				"east": { "texture": "#A", "uv": [ 0.0, 15.0, 10.0, 16.0 ], "windMode": [-1,-1,-1,-1] },
				"south": { "texture": "#A", "uv": [ 0.0, 14.75, 16.0, 15.75 ], "windMode": [-1,-1,-1,-1] },
				"west": { "texture": "#A", "uv": [ 6.0, 14.75, 16.0, 15.75 ], "windMode": [-1,-1,-1,-1] },
				"down": { "texture": "#A", "uv": [ 0.0, 0.0, 16.0, 10.0 ] }
			}
		},
		{
			"name": "base4",
			"from": [ 4.0, 2.4, -0.4 ],
			"to": [ 12.0, 3.4, 1.8 ],
			"rotationOrigin": [ 4.0, 2.4, -0.4 ],
			"faces": {
				"north": { "texture": "#B", "uv": [ 0.0, 0.0, 8.0, 1.0 ] },
				"east": { "texture": "#B", "uv": [ 0.0, 0.0, 2.0, 1.0 ] },
				"south": { "texture": "#B", "uv": [ 0.0, 0.0, 8.0, 1.0 ] },
				"west": { "texture": "#B", "uv": [ 0.0, 0.0, 2.0, 1.0 ] },
				"up": { "texture": "#B", "uv": [ 0.0, 0.0, 8.0, 2.0 ] },
				"down": { "texture": "#B", "uv": [ 0.0, 0.0, 8.0, 2.0 ] }
			}
		},
		{
			"name": "base5",
			"from": [ 1.0, 0.0, 13.0 ],
			"to": [ 15.0, 1.0, 16.0 ],
			"rotationOrigin": [ 1.0, 0.0, 12.6 ],
			"faces": {
				"up": { "texture": "#A", "uv": [ 1.0, 13.0, 15.0, 16.0 ] }
			}
		}
	]}