{
	"editor": {
		"collapsedPaths": "Root/Arch",
		"allAngles": false,
		"entityTextureMode": false
	},
	"elements": [
		{
			"name": "frame1",
			"from": [ 0.0, 0.0, 0.0 ],
			"to": [ 5.0, 16.0, 6.0 ],
			"faces": {
				"north": { "texture": "#A", "uv": [ 11.0, 0.0, 16.0, 16.0 ] },
				"east": { "texture": "#A", "uv": [ 10.0, 0.0, 16.0, 16.0 ] },
				"west": { "texture": "#A", "uv": [ 0.0, 0.0, 6.0, 16.0 ] },
				"up": { "texture": "#A", "uv": [ 0.0, 0.0, 5.0, 6.0 ] },
				"down": { "texture": "#A", "uv": [ 11.0, 0.0, 16.0, 6.0 ] }
			}
		},
		{
			"name": "frame2",
			"from": [ 11.0, 0.0, 0.0 ],
			"to": [ 16.0, 16.0, 6.0 ],
			"rotationOrigin": [ 11.0, 0.0, 0.0 ],
			"faces": {
				"north": { "texture": "#A", "uv": [ 0.0, 0.0, 5.0, 16.0 ] },
				"east": { "texture": "#A", "uv": [ 10.0, 0.0, 16.0, 16.0 ] },
				"west": { "texture": "#A", "uv": [ 0.0, 0.0, 6.0, 16.0 ] },
				"up": { "texture": "#A", "uv": [ 11.0, 0.0, 16.0, 6.0 ] },
				"down": { "texture": "#A", "uv": [ 0.0, 0.0, 5.0, 6.0 ] }
			}
		},
		{
			"name": "frameangleR1",
			"from": [ 11.0, 0.0, 6.0 ],
			"to": [ 16.4, 16.0, 14.1 ],
			"rotationOrigin": [ 11.0, 0.0, 6.0 ],
			"rotationY": 30.0,
			"faces": {
				"west": { "texture": "#A", "uv": [ 6.0, 0.0, 14.0, 16.0 ] }
			}
		},
		{
			"name": "frameangleR",
			"from": [ 15.0, 0.0, 6.0 ],
			"to": [ 16.0, 16.0, 16.0 ],
			"rotationOrigin": [ 15.0, 0.0, 6.0 ],
			"faces": {
				"east": { "texture": "#A", "uv": [ 0.0, 0.0, 10.0, 16.0 ] },
				"south": { "texture": "#A", "uv": [ 15.0, 0.0, 16.0, 16.0 ] },
				"west": { "texture": "#A", "uv": [ 6.0, 0.0, 16.0, 16.0 ], "windMode": [-1,-1,-1,-1], "windData": [0,0,1,1] },
				"up": { "texture": "#A", "uv": [ 14.75, 6.0, 15.75, 16.0 ] },
				"down": { "texture": "#A", "uv": [ 0.0, 6.0, 1.0, 16.0 ] }
			}
		},
		{
			"name": "frameangleL",
			"from": [ 0.0, 0.0, 6.0 ],
			"to": [ 1.0, 16.0, 16.0 ],
			"rotationOrigin": [ 0.0, 0.0, 6.0 ],
			"faces": {
				"east": { "texture": "#A", "uv": [ 0.0, 0.0, 10.0, 16.0 ] },
				"south": { "texture": "#A", "uv": [ 0.0, 0.0, 1.0, 16.0 ] },
				"west": { "texture": "#A", "uv": [ 6.0, 0.0, 16.0, 16.0 ] },
				"up": { "texture": "#A", "uv": [ 0.0, 6.0, 1.0, 16.0 ] },
				"down": { "texture": "#A", "uv": [ 15.0, 6.0, 16.0, 16.0 ] }
			}
		},
		{
			"name": "frameangleL1",
			"from": [ -0.4, 0.0, 6.0 ],
			"to": [ 5.0, 16.0, 14.1 ],
			"rotationOrigin": [ 5.0, 0.0, 6.0 ],
			"rotationY": -30.0,
			"faces": {
				"east": { "texture": "#A", "uv": [ 2.0, 0.0, 10.0, 16.0 ], "windMode": [-1,-1,-1,-1], "windData": [0,1,1,0] }
			}
		},
		{
			"name": "glass",
			"from": [ 5.0, 0.0, 2.1 ],
			"to": [ 11.0, 16.0, 2.15 ],
			"renderPass": 3,
			"rotationOrigin": [ 5.0, 0.0, 2.1 ],
			"faces": {
				"north": { "texture": "#glass", "uv": [ 5.0, 0.0, 11.0, 16.0 ] },
				"south": { "texture": "#glass", "uv": [ 5.0, 0.0, 11.0, 16.0 ], "windMode": [-1,-1,-1,-1], "windData": [0,0,1,1] }
			}
		}
	]}