{
	"editor": {
		"allAngles": false,
		"entityTextureMode": false
	},
	"textureWidth": 16,
	"textureHeight": 16,
	"textureSizes": {
	},
	
	"elements": [
		{
			"name": "origin",
			"from": [ 8.0, 0.0, 8.0 ],
			"to": [ 8.0, 0.0, 8.0 ],
			"rotationOrigin": [ 8.0, 0.0, 8.0 ],
			"faces": {
				"north": { "texture": "#null", "uv": [ 0.0, 0.0, 0.5, 0.5 ] },
				"east": { "texture": "#null", "uv": [ 0.0, 0.0, 0.5, 0.5 ] },
				"south": { "texture": "#null", "uv": [ 0.0, 0.0, 0.5, 0.5 ] },
				"west": { "texture": "#null", "uv": [ 0.0, 0.0, 0.5, 0.5 ] },
				"up": { "texture": "#null", "uv": [ 0.0, 0.0, 0.5, 0.5 ] },
				"down": { "texture": "#null", "uv": [ 0.0, 0.0, 0.5, 0.5 ] }
			},
			"children": [
				{
					"name": "torso",
					"from": [ -4.0, 0.0, -4.0 ],
					"to": [ 4.0, 6.0, -1.0 ],
					"rotationOrigin": [ 0.0, 0.0, -4.0 ],
					"rotationX": -22.5,
					"faces": {
						"north": { "texture": "#electrum5", "uv": [ 0.0, 0.0, 8.0, 6.0 ] },
						"east": { "texture": "#electrum5", "uv": [ 0.0, 0.0, 3.0, 6.0 ] },
						"south": { "texture": "#electrum5", "uv": [ 0.0, 0.0, 8.0, 6.0 ] },
						"west": { "texture": "#electrum5", "uv": [ 0.0, 0.0, 3.0, 6.0 ] },
						"up": { "texture": "#electrum5", "uv": [ 0.0, 0.0, 8.0, 3.0 ] },
						"down": { "texture": "#electrum5", "uv": [ 0.0, 0.0, 8.0, 3.0 ] }
					},
					"children": [
						{
							"name": "torso2",
							"from": [ 0.0, 5.0, -0.4 ],
							"to": [ 8.0, 12.0, 4.6 ],
							"rotationOrigin": [ 3.5, 5.0, -0.4 ],
							"rotationX": 22.5,
							"faces": {
								"north": { "texture": "#electrum5", "uv": [ 0.0, 0.0, 8.0, 7.0 ] },
								"east": { "texture": "#electrum5", "uv": [ 0.0, 0.0, 5.0, 7.0 ] },
								"south": { "texture": "#electrum5", "uv": [ 0.0, 0.0, 8.0, 7.0 ] },
								"west": { "texture": "#electrum5", "uv": [ 0.0, 0.0, 5.0, 7.0 ] },
								"up": { "texture": "#electrum5", "uv": [ 0.0, 0.0, 8.0, 5.0 ] },
								"down": { "texture": "#electrum5", "uv": [ 0.0, 0.0, 8.0, 5.0 ] }
							}
						},
						{
							"name": "torso3",
							"from": [ -0.5, 11.0, 2.0 ],
							"to": [ 8.5, 18.0, 7.6 ],
							"rotationOrigin": [ 4.0, 11.0, 2.0 ],
							"rotationX": 30.0,
							"faces": {
								"north": { "texture": "#electrum5", "uv": [ 0.0, 0.0, 9.0, 7.0 ] },
								"east": { "texture": "#electrum5", "uv": [ 0.0, 0.0, 5.5, 7.0 ] },
								"south": { "texture": "#electrum5", "uv": [ 0.0, 0.0, 9.0, 7.0 ] },
								"west": { "texture": "#electrum5", "uv": [ 0.0, 0.0, 5.5, 7.0 ] },
								"up": { "texture": "#electrum5", "uv": [ 0.0, 0.0, 9.0, 5.5 ] },
								"down": { "texture": "#electrum5", "uv": [ 0.0, 0.0, 9.0, 5.5 ] }
							}
						},
						{
							"name": "torso4",
							"from": [ -1.5, 16.0, 6.0 ],
							"to": [ 9.5, 18.0, 9.6 ],
							"rotationOrigin": [ 4.0, 16.0, 6.0 ],
							"rotationX": 30.0,
							"faces": {
								"north": { "texture": "#electrum5", "uv": [ 0.0, 0.0, 11.0, 2.0 ] },
								"east": { "texture": "#electrum5", "uv": [ 0.0, 0.0, 3.5, 2.0 ] },
								"south": { "texture": "#electrum5", "uv": [ 0.0, 0.0, 11.0, 2.0 ] },
								"west": { "texture": "#electrum5", "uv": [ 0.0, 0.0, 3.5, 2.0 ] },
								"up": { "texture": "#electrum5", "uv": [ 0.0, 0.0, 11.0, 3.5 ] },
								"down": { "texture": "#electrum5", "uv": [ 0.0, 0.0, 11.0, 3.5 ] }
							}
						},
						{
							"name": "legL",
							"from": [ 0.0, -0.3827, 0.9239 ],
							"to": [ 3.0, 2.6173, 8.9239 ],
							"rotationOrigin": [ 0.0, -0.3827, 0.9239 ],
							"rotationX": 22.5,
							"rotationY": -45.0,
							"faces": {
								"north": { "texture": "#electrum5", "uv": [ 0.0, 0.0, 3.0, 3.0 ] },
								"east": { "texture": "#electrum5", "uv": [ 0.0, 0.0, 8.0, 3.0 ] },
								"south": { "texture": "#electrum5", "uv": [ 0.0, 0.0, 3.0, 3.0 ] },
								"west": { "texture": "#electrum5", "uv": [ 0.0, 0.0, 8.0, 3.0 ] },
								"up": { "texture": "#electrum5", "uv": [ 0.0, 0.0, 3.0, 8.0 ] },
								"down": { "texture": "#electrum5", "uv": [ 0.0, 0.0, 3.0, 8.0 ] }
							},
							"children": [
								{
									"name": "legL2",
									"from": [ 2.0, 0.0, 9.0 ],
									"to": [ 4.5, 2.6, 18.0 ],
									"rotationOrigin": [ 2.0, 0.0, 9.0 ],
									"rotationX": 10.0,
									"rotationY": 135.0,
									"faces": {
										"north": { "texture": "#electrum5", "uv": [ 0.0, 0.0, 2.5, 2.5 ] },
										"east": { "texture": "#electrum5", "uv": [ 0.0, 0.0, 9.0, 2.5 ] },
										"south": { "texture": "#electrum5", "uv": [ 0.0, 0.0, 2.5, 2.5 ] },
										"west": { "texture": "#electrum5", "uv": [ 0.0, 0.0, 9.0, 2.5 ] },
										"up": { "texture": "#electrum5", "uv": [ 0.0, 0.0, 2.5, 9.0 ] },
										"down": { "texture": "#electrum5", "uv": [ 0.0, 0.0, 2.5, 9.0 ] }
									}
								}
							]
						},
						{
							"name": "legR",
							"from": [ 5.0, -0.3827, 0.9239 ],
							"to": [ 8.0, 2.6173, 8.9239 ],
							"rotationOrigin": [ 8.0, -0.3827, 0.9239 ],
							"rotationX": 22.5,
							"rotationY": 45.0,
							"faces": {
								"north": { "texture": "#electrum5", "uv": [ 0.0, 0.0, 3.0, 3.0 ] },
								"east": { "texture": "#electrum5", "uv": [ 0.0, 0.0, 8.0, 3.0 ] },
								"south": { "texture": "#electrum5", "uv": [ 0.0, 0.0, 3.0, 3.0 ] },
								"west": { "texture": "#electrum5", "uv": [ 0.0, 0.0, 8.0, 3.0 ] },
								"up": { "texture": "#electrum5", "uv": [ 0.0, 0.0, 3.0, 8.0 ] },
								"down": { "texture": "#electrum5", "uv": [ 0.0, 0.0, 3.0, 8.0 ] }
							},
							"children": [
								{
									"name": "legR2",
									"from": [ 0.0, 0.0, 9.0 ],
									"to": [ 2.5, 2.6, 18.0 ],
									"rotationOrigin": [ 0.0, 0.0, 9.0 ],
									"rotationX": -5.0,
									"rotationY": -135.0,
									"rotationZ": 90.0,
									"faces": {
										"north": { "texture": "#electrum5", "uv": [ 0.0, 0.0, 2.5, 2.5 ] },
										"east": { "texture": "#electrum5", "uv": [ 0.0, 0.0, 9.0, 2.5 ] },
										"south": { "texture": "#electrum5", "uv": [ 0.0, 0.0, 2.5, 2.5 ] },
										"west": { "texture": "#electrum5", "uv": [ 0.0, 0.0, 9.0, 2.5 ] },
										"up": { "texture": "#electrum5", "uv": [ 0.0, 0.0, 2.5, 9.0 ] },
										"down": { "texture": "#electrum5", "uv": [ 0.0, 0.0, 2.5, 9.0 ] }
									}
								}
							]
						},
						{
							"name": "ArmL",
							"from": [ -3.5, 15.8645, 8.7361 ],
							"to": [ -0.5, 24.8645, 11.7361 ],
							"rotationOrigin": [ -2.5, 15.8645, 8.7361 ],
							"rotationX": -177.5,
							"faces": {
								"north": { "texture": "#electrum5", "uv": [ 0.0, 0.0, 3.0, 9.0 ] },
								"east": { "texture": "#electrum5", "uv": [ 0.0, 0.0, 3.0, 9.0 ] },
								"south": { "texture": "#electrum5", "uv": [ 0.0, 0.0, 3.0, 9.0 ] },
								"west": { "texture": "#electrum5", "uv": [ 0.0, 0.0, 3.0, 9.0 ] },
								"up": { "texture": "#electrum5", "uv": [ 0.0, 0.0, 3.0, 3.0 ] },
								"down": { "texture": "#electrum5", "uv": [ 0.0, 0.0, 3.0, 3.0 ] }
							},
							"children": [
								{
									"name": "ArmL2",
									"from": [ 0.2, 8.0223, 0.4723 ],
									"to": [ 2.7, 17.0223, 2.9723 ],
									"rotationOrigin": [ 1.2, 8.0223, 0.4723 ],
									"rotationX": -25.0,
									"faces": {
										"north": { "texture": "#electrum5", "uv": [ 0.0, 0.0, 2.5, 9.0 ] },
										"east": { "texture": "#electrum5", "uv": [ 0.0, 0.0, 2.5, 9.0 ] },
										"south": { "texture": "#electrum5", "uv": [ 0.0, 0.0, 2.5, 9.0 ] },
										"west": { "texture": "#electrum5", "uv": [ 0.0, 0.0, 2.5, 9.0 ] },
										"up": { "texture": "#electrum5", "uv": [ 0.0, 0.0, 2.5, 2.5 ] },
										"down": { "texture": "#electrum5", "uv": [ 0.0, 0.0, 2.5, 2.5 ] }
									}
								},
								{
									"name": "handL",
									"from": [ 4.2683, 17.6559, -1.6609 ],
									"to": [ 8.2683, 18.6559, 1.1391 ],
									"rotationOrigin": [ 3.9, 16.0798, -2.6609 ],
									"rotationX": 90.0,
									"rotationY": -90.0,
									"rotationZ": 153.435,
									"faces": {
										"north": { "texture": "#electrum5", "uv": [ 0.0, 0.0, 4.0, 1.0 ] },
										"east": { "texture": "#electrum5", "uv": [ 0.0, 0.0, 2.5, 1.0 ] },
										"south": { "texture": "#electrum5", "uv": [ 0.0, 0.0, 4.0, 1.0 ] },
										"west": { "texture": "#electrum5", "uv": [ 0.0, 0.0, 2.5, 1.0 ] },
										"up": { "texture": "#electrum5", "uv": [ 0.0, 0.0, 4.0, 2.5 ] },
										"down": { "texture": "#electrum5", "uv": [ 0.0, 0.0, 4.0, 2.5 ] }
									}
								}
							]
						},
						{
							"name": "ArmR",
							"from": [ 7.9, 15.8645, 8.7361 ],
							"to": [ 10.9, 24.8645, 11.7361 ],
							"rotationOrigin": [ 8.9, 15.8645, 8.7361 ],
							"rotationX": -160.5,
							"rotationY": 22.5,
							"rotationZ": -8.0,
							"faces": {
								"north": { "texture": "#electrum5", "uv": [ 0.0, 0.0, 3.0, 9.0 ] },
								"east": { "texture": "#electrum5", "uv": [ 0.0, 0.0, 3.0, 9.0 ] },
								"south": { "texture": "#electrum5", "uv": [ 0.0, 0.0, 3.0, 9.0 ] },
								"west": { "texture": "#electrum5", "uv": [ 0.0, 0.0, 3.0, 9.0 ] },
								"up": { "texture": "#electrum5", "uv": [ 0.0, 0.0, 3.0, 3.0 ] },
								"down": { "texture": "#electrum5", "uv": [ 0.0, 0.0, 3.0, 3.0 ] }
							},
							"children": [
								{
									"name": "ArmR2",
									"from": [ 0.4386, 7.7897, 1.8218 ],
									"to": [ 2.9386, 16.7897, 4.3218 ],
									"rotationOrigin": [ 1.4386, 7.7897, 1.8218 ],
									"rotationX": -61.175,
									"rotationY": 5.449,
									"rotationZ": 27.795,
									"faces": {
										"north": { "texture": "#electrum5", "uv": [ 0.0, 0.0, 2.5, 9.0 ] },
										"east": { "texture": "#electrum5", "uv": [ 0.0, 0.0, 2.5, 9.0 ] },
										"south": { "texture": "#electrum5", "uv": [ 0.0, 0.0, 2.5, 9.0 ] },
										"west": { "texture": "#electrum5", "uv": [ 0.0, 0.0, 2.5, 9.0 ] },
										"up": { "texture": "#electrum5", "uv": [ 0.0, 0.0, 2.5, 2.5 ] },
										"down": { "texture": "#electrum5", "uv": [ 0.0, 0.0, 2.5, 2.5 ] }
									}
								},
								{
									"name": "handR",
									"from": [ -6.635, 12.1424, -3.8572 ],
									"to": [ -1.635, 13.1424, -0.8572 ],
									"rotationOrigin": [ -6.635, 12.1424, -3.8572 ],
									"rotationX": -173.506,
									"rotationY": 21.787,
									"rotationZ": -9.848,
									"faces": {
										"north": { "texture": "#electrum5", "uv": [ 0.0, 0.0, 5.0, 1.0 ] },
										"east": { "texture": "#electrum5", "uv": [ 0.0, 0.0, 3.0, 1.0 ] },
										"south": { "texture": "#electrum5", "uv": [ 0.0, 0.0, 5.0, 1.0 ] },
										"west": { "texture": "#electrum5", "uv": [ 0.0, 0.0, 3.0, 1.0 ] },
										"up": { "texture": "#electrum5", "uv": [ 0.0, 0.0, 5.0, 3.0 ] },
										"down": { "texture": "#electrum5", "uv": [ 0.0, 0.0, 5.0, 3.0 ] }
									}
								}
							]
						},
						{
							"name": "head",
							"from": [ 1.5, 17.7451, 6.809 ],
							"to": [ 6.5, 23.4451, 11.909 ],
							"rotationOrigin": [ 1.5, 17.7451, 6.809 ],
							"rotationX": 22.5,
							"faces": {
								"north": { "texture": "#electrum5", "uv": [ 0.0, 0.0, 5.0, 5.5 ] },
								"east": { "texture": "#electrum5", "uv": [ 0.0, 0.0, 5.0, 5.5 ] },
								"south": { "texture": "#electrum5", "uv": [ 0.0, 0.0, 5.0, 5.5 ] },
								"west": { "texture": "#electrum5", "uv": [ 0.0, 0.0, 5.0, 5.5 ] },
								"up": { "texture": "#electrum5", "uv": [ 0.0, 0.0, 5.0, 5.0 ] },
								"down": { "texture": "#electrum5", "uv": [ 0.0, 0.0, 5.0, 5.0 ] }
							}
						},
						{
							"name": "earR",
							"from": [ 0.5, 19.2101, 8.4983 ],
							"to": [ 1.5, 20.9101, 9.5983 ],
							"rotationOrigin": [ 0.5, 19.2101, 8.4983 ],
							"rotationX": 22.5,
							"faces": {
								"north": { "texture": "#electrum5", "uv": [ 0.0, 0.0, 1.0, 1.5 ] },
								"east": { "texture": "#electrum5", "uv": [ 0.0, 0.0, 1.0, 1.5 ] },
								"south": { "texture": "#electrum5", "uv": [ 0.0, 0.0, 1.0, 1.5 ] },
								"west": { "texture": "#electrum5", "uv": [ 0.0, 0.0, 1.0, 1.5 ] },
								"up": { "texture": "#electrum5", "uv": [ 0.0, 0.0, 1.0, 1.0 ] },
								"down": { "texture": "#electrum5", "uv": [ 0.0, 0.0, 1.0, 1.0 ] }
							}
						},
						{
							"name": "earL",
							"from": [ 6.5, 19.2101, 8.4983 ],
							"to": [ 7.5, 20.9101, 9.5983 ],
							"rotationOrigin": [ 6.5, 19.2101, 8.4983 ],
							"rotationX": 22.5,
							"faces": {
								"north": { "texture": "#electrum5", "uv": [ 0.0, 0.0, 1.0, 1.5 ] },
								"east": { "texture": "#electrum5", "uv": [ 0.0, 0.0, 1.0, 1.5 ] },
								"south": { "texture": "#electrum5", "uv": [ 0.0, 0.0, 1.0, 1.5 ] },
								"west": { "texture": "#electrum5", "uv": [ 0.0, 0.0, 1.0, 1.5 ] },
								"up": { "texture": "#electrum5", "uv": [ 0.0, 0.0, 1.0, 1.0 ] },
								"down": { "texture": "#electrum5", "uv": [ 0.0, 0.0, 1.0, 1.0 ] }
							}
						},
						{
							"name": "feetR",
							"from": [ 3.24, -0.8738, 6.5543 ],
							"to": [ 5.74, 5.7262, 7.5543 ],
							"rotationOrigin": [ 3.2403, -0.8738, 6.552 ],
							"rotationX": -77.5,
							"rotationY": -86.465,
							"rotationZ": -178.232,
							"faces": {
								"north": { "texture": "#electrum5", "uv": [ 0.0, 0.0, 2.5, 6.5 ] },
								"east": { "texture": "#electrum5", "uv": [ 0.0, 0.0, 1.0, 6.5 ] },
								"south": { "texture": "#electrum5", "uv": [ 0.0, 0.0, 2.5, 6.5 ] },
								"west": { "texture": "#electrum5", "uv": [ 0.0, 0.0, 1.0, 6.5 ] },
								"up": { "texture": "#electrum5", "uv": [ 0.0, 0.0, 2.5, 1.0 ] },
								"down": { "texture": "#electrum5", "uv": [ 0.0, 0.0, 2.5, 1.0 ] }
							}
						},
						{
							"name": "feetL",
							"from": [ 4.24, 0.691, 8.1419 ],
							"to": [ 6.74, 7.291, 9.1419 ],
							"rotationOrigin": [ 4.2403, 1.391, 8.1395 ],
							"rotationX": 90.0,
							"rotationY": -67.5,
							"rotationZ": -22.5,
							"faces": {
								"north": { "texture": "#electrum5", "uv": [ 0.0, 0.0, 2.5, 6.5 ] },
								"east": { "texture": "#electrum5", "uv": [ 0.0, 0.0, 1.0, 6.5 ] },
								"south": { "texture": "#electrum5", "uv": [ 0.0, 0.0, 2.5, 6.5 ] },
								"west": { "texture": "#electrum5", "uv": [ 0.0, 0.0, 1.0, 6.5 ] },
								"up": { "texture": "#electrum5", "uv": [ 0.0, 0.0, 2.5, 1.0 ] },
								"down": { "texture": "#electrum5", "uv": [ 0.0, 0.0, 2.5, 1.0 ] }
							}
						}
					]
				},
				{
					"name": "jug",
					"from": [ -1.6, 6.0, 0.0 ],
					"to": [ 1.4, 8.0, 3.0 ],
					"rotationOrigin": [ -0.2, 5.9, 1.5 ],
					"rotationY": 45.0,
					"faces": {
						"north": { "texture": "#null", "uv": [ 0.0, 0.0, 3.0, 2.0 ] },
						"east": { "texture": "#null", "uv": [ 0.0, 0.0, 3.0, 2.0 ] },
						"south": { "texture": "#null", "uv": [ 0.0, 0.0, 3.0, 2.0 ] },
						"west": { "texture": "#null", "uv": [ 0.0, 0.0, 3.0, 2.0 ] },
						"up": { "texture": "#null", "uv": [ 0.0, 0.0, 3.0, 3.0 ] },
						"down": { "texture": "#null", "uv": [ 0.0, 0.0, 3.0, 3.0 ] }
					}
				},
				{
					"name": "juglid",
					"from": [ -0.2, 8.0, 0.0 ],
					"to": [ 0.8, 9.0, 1.0 ],
					"rotationOrigin": [ 1.2, 7.9, 1.5 ],
					"rotationY": 45.0,
					"faces": {
						"north": { "texture": "#null", "uv": [ 0.0, 0.0, 1.0, 1.0 ] },
						"east": { "texture": "#null", "uv": [ 0.0, 0.0, 1.0, 1.0 ] },
						"south": { "texture": "#null", "uv": [ 0.0, 0.0, 1.0, 1.0 ] },
						"west": { "texture": "#null", "uv": [ 0.0, 0.0, 1.0, 1.0 ] },
						"up": { "texture": "#null", "uv": [ 0.0, 0.0, 1.0, 1.0 ] },
						"down": { "texture": "#null", "uv": [ 0.0, 0.0, 1.0, 1.0 ] }
					}
				},
				{
					"name": "hair",
					"from": [ -3.0, 22.3, -4.9 ],
					"to": [ 2.9, 24.0, 1.2 ],
					"rotationOrigin": [ -3.0, 22.3, -4.9 ],
					"rotationX": -10.0,
					"faces": {
						"north": { "texture": "#null", "uv": [ 0.0, 0.0, 5.5, 1.5 ] },
						"east": { "texture": "#null", "uv": [ 0.0, 0.0, 6.0, 1.5 ] },
						"south": { "texture": "#null", "uv": [ 0.0, 0.0, 5.5, 1.5 ] },
						"west": { "texture": "#null", "uv": [ 0.0, 0.0, 6.0, 1.5 ] },
						"up": { "texture": "#null", "uv": [ 0.0, 0.0, 5.5, 6.0 ] },
						"down": { "texture": "#null", "uv": [ 0.0, 0.0, 5.5, 6.0 ] }
					}
				},
				{
					"name": "hair2",
					"from": [ -2.6, 22.9, -4.5 ],
					"to": [ 2.6, 24.8, -0.6 ],
					"rotationOrigin": [ -2.6, 22.9, -4.5 ],
					"rotationX": -15.0,
					"faces": {
						"north": { "texture": "#null", "uv": [ 0.0, 0.0, 5.0, 1.5 ] },
						"east": { "texture": "#null", "uv": [ 0.0, 0.0, 3.5, 1.5 ] },
						"south": { "texture": "#null", "uv": [ 0.0, 0.0, 5.0, 1.5 ] },
						"west": { "texture": "#null", "uv": [ 0.0, 0.0, 3.5, 1.5 ] },
						"up": { "texture": "#null", "uv": [ 0.0, 0.0, 5.0, 3.5 ] },
						"down": { "texture": "#null", "uv": [ 0.0, 0.0, 5.0, 3.5 ] }
					}
				}
			]
		}
	]}