{
	"editor": {
		"allAngles": false,
		"entityTextureMode": false
	},
	"textureWidth": 16,
	"textureHeight": 16,
	"textureSizes": {
	},
	
	"elements": [
		{
			"name": "origin",
			"from": [ 0.0, 0.0, 0.0 ],
			"to": [ 0.0, 0.0, 0.0 ],
			"faces": {
				"north": { "texture": "#A", "uv": [ 0.0, 0.0, 0.5, 0.5 ] },
				"east": { "texture": "#A", "uv": [ 0.0, 0.0, 0.5, 0.5 ] },
				"south": { "texture": "#A", "uv": [ 0.0, 0.0, 0.5, 0.5 ] },
				"west": { "texture": "#A", "uv": [ 0.0, 0.0, 0.5, 0.5 ] },
				"up": { "texture": "#A", "uv": [ 0.0, 0.0, 0.5, 0.5 ] },
				"down": { "texture": "#A", "uv": [ 0.0, 0.0, 0.5, 0.5 ] }
			},
			"children": [
				{
					"name": "base",
					"from": [ 0.0, 0.0, 0.0 ],
					"to": [ 16.0, 16.0, 8.0 ],
					"faces": {
						"north": { "texture": "#A", "uv": [ 0.0, 0.0, 16.0, 16.0 ] },
						"east": { "texture": "#A", "uv": [ 0.0, 0.0, 8.0, 16.0 ] },
						"south": { "texture": "#A", "uv": [ 0.0, 0.0, 16.0, 16.0 ] },
						"west": { "texture": "#A", "uv": [ 0.0, 0.0, 8.0, 16.0 ] },
						"up": { "texture": "#A", "uv": [ 0.0, 0.0, 16.0, 8.0 ] },
						"down": { "texture": "#A", "uv": [ 0.0, 0.0, 16.0, 8.0 ] }
					}
				},
				{
					"name": "base2",
					"from": [ 0.0, 0.0, 8.0 ],
					"to": [ 16.0, 1.0, 16.0 ],
					"rotationOrigin": [ 0.0, 0.0, 8.0 ],
					"faces": {
						"east": { "texture": "#A", "uv": [ 0.0, 15.0, 8.0, 16.0 ] },
						"south": { "texture": "#A", "uv": [ 0.0, 15.0, 16.0, 16.0 ] },
						"west": { "texture": "#A", "uv": [ 8.0, 15.0, 16.0, 16.0 ] },
						"up": { "texture": "#A", "uv": [ 0.0, 8.0, 16.0, 16.0 ] },
						"down": { "texture": "#A", "uv": [ 0.0, 8.0, 16.0, 16.0 ] }
					}
				},
				{
					"name": "base3",
					"from": [ 0.0, 1.0, 8.0 ],
					"to": [ 16.0, 2.0, 15.0 ],
					"rotationOrigin": [ 0.0, 1.0, 8.0 ],
					"faces": {
						"east": { "texture": "#A", "uv": [ 9.0, 14.0, 16.0, 15.0 ] },
						"west": { "texture": "#A", "uv": [ 0.0, 14.0, 7.0, 15.0 ] }
					}
				},
				{
					"name": "slope",
					"from": [ 0.01, 3.2686, 14.5273 ],
					"to": [ 15.99, 13.2686, 15.2273 ],
					"rotationOrigin": [ 0.0, 3.2686, 22.5273 ],
					"rotationX": -26.6,
					"faces": {
						"east": { "texture": "#A", "uv": [ 0.0, 6.0, 0.5, 16.0 ], "windMode": [-1,-1,-1,-1] },
						"south": { "texture": "#A", "uv": [ 0.01, 6.0, 15.99, 16.0 ], "autoUv": false, "windMode": [-1,-1,-1,-1] },
						"west": { "texture": "#A", "uv": [ 15.5, 6.0, 16.0, 16.0 ], "windMode": [-1,-1,-1,-1] }
					},
					"children": [
						{
							"name": "slope2",
							"from": [ 0.0, 10.0, 0.0 ],
							"to": [ 15.98, 17.9, 0.7 ],
							"rotationOrigin": [ 0.0, 10.0, 8.0 ],
							"rotationX": 0.0,
							"faces": {
								"east": { "texture": "#A", "uv": [ 15.5, 6.5, 16.0, 14.25 ], "windMode": [-1,-1,-1,-1], "windData": [0,0,1,0] },
								"south": { "texture": "#A", "uv": [ 0.25, 6.25, 16.0, 14.0 ] },
								"west": { "texture": "#A", "uv": [ 0.0, 6.25, 0.5, 14.0 ], "windMode": [-1,-1,-1,-1], "windData": [0,0,1,0] }
							}
						}
					]
				},
				{
					"name": "base4",
					"from": [ 0.0, 2.0, 8.0 ],
					"to": [ 16.0, 3.0, 14.4 ],
					"rotationOrigin": [ 0.0, 2.0, 8.0 ],
					"faces": {
						"east": { "texture": "#A", "uv": [ 9.75, 13.0, 16.0, 14.0 ] },
						"west": { "texture": "#A", "uv": [ 0.0, 13.0, 6.25, 14.0 ] }
					}
				},
				{
					"name": "base5",
					"from": [ 0.0, 3.0, 8.0 ],
					"to": [ 16.0, 4.0, 13.8 ],
					"rotationOrigin": [ 0.0, 3.0, 8.0 ],
					"faces": {
						"east": { "texture": "#A", "uv": [ 10.25, 12.0, 16.0, 13.0 ] },
						"west": { "texture": "#A", "uv": [ 0.0, 0.0, 5.75, 1.0 ] }
					}
				},
				{
					"name": "base6",
					"from": [ 0.0, 4.0, 8.0 ],
					"to": [ 16.0, 5.0, 13.3 ],
					"rotationOrigin": [ 0.0, 4.0, 8.0 ],
					"faces": {
						"east": { "texture": "#A", "uv": [ 10.75, 11.0, 16.0, 12.0 ] },
						"west": { "texture": "#A", "uv": [ 0.0, 0.0, 5.25, 1.0 ] }
					}
				},
				{
					"name": "base7",
					"from": [ 0.0, 5.0, 8.0 ],
					"to": [ 16.0, 6.0, 12.8 ],
					"rotationOrigin": [ 0.0, 5.0, 8.0 ],
					"faces": {
						"east": { "texture": "#A", "uv": [ 11.25, 10.25, 16.0, 11.25 ] },
						"west": { "texture": "#A", "uv": [ 0.0, 0.0, 4.75, 1.0 ] }
					}
				},
				{
					"name": "base8",
					"from": [ 0.0, 6.0, 8.0 ],
					"to": [ 16.0, 7.0, 12.3 ],
					"rotationOrigin": [ 0.0, 6.0, 8.0 ],
					"faces": {
						"east": { "texture": "#A", "uv": [ 11.75, 8.75, 16.0, 9.75 ] },
						"west": { "texture": "#A", "uv": [ 0.0, 0.0, 4.25, 1.0 ] }
					}
				},
				{
					"name": "base9",
					"from": [ 0.0, 7.0, 8.0 ],
					"to": [ 16.0, 8.0, 11.8 ],
					"rotationOrigin": [ 0.0, 7.0, 8.0 ],
					"faces": {
						"east": { "texture": "#A", "uv": [ 12.25, 8.0, 16.0, 9.0 ] },
						"west": { "texture": "#A", "uv": [ 0.0, 0.0, 3.75, 1.0 ] }
					}
				},
				{
					"name": "base10",
					"from": [ 0.0, 8.0, 8.0 ],
					"to": [ 16.0, 9.0, 11.3 ],
					"rotationOrigin": [ 0.0, 8.0, 8.0 ],
					"faces": {
						"east": { "texture": "#A", "uv": [ 12.75, 7.0, 16.0, 8.0 ] },
						"west": { "texture": "#A", "uv": [ 0.0, 0.0, 3.25, 1.0 ] }
					}
				},
				{
					"name": "base11",
					"from": [ 0.0, 9.0, 8.0 ],
					"to": [ 16.0, 10.0, 10.9 ],
					"rotationOrigin": [ 0.0, 9.0, 8.0 ],
					"faces": {
						"east": { "texture": "#A", "uv": [ 13.25, 6.0, 16.0, 7.0 ] },
						"west": { "texture": "#A", "uv": [ 0.0, 0.0, 2.75, 1.0 ] }
					}
				},
				{
					"name": "base12",
					"from": [ 0.0, 10.0, 8.0 ],
					"to": [ 16.0, 11.0, 10.3 ],
					"rotationOrigin": [ 0.0, 10.0, 8.0 ],
					"faces": {
						"east": { "texture": "#A", "uv": [ 13.75, 5.0, 16.0, 6.0 ] },
						"west": { "texture": "#A", "uv": [ 0.0, 0.0, 2.25, 1.0 ] }
					}
				},
				{
					"name": "base13",
					"from": [ 0.0, 11.0, 8.0 ],
					"to": [ 16.0, 12.0, 9.8 ],
					"rotationOrigin": [ 0.0, 11.0, 8.0 ],
					"faces": {
						"east": { "texture": "#A", "uv": [ 14.25, 4.0, 16.0, 5.0 ] },
						"west": { "texture": "#A", "uv": [ 0.0, 0.0, 1.75, 1.0 ] }
					}
				},
				{
					"name": "base14",
					"from": [ 0.0, 12.0, 8.0 ],
					"to": [ 16.0, 13.0, 9.3 ],
					"rotationOrigin": [ 0.0, 12.0, 8.0 ],
					"faces": {
						"east": { "texture": "#A", "uv": [ 14.75, 2.75, 16.0, 3.75 ] },
						"west": { "texture": "#A", "uv": [ 0.0, 0.0, 1.25, 1.0 ] }
					}
				},
				{
					"name": "base15",
					"from": [ 0.0, 13.0, 8.0 ],
					"to": [ 16.0, 14.0, 8.9 ],
					"rotationOrigin": [ 0.0, 13.0, 8.0 ],
					"faces": {
						"east": { "texture": "#A", "uv": [ 15.25, 2.0, 16.0, 3.0 ] },
						"west": { "texture": "#A", "uv": [ 0.0, 0.0, 0.75, 1.0 ] }
					}
				},
				{
					"name": "base16",
					"from": [ 0.0, 14.0, 8.0 ],
					"to": [ 16.0, 15.0, 8.4 ],
					"rotationOrigin": [ 0.0, 14.0, 8.0 ],
					"faces": {
						"east": { "texture": "#A", "uv": [ 15.75, 1.0, 16.0, 2.0 ] },
						"west": { "texture": "#A", "uv": [ 0.0, 0.0, 0.25, 1.0 ] }
					}
				}
			]
		}
	]}