{
	"editor": {
		"collapsedPaths": "Root/originBack/putty1,Root/OriginBack/putty21,Root/OriginCenter,Root/OriginBack/BackL3,Root/originBack2,Root/originFront,Root/OriginBack/BackR3,Root/originBack2/BackL2,Root/originBack/BackR,Root/originBack,Root/OriginFront",
		"allAngles": false,
		"entityTextureMode": false
	},
	"textureWidth": 16,
	"textureHeight": 16,
	"textureSizes": {
	},
	
	"elements": [
		{
			"name": "OriginCenter",
			"from": [ 0.0, 0.0, 15.0 ],
			"to": [ 0.0, 0.0, 15.0 ],
			"rotationOrigin": [ 0.0, 0.0, 15.0 ],
			"faces": {
			},
			"children": [
				{
					"name": "Cube1",
					"from": [ 0.0, 0.0, -15.0 ],
					"to": [ 16.0, 16.0, 1.0 ],
					"rotationOrigin": [ 0.0, 0.0, -15.0 ],
					"faces": {
						"east": { "texture": "#brick", "uv": [ 0.0, 0.0, 16.0, 16.0 ] },
						"west": { "texture": "#brick", "uv": [ 0.0, 0.0, 16.0, 16.0 ] },
						"up": { "texture": "#brick", "uv": [ 0.0, 0.0, 16.0, 16.0 ] }
					},
					"children": [
						{
							"name": "Cube2",
							"from": [ 0.0, 0.0, 0.0 ],
							"to": [ 0.1, 1.0, 16.0 ],
							"faces": {
								"east": { "texture": "#brick", "uv": [ 0.0, 15.0, 16.0, 16.0 ] },
								"down": { "texture": "#brick", "uv": [ 0.0, 0.0, 0.25, 16.0 ] }
							},
							"children": [
								{
									"name": "Cube4",
									"from": [ 0.0, 1.0, 0.0 ],
									"to": [ 0.1, 3.4, 16.0 ],
									"rotationOrigin": [ 0.0, 1.0, 0.0 ],
									"rotationZ": -25.0,
									"faces": {
										"east": { "texture": "#brick", "uv": [ 0.0, 12.75, 16.0, 15.0 ] }
									},
									"children": [
										{
											"name": "Cube5",
											"from": [ 0.0, 2.4, 0.0 ],
											"to": [ 0.1, 4.6, 16.0 ],
											"rotationOrigin": [ 0.0, 2.4, 0.0 ],
											"rotationZ": -17.0,
											"faces": {
												"east": { "texture": "#brick", "uv": [ 0.0, 10.5, 16.0, 12.5 ], "windMode": [-1,-1,-1,-1] }
											},
											"children": [
												{
													"name": "Cube6",
													"from": [ 0.0, 2.2, 0.0 ],
													"to": [ 0.1, 4.3, 16.0 ],
													"rotationOrigin": [ 0.0, 2.2, 0.0 ],
													"rotationZ": -13.0,
													"faces": {
														"east": { "texture": "#brick", "uv": [ 0.0, 8.0, 16.0, 10.0 ] }
													},
													"children": [
														{
															"name": "Cube7",
															"from": [ 0.0, 2.1, 0.0 ],
															"to": [ 0.1, 4.7, 16.0 ],
															"rotationOrigin": [ 0.0, 2.1, 0.0 ],
															"rotationZ": -17.0,
															"faces": {
																"east": { "texture": "#brick", "uv": [ 0.0, 5.5, 16.0, 8.0 ] }
															}
														}
													]
												}
											]
										}
									]
								}
							]
						},
						{
							"name": "Cube3",
							"from": [ 15.9, 0.0, 0.0 ],
							"to": [ 16.0, 1.0, 16.0 ],
							"rotationOrigin": [ 2.0, 0.0, 0.0 ],
							"faces": {
								"west": { "texture": "#brick", "uv": [ 0.0, 15.0, 16.0, 16.0 ] },
								"down": { "texture": "#brick", "uv": [ 0.0, 0.0, 0.25, 16.0 ] }
							},
							"children": [
								{
									"name": "Cube8",
									"from": [ 0.1, 1.0, 0.0 ],
									"to": [ 0.2, 3.4, 16.0 ],
									"rotationOrigin": [ 0.1, 1.0, 8.0 ],
									"rotationX": -180.0,
									"rotationZ": 155.0,
									"faces": {
										"east": { "texture": "#brick", "uv": [ 0.0, 12.75, 16.0, 15.0 ] }
									},
									"children": [
										{
											"name": "Cube9",
											"from": [ 0.0, 2.4, 0.0 ],
											"to": [ 0.1, 4.6, 16.0 ],
											"rotationOrigin": [ 0.0, 2.4, 0.0 ],
											"rotationZ": -17.0,
											"faces": {
												"east": { "texture": "#brick", "uv": [ 0.0, 10.25, 16.0, 12.25 ] }
											},
											"children": [
												{
													"name": "Cube10",
													"from": [ 0.0, 2.2, 0.0 ],
													"to": [ 0.1, 4.3, 16.0 ],
													"rotationOrigin": [ 0.0, 2.2, 0.0 ],
													"rotationZ": -13.0,
													"faces": {
														"east": { "texture": "#brick", "uv": [ 0.0, 8.25, 16.0, 10.25 ] }
													},
													"children": [
														{
															"name": "Cube11",
															"from": [ 0.0, 2.1, 0.0 ],
															"to": [ 0.1, 4.7, 16.0 ],
															"rotationOrigin": [ 0.0, 2.1, 0.0 ],
															"rotationZ": -17.0,
															"faces": {
																"east": { "texture": "#brick", "uv": [ 0.0, 5.75, 16.0, 8.25 ] }
															}
														}
													]
												}
											]
										}
									]
								}
							]
						},
						{
							"name": "Cube12",
							"from": [ 0.0, 5.0, 0.0 ],
							"to": [ 2.0, 8.0, 16.0 ],
							"rotationOrigin": [ 0.0, 5.0, 0.0 ],
							"faces": {
								"north": { "texture": "#brick", "uv": [ 0.0, 0.0, 2.0, 3.0 ] },
								"south": { "texture": "#brick", "uv": [ 0.0, 0.0, 2.0, 3.0 ] }
							}
						},
						{
							"name": "Cube13",
							"from": [ 2.0, 6.0, 0.0 ],
							"to": [ 4.0, 8.0, 16.0 ],
							"rotationOrigin": [ 2.0, 6.0, 0.0 ],
							"faces": {
								"north": { "texture": "#brick", "uv": [ 0.0, 0.0, 2.0, 2.0 ] },
								"south": { "texture": "#brick", "uv": [ 0.0, 0.0, 2.0, 2.0 ] }
							}
						},
						{
							"name": "Cube14",
							"from": [ 12.0, 6.0, 0.0 ],
							"to": [ 14.0, 8.0, 16.0 ],
							"rotationOrigin": [ 12.0, 6.0, 0.0 ],
							"faces": {
								"north": { "texture": "#brick", "uv": [ 0.0, 0.0, 2.0, 2.0 ] },
								"south": { "texture": "#brick", "uv": [ 0.0, 0.0, 2.0, 2.0 ] }
							}
						},
						{
							"name": "Cube15",
							"from": [ 14.0, 5.0, 0.0 ],
							"to": [ 16.0, 8.0, 16.0 ],
							"rotationOrigin": [ 14.0, 5.0, 0.0 ],
							"faces": {
								"north": { "texture": "#brick", "uv": [ 0.0, 0.0, 2.0, 3.0 ] },
								"south": { "texture": "#brick", "uv": [ 0.0, 0.0, 2.0, 3.0 ] }
							}
						},
						{
							"name": "Cube16",
							"from": [ 0.0, 8.0, 0.0 ],
							"to": [ 16.0, 16.0, 16.0 ],
							"rotationOrigin": [ 0.0, 8.0, 0.0 ],
							"faces": {
								"north": { "texture": "#brick", "uv": [ 0.0, 0.0, 15.0, 8.0 ] },
								"south": { "texture": "#brick", "uv": [ 0.0, 0.0, 15.0, 8.0 ] }
							}
						}
					]
				},
				{
					"name": "HeadstoneCenter",
					"from": [ 6.4, 6.7, -14.1 ],
					"to": [ 9.6, 9.2, -0.1 ],
					"rotationOrigin": [ 6.4, 6.7, -14.7 ],
					"faces": {
						"down": { "texture": "#putty", "uv": [ 0.5, 1.0, 3.5, 15.0 ] }
					}
				}
			]
		},
		{
			"name": "OriginFront",
			"from": [ 16.0, 0.0, 1.0 ],
			"to": [ 16.0, 0.0, 1.0 ],
			"rotationOrigin": [ 16.0, 0.0, 1.0 ],
			"rotationY": 180.0,
			"faces": {
			},
			"children": [
				{
					"name": "BackL2",
					"from": [ 0.0, 0.0, 0.0 ],
					"to": [ 0.0, 0.0, 0.0 ],
					"faces": {
					},
					"children": [
						{
							"name": "centerstone13",
							"from": [ -2.0, 0.0, -0.3 ],
							"to": [ 0.3, 1.0, 2.1 ],
							"rotationOrigin": [ 0.3, 0.0, -0.3 ],
							"rotationZ": -3.0,
							"faces": {
								"north": { "texture": "#putty", "uv": [ 13.0, 12.0, 15.0, 13.0 ] },
								"east": { "texture": "#putty", "uv": [ 6.5, 10.0, 8.5, 11.0 ] },
								"south": { "texture": "#putty", "uv": [ 1.5, 12.0, 3.5, 13.0 ] },
								"west": { "texture": "#putty", "uv": [ 7.0, 10.0, 9.0, 11.0 ] },
								"up": { "texture": "#putty", "uv": [ 12.0, 0.0, 14.0, 2.0 ] },
								"down": { "texture": "#putty", "uv": [ 5.0, 12.5, 7.0, 14.5 ] }
							},
							"children": [
								{
									"name": "centerstone14",
									"from": [ 0.0, 1.1, 0.0 ],
									"to": [ 2.3, 3.1, 2.0 ],
									"rotationOrigin": [ 2.3, 1.2, 0.0 ],
									"rotationZ": -23.0,
									"faces": {
										"north": { "texture": "#stone", "uv": [ 3.0, 3.5, 5.0, 5.5 ] },
										"east": { "texture": "#stone", "uv": [ 0.0, 3.5, 2.0, 5.5 ] },
										"south": { "texture": "#stone", "uv": [ 9.5, 0.0, 11.5, 2.0 ] },
										"west": { "texture": "#stone", "uv": [ 8.5, 12.5, 10.5, 14.5 ] },
										"up": { "texture": "#stone", "uv": [ 12.5, 4.0, 14.5, 6.0 ] },
										"down": { "texture": "#stone", "uv": [ 3.0, 3.0, 5.0, 5.0 ] }
									},
									"children": [
										{
											"name": "centerstone15",
											"from": [ 0.0, 2.1, 0.0 ],
											"to": [ 2.3, 4.1, 2.0 ],
											"rotationOrigin": [ 2.3, 2.2, 0.0 ],
											"rotationZ": -16.0,
											"faces": {
												"north": { "texture": "#stone", "uv": [ 0.0, 0.0, 2.0, 2.0 ] },
												"east": { "texture": "#stone", "uv": [ 4.0, 4.0, 6.0, 6.0 ] },
												"south": { "texture": "#stone", "uv": [ 8.5, 10.5, 10.5, 12.5 ] },
												"west": { "texture": "#stone", "uv": [ 3.5, 9.5, 5.5, 11.5 ] },
												"up": { "texture": "#stone", "uv": [ 1.0, 4.5, 3.0, 6.5 ] },
												"down": { "texture": "#stone", "uv": [ 0.0, 0.0, 2.0, 2.0 ] }
											},
											"children": [
												{
													"name": "centerstone16",
													"from": [ 0.0, 2.1, 0.0 ],
													"to": [ 2.3, 4.1, 2.0 ],
													"rotationOrigin": [ 2.3, 2.2, 0.0 ],
													"rotationZ": -14.0,
													"faces": {
														"north": { "texture": "#stone", "uv": [ 6.0, 4.5, 8.0, 6.5 ] },
														"east": { "texture": "#stone", "uv": [ 8.0, 11.5, 10.0, 13.5 ] },
														"south": { "texture": "#stone", "uv": [ 12.0, 13.0, 14.0, 15.0 ] },
														"west": { "texture": "#stone", "uv": [ 5.5, 1.0, 7.5, 3.0 ] },
														"up": { "texture": "#stone", "uv": [ 10.5, 0.0, 12.5, 2.0 ] },
														"down": { "texture": "#stone", "uv": [ 13.5, 8.5, 15.5, 10.5 ] }
													},
													"children": [
														{
															"name": "centerstone17",
															"from": [ 0.0, 2.1, 0.0 ],
															"to": [ 2.3, 4.1, 2.0 ],
															"rotationOrigin": [ 2.3, 2.2, 0.0 ],
															"rotationZ": -16.0,
															"faces": {
																"north": { "texture": "#stone", "uv": [ 7.0, 5.5, 9.0, 7.5 ] },
																"east": { "texture": "#stone", "uv": [ 1.5, 1.5, 3.5, 3.5 ] },
																"south": { "texture": "#stone", "uv": [ 11.0, 1.5, 13.0, 3.5 ] },
																"west": { "texture": "#stone", "uv": [ 5.0, 5.0, 7.0, 7.0 ] },
																"up": { "texture": "#stone", "uv": [ 4.0, 7.5, 6.0, 9.5 ] },
																"down": { "texture": "#stone", "uv": [ 13.0, 3.0, 15.0, 5.0 ] }
															},
															"children": [
																{
																	"name": "centerstone18",
																	"from": [ -1.51, 2.5, 0.0 ],
																	"to": [ 2.49, 3.3, 2.4 ],
																	"rotationOrigin": [ 1.5, 2.6, 0.0 ],
																	"rotationZ": -15.0,
																	"faces": {
																		"north": { "texture": "#putty", "uv": [ 3.5, 14.0, 7.5, 14.5 ] },
																		"east": { "texture": "#putty", "uv": [ 5.5, 9.0, 7.5, 9.5 ] },
																		"south": { "texture": "#putty", "uv": [ 1.0, 4.5, 5.0, 5.0 ] },
																		"west": { "texture": "#putty", "uv": [ 8.0, 14.5, 10.0, 15.0 ] },
																		"down": { "texture": "#putty", "uv": [ 10.5, 5.5, 14.5, 7.5 ] }
																	}
																}
															]
														}
													]
												}
											]
										}
									]
								}
							]
						}
					]
				},
				{
					"name": "BackR2",
					"from": [ 16.0, 0.0, 2.0 ],
					"to": [ 16.0, 0.0, 2.0 ],
					"rotationOrigin": [ 16.0, 0.0, 1.7 ],
					"rotationY": 180.0,
					"faces": {
					},
					"children": [
						{
							"name": "centerstone19",
							"from": [ -2.0, 0.0, -0.6 ],
							"to": [ 0.3, 1.0, 1.8 ],
							"rotationOrigin": [ 0.3, 0.0, -0.6 ],
							"rotationZ": -3.0,
							"faces": {
								"north": { "texture": "#putty", "uv": [ 7.0, 10.5, 9.0, 11.5 ] },
								"east": { "texture": "#putty", "uv": [ 13.0, 5.5, 15.0, 6.5 ] },
								"south": { "texture": "#putty", "uv": [ 3.0, 5.0, 5.0, 6.0 ] },
								"west": { "texture": "#putty", "uv": [ 13.5, 2.0, 15.5, 3.0 ] },
								"up": { "texture": "#putty", "uv": [ 3.5, 3.5, 5.5, 5.5 ] },
								"down": { "texture": "#putty", "uv": [ 7.5, 3.5, 9.5, 5.5 ] }
							},
							"children": [
								{
									"name": "centerstone20",
									"from": [ 0.0, 1.1, 0.3 ],
									"to": [ 2.3, 3.1, 2.3 ],
									"rotationOrigin": [ 2.3, 1.2, 0.3 ],
									"rotationZ": -23.0,
									"faces": {
										"north": { "texture": "#stone", "uv": [ 12.5, 6.5, 14.5, 8.5 ] },
										"east": { "texture": "#stone", "uv": [ 4.5, 6.5, 6.5, 8.5 ] },
										"south": { "texture": "#stone", "uv": [ 1.0, 4.0, 3.0, 6.0 ] },
										"west": { "texture": "#stone", "uv": [ 9.0, 4.0, 11.0, 6.0 ] },
										"up": { "texture": "#stone", "uv": [ 7.5, 1.0, 9.5, 3.0 ] },
										"down": { "texture": "#stone", "uv": [ 0.0, 12.0, 2.0, 14.0 ] }
									},
									"children": [
										{
											"name": "centerstone21",
											"from": [ 0.0, 2.1, 0.0 ],
											"to": [ 2.3, 4.1, 2.0 ],
											"rotationOrigin": [ 2.3, 2.2, 0.0 ],
											"rotationZ": -16.0,
											"faces": {
												"north": { "texture": "#stone", "uv": [ 4.0, 13.5, 6.0, 15.5 ] },
												"east": { "texture": "#stone", "uv": [ 3.0, 6.5, 5.0, 8.5 ] },
												"south": { "texture": "#stone", "uv": [ 9.0, 1.0, 11.0, 3.0 ] },
												"west": { "texture": "#stone", "uv": [ 10.5, 4.5, 12.5, 6.5 ] },
												"up": { "texture": "#stone", "uv": [ 9.0, 0.5, 11.0, 2.5 ] },
												"down": { "texture": "#stone", "uv": [ 1.5, 7.5, 3.5, 9.5 ] }
											},
											"children": [
												{
													"name": "centerstone22",
													"from": [ 0.0, 2.1, 0.0 ],
													"to": [ 2.3, 4.1, 2.0 ],
													"rotationOrigin": [ 2.3, 2.2, 0.0 ],
													"rotationZ": -14.0,
													"faces": {
														"north": { "texture": "#stone", "uv": [ 12.5, 1.5, 14.5, 3.5 ] },
														"east": { "texture": "#stone", "uv": [ 10.5, 8.0, 12.5, 10.0 ] },
														"south": { "texture": "#stone", "uv": [ 10.5, 11.5, 12.5, 13.5 ] },
														"west": { "texture": "#stone", "uv": [ 0.5, 8.0, 2.5, 10.0 ] },
														"up": { "texture": "#stone", "uv": [ 1.5, 3.0, 3.5, 5.0 ] },
														"down": { "texture": "#stone", "uv": [ 7.0, 1.5, 9.0, 3.5 ] }
													},
													"children": [
														{
															"name": "centerstone23",
															"from": [ 0.0, 2.1, 0.0 ],
															"to": [ 2.3, 4.1, 2.0 ],
															"rotationOrigin": [ 2.3, 2.2, 0.0 ],
															"rotationZ": -16.0,
															"faces": {
																"north": { "texture": "#stone", "uv": [ 9.5, 1.0, 11.5, 3.0 ] },
																"east": { "texture": "#stone", "uv": [ 1.0, 8.0, 3.0, 10.0 ] },
																"south": { "texture": "#stone", "uv": [ 11.5, 6.0, 13.5, 8.0 ] },
																"west": { "texture": "#stone", "uv": [ 9.5, 4.0, 11.5, 6.0 ] },
																"up": { "texture": "#stone", "uv": [ 12.5, 12.5, 14.5, 14.5 ] },
																"down": { "texture": "#stone", "uv": [ 4.0, 9.0, 6.0, 11.0 ] }
															},
															"children": [
																{
																	"name": "centerstone24",
																	"from": [ -1.55, 2.4, -0.4 ],
																	"to": [ 2.45, 3.2, 2.0 ],
																	"rotationOrigin": [ 1.5, 2.5, -0.4 ],
																	"rotationZ": -15.0,
																	"faces": {
																		"north": { "texture": "#putty", "uv": [ 7.0, 7.5, 11.0, 8.0 ] },
																		"east": { "texture": "#putty", "uv": [ 3.0, 5.0, 5.0, 5.5 ] },
																		"south": { "texture": "#putty", "uv": [ 3.0, 13.5, 7.0, 14.0 ] },
																		"west": { "texture": "#putty", "uv": [ 5.5, 11.0, 7.5, 11.5 ] },
																		"down": { "texture": "#putty", "uv": [ 11.0, 5.0, 15.0, 7.0 ] }
																	}
																}
															]
														}
													]
												}
											]
										}
									]
								}
							]
						}
					]
				},
				{
					"name": "HeadstoneBack2",
					"from": [ 7.0, 6.4, -0.3 ],
					"to": [ 9.0, 10.4, 2.11 ],
					"rotationOrigin": [ 7.0, 6.4, -0.3 ],
					"faces": {
						"north": { "texture": "#putty", "uv": [ 6.0, 10.0, 8.0, 14.0 ] },
						"east": { "texture": "#putty", "uv": [ 13.5, 6.0, 15.5, 10.0 ] },
						"south": { "texture": "#putty", "uv": [ 7.0, 1.0, 9.0, 5.0 ] },
						"west": { "texture": "#putty", "uv": [ 6.5, 11.0, 8.5, 15.0 ] },
						"up": { "texture": "#putty", "uv": [ 12.0, 5.0, 14.0, 7.0 ] },
						"down": { "texture": "#putty", "uv": [ 4.0, 3.5, 6.0, 5.5 ] }
					}
				},
				{
					"name": "putty11",
					"from": [ -1.6, 0.7, -0.2 ],
					"to": [ 0.4, 1.9, 1.6 ],
					"rotationOrigin": [ 0.4, 1.9, -0.2 ],
					"rotationZ": -10.0,
					"faces": {
						"north": { "texture": "#putty", "uv": [ 2.0, 8.0, 4.0, 9.0 ] },
						"east": { "texture": "#putty", "uv": [ 2.5, 2.5, 4.0, 3.5 ] },
						"south": { "texture": "#putty", "uv": [ 8.0, 10.5, 10.0, 11.5 ] },
						"west": { "texture": "#putty", "uv": [ 13.5, 11.5, 15.0, 12.5 ] }
					},
					"children": [
						{
							"name": "putty12",
							"from": [ 0.8, 1.8, 0.0 ],
							"to": [ 2.8, 3.0, 1.8 ],
							"rotationOrigin": [ 2.8, 3.0, 0.0 ],
							"rotationZ": -22.5,
							"faces": {
								"north": { "texture": "#putty", "uv": [ 10.0, 14.0, 12.0, 15.0 ] },
								"east": { "texture": "#putty", "uv": [ 0.5, 11.5, 2.0, 12.5 ] },
								"south": { "texture": "#putty", "uv": [ 0.5, 2.0, 2.5, 3.0 ] },
								"west": { "texture": "#putty", "uv": [ 7.5, 10.5, 9.0, 11.5 ] }
							},
							"children": [
								{
									"name": "putty13",
									"from": [ 0.45, 2.0, 0.0 ],
									"to": [ 2.5, 3.2, 1.8 ],
									"rotationOrigin": [ 2.4, 3.2, 0.0 ],
									"rotationZ": -17.0,
									"faces": {
										"north": { "texture": "#putty", "uv": [ 7.5, 12.0, 9.5, 13.0 ] },
										"east": { "texture": "#putty", "uv": [ 7.0, 3.5, 8.5, 4.5 ] },
										"south": { "texture": "#putty", "uv": [ 0.5, 6.5, 2.5, 7.5 ] },
										"west": { "texture": "#putty", "uv": [ 12.5, 0.0, 14.0, 1.0 ] }
									},
									"children": [
										{
											"name": "putty14",
											"from": [ 0.33, 2.2, 0.0 ],
											"to": [ 2.43, 3.4, 1.8 ],
											"rotationOrigin": [ 2.25, 3.4, 0.0 ],
											"rotationZ": -13.0,
											"faces": {
												"north": { "texture": "#putty", "uv": [ 1.0, 14.5, 3.0, 15.5 ] },
												"east": { "texture": "#putty", "uv": [ 5.5, 13.5, 7.0, 14.5 ] },
												"south": { "texture": "#putty", "uv": [ 5.5, 9.5, 7.5, 10.5 ] },
												"west": { "texture": "#putty", "uv": [ 9.0, 10.0, 10.5, 11.0 ] }
											},
											"children": [
												{
													"name": "putty15",
													"from": [ 0.5, 2.0, 0.0 ],
													"to": [ 2.6, 3.2, 1.8 ],
													"rotationOrigin": [ 2.42, 3.2, 0.0 ],
													"rotationZ": -20.0,
													"faces": {
														"north": { "texture": "#putty", "uv": [ 0.0, 12.5, 2.0, 13.5 ] },
														"east": { "texture": "#putty", "uv": [ 10.0, 10.5, 11.5, 11.5 ] },
														"south": { "texture": "#putty", "uv": [ 12.0, 13.0, 14.0, 14.0 ] },
														"west": { "texture": "#putty", "uv": [ 2.5, 3.0, 4.0, 4.0 ] }
													},
													"children": [
														{
															"name": "putty16",
															"from": [ 0.6, 3.5, 0.0 ],
															"to": [ 2.7, 4.7, 1.8 ],
															"rotationOrigin": [ 2.52, 4.7, 0.0 ],
															"rotationZ": -17.0,
															"faces": {
																"north": { "texture": "#putty", "uv": [ 13.5, 9.0, 15.5, 10.0 ] },
																"east": { "texture": "#putty", "uv": [ 3.0, 10.5, 4.5, 11.5 ] },
																"south": { "texture": "#putty", "uv": [ 7.0, 13.5, 9.0, 14.5 ] },
																"west": { "texture": "#putty", "uv": [ 5.0, 4.0, 6.5, 5.0 ] }
															},
															"children": [
																{
																	"name": "putty17",
																	"from": [ 0.54, 2.1, 0.0 ],
																	"to": [ 2.64, 3.3, 1.8 ],
																	"rotationOrigin": [ 2.42, 3.3, 0.0 ],
																	"rotationZ": -18.0,
																	"faces": {
																		"north": { "texture": "#putty", "uv": [ 2.0, 14.5, 4.0, 15.5 ] },
																		"east": { "texture": "#putty", "uv": [ 0.0, 7.5, 1.5, 8.5 ] },
																		"south": { "texture": "#putty", "uv": [ 9.5, 0.0, 11.5, 1.0 ] },
																		"west": { "texture": "#putty", "uv": [ 8.0, 13.5, 9.5, 14.5 ] }
																	},
																	"children": [
																		{
																			"name": "putty18",
																			"from": [ 0.459, 2.1469, 0.0 ],
																			"to": [ 2.509, 3.3469, 1.8 ],
																			"rotationOrigin": [ 2.339, 3.3469, 0.0 ],
																			"rotationZ": -14.0,
																			"faces": {
																				"north": { "texture": "#putty", "uv": [ 11.0, 3.5, 13.0, 4.5 ] },
																				"east": { "texture": "#putty", "uv": [ 3.5, 3.0, 5.0, 4.0 ] },
																				"south": { "texture": "#putty", "uv": [ 2.5, 10.0, 4.5, 11.0 ] },
																				"west": { "texture": "#putty", "uv": [ 4.5, 12.5, 6.0, 13.5 ] }
																			},
																			"children": [
																				{
																					"name": "putty19",
																					"from": [ 0.4, 2.0, 0.0 ],
																					"to": [ 2.45, 3.2, 1.8 ],
																					"rotationOrigin": [ 2.28, 3.2, 0.0 ],
																					"rotationZ": -15.0,
																					"faces": {
																						"north": { "texture": "#putty", "uv": [ 3.0, 13.5, 5.0, 14.5 ] },
																						"east": { "texture": "#putty", "uv": [ 5.5, 12.0, 7.0, 13.0 ] },
																						"south": { "texture": "#putty", "uv": [ 10.0, 12.0, 12.0, 13.0 ] },
																						"west": { "texture": "#putty", "uv": [ 3.5, 13.5, 5.0, 14.5 ] }
																					},
																					"children": [
																						{
																							"name": "putty20",
																							"from": [ 0.5, 2.1, 0.0 ],
																							"to": [ 2.55, 3.3, 1.8 ],
																							"rotationOrigin": [ 2.38, 3.3, 0.0 ],
																							"rotationZ": -20.0,
																							"faces": {
																								"north": { "texture": "#putty", "uv": [ 5.5, 2.5, 7.5, 3.5 ] },
																								"east": { "texture": "#putty", "uv": [ 0.0, 9.5, 1.5, 10.5 ] },
																								"south": { "texture": "#putty", "uv": [ 0.5, 13.0, 2.5, 14.0 ] },
																								"west": { "texture": "#putty", "uv": [ 4.5, 2.0, 6.0, 3.0 ] }
																							}
																						}
																					]
																				}
																			]
																		}
																	]
																}
															]
														}
													]
												}
											]
										}
									]
								}
							]
						}
					]
				}
			]
		},
		{
			"name": "OriginBack",
			"from": [ 0.0, 0.0, 15.0 ],
			"to": [ 0.0, 0.0, 15.0 ],
			"rotationOrigin": [ 15.0, 0.0, 1.0 ],
			"faces": {
			},
			"children": [
				{
					"name": "BackL3",
					"from": [ 0.0, 0.0, 0.0 ],
					"to": [ 0.0, 0.0, 0.0 ],
					"faces": {
					},
					"children": [
						{
							"name": "centerstone25",
							"from": [ -2.0, 0.0, -0.3 ],
							"to": [ 0.3, 1.0, 2.1 ],
							"rotationOrigin": [ 0.3, 0.0, -0.3 ],
							"rotationZ": -3.0,
							"faces": {
								"north": { "texture": "#putty", "uv": [ 5.0, 2.5, 7.0, 3.5 ] },
								"east": { "texture": "#putty", "uv": [ 4.5, 9.5, 6.5, 10.5 ] },
								"south": { "texture": "#putty", "uv": [ 6.5, 10.0, 8.5, 11.0 ] },
								"west": { "texture": "#putty", "uv": [ 8.5, 11.0, 10.5, 12.0 ] },
								"up": { "texture": "#putty", "uv": [ 8.0, 5.5, 10.0, 7.5 ] },
								"down": { "texture": "#putty", "uv": [ 7.0, 4.5, 9.0, 6.5 ] }
							},
							"children": [
								{
									"name": "centerstone26",
									"from": [ 0.0, 1.1, 0.0 ],
									"to": [ 2.3, 3.1, 2.0 ],
									"rotationOrigin": [ 2.3, 1.2, 0.0 ],
									"rotationZ": -23.0,
									"faces": {
										"north": { "texture": "#stone", "uv": [ 4.5, 7.0, 6.5, 9.0 ] },
										"east": { "texture": "#stone", "uv": [ 1.5, 10.5, 3.5, 12.5 ] },
										"south": { "texture": "#stone", "uv": [ 13.5, 11.0, 15.5, 13.0 ] },
										"west": { "texture": "#stone", "uv": [ 7.5, 1.0, 9.5, 3.0 ] },
										"up": { "texture": "#stone", "uv": [ 13.5, 0.5, 15.5, 2.5 ] },
										"down": { "texture": "#stone", "uv": [ 8.0, 8.0, 10.0, 10.0 ] }
									},
									"children": [
										{
											"name": "centerstone27",
											"from": [ 0.0, 2.1, 0.0 ],
											"to": [ 2.3, 4.1, 2.0 ],
											"rotationOrigin": [ 2.3, 2.2, 0.0 ],
											"rotationZ": -16.0,
											"faces": {
												"north": { "texture": "#stone", "uv": [ 8.0, 13.5, 10.0, 15.5 ] },
												"east": { "texture": "#stone", "uv": [ 9.5, 1.0, 11.5, 3.0 ] },
												"south": { "texture": "#stone", "uv": [ 6.5, 10.5, 8.5, 12.5 ] },
												"west": { "texture": "#stone", "uv": [ 0.5, 5.0, 2.5, 7.0 ] },
												"up": { "texture": "#stone", "uv": [ 0.0, 9.0, 2.0, 11.0 ] },
												"down": { "texture": "#stone", "uv": [ 12.0, 10.5, 14.0, 12.5 ] }
											},
											"children": [
												{
													"name": "centerstone28",
													"from": [ 0.0, 2.1, 0.0 ],
													"to": [ 2.3, 4.1, 2.0 ],
													"rotationOrigin": [ 2.3, 2.2, 0.0 ],
													"rotationZ": -14.0,
													"faces": {
														"north": { "texture": "#stone", "uv": [ 9.0, 2.0, 11.0, 4.0 ] },
														"east": { "texture": "#stone", "uv": [ 0.0, 9.0, 2.0, 11.0 ] },
														"south": { "texture": "#stone", "uv": [ 1.5, 5.0, 3.5, 7.0 ] },
														"west": { "texture": "#stone", "uv": [ 12.5, 12.5, 14.5, 14.5 ] },
														"up": { "texture": "#stone", "uv": [ 5.0, 5.0, 7.0, 7.0 ] },
														"down": { "texture": "#stone", "uv": [ 10.5, 5.0, 12.5, 7.0 ] }
													},
													"children": [
														{
															"name": "centerstone29",
															"from": [ 0.0, 2.1, 0.0 ],
															"to": [ 2.3, 4.1, 2.0 ],
															"rotationOrigin": [ 2.3, 2.2, 0.0 ],
															"rotationZ": -16.0,
															"faces": {
																"north": { "texture": "#stone", "uv": [ 9.5, 11.0, 11.5, 13.0 ] },
																"east": { "texture": "#stone", "uv": [ 3.0, 3.5, 5.0, 5.5 ] },
																"south": { "texture": "#stone", "uv": [ 10.5, 8.0, 12.5, 10.0 ] },
																"west": { "texture": "#stone", "uv": [ 1.0, 10.5, 3.0, 12.5 ] },
																"up": { "texture": "#stone", "uv": [ 13.5, 5.5, 15.5, 7.5 ] },
																"down": { "texture": "#stone", "uv": [ 8.0, 11.0, 10.0, 13.0 ] }
															},
															"children": [
																{
																	"name": "centerstone30",
																	"from": [ -1.51, 2.5, 0.0 ],
																	"to": [ 2.49, 3.3, 2.4 ],
																	"rotationOrigin": [ 1.5, 2.6, 0.0 ],
																	"rotationZ": -15.0,
																	"faces": {
																		"north": { "texture": "#putty", "uv": [ 2.5, 3.5, 6.5, 4.0 ] },
																		"east": { "texture": "#putty", "uv": [ 9.5, 13.0, 11.5, 13.5 ] },
																		"south": { "texture": "#putty", "uv": [ 6.5, 2.5, 10.5, 3.0 ] },
																		"west": { "texture": "#putty", "uv": [ 4.5, 6.5, 6.5, 7.0 ] },
																		"down": { "texture": "#putty", "uv": [ 6.0, 7.0, 10.0, 9.0 ] }
																	}
																}
															]
														}
													]
												}
											]
										}
									]
								}
							]
						}
					]
				},
				{
					"name": "BackR3",
					"from": [ 16.0, 0.0, 2.0 ],
					"to": [ 16.0, 0.0, 2.0 ],
					"rotationOrigin": [ 16.0, 0.0, 1.7 ],
					"rotationY": 180.0,
					"faces": {
					},
					"children": [
						{
							"name": "centerstone31",
							"from": [ -2.0, 0.0, -0.6 ],
							"to": [ 0.3, 1.0, 1.8 ],
							"rotationOrigin": [ 0.3, 0.0, -0.6 ],
							"rotationZ": -3.0,
							"faces": {
								"north": { "texture": "#putty", "uv": [ 5.0, 5.0, 7.0, 6.0 ] },
								"east": { "texture": "#putty", "uv": [ 1.0, 1.5, 3.0, 2.5 ] },
								"south": { "texture": "#putty", "uv": [ 6.5, 4.0, 8.5, 5.0 ] },
								"west": { "texture": "#putty", "uv": [ 1.5, 4.5, 3.5, 5.5 ] },
								"up": { "texture": "#putty", "uv": [ 13.5, 11.5, 15.5, 13.5 ] },
								"down": { "texture": "#putty", "uv": [ 6.5, 8.5, 8.5, 10.5 ] }
							},
							"children": [
								{
									"name": "centerstone32",
									"from": [ 0.0, 1.1, 0.3 ],
									"to": [ 2.3, 3.1, 2.3 ],
									"rotationOrigin": [ 2.3, 1.2, 0.3 ],
									"rotationZ": -23.0,
									"faces": {
										"north": { "texture": "#stone", "uv": [ 11.5, 3.5, 13.5, 5.5 ] },
										"east": { "texture": "#stone", "uv": [ 6.0, 6.0, 8.0, 8.0 ] },
										"south": { "texture": "#stone", "uv": [ 3.0, 4.5, 5.0, 6.5 ] },
										"west": { "texture": "#stone", "uv": [ 9.5, 8.5, 11.5, 10.5 ] },
										"up": { "texture": "#stone", "uv": [ 3.0, 6.5, 5.0, 8.5 ] },
										"down": { "texture": "#stone", "uv": [ 8.5, 12.5, 10.5, 14.5 ] }
									},
									"children": [
										{
											"name": "centerstone33",
											"from": [ 0.0, 2.1, 0.0 ],
											"to": [ 2.3, 4.1, 2.0 ],
											"rotationOrigin": [ 2.3, 2.2, 0.0 ],
											"rotationZ": -16.0,
											"faces": {
												"north": { "texture": "#stone", "uv": [ 4.5, 2.5, 6.5, 4.5 ] },
												"east": { "texture": "#stone", "uv": [ 6.5, 11.0, 8.5, 13.0 ] },
												"south": { "texture": "#stone", "uv": [ 5.5, 13.0, 7.5, 15.0 ] },
												"west": { "texture": "#stone", "uv": [ 3.5, 13.0, 5.5, 15.0 ] },
												"up": { "texture": "#stone", "uv": [ 0.0, 5.5, 2.0, 7.5 ] },
												"down": { "texture": "#stone", "uv": [ 4.0, 5.0, 6.0, 7.0 ] }
											},
											"children": [
												{
													"name": "centerstone34",
													"from": [ 0.0, 2.1, 0.0 ],
													"to": [ 2.3, 4.1, 2.0 ],
													"rotationOrigin": [ 2.3, 2.2, 0.0 ],
													"rotationZ": -14.0,
													"faces": {
														"north": { "texture": "#stone", "uv": [ 7.0, 0.0, 9.0, 2.0 ] },
														"east": { "texture": "#stone", "uv": [ 3.5, 1.0, 5.5, 3.0 ] },
														"south": { "texture": "#stone", "uv": [ 4.0, 2.5, 6.0, 4.5 ] },
														"west": { "texture": "#stone", "uv": [ 1.0, 9.0, 3.0, 11.0 ] },
														"up": { "texture": "#stone", "uv": [ 8.0, 9.0, 10.0, 11.0 ] },
														"down": { "texture": "#stone", "uv": [ 13.5, 4.5, 15.5, 6.5 ] }
													},
													"children": [
														{
															"name": "centerstone35",
															"from": [ 0.0, 2.1, 0.0 ],
															"to": [ 2.3, 4.1, 2.0 ],
															"rotationOrigin": [ 2.3, 2.2, 0.0 ],
															"rotationZ": -16.0,
															"faces": {
																"north": { "texture": "#stone", "uv": [ 9.0, 1.5, 11.0, 3.5 ] },
																"east": { "texture": "#stone", "uv": [ 12.5, 0.0, 14.5, 2.0 ] },
																"south": { "texture": "#stone", "uv": [ 8.0, 0.0, 10.0, 2.0 ] },
																"west": { "texture": "#stone", "uv": [ 12.5, 10.0, 14.5, 12.0 ] },
																"up": { "texture": "#stone", "uv": [ 7.5, 4.0, 9.5, 6.0 ] },
																"down": { "texture": "#stone", "uv": [ 2.5, 7.5, 4.5, 9.5 ] }
															},
															"children": [
																{
																	"name": "centerstone36",
																	"from": [ -1.55, 2.4, -0.4 ],
																	"to": [ 2.45, 3.2, 2.0 ],
																	"rotationOrigin": [ 1.5, 2.5, -0.4 ],
																	"rotationZ": -15.0,
																	"faces": {
																		"north": { "texture": "#putty", "uv": [ 5.0, 8.5, 9.0, 9.0 ] },
																		"east": { "texture": "#putty", "uv": [ 4.0, 6.0, 6.0, 6.5 ] },
																		"south": { "texture": "#putty", "uv": [ 6.5, 1.5, 10.5, 2.0 ] },
																		"west": { "texture": "#putty", "uv": [ 10.5, 1.0, 12.5, 1.5 ] },
																		"down": { "texture": "#putty", "uv": [ 2.5, 4.5, 6.5, 6.5 ] }
																	}
																}
															]
														}
													]
												}
											]
										}
									]
								}
							]
						}
					]
				},
				{
					"name": "HeadstoneBack3",
					"from": [ 7.0, 6.4, -0.3 ],
					"to": [ 9.0, 10.4, 2.11 ],
					"rotationOrigin": [ 7.0, 6.4, -0.3 ],
					"faces": {
						"north": { "texture": "#putty", "uv": [ 11.5, 10.5, 13.5, 14.5 ] },
						"east": { "texture": "#putty", "uv": [ 9.0, 2.0, 11.0, 6.0 ] },
						"south": { "texture": "#putty", "uv": [ 2.0, 10.5, 4.0, 14.5 ] },
						"west": { "texture": "#putty", "uv": [ 9.5, 10.0, 11.5, 14.0 ] },
						"up": { "texture": "#putty", "uv": [ 7.0, 4.0, 9.0, 6.0 ] },
						"down": { "texture": "#putty", "uv": [ 10.0, 2.5, 12.0, 4.5 ] }
					}
				},
				{
					"name": "putty21",
					"from": [ -1.6, 0.7, -0.2 ],
					"to": [ 0.4, 1.9, 1.6 ],
					"rotationOrigin": [ 0.4, 1.9, -0.2 ],
					"rotationZ": -10.0,
					"faces": {
						"north": { "texture": "#putty", "uv": [ 8.0, 3.0, 10.0, 4.0 ] },
						"east": { "texture": "#putty", "uv": [ 3.0, 13.0, 4.5, 14.0 ] },
						"south": { "texture": "#putty", "uv": [ 8.0, 4.5, 10.0, 5.5 ] },
						"west": { "texture": "#putty", "uv": [ 1.0, 0.5, 2.5, 1.5 ] }
					},
					"children": [
						{
							"name": "putty22",
							"from": [ 0.8, 1.8, 0.0 ],
							"to": [ 2.8, 3.0, 1.8 ],
							"rotationOrigin": [ 2.8, 3.0, 0.0 ],
							"rotationZ": -22.5,
							"faces": {
								"north": { "texture": "#putty", "uv": [ 3.5, 7.0, 5.5, 8.0 ] },
								"east": { "texture": "#putty", "uv": [ 10.0, 13.5, 11.5, 14.5 ] },
								"south": { "texture": "#putty", "uv": [ 2.5, 14.0, 4.5, 15.0 ] },
								"west": { "texture": "#putty", "uv": [ 2.5, 9.0, 4.0, 10.0 ] }
							},
							"children": [
								{
									"name": "putty23",
									"from": [ 0.45, 2.0, 0.0 ],
									"to": [ 2.5, 3.2, 1.8 ],
									"rotationOrigin": [ 2.4, 3.2, 0.0 ],
									"rotationZ": -17.0,
									"faces": {
										"north": { "texture": "#putty", "uv": [ 11.5, 6.0, 13.5, 7.0 ] },
										"east": { "texture": "#putty", "uv": [ 0.0, 6.0, 1.5, 7.0 ] },
										"south": { "texture": "#putty", "uv": [ 3.5, 8.5, 5.5, 9.5 ] },
										"west": { "texture": "#putty", "uv": [ 0.0, 9.5, 1.5, 10.5 ] }
									},
									"children": [
										{
											"name": "putty24",
											"from": [ 0.33, 2.2, 0.0 ],
											"to": [ 2.43, 3.4, 1.8 ],
											"rotationOrigin": [ 2.25, 3.4, 0.0 ],
											"rotationZ": -13.0,
											"faces": {
												"north": { "texture": "#putty", "uv": [ 6.0, 4.0, 8.0, 5.0 ] },
												"east": { "texture": "#putty", "uv": [ 11.5, 8.0, 13.0, 9.0 ] },
												"south": { "texture": "#putty", "uv": [ 8.5, 10.0, 10.5, 11.0 ] },
												"west": { "texture": "#putty", "uv": [ 8.5, 3.5, 10.0, 4.5 ] }
											},
											"children": [
												{
													"name": "putty25",
													"from": [ 0.5, 2.0, 0.0 ],
													"to": [ 2.6, 3.2, 1.8 ],
													"rotationOrigin": [ 2.42, 3.2, 0.0 ],
													"rotationZ": -20.0,
													"faces": {
														"north": { "texture": "#putty", "uv": [ 11.0, 12.0, 13.0, 13.0 ] },
														"east": { "texture": "#putty", "uv": [ 5.5, 14.0, 7.0, 15.0 ] },
														"south": { "texture": "#putty", "uv": [ 1.0, 4.5, 3.0, 5.5 ] },
														"west": { "texture": "#putty", "uv": [ 4.5, 6.0, 6.0, 7.0 ] }
													},
													"children": [
														{
															"name": "putty26",
															"from": [ 0.6, 3.5, 0.0 ],
															"to": [ 2.7, 4.7, 1.8 ],
															"rotationOrigin": [ 2.52, 4.7, 0.0 ],
															"rotationZ": -17.0,
															"faces": {
																"north": { "texture": "#putty", "uv": [ 0.5, 14.0, 2.5, 15.0 ] },
																"east": { "texture": "#putty", "uv": [ 3.0, 5.5, 4.5, 6.5 ] },
																"south": { "texture": "#putty", "uv": [ 2.0, 6.0, 4.0, 7.0 ] },
																"west": { "texture": "#putty", "uv": [ 11.5, 8.0, 13.0, 9.0 ] }
															},
															"children": [
																{
																	"name": "putty27",
																	"from": [ 0.54, 2.1, 0.0 ],
																	"to": [ 2.64, 3.3, 1.8 ],
																	"rotationOrigin": [ 2.42, 3.3, 0.0 ],
																	"rotationZ": -18.0,
																	"faces": {
																		"north": { "texture": "#putty", "uv": [ 10.5, 2.0, 12.5, 3.0 ] },
																		"east": { "texture": "#putty", "uv": [ 2.0, 0.0, 3.5, 1.0 ] },
																		"south": { "texture": "#putty", "uv": [ 2.5, 9.5, 4.5, 10.5 ] },
																		"west": { "texture": "#putty", "uv": [ 6.0, 14.5, 7.5, 15.5 ] }
																	},
																	"children": [
																		{
																			"name": "putty28",
																			"from": [ 0.459, 2.1469, 0.0 ],
																			"to": [ 2.509, 3.3469, 1.8 ],
																			"rotationOrigin": [ 2.339, 3.3469, 0.0 ],
																			"rotationZ": -14.0,
																			"faces": {
																				"north": { "texture": "#putty", "uv": [ 11.5, 2.0, 13.5, 3.0 ] },
																				"east": { "texture": "#putty", "uv": [ 7.5, 1.5, 9.0, 2.5 ] },
																				"south": { "texture": "#putty", "uv": [ 6.5, 9.0, 8.5, 10.0 ] },
																				"west": { "texture": "#putty", "uv": [ 4.5, 2.0, 6.0, 3.0 ] }
																			},
																			"children": [
																				{
																					"name": "putty29",
																					"from": [ 0.4, 2.0, 0.0 ],
																					"to": [ 2.45, 3.2, 1.8 ],
																					"rotationOrigin": [ 2.28, 3.2, 0.0 ],
																					"rotationZ": -15.0,
																					"faces": {
																						"north": { "texture": "#putty", "uv": [ 7.5, 11.5, 9.5, 12.5 ] },
																						"east": { "texture": "#putty", "uv": [ 8.0, 14.0, 9.5, 15.0 ] },
																						"south": { "texture": "#putty", "uv": [ 3.5, 0.0, 5.5, 1.0 ] },
																						"west": { "texture": "#putty", "uv": [ 14.0, 9.0, 15.5, 10.0 ] }
																					},
																					"children": [
																						{
																							"name": "putty30",
																							"from": [ 0.5, 2.1, 0.0 ],
																							"to": [ 2.55, 3.3, 1.8 ],
																							"rotationOrigin": [ 2.38, 3.3, 0.0 ],
																							"rotationZ": -20.0,
																							"faces": {
																								"north": { "texture": "#putty", "uv": [ 4.5, 14.5, 6.5, 15.5 ] },
																								"east": { "texture": "#putty", "uv": [ 5.5, 13.5, 7.0, 14.5 ] },
																								"south": { "texture": "#putty", "uv": [ 1.0, 4.5, 3.0, 5.5 ] },
																								"west": { "texture": "#putty", "uv": [ 12.0, 14.0, 13.5, 15.0 ] }
																							}
																						}
																					]
																				}
																			]
																		}
																	]
																}
															]
														}
													]
												}
											]
										}
									]
								}
							]
						}
					]
				}
			]
		}
	]}