[
	{
	"ingredientPattern": "P,S",
	"ingredients": {
		"P": { "type": "item", "code": "game:pickaxe-*", "isTool": true, "toolDurabilityCost": 3 },
		"S": { "type": "block", "code": "bricklayers:stonetiles-normal-*", "name": "rock", "quantity": 1 }
	},
	"width": 1,
	"height": 2,
	"recipeGroup": 3,
	"output": { "type": "item", "code": "bricklayers:stonerawtile-{rock}", "quantity": 6 }
	},
	{
	"ingredientPattern": "H,S",
	"ingredients": {
		"H": { "type": "item", "code": "game:hammer-*", "isTool": true, "toolDurabilityCost": 3 },
		"S": { "type": "block", "code": "bricklayers:stonetiles-normal-*", "name": "rock", "quantity": 1 }
	},
	"width": 1,
	"height": 2,
	"recipeGroup": 3,
	"output": { "type": "item", "code": "bricklayers:stonerawtile-{rock}", "quantity": 6 }
	}
]
