{
	code: "brazier",
	variantgroups: [
		{ code:"burnstate", states: ["construct1", "construct2", "construct3", "extinct", "lit", "cold"] }
	],
	attributes: {
		handbook: {
			include: true,
			extraSections: [
				{ title: "confession:brazier-handbook-help-title", text: "confession:brazier-handbook-help-text" }
			]
		}
	},	
	class: "BlockBrazier",
	entityClass: "BlockEntityBrazier",
	entityBehaviors: [
		{ name: "FirepitAmbient" }
	],
	behaviorsByType: {
		"*-construct*": [ {name: "Unstable"}],
		"*": [{name: "Container"}, {name: "Unstable"}, { name: "Ignitable" }, { name: "HeatSource" }],
	},
	renderpass: "OpaqueNoCull",
	shape: { base: "block/clutter/brazier/{burnstate}-normal" },
	faceCullMode: "NeverCull",
	textures: {
		"hay": { base: "game:block/hay/normal-top" },
		"singlehay": { base: "game:block/wood/trough/large/singlehay" },
		"birch": { base: "game:block/wood/debarked/birch" },
		"walnut-h": { base: "game:block/wood/bark/walnut-h" },
		"ember": { base: "game:block/coal/ember" },
		"ashes": { base: "game:block/wood/firepit/ground" },
		"metal": { base: "game:block/metal/plate/blackbronze" }
	},
	creativeinventory: { "confession": ["*-construct1"] },
	blockmaterial: "metal",
	lightAbsorption: 0,
	lightHsvByType: {
		"brazier-extinct": [7, 7, 3],
		"brazier-lit": [7, 7, 16]
	},
	particlePropertiesByType: {
		"brazier-extinct": [
			{
				hsvaColor: [{ avg: 0, var: 0 }, { avg: 0, var: 0 }, { avg: 70, var: 30 },  { avg: 220, var: 50 }],
				opacityEvolve: { transform: "quadratic", factor: -16 },
				gravityEffect: { avg: 0, var: 0 },
				posOffset: [ { avg: 0, var: 0.2 }, { avg: -0.4, var: 0 }, { avg: 0, var: 0.2 }],
				velocity: [ { avg: 0, var: 0.05 }, { avg: 0.1, var: 0.05 }, { avg: 0, var: 0.05 }],
				quantity: { avg: 0.02 },
				size: { avg: 0.3, var: 0.05 },
				sizeEvolve: { transform: "linear", factor: 1.5 },
				particleModel: "Quad",
				windAffectednes: 0.7
			}
		],
		"brazier-lit": [
			{
				"__comment": "Ember cubicles",
				hsvaColor: [{ avg: 30, var: 20 }, { avg: 255, var: 50 }, { avg: 255, var: 50 },  { avg: 255, var: 0 }],
				gravityEffect: { dist: "invexp", avg: -0.1, var: 0.4 },
				posOffset: [ { avg: 0, var: 0.2 }, { avg: -0.4, var: 0 }, { avg: 0, var: 0.2 }],
				velocity: [ { avg: 0.5, var: 0.15 }, { avg: 1.5, var: 0.1 }, { avg: 0.1, var: 0.15 }],
				quantity: { avg: 0.15 },
				size: { avg: 0.3, var: 0 },
				sizeEvolve: { transform: "quadratic", factor: -0.7 },
				lifeLength: { avg: 0.35 },
				vertexFlags: 128,
				windAffectednes: 0.1
			},
			{
				"__comment": "Smoke quads",
				hsvaColor: [{ avg: 0, var: 0 }, { avg: 0, var: 0 }, { avg: 70, var: 30 },  { avg: 220, var: 50 }],
				opacityEvolve: { transform: "linear", factor: -255 },
				gravityEffect: { avg: 0, var: 0 },
				posOffset: [ { avg: 0, var: 0.2 }, { avg: -0.4, var: 0 }, { avg: 0, var: 0.2 }],
				velocity: [ { avg: 0, var: 0.025 }, { avg: 0.2, var: 0.05 }, { avg: 0, var: 0.025 }],
				quantity: { avg: 0.08 },
				size: { avg: 0.3, var: 0.05 },
				sizeEvolve: { transform: "linear", factor: 1.5 },
				particleModel: "Quad",
				lifeLength: { avg: 18 },
				selfPropelled: true,
				windAffectednes: 0.7
			},
			{
				"__comment": "Fire quads",
				hsvaColor: [{ avg: 20, var: 20 }, { avg: 255, var: 50 }, { avg: 255, var: 50 },  { avg: 255, var: 0 }],
				opacityEvolve: { transform: "quadratic", factor: -16 },
				gravityEffect: { avg: 0, var: 0 },
				posOffset: [ { avg: 0, var: 0.1 }, { avg: -0.3, var: 0 }, { avg: 0, var: 0.1 }],
				velocity: [ { avg: 0, var: 0.1 }, { avg: 0.125, var: 0.05 }, { avg: 0, var: 0.1 }],
				quantity: { avg: 1 },
				size: { avg: 0.35, var: 0.05 },
				lifeLength: { avg: 0.25 },
				sizeEvolve: { transform: "linear", factor: 0.25 },
				particleModel: "Quad",
				vertexFlags: 128,
				windAffectednes: 0.1
			}
		]
	},
	sidesolid: {
		all: false
	},
	sideopaque: {
		all: false
	},
	replaceable: 10,
	resistanceByType: {
		"brazier-construct1": .35,
		"brazier-construct2": .45,
		"brazier-construct3": .55,
		"*": 1.5
	},
	collisionSelectionBox: {x1: 0.2, y1: 0, z1: 0.2, x2: 0.8, y2: 1, z2: 0.8 },

	dropsByType: {
		"brazier-construct1": [	
			{ type: "block", code: "brazier-construct1", quantity: { avg: 1 } },
			{ type: "item",	code: "game:drygrass", quantity: { avg: 1 } },
		],
		"brazier-construct2": [	
			{ type: "block", code: "brazier-construct1", quantity: { avg: 1 } },
			{ type: "item",	code: "game:firewood", quantity: { avg: 1 } },
			{ type: "item",	code: "game:drygrass", quantity: { avg: 1 } },
		],
		"brazier-construct3": [	
			{ type: "block", code: "brazier-construct1", quantity: { avg: 1 } },
			{ type: "item",	code: "game:firewood", quantity: { avg: 2 } },
			{ type: "item",	code: "game:drygrass", quantity: { avg: 1 } },
		],
		"*": [ 
			{ type: "block", code: "brazier-construct1", quantity: { avg: 1 } }
		],
	},
	materialDensity: 600,
	tpHandTransform: {
		translation: { x: -0.9, y: -1.2, z: -0.7 },
		rotation: { x: -6, y: 3, z: -72 },
		origin: { x: 0.5, y: 0.7, z: 0.4 },
		scale: 0.69
	},
	groundTransform: {
		translation: { x: 0, y: 0, z: 0 },
		rotation: { x: 0, y: -45, z: 0 },
		origin: { x: 0.5, y: 0, z: 0.5 },
		scale: 2.69
	},
	sounds: {
		"place": "game:block/planks",
		"hit": "game:block/planks",
		"break": "game:block/planks"
	},
}