{
	code: "tabernacle",
	class: "BlockGenericTypedContainer",
	entityclass: "GenericTypedContainer",
	attributes: {
		partialAttachable: true,
		inventoryClassName: "chest",
		defaultType: "granite",
		types: ["chert", "claystone", "granite", "limestone", "peridotite", "redmarble", "sandstone", "slate"],

		drop: {
			"granite": true,
			"chert": true,
			"claystone": true,
			"limestone": true,
			"mixed": true,
			"peridotite": true,
			"redmarble": true,
			"sandstone": true,
			"slate": true,
		},
		quantitySlots: {
			"granite": 4,
			"chert": 4,
			"claystone": 4,
			"limestone": 4,
			"peridotite": 4,
			"redmarble": 4,
			"sandstone": 4,
			"slate": 4,

		},
		quantityColumns: {
			"granite": 4,
			"chert": 4,
			"claystone": 4,
			"limestone": 4,
			"peridotite": 4,
			"redmarble": 4,
			"sandstone": 4,
			"slate": 4,

		},
		dialogTitleLangCode: {
			"granite": "trunkcontents",
			"chert": "trunkcontents",
			"claystone": "trunkcontents",
			"limestone": "trunkcontents",
			"peridotite": "trunkcontents",
			"redmarble": "trunkcontents",
			"sandstone": "trunkcontents",
			"slate": "trunkcontents"
	
		},
		storageType: {
			"granite": 189,
			"chert": 189,
			"claystone": 189,
			"limestone": 189,
			"peridotite": 189,
			"redmarble": 189,
			"sandstone": 189,
			"slate": 189,

		},
		retrieveOnly: {
			"granite": false,
			"chert": false,
			"claystone": false,
			"limestone": false,
			"peridotite": false,
			"redmarble": false,
			"sandstone": false,
			"slate": false,
	
		},
		shape: {
			"granite": "block/clutter/tabernacle",
			"chert": "block/clutter/tabernacle",
			"claystone": "block/clutter/tabernacle",
			"limestone": "block/clutter/tabernacle",
			"peridotite": "block/clutter/tabernacle",
			"redmarble": "block/clutter/tabernacle",
			"sandstone": "block/clutter/tabernacle",
			"slate": "block/clutter/tabernacle",

		},
		typedOpenSound: {
			"granite": "game:sounds/block/vesselopen",
			"chert": "game:sounds/block/vesselopen",
			"claystone": "game:sounds/block/vesselopen",
			"limestone": "game:sounds/block/vesselopen",
			"peridotite": "game:sounds/block/vesselopen",
			"redmarble": "game:sounds/block/vesselopen",
			"sandstone": "game:sounds/block/vesselopen",
			"slate": "game:sounds/block/vesselopen",

		},
		typedCloseSound: {
			"granite": "game:sounds/block/vesselclose",
			"chert": "game:sounds/block/vesselclose",
			"claystone": "game:sounds/block/vesselclose",
			"limestone": "game:sounds/block/vesselclose",
			"peridotite": "game:sounds/block/vesselclose",
			"redmarble": "game:sounds/block/vesselclose",
			"sandstone": "game:sounds/block/vesselclose",
			"slate": "game:sounds/block/vesselclose",
		},
		variantByGroup: "side",
		variantByGroupInventory: null
	},
	behaviors: [
		{ name: "Lockable" },
		{ name: "Container"},
		{name: "HorizontalOrientable", properties: {  dropBlockFace: "east", drop: { type: "block", code: "tabernacle-{side}" }}}
	],
	entityBehaviors: [{ name: "Animatable" }],
	variantgroups: [
		{ code:"side", loadFromProperties: "abstract/horizontalorientation" }
	],
	creativeinventory: { "confession": ["*-east"] },
	heldTpIdleAnimation: "holdunderarm",
	shapeInventory: { base: "block/clutter/tabernacle", rotateY: 270 },
	shapeByType: {
		"*-north": { base: "block/clutter/tabernacle", rotateY: 0 },
		"*-east": { base: "block/clutter/tabernacle", rotateY: 270 },
		"*-west": { base: "block/clutter/tabernacle", rotateY: 90 },
		"*-south": { base: "block/clutter/tabernacle", rotateY: 180 },
	},
	"_comment": "Must declare textures so they get added to the block texture atlas",
	textures: {
	
		"granite-tabernakel": { base: "block/metal/tabernakel" },
		"granite-brass": { base: "game:block/metal/plate/brass" },
		"granite-stone": { base: "game:block/stone/polishedrock-old/inside/granite" },
		
		"claystone-tabernakel": { base: "block/metal/tabernakel" },
		"claystone-brass": { base: "game:block/metal/plate/brass" },
		"claystone-stone": { base: "game:block/stone/polishedrock-old/inside/claystone" },
		
		"chert-tabernakel": { base: "block/metal/tabernakel" },
		"chert-brass": { base: "game:block/metal/plate/brass" },
		"chert-stone": { base: "game:block/stone/polishedrock-old/inside/chert" },
		
		"limestone-tabernakel": { base: "block/metal/tabernakel" },
		"limestone-brass": { base: "game:block/metal/plate/brass" },
		"limestone-stone": { base: "game:block/stone/polishedrock-old/inside/limestone" },
		
		"peridotite-tabernakel": { base: "block/metal/tabernakel" },
		"peridotite-brass": { base: "game:block/metal/plate/brass" },
		"peridotite-stone": { base: "game:block/stone/polishedrock-old/inside/peridotite" },
		
		"redmarble-tabernakel": { base: "block/metal/tabernakel" },
		"redmarble-brass": { base: "game:block/metal/plate/brass" },
		"redmarble-stone": { base: "game:block/stone/polishedrock-old/inside/redmarble" },
		
		"sandstone-tabernakel": { base: "block/metal/tabernakel" },
		"sandstone-brass": { base: "game:block/metal/plate/brass" },
		"sandstone-stone": { base: "game:block/stone/polishedrock-old/inside/sandstone" },
		
		
		"slate-tabernakel": { base: "block/metal/tabernakel" },
		"slate-brass": { base: "game:block/metal/plate/brass" },
		"slate-stone": { base: "game:block/stone/polishedrock-old/inside/slate" },

	},
	blockmaterial: "stone",
	replaceable: 900,
	resistance: 3,
	lightAbsorption: 1,
	sideAo: { all: false },
	sidesolid: {
		all: true
	},
	sideopaque: {
		all: false
	},
	collisionSelectionBox: {x1: 0, y1: 0, z1: 0, x2: 1, y2: 1, z2: 1},

	sounds: {
		"place": "game:block/hoppertumble",
		"hit": "game:block/chandelier-hit",
		"break": "game:block/rock-break-pickaxe",
		"walk": "game:walk/cloth"
	},
	materialDensity: 600,
	tpHandTransform: {
		translation: { x: -1.5, y: -0.8, z: -0.7 },
		rotation: { x: 0, y: 0, z: 0 },
		origin: { x: 0.5, y: 0.5, z: 0.4 },
		scale: 0.34
	},
	guiTransform: {
		origin: { x: 0.5, y: 0.5, z: 0.45 },
		scale: 1.08
	
	}
}