[
	{
	"ingredientPattern": "P,W",
	"ingredients": {
		"P": { "type": "block", "code": "game:flowerpot-burnt", "name": "color" },
		"W": { "type": "block", "code": "morecandles:waxblock" }
	},
	"width": 1,
	"height": 2,
	"output": { "type": "block", "code": "bricklayers:waxedflowerpot-bottom-blue", "quantity": 1 }
	},
	{
	"ingredientPattern": "P,W",
	"ingredients": {
		"P": { "type": "block", "code": "bricklayers:flowerpotcolored-burnt-*", "name": "color" },
		"W": { "type": "block", "code": "morecandles:waxblock" }
	},
	"width": 1,
	"height": 2,
	"output": { "type": "block", "code": "bricklayers:waxedflowerpot-bottom-{color}", "quantity": 1 }
	},

	{
	"ingredientPattern": "P,W",
	"ingredients": {
		"P": { "type": "block", "code": "game:flowerpot-burnt", "name": "color" },
		"W": { "type": "block", "code": "morecandles:soyblock" }
	},
	"width": 1,
	"height": 2,
	"output": { "type": "block", "code": "bricklayers:waxedflowerpot-bottom-blue", "quantity": 1 }
	},
	{
	"ingredientPattern": "P,W",
	"ingredients": {
		"P": { "type": "block", "code": "bricklayers:flowerpotcolored-burnt-*", "name": "color" },
		"W": { "type": "block", "code": "morecandles:soyblock" }
	},
	"width": 1,
	"height": 2,
	"output": { "type": "block", "code": "bricklayers:waxedflowerpot-bottom-{color}", "quantity": 1 }
	}
]
