﻿{
	code: "saltedmeat",
	class: "ItemSaltedMeat",
	creativeinventory: { "general": ["*"], "items": ["*"], "ancienttools": ["*"] },
	variantgroups: [
		{ code: "type", states: [ "redmeat", "bushmeat", "poultry" ] },
		{ code: "state", states: [ "raw", "cooked" ] }
	],
	attributesbytype: {
		"*-redmeat-raw": {
			displaycaseable: true,
			shelvable: true,
			inFirePitProps: {
				transform: {
					scale: 0.9,
					origin: { x: 0.5, y: 0.0625, z: 0.5 },
					translation: { x: 0.03125, y: 0.3125, z: 0 },
					rotation: { x: 0, y: 53, z: 90 }
				},
				useFirepitModel: "Spit"
			},
			onCuringRackProps: {
				transform: {
					scale: { x: 0.8, y: 0.8, z: 0.8 },
					rotation: { x: 0.0, y: 180.0, z: 90.0},
					translation: { x: 0.175, y: -0.2, z: 0.0 },
					depthOffset: 0.1,
					horizontalOffset: 0.05,
					verticalOffset: 0.0,
					rotateAround: { x: 0, y: 1, z: 0 }
				},
				conversionProps: {
					totalCuringHours: 480.00,
					convertIntoItemstack: "game:redmeat-cured",
					convertedItemstackType: "item"
				}
			},
			nutritionPropsWhenInMeal: { satiety: 210, foodcategory: "Protein" },
			inPieProperties: {
				texture: "ancienttools:block/food/pie/fill-saltedredmeat", partType: 'Filling' 
			}
		},
		"*-redmeat-cooked": {
			displaycaseable: true,
			shelvable: true,
			inFirePitProps: {
				transform: {
					scale: 0.9,
					origin: { x: 0.5, y: 0.0625, z: 0.5 },
					translation: { x: 0.03125, y: 0.3125, z: 0 },
					rotation: { x: 0, y: 53, z: 90 }
				},
				useFirepitModel: "Spit"
			},
			onCuringRackProps: {
				transform: {
					scale: { x: 0.8, y: 0.8, z: 0.8 },
					rotation: { x: 0.0, y: 180.0, z: 90.0},
					translation: { x: 0.175, y: -0.2, z: 0.0 },
					depthOffset: 0.1,
					horizontalOffset: 0.05,
					verticalOffset: 0.0,
					rotateAround: { x: 0, y: 1, z: 0 }
				}
			}
		},
		"*-poultry-raw": {
			displaycaseable: true,
			shelvable: true,
			inFirePitProps: {
				transform: {
					scale: 0.85,
					origin: { x: 0.5, y: 0.0625, z: 0.5 },
					translation: { x: -0.0625, y: 0.1875, z: 0.0625 },
					rotation: { x: 0, y: 53, z: 90 }
				},
				useFirepitModel: "Spit"
			},
			onCuringRackProps: {
				transform: {
					scale: { x: 0.8, y: 0.8, z: 0.8 },
					translation: { x: 0.175, y: -0.2, z: 0.0 },
					rotation: { x: 0.0, y: 180.0, z: 90.0},
					depthOffset: 0.1,
					rotateAround: { x: 0, y: 1, z: 0 }
				},
				conversionProps: {
					totalCuringHours: 480.00,
					convertIntoItemstack: "game:poultry-cured",
					convertedItemstackType: "item"
				}
			},
			nutritionPropsWhenInMeal: { satiety: 150, foodcategory: "Protein" },
			inPieProperties: {
				texture: "ancienttools:block/food/pie/fill-saltedpoultry", partType: 'Filling' 
			}
		},
		"*-bushmeat-raw": {
			displaycaseable: true,
			shelvable: true,
			inFirePitProps: {
				transform: {
					scale: 0.85,
					origin: { x: 0.5, y: 0.0625, z: 0.5 },
					translation: { x: -0.0625, y: 0.21875, z: 0.0625 },
					rotation: { x: 0, y: 53, z: 90 }
				},
				useFirepitModel: "Spit"
			},
			onCuringRackProps: {
				transform: {
					scale: { x: 0.8, y: 0.8, z: 0.8 },
					translation: { x: 0.175, y: -0.2, z: 0.0 },
					rotation: { x: 0.0, y: 180.0, z: 90.0},
					depthOffset: 0.1,
					rotateAround: { x: 0, y: 1, z: 0 }
				},
				conversionProps: {
					totalCuringHours: 480.00,
					convertIntoItemstack: "game:bushmeat-cured",
					convertedItemstackType: "item"
				}
			},
			nutritionPropsWhenInMeal: { satiety: 90, foodcategory: "Protein" },
			inPieProperties: {
				texture: "ancienttools:block/food/pie/fill-saltedbushmeat", partType: 'Filling' 
			}
		},
		"*-cooked": {
			displaycaseable: true,
			shelvable: true,
			inFirePitProps: {
				transform: {
					scale: 0.85,
					origin: { x: 0.5, y: 0.0625, z: 0.5 },
					translation: { x: -0.0625, y: 0.1875, z: 0.0625 },
					rotation: { x: 0, y: 53, z: 90 }
				},
				useFirepitModel: "Spit"
			},
			onCuringRackProps: {
				transform: {
					scale: { x: 0.8, y: 0.8, z: 0.8 },
					translation: { x: 0.175, y: -0.2, z: 0.0 },
					rotation: { x: 0.0, y: 180.0, z: 90.0},
					depthOffset: 0.1,
					rotateAround: { x: 0, y: 1, z: 0 }
				}
			}
		}
	},
	"storageFlags": 32,
	shapebytype: { 
		"*-redmeat-*": { base: "game:item/food/meat/red" },
		"*-bushmeat-*": { base: "game:item/food/meat/bushmeat" },
		"*-poultry-*": { base: "game:item/food/meat/poultry" },
	},
	texturesbytype: {
		"*-raw": {
			"meat": { base: "item/food/saltedmeat/salted" }
		},
		"*-cooked": {
			"meat": { base: "item/food/saltedmeat/saltedcooked" }
		}
	},
	transitionablepropsbytype: {
		"*-raw": [
			{
				type: "Perish",
				freshHours: { avg: 144 },
				transitionHours: { avg: 96 },
				transitionedStack: { type: "item", code: "game:rot" },
				transitionRatio: 1
			}
		],
		"*-cooked": [
			{
				type: "Perish",
				freshHours: { avg: 288 },
				transitionHours: { avg: 192 },
				transitionedStack: { type: "item", code: "game:rot" },
				transitionRatio: 1
			}
		],
	},
	nutritionPropsByType: {
		"*-poultry-cooked": { satiety: 100, foodcategory: "Protein" },
		"*-bushmeat-cooked": { satiety: 60, foodcategory: "Protein" },
		"*-redmeat-cooked": { satiety: 140, foodcategory: "Protein" },
	},
	combustiblePropsByType: {
		"*-redmeat-raw": {
			meltingPoint: 150,
			meltingDuration: 30,
			smeltedRatio: 1,
			smeltingType: "cook",
			smeltedStack: { type: "item", code: "saltedmeat-redmeat-cooked" },
			requiresContainer: false
		},
		"*-bushmeat-raw": {
			meltingPoint: 150,
			meltingDuration: 30,
			smeltedRatio: 1,
			smeltingType: "cook",
			smeltedStack: { type: "item", code: "saltedmeat-bushmeat-cooked" },
			requiresContainer: false
		},
		"*-poultry-raw": {
			meltingPoint: 150,
			meltingDuration: 30,
			smeltedRatio: 1,
			smeltingType: "cook",
			smeltedStack: { type: "item", code: "saltedmeat-poultry-cooked" },
			requiresContainer: false
		},
	},
	maxstacksize: 64,
	tpHandTransform: {
		translation: { x: 0, y: 0, z: 0 },
		rotation: { x: 5, y: 41, z: -31 },
		origin: { x: 0.23, y: 0, z: 0.13 },
		scale: 0.75
	},
	
	guiTransformByType: {
		"*-redmeat-*": {
			rotate: false,
			translation: { x: 0.5, y: 0, z: 0 },
			rotation: { x: 171, y: -122, z: 33 },
			origin: { x: 0.4, y: 0.08, z: 0.5 },
			scale: 4.72
		},
		"*-bushmeat-*": {
			rotate: false,
			translation: { x: 0, y: 0, z: 0 },
			rotation: { x: 171, y: -122, z: 33 },
			origin: { x: 0.5, y: 0.04, z: 0.53 },
			scale: 4.7199
		},
		"*-poultry-*": {
			rotate: false,
			translation: { x: 0, y: 0, z: 0 },
			rotation: { x: 171, y: -122, z: 33 },
			origin: { x: 0.5, y: 0.04, z: 0.53 },
			scale: 4.7199
		}
	},
	groundTransform: {
		translation: { x: 0, y: 0, z: 0 },
		rotation: { x: 180, y: 33, z: -180 },
		origin: { x: 0.5, y: 0, z: 0.5 },
		scale: 5
	},
	fpHandTransform: {
		translation: { x: -0.06, y: 0.36, z: 0.23 },
		rotation: { x: 40, y: 91, z: 15 },
		origin: { x: 0.5, y: 0.1, z: 0.5 },
		scale: 2.5
	},
}