{
	"editor": {
		"allAngles": false,
		"entityTextureMode": false
	},
	"textureWidth": 16,
	"textureHeight": 8,
	"textureSizes": {
		"metal": [16,16],
		"wood": [16,16],
		"handle": [16,16]
	},
	"textures": {
		"metal": "block/metal/ingot/iron",
		"handle": "game:block/wood/debarked/acacia"
	},
	"elements": [
		{
			"name": "origin",
			"from": [ 8.0, 0.0, 8.0 ],
			"to": [ 8.0, 0.0, 8.0 ],
			"rotationOrigin": [ 8.0, 0.0, 8.0 ],
			"faces": {
			},
			"children": [
				{
					"name": "hilt1",
					"from": [ 4.9, -0.54, -1.75 ],
					"to": [ 5.95, 0.51, 1.75 ],
					"rotationOrigin": [ 5.0, -1.0, -2.0 ],
					"rotationZ": 45.0,
					"faces": {
						"north": { "texture": "#metal", "uv": [ 0.0, 0.0, 1.0, 1.0 ] },
						"east": { "texture": "#metal", "uv": [ 0.0, 0.0, 3.5, 1.0 ] },
						"south": { "texture": "#metal", "uv": [ 0.0, 0.0, 1.0, 1.0 ] },
						"west": { "texture": "#metal", "uv": [ 0.0, 0.0, 3.5, 1.0 ] },
						"up": { "texture": "#metal", "uv": [ 0.0, 0.0, 1.0, 3.5 ] },
						"down": { "texture": "#metal", "uv": [ 0.0, 0.0, 1.0, 3.5 ] }
					},
					"children": [
						{
							"name": "hilt2",
							"from": [ -0.2071, 0.7471, 0.5 ],
							"to": [ 0.7929, 1.7471, 3.0 ],
							"rotationOrigin": [ -0.6071, 0.2471, 0.75 ],
							"rotationZ": -45.0,
							"faces": {
								"north": { "texture": "#metal", "uv": [ 0.0, 0.0, 1.0, 1.0 ] },
								"east": { "texture": "#metal", "uv": [ 0.0, 0.0, 2.5, 1.0 ] },
								"south": { "texture": "#metal", "uv": [ 0.0, 0.0, 1.0, 1.0 ] },
								"west": { "texture": "#metal", "uv": [ 0.0, 0.0, 2.5, 1.0 ] },
								"up": { "texture": "#metal", "uv": [ 0.0, 0.0, 1.0, 2.5 ] },
								"down": { "texture": "#metal", "uv": [ 0.0, 0.0, 1.0, 2.5 ] }
							}
						}
					]
				},
				{
					"name": "Taper1",
					"from": [ 5.0, -0.2, -0.3 ],
					"to": [ 21.0, 0.2, 0.3 ],
					"rotationOrigin": [ 5.0, 0.0, 0.0 ],
					"faces": {
						"north": { "texture": "#metal", "uv": [ 0.0, 0.0, 16.0, 0.5 ] },
						"east": { "texture": "#metal", "uv": [ 0.0, 0.0, 0.5, 0.5 ] },
						"south": { "texture": "#metal", "uv": [ 0.0, 0.0, 16.0, 0.5 ] },
						"west": { "texture": "#metal", "uv": [ 0.0, 0.0, 0.5, 0.5 ] },
						"up": { "texture": "#metal", "uv": [ 0.0, 0.0, 16.0, 0.5 ] },
						"down": { "texture": "#metal", "uv": [ 0.0, 0.0, 16.0, 0.5 ] }
					}
				},
				{
					"name": "Taper2",
					"from": [ 21.0, -0.2, -0.3 ],
					"to": [ 37.0, 0.2, 0.0 ],
					"rotationOrigin": [ 21.0, 0.0, 0.0 ],
					"rotationY": -0.53,
					"faces": {
						"north": { "texture": "#metal", "uv": [ 0.0, 0.0, 16.0, 0.5 ] },
						"east": { "texture": "#metal", "uv": [ 0.0, 0.0, 0.5, 0.5 ] },
						"south": { "texture": "#metal", "uv": [ 0.0, 0.0, 16.0, 0.5 ] },
						"west": { "texture": "#metal", "uv": [ 0.0, 0.0, 0.5, 0.5 ] },
						"up": { "texture": "#metal", "uv": [ 0.0, 0.0, 16.0, 0.5 ] },
						"down": { "texture": "#metal", "uv": [ 0.0, 0.0, 16.0, 0.5 ] }
					}
				},
				{
					"name": "Taper3",
					"from": [ 21.0, -0.2, 0.0 ],
					"to": [ 37.0, 0.2, 0.3 ],
					"rotationOrigin": [ 21.0, 0.0, 0.0 ],
					"rotationY": 0.53,
					"faces": {
						"north": { "texture": "#metal", "uv": [ 0.0, 0.0, 16.0, 0.5 ] },
						"east": { "texture": "#metal", "uv": [ 0.0, 0.0, 0.5, 0.5 ] },
						"south": { "texture": "#metal", "uv": [ 0.0, 0.0, 16.0, 0.5 ] },
						"west": { "texture": "#metal", "uv": [ 0.0, 0.0, 0.5, 0.5 ] },
						"up": { "texture": "#metal", "uv": [ 0.0, 0.0, 16.0, 0.5 ] },
						"down": { "texture": "#metal", "uv": [ 0.0, 0.0, 16.0, 0.5 ] }
					}
				},
				{
					"name": "Taper4",
					"from": [ 36.9, -0.2, -0.12 ],
					"to": [ 37.12, 0.2, 0.1 ],
					"rotationOrigin": [ 37.0, 0.0, 0.0 ],
					"rotationY": -45.0,
					"faces": {
						"north": { "texture": "#metal", "uv": [ 0.0, 0.0, 0.5, 0.5 ] },
						"east": { "texture": "#metal", "uv": [ 0.0, 0.0, 0.5, 0.5 ] },
						"south": { "texture": "#metal", "uv": [ 0.0, 0.0, 0.5, 0.5 ] },
						"west": { "texture": "#metal", "uv": [ 0.0, 0.0, 0.5, 0.5 ] },
						"up": { "texture": "#metal", "uv": [ 0.0, 0.0, 0.5, 0.5 ] },
						"down": { "texture": "#metal", "uv": [ 0.0, 0.0, 0.5, 0.5 ] }
					}
				},
				{
					"name": "band",
					"from": [ -0.5, -0.6, -0.85 ],
					"to": [ 0.2, 0.6, 0.85 ],
					"faces": {
						"north": { "texture": "#metal", "uv": [ 11.5, 4.0, 12.0, 5.0 ] },
						"east": { "texture": "#metal", "uv": [ 7.0, 7.5, 8.5, 8.5 ] },
						"south": { "texture": "#metal", "uv": [ 7.0, 8.5, 7.5, 9.5 ] },
						"west": { "texture": "#metal", "uv": [ 0.5, 4.5, 2.0, 5.5 ] },
						"up": { "texture": "#metal", "uv": [ 2.0, 5.5, 2.5, 7.0 ] },
						"down": { "texture": "#metal", "uv": [ 7.0, 6.5, 7.5, 8.0 ] }
					}
				},
				{
					"name": "handle1",
					"from": [ -0.2, -0.5, -0.75 ],
					"to": [ 4.4, 0.5, 0.15 ],
					"rotationOrigin": [ 0.0, -0.5, -0.75 ],
					"rotationY": -1.0,
					"faces": {
						"north": { "texture": "#handle", "uv": [ 0.0, 0.0, 4.5, 1.0 ] },
						"east": { "texture": "#handle", "uv": [ 0.0, 0.0, 0.5, 1.0 ] },
						"south": { "texture": "#handle", "uv": [ 0.0, 0.0, 4.5, 1.0 ] },
						"west": { "texture": "#handle", "uv": [ 0.0, 0.0, 0.5, 1.0 ] },
						"up": { "texture": "#handle", "uv": [ 0.0, 0.0, 4.5, 0.5 ] },
						"down": { "texture": "#handle", "uv": [ 0.0, 0.0, 4.5, 0.5 ] }
					}
				},
				{
					"name": "handle2",
					"from": [ -0.2, -0.5, -0.15 ],
					"to": [ 4.4, 0.5, 0.75 ],
					"rotationOrigin": [ 0.0, -0.5, 0.25 ],
					"rotationY": 1.0,
					"faces": {
						"north": { "texture": "#handle", "uv": [ 0.0, 0.0, 4.5, 1.0 ] },
						"east": { "texture": "#handle", "uv": [ 0.0, 0.0, 0.5, 1.0 ] },
						"south": { "texture": "#handle", "uv": [ 0.0, 0.0, 4.5, 1.0 ] },
						"west": { "texture": "#handle", "uv": [ 0.0, 0.0, 0.5, 1.0 ] },
						"up": { "texture": "#handle", "uv": [ 0.0, 0.0, 4.5, 0.5 ] },
						"down": { "texture": "#handle", "uv": [ 0.0, 0.0, 4.5, 0.5 ] }
					}
				},
				{
					"name": "handle4",
					"from": [ -5.0, -0.5, -0.4 ],
					"to": [ 0.0, 0.5, 0.5 ],
					"rotationOrigin": [ -5.0, -0.5, 0.25 ],
					"rotationY": -3.0,
					"faces": {
						"north": { "texture": "#handle", "uv": [ 0.0, 0.0, 5.0, 1.0 ] },
						"east": { "texture": "#handle", "uv": [ 0.0, 0.0, 0.5, 1.0 ] },
						"south": { "texture": "#handle", "uv": [ 0.0, 0.0, 5.0, 1.0 ] },
						"west": { "texture": "#handle", "uv": [ 0.0, 0.0, 0.5, 1.0 ] },
						"up": { "texture": "#handle", "uv": [ 0.0, 0.0, 5.0, 0.5 ] },
						"down": { "texture": "#handle", "uv": [ 0.0, 0.0, 5.0, 0.5 ] }
					}
				},
				{
					"name": "handle3",
					"from": [ -5.0, -0.5, -0.5 ],
					"to": [ 0.0, 0.5, 0.4 ],
					"rotationOrigin": [ -5.0, -0.5, -0.75 ],
					"rotationY": 3.0,
					"faces": {
						"north": { "texture": "#handle", "uv": [ 0.0, 0.0, 5.0, 1.0 ] },
						"east": { "texture": "#handle", "uv": [ 0.0, 0.0, 0.5, 1.0 ] },
						"south": { "texture": "#handle", "uv": [ 0.0, 0.0, 5.0, 1.0 ] },
						"west": { "texture": "#handle", "uv": [ 0.0, 0.0, 0.5, 1.0 ] },
						"up": { "texture": "#handle", "uv": [ 0.0, 0.0, 5.0, 0.5 ] },
						"down": { "texture": "#handle", "uv": [ 0.0, 0.0, 5.0, 0.5 ] }
					}
				},
				{
					"name": "crossguard",
					"from": [ 4.17, -0.45, -5.45 ],
					"to": [ 4.97, 0.35, -1.45 ],
					"rotationOrigin": [ 4.6, 0.0, -1.0 ],
					"rotationY": -5.0,
					"rotationZ": -45.0,
					"faces": {
						"east": { "texture": "#metal", "uv": [ 0.5, 4.5, 4.5, 5.0 ] },
						"west": { "texture": "#metal", "uv": [ 3.0, 11.0, 7.0, 11.5 ] },
						"up": { "texture": "#metal", "uv": [ 2.0, 3.5, 2.5, 7.5 ] },
						"down": { "texture": "#metal", "uv": [ 1.5, 1.0, 2.0, 5.0 ] }
					},
					"children": [
						{
							"name": "hiltcap1",
							"from": [ -0.1, -0.1, -0.1 ],
							"to": [ 0.9, 0.9, 0.9 ],
							"rotationOrigin": [ 0.4, 0.4, 1.0 ],
							"faces": {
								"north": { "texture": "#metal", "uv": [ 13.0, 11.5, 14.0, 12.5 ] },
								"east": { "texture": "#metal", "uv": [ 13.0, 6.0, 14.0, 7.0 ] },
								"south": { "texture": "#metal", "uv": [ 8.5, 3.5, 9.5, 4.5 ] },
								"west": { "texture": "#metal", "uv": [ 1.5, 12.5, 2.5, 13.5 ] },
								"up": { "texture": "#metal", "uv": [ 0.5, 1.5, 1.5, 2.5 ] },
								"down": { "texture": "#metal", "uv": [ 13.5, 3.5, 14.5, 4.5 ] }
							}
						}
					]
				},
				{
					"name": "blade1S",
					"from": [ 5.1, -0.1, 0.15 ],
					"to": [ 15.1, 0.1, 1.15 ],
					"rotationOrigin": [ 5.2, 0.0, 0.75 ],
					"rotationY": 0.5,
					"faces": {
						"east": { "texture": "#metal", "uv": [ 7.0, 0.0, 8.0, 0.5 ] },
						"south": { "texture": "#metal", "uv": [ 0.0, 11.0, 10.0, 11.5 ] },
						"up": { "texture": "#metal", "uv": [ 0.0, 3.0, 10.0, 4.0 ] },
						"down": { "texture": "#metal", "uv": [ 0.0, 6.0, 10.0, 7.0 ] }
					},
					"children": [
						{
							"name": "blade2S",
							"from": [ 10.0, 0.01, 0.2 ],
							"to": [ 25.0, 0.21, 1.0 ],
							"rotationOrigin": [ 10.0, 0.1, 1.0 ],
							"rotationY": 1.0,
							"faces": {
								"north": { "texture": "#metal", "uv": [ 0.0, 4.0, 15.0, 4.5 ] },
								"east": { "texture": "#metal", "uv": [ 10.0, 12.5, 10.5, 13.0 ] },
								"south": { "texture": "#metal", "uv": [ 0.0, 14.5, 15.0, 15.0 ] },
								"up": { "texture": "#metal", "uv": [ 0.0, 3.0, 15.0, 3.5 ] },
								"down": { "texture": "#metal", "uv": [ 0.0, 13.0, 15.0, 13.5 ] }
							},
							"children": [
								{
									"name": "blade3S",
									"from": [ 15.0, 0.01, 0.1 ],
									"to": [ 22.0, 0.21, 0.8 ],
									"rotationOrigin": [ 15.0, 0.1, 0.8 ],
									"rotationY": 1.0,
									"faces": {
										"north": { "texture": "#metal", "uv": [ 1.0, 13.5, 8.0, 14.0 ] },
										"east": { "texture": "#metal", "uv": [ 13.5, 9.5, 14.0, 10.0 ] },
										"south": { "texture": "#metal", "uv": [ 5.5, 4.5, 12.5, 5.0 ] },
										"west": { "texture": "#metal", "uv": [ 11.0, 3.0, 11.5, 3.5 ] },
										"up": { "texture": "#metal", "uv": [ 1.0, 5.5, 8.0, 6.0 ] },
										"down": { "texture": "#metal", "uv": [ 2.0, 15.0, 9.0, 15.5 ] }
									}
								}
							]
						}
					]
				},
				{
					"name": "blade1N",
					"from": [ 5.1, -0.1, -1.15 ],
					"to": [ 15.1, 0.1, -0.15 ],
					"rotationOrigin": [ 5.2, 0.0, -0.75 ],
					"rotationY": -0.5,
					"faces": {
						"north": { "texture": "#metal", "uv": [ 0.0, 4.0, 10.0, 4.5 ] },
						"east": { "texture": "#metal", "uv": [ 5.0, 0.0, 6.0, 0.5 ] },
						"up": { "texture": "#metal", "uv": [ 0.0, 5.0, 10.0, 6.0 ] },
						"down": { "texture": "#metal", "uv": [ 0.0, 0.0, 10.0, 1.0 ] }
					},
					"children": [
						{
							"name": "blade2N",
							"from": [ 10.0, 0.01, 0.0 ],
							"to": [ 25.0, 0.21, 0.8 ],
							"rotationOrigin": [ 10.0, 0.1, 0.0 ],
							"rotationY": -1.0,
							"faces": {
								"north": { "texture": "#metal", "uv": [ 0.0, 14.5, 15.0, 15.0 ] },
								"east": { "texture": "#metal", "uv": [ 10.0, 7.5, 10.5, 8.0 ] },
								"south": { "texture": "#metal", "uv": [ 0.0, 6.0, 15.0, 6.5 ] },
								"up": { "texture": "#metal", "uv": [ 0.0, 12.5, 15.0, 13.0 ] },
								"down": { "texture": "#metal", "uv": [ 0.0, 8.0, 15.0, 8.5 ] }
							},
							"children": [
								{
									"name": "blade3N",
									"from": [ 15.0, 0.01, 0.0 ],
									"to": [ 22.0, 0.21, 0.7 ],
									"rotationOrigin": [ 15.0, 0.1, 0.0 ],
									"rotationY": -1.0,
									"faces": {
										"north": { "texture": "#metal", "uv": [ 6.5, 13.0, 13.5, 13.5 ] },
										"east": { "texture": "#metal", "uv": [ 9.0, 8.0, 9.5, 8.5 ] },
										"south": { "texture": "#metal", "uv": [ 6.5, 4.5, 13.5, 5.0 ] },
										"west": { "texture": "#metal", "uv": [ 6.0, 7.0, 6.5, 7.5 ] },
										"up": { "texture": "#metal", "uv": [ 5.0, 12.5, 12.0, 13.0 ] },
										"down": { "texture": "#metal", "uv": [ 4.0, 14.5, 11.0, 15.0 ] }
									}
								}
							]
						}
					]
				},
				{
					"name": "pommel1",
					"from": [ -5.95, -1.0, 0.05 ],
					"to": [ -4.95, 1.0, 1.05 ],
					"rotationOrigin": [ -6.0, -1.0, 0.0 ],
					"rotationY": 45.0,
					"faces": {
						"north": { "texture": "#metal", "uv": [ 0.0, 0.0, 1.0, 2.0 ] },
						"east": { "texture": "#metal", "uv": [ 0.0, 0.0, 1.0, 2.0 ] },
						"south": { "texture": "#metal", "uv": [ 0.0, 0.0, 1.0, 2.0 ] },
						"west": { "texture": "#metal", "uv": [ 0.0, 0.0, 1.0, 2.0 ] },
						"up": { "texture": "#metal", "uv": [ 0.0, 0.0, 1.0, 1.0 ] },
						"down": { "texture": "#metal", "uv": [ 0.0, 0.0, 1.0, 1.0 ] }
					},
					"children": [
						{
							"name": "pommel2",
							"from": [ -0.3837, 0.25, -0.3867 ],
							"to": [ 1.4163, 1.75, 1.4133 ],
							"rotationOrigin": [ 0.5157, 3.0, 0.5157 ],
							"rotationY": -89.98,
							"faces": {
								"north": { "texture": "#metal", "uv": [ 4.0, 1.0, 5.5, 2.5 ] },
								"east": { "texture": "#metal", "uv": [ 3.5, 11.5, 5.0, 13.0 ] },
								"south": { "texture": "#metal", "uv": [ 5.0, 7.0, 6.5, 8.5 ] },
								"west": { "texture": "#metal", "uv": [ 1.0, 11.0, 2.5, 12.5 ] },
								"up": { "texture": "#metal", "uv": [ 0.5, 1.5, 2.0, 3.0 ] },
								"down": { "texture": "#metal", "uv": [ 2.5, 6.5, 4.0, 8.0 ] }
							}
						}
					]
				},
				{
					"name": "band2",
					"from": [ 3.86, -0.6, -0.85 ],
					"to": [ 4.66, 0.6, 0.85 ],
					"rotationOrigin": [ 4.0, 0.0, 0.0 ],
					"faces": {
						"north": { "texture": "#metal", "uv": [ 11.5, 4.0, 12.0, 5.0 ] },
						"east": { "texture": "#metal", "uv": [ 7.0, 7.5, 8.5, 8.5 ] },
						"south": { "texture": "#metal", "uv": [ 7.0, 8.5, 7.5, 9.5 ] },
						"west": { "texture": "#metal", "uv": [ 0.5, 4.5, 2.0, 5.5 ] },
						"up": { "texture": "#metal", "uv": [ 2.0, 5.5, 2.5, 7.0 ] },
						"down": { "texture": "#metal", "uv": [ 7.0, 6.5, 7.5, 8.0 ] }
					}
				},
				{
					"name": "crossguard2",
					"from": [ 4.46, -0.14, 1.45 ],
					"to": [ 5.26, 0.66, 5.45 ],
					"rotationOrigin": [ 4.6, 0.0, 6.0 ],
					"rotationY": 5.0,
					"rotationZ": -45.0,
					"faces": {
						"east": { "texture": "#metal", "uv": [ 0.5, 4.5, 4.5, 5.0 ] },
						"west": { "texture": "#metal", "uv": [ 3.0, 11.0, 7.0, 11.5 ] },
						"up": { "texture": "#metal", "uv": [ 2.0, 3.5, 2.5, 7.5 ] },
						"down": { "texture": "#metal", "uv": [ 1.5, 1.0, 2.0, 5.0 ] }
					},
					"children": [
						{
							"name": "hiltcap2",
							"from": [ -0.1, -0.1, 3.1 ],
							"to": [ 0.9, 0.9, 4.1 ],
							"rotationOrigin": [ 0.4, 0.4, 3.0 ],
							"faces": {
								"north": { "texture": "#metal", "uv": [ 9.0, 9.5, 10.0, 10.5 ] },
								"east": { "texture": "#metal", "uv": [ 8.0, 5.0, 9.0, 6.0 ] },
								"south": { "texture": "#metal", "uv": [ 7.5, 12.5, 8.5, 13.5 ] },
								"west": { "texture": "#metal", "uv": [ 13.0, 2.5, 14.0, 3.5 ] },
								"up": { "texture": "#metal", "uv": [ 1.5, 4.0, 2.5, 5.0 ] },
								"down": { "texture": "#metal", "uv": [ 3.0, 11.0, 4.0, 12.0 ] }
							}
						}
					]
				}
			]
		},
		{
			"name": "tip",
			"from": [ 44.7, -0.08, 8.0 ],
			"to": [ 45.24, 0.12, 8.54 ],
			"rotationOrigin": [ 44.7, 0.0, 8.0 ],
			"rotationY": 45.0,
			"faces": {
				"north": { "texture": "#metal", "uv": [ 0.0, 0.0, 0.5, 0.5 ] },
				"east": { "texture": "#metal", "uv": [ 0.0, 0.0, 0.5, 0.5 ] },
				"south": { "texture": "#metal", "uv": [ 0.0, 0.0, 0.5, 0.5 ] },
				"west": { "texture": "#metal", "uv": [ 0.0, 0.0, 0.5, 0.5 ] },
				"up": { "texture": "#metal", "uv": [ 0.0, 0.0, 0.5, 0.5 ] },
				"down": { "texture": "#metal", "uv": [ 0.0, 0.0, 0.5, 0.5 ] }
			}
		}
	]}