{
	"editor": {
		"allAngles": false,
		"entityTextureMode": false
	},
	"textureWidth": 16,
	"textureHeight": 16,
	"textureSizes": {
		"blackbronze": [16,16],
		"iron": [16,16],
		"wood": [16,16],
		"handle": [16,16]
	},
	"textures": {
		"blackbronze": "block/metal/ingot/blackbronze",
		"handle": "game:block/transparent"
	},
	"elements": [
		{
			"name": "origin",
			"from": [ 8.0, 0.0, 8.0 ], 
			"to": [ 8.0, 0.0, 8.0 ], 
			"rotationOrigin": [ 8.0, 0.0, 8.0 ],
			"faces": {
				"north": { "texture": "#null", "uv": [ 7.0, 10.0, 7.5, 10.5 ], "enabled": false },
				"east": { "texture": "#null", "uv": [ 15.0, 6.5, 15.5, 7.0 ], "enabled": false },
				"south": { "texture": "#null", "uv": [ 5.5, 2.5, 6.0, 3.0 ], "enabled": false },
				"west": { "texture": "#null", "uv": [ 4.5, 10.5, 5.0, 11.0 ], "enabled": false },
				"up": { "texture": "#null", "uv": [ 14.0, 0.0, 14.5, 0.5 ], "enabled": false },
				"down": { "texture": "#null", "uv": [ 7.5, 0.0, 8.0, 0.5 ], "enabled": false }
			},
			"children": [
				{
					"name": "handle",
					"from": [ -8.0, -0.75, -0.75 ], 
					"to": [ 8.0, 0.75, 0.75 ], 
					"faces": {
						"north": { "texture": "#handle", "uv": [ 0.0, 10.0, 16.0, 11.5 ] },
						"east": { "texture": "#handle", "uv": [ 10.5, 9.0, 12.0, 10.5 ], "enabled": false },
						"south": { "texture": "#handle", "uv": [ 0.0, 2.5, 16.0, 4.0 ] },
						"west": { "texture": "#handle", "uv": [ 8.0, 5.5, 9.5, 7.0 ] },
						"up": { "texture": "#handle", "uv": [ 0.0, 9.5, 16.0, 11.0 ] },
						"down": { "texture": "#handle", "uv": [ 0.0, 10.5, 16.0, 12.0 ] }
					},
					"children": [
						{
							"name": "socket",
							"from": [ 16.0, -0.2, -0.2 ], 
							"to": [ 17.0, 1.7, 1.7 ], 
							"rotationOrigin": [ 16.0, 0.75, 0.75 ],
							"faces": {
								"north": { "texture": "#blackbronze", "uv": [ 9.5, 11.0, 10.5, 12.5 ] },
								"east": { "texture": "#blackbronze", "uv": [ 11.5, 7.5, 13.0, 9.0 ], "enabled": false },
								"south": { "texture": "#blackbronze", "uv": [ 3.0, 5.5, 4.0, 7.0 ] },
								"west": { "texture": "#blackbronze", "uv": [ 9.0, 5.5, 10.5, 7.0 ] },
								"up": { "texture": "#blackbronze", "uv": [ 13.0, 0.5, 14.0, 2.0 ] },
								"down": { "texture": "#blackbronze", "uv": [ 12.5, 13.0, 13.5, 14.5 ] }
							},
							"children": [
								{
									"name": "head",
									"from": [ 1.0, -0.5, -0.5 ], 
									"to": [ 4.0, 2.5, 2.5 ], 
									"rotationOrigin": [ 2.0, 0.9, 0.9 ],
									"faces": {
										"north": { "texture": "#blackbronze", "uv": [ 12.0, 11.0, 15.0, 14.0 ] },
										"east": { "texture": "#blackbronze", "uv": [ 9.5, 0.5, 12.5, 3.5 ] },
										"south": { "texture": "#blackbronze", "uv": [ 2.0, 10.5, 5.0, 13.5 ] },
										"west": { "texture": "#blackbronze", "uv": [ 2.0, 5.5, 5.0, 8.5 ] },
										"up": { "texture": "#blackbronze", "uv": [ 5.0, 6.5, 8.0, 9.5 ] },
										"down": { "texture": "#blackbronze", "uv": [ 10.5, 9.0, 13.5, 12.0 ] }
									},
									"children": [
										{
											"name": "flange",
											"from": [ 0.1, 0.0, 0.0 ], 
											"to": [ 2.9, 3.0, 3.0 ], 
											"rotationOrigin": [ 0.1, 1.6, 1.6 ],
											"rotationX": -45.0,
											"faces": {
												"north": { "texture": "#blackbronze", "uv": [ 9.0, 12.0, 11.5, 15.0 ] },
												"east": { "texture": "#blackbronze", "uv": [ 6.0, 10.0, 9.0, 13.0 ] },
												"south": { "texture": "#blackbronze", "uv": [ 7.5, 8.5, 10.0, 11.5 ] },
												"west": { "texture": "#blackbronze", "uv": [ 6.5, 9.0, 9.5, 12.0 ] },
												"up": { "texture": "#blackbronze", "uv": [ 13.0, 7.5, 15.5, 10.5 ] },
												"down": { "texture": "#blackbronze", "uv": [ 10.5, 10.0, 13.0, 13.0 ] }
											}
										},
										{
											"name": "flange1",
											"from": [ 0.2, 0.0, 0.0 ], 
											"to": [ 2.8, 3.0, 3.0 ], 
											"rotationOrigin": [ 0.2, 1.6, 1.6 ],
											"rotationX": -22.5,
											"faces": {
												"north": { "texture": "#blackbronze", "uv": [ 9.0, 4.0, 11.5, 7.0 ] },
												"east": { "texture": "#blackbronze", "uv": [ 0.5, 11.0, 3.5, 14.0 ] },
												"south": { "texture": "#blackbronze", "uv": [ 3.5, 3.0, 6.0, 6.0 ] },
												"west": { "texture": "#blackbronze", "uv": [ 6.0, 10.5, 9.0, 13.5 ] },
												"up": { "texture": "#blackbronze", "uv": [ 13.0, 5.0, 15.5, 8.0 ] },
												"down": { "texture": "#blackbronze", "uv": [ 2.5, 10.0, 5.0, 13.0 ] }
											}
										},
										{
											"name": "flange2",
											"from": [ 0.2, 0.0, 0.0 ], 
											"to": [ 2.8, 3.0, 3.0 ], 
											"rotationOrigin": [ 0.2, 1.6, 1.6 ],
											"rotationX": 22.5,
											"faces": {
												"north": { "texture": "#blackbronze", "uv": [ 9.0, 11.5, 11.5, 14.5 ] },
												"east": { "texture": "#blackbronze", "uv": [ 5.5, 1.5, 8.5, 4.5 ] },
												"south": { "texture": "#blackbronze", "uv": [ 9.0, 10.5, 11.5, 13.5 ] },
												"west": { "texture": "#blackbronze", "uv": [ 10.5, 9.5, 13.5, 12.5 ] },
												"up": { "texture": "#blackbronze", "uv": [ 8.5, 9.0, 11.0, 12.0 ] },
												"down": { "texture": "#blackbronze", "uv": [ 1.5, 9.5, 4.0, 12.5 ] }
											}
										},
										{
											"name": "rotator",
											"from": [ 2.3, 1.5, 1.5 ], 
											"to": [ 2.3, 1.5, 1.5 ], 
											"rotationOrigin": [ 2.3, 1.5, 1.5 ],
											"rotationX": -45.0,
											"faces": {
												"north": { "texture": "#blackbronze", "uv": [ 15.0, 2.0, 15.5, 2.5 ], "enabled": false },
												"east": { "texture": "#blackbronze", "uv": [ 0.0, 0.0, 0.5, 0.5 ], "enabled": false },
												"south": { "texture": "#blackbronze", "uv": [ 14.5, 14.5, 15.0, 15.0 ], "enabled": false },
												"west": { "texture": "#blackbronze", "uv": [ 3.5, 6.0, 4.0, 6.5 ], "enabled": false },
												"up": { "texture": "#blackbronze", "uv": [ 7.0, 3.0, 7.5, 3.5 ], "enabled": false },
												"down": { "texture": "#blackbronze", "uv": [ 4.0, 12.0, 4.5, 12.5 ], "enabled": false }
											},
											"children": [
												{
													"name": "flange3",
													"from": [ 0.0, -1.0, -0.7 ], 
													"to": [ 1.4, 1.0, 0.7 ], 
													"rotationOrigin": [ 0.7, 0.0, -0.1 ],
													"rotationY": -45.0,
													"faces": {
														"north": { "texture": "#blackbronze", "uv": [ 9.5, 1.5, 10.5, 3.5 ] },
														"east": { "texture": "#blackbronze", "uv": [ 13.5, 3.5, 14.5, 5.5 ] },
														"south": { "texture": "#blackbronze", "uv": [ 0.5, 11.5, 1.5, 13.5 ], "enabled": false },
														"west": { "texture": "#blackbronze", "uv": [ 1.0, 2.5, 2.0, 4.5 ], "enabled": false },
														"up": { "texture": "#blackbronze", "uv": [ 1.0, 3.5, 2.0, 4.5 ] },
														"down": { "texture": "#blackbronze", "uv": [ 2.5, 5.0, 3.5, 6.0 ] }
													}
												},
												{
													"name": "flange4",
													"from": [ 0.0, -0.7, -1.0 ], 
													"to": [ 1.4, 0.7, 1.0 ], 
													"rotationOrigin": [ 0.7, 0.0, -0.1 ],
													"rotationZ": -45.0,
													"faces": {
														"north": { "texture": "#blackbronze", "uv": [ 12.0, 8.5, 13.0, 9.5 ] },
														"east": { "texture": "#blackbronze", "uv": [ 8.5, 3.0, 10.5, 4.0 ] },
														"south": { "texture": "#blackbronze", "uv": [ 4.5, 14.5, 5.5, 15.5 ] },
														"west": { "texture": "#blackbronze", "uv": [ 2.5, 1.5, 4.5, 2.5 ], "enabled": false },
														"up": { "texture": "#blackbronze", "uv": [ 10.0, 11.0, 11.0, 13.0 ] },
														"down": { "texture": "#blackbronze", "uv": [ 10.0, 13.5, 11.0, 15.5 ], "enabled": false }
													}
												}
											]
										},
										{
											"name": "flange5",
											"from": [ 0.0, 0.1, 0.0 ], 
											"to": [ 3.0, 2.9, 3.0 ], 
											"rotationOrigin": [ 1.5, 1.5, 1.5 ],
											"rotationY": -45.0,
											"faces": {
												"north": { "texture": "#blackbronze", "uv": [ 2.0, 11.5, 5.0, 14.0 ] },
												"east": { "texture": "#blackbronze", "uv": [ 11.0, 9.0, 14.0, 11.5 ] },
												"south": { "texture": "#blackbronze", "uv": [ 2.0, 6.0, 5.0, 8.5 ] },
												"west": { "texture": "#blackbronze", "uv": [ 12.5, 4.0, 15.5, 6.5 ] },
												"up": { "texture": "#blackbronze", "uv": [ 11.5, 10.0, 14.5, 13.0 ] },
												"down": { "texture": "#blackbronze", "uv": [ 2.5, 2.5, 5.5, 5.5 ] }
											}
										},
										{
											"name": "flange6",
											"from": [ 0.0, 0.0, 0.1 ], 
											"to": [ 3.0, 3.0, 2.9 ], 
											"rotationOrigin": [ 1.5, 1.5, 1.5 ],
											"rotationZ": -45.0,
											"faces": {
												"north": { "texture": "#blackbronze", "uv": [ 0.0, 4.5, 3.0, 7.5 ] },
												"east": { "texture": "#blackbronze", "uv": [ 0.0, 4.0, 2.5, 7.0 ] },
												"south": { "texture": "#blackbronze", "uv": [ 8.0, 1.5, 11.0, 4.5 ] },
												"west": { "texture": "#blackbronze", "uv": [ 8.0, 1.5, 10.5, 4.5 ] },
												"up": { "texture": "#blackbronze", "uv": [ 8.5, 6.5, 11.5, 9.0 ] },
												"down": { "texture": "#blackbronze", "uv": [ 0.0, 13.0, 3.0, 15.5 ] }
											}
										}
									]
								}
							]
						},
						{
							"name": "counterweight",
							"from": [ -1.0, -0.2, -0.15 ], 
							"to": [ 1.0, 1.7, 1.75 ], 
							"rotationOrigin": [ -1.0, 0.75, 0.75 ],
							"faces": {
								"north": { "texture": "#handle", "uv": [ 3.5, 0.0, 5.5, 1.5 ] },
								"east": { "texture": "#handle", "uv": [ 2.5, 2.5, 4.0, 4.0 ] },
								"south": { "texture": "#handle", "uv": [ 8.0, 4.5, 10.0, 6.0 ] },
								"west": { "texture": "#handle", "uv": [ 12.0, 6.0, 13.5, 7.5 ] },
								"up": { "texture": "#handle", "uv": [ 3.5, 13.5, 5.5, 15.0 ] },
								"down": { "texture": "#handle", "uv": [ 10.5, 8.0, 12.5, 9.5 ] }
							}
						}
					]
				}
			]
		}
	]}