{
	"editor": {
		"allAngles": false,
		"entityTextureMode": false
	},
	"textureWidth": 16,
	"textureHeight": 16,
	"textureSizes": {
	},
	"textures": {
		"metal": "game:block/metal/plate/blackbronze"
	},
	"elements": [
		{
			"name": "Cube2",
			"from": [ 7.0, 0.0, 0.0 ],
			"to": [ 9.0, 0.8, 15.2 ],
			"rotationOrigin": [ 7.0, 0.0, 0.0 ],
			"faces": {
				"north": { "texture": "#metal", "uv": [ 9.5, 5.0, 11.5, 5.5 ] },
				"east": { "texture": "#metal", "uv": [ 0.0, 4.5, 15.0, 5.0 ] },
				"west": { "texture": "#metal", "uv": [ 0.5, 3.0, 15.5, 3.5 ] },
				"up": { "texture": "#metal", "uv": [ 7.0, 0.0, 9.0, 15.0 ] },
				"down": { "texture": "#metal", "uv": [ 1.0, 0.0, 3.0, 15.0 ] }
			}
		},
		{
			"name": "Cube3",
			"from": [ 7.0, 0.0, 15.2 ],
			"to": [ 9.0, 2.7, 16.0 ],
			"rotationOrigin": [ 7.0, 0.0, 15.2 ],
			"faces": {
				"north": { "texture": "#metal", "uv": [ 12.5, 1.5, 14.5, 4.0 ] },
				"east": { "texture": "#metal", "uv": [ 4.5, 11.0, 5.0, 13.5 ] },
				"south": { "texture": "#metal", "uv": [ 3.0, 9.0, 5.0, 11.5 ] },
				"west": { "texture": "#metal", "uv": [ 10.5, 2.5, 11.0, 5.0 ] },
				"up": { "texture": "#metal", "uv": [ 12.5, 1.0, 14.5, 1.5 ] },
				"down": { "texture": "#metal", "uv": [ 9.5, 13.5, 11.5, 14.0 ] }
			}
		}
	]}