{
	"editor": {
		"collapsedPaths": "Root/Log-N,Root/root straw",
		"allAngles": false,
		"entityTextureMode": false
	},
	"textureWidth": 16,
	"textureHeight": 16,
	"textureSizes": {
	},
	"textures": {
		"metal": "game:block/metal/plate/blackbronze",
		"hay": "game:block/hay/normal-top",
		"singlehay": "game:block/wood/trough/large/singlehay",
		"birch": "game:block/wood/debarked/birch",
		"walnut-h": "game:block/wood/bark/walnut-h"
	},
	"elements": [
		{
			"name": "Log-W",
			"from": [ 1.8, 6.7, 7.5 ],
			"to": [ 11.8, 9.2, 10.0 ],
			"rotationOrigin": [ 6.8, 6.7, 8.5 ],
			"rotationY": 45.0,
			"rotationZ": -45.0,
			"faces": {
				"north": { "texture": "#birch", "uv": [ 3.5, 6.5, 13.5, 9.0 ] },
				"east": { "texture": "#birch", "uv": [ 1.5, 7.0, 4.0, 9.5 ] },
				"south": { "texture": "#walnut-h", "uv": [ 0.5, 8.0, 10.5, 10.5 ] },
				"west": { "texture": "#birch", "uv": [ 13.0, 3.0, 15.5, 5.5 ] },
				"up": { "texture": "#walnut-h", "uv": [ 2.5, 0.0, 12.5, 2.5 ] },
				"down": { "texture": "#birch", "uv": [ 3.5, 7.5, 13.5, 10.0 ], "windMode": [-1,-1,-1,-1] }
			}
		},
		{
			"name": "root straw",
			"from": [ 0.0, 3.3, 0.0 ],
			"to": [ 0.0, 3.3, 0.0 ],
			"rotationOrigin": [ 8.0, 3.3, 8.0 ],
			"rotationY": 25.0,
			"faces": {
			},
			"children": [
				{
					"name": "Ember1",
					"from": [ 7.0, 0.0, 7.0 ],
					"to": [ 9.0, 2.0, 9.0 ],
					"faces": {
						"north": { "texture": "#hay", "uv": [ 6.0, 5.0, 8.0, 7.0 ] },
						"east": { "texture": "#hay", "uv": [ 7.0, 7.0, 9.0, 9.0 ] },
						"south": { "texture": "#hay", "uv": [ 7.0, 4.0, 9.0, 6.0 ] },
						"west": { "texture": "#hay", "uv": [ 6.0, 4.0, 8.0, 6.0 ] },
						"up": { "texture": "#hay", "uv": [ 7.0, 5.0, 9.0, 7.0 ] }
					}
				},
				{
					"name": "Ember2",
					"from": [ 7.0, 0.0, 6.0 ],
					"to": [ 8.0, 1.5, 7.0 ],
					"faces": {
						"north": { "texture": "#hay", "uv": [ 7.0, 4.0, 8.0, 5.5 ] },
						"east": { "texture": "#hay", "uv": [ 6.0, 5.0, 7.0, 6.5 ] },
						"west": { "texture": "#hay", "uv": [ 7.0, 5.0, 8.0, 6.5 ] },
						"up": { "texture": "#hay", "uv": [ 7.0, 5.0, 8.0, 6.0 ] }
					}
				},
				{
					"name": "Ember3",
					"from": [ 9.0, 0.0, 7.5 ],
					"to": [ 10.0, 1.0, 8.5 ],
					"rotationOrigin": [ 0.0, 0.0, -0.5 ],
					"faces": {
						"north": { "texture": "#hay", "uv": [ 8.0, 4.0, 9.0, 5.0 ] },
						"east": { "texture": "#hay", "uv": [ 7.0, 5.0, 8.0, 6.0 ] },
						"south": { "texture": "#hay", "uv": [ 8.0, 4.0, 9.0, 5.0 ] },
						"up": { "texture": "#hay", "uv": [ 6.0, 6.0, 7.0, 7.0 ] }
					}
				},
				{
					"name": "Ember4",
					"from": [ 6.5, 0.0, 6.5 ],
					"to": [ 8.5, 1.0, 9.5 ],
					"rotationOrigin": [ -0.5, 0.0, -2.5 ],
					"faces": {
						"north": { "texture": "#hay", "uv": [ 7.0, 4.0, 9.0, 5.0 ] },
						"east": { "texture": "#hay", "uv": [ 7.0, 4.0, 10.0, 5.0 ] },
						"south": { "texture": "#hay", "uv": [ 8.0, 5.0, 10.0, 6.0 ] },
						"west": { "texture": "#hay", "uv": [ 8.0, 4.0, 11.0, 5.0 ] },
						"up": { "texture": "#hay", "uv": [ 8.0, 5.0, 10.0, 8.0 ] }
					}
				},
				{
					"name": "straw11",
					"from": [ 5.0, 0.0, 8.0 ],
					"to": [ 11.0, 3.5, 8.0 ],
					"shade": false,
					"rotationOrigin": [ 8.0, 0.0, 8.0 ],
					"rotationY": -45.0,
					"faces": {
						"south": { "texture": "#singlehay", "uv": [ 2.5, 8.0, 8.5, 11.5 ] }
					}
				},
				{
					"name": "straw12",
					"from": [ 5.0, 0.0, 8.0 ],
					"to": [ 11.0, 3.5, 8.0 ],
					"shade": false,
					"rotationOrigin": [ 8.0, 0.0, 8.0 ],
					"faces": {
						"south": { "texture": "#singlehay", "uv": [ 6.0, 8.0, 12.0, 11.5 ] }
					}
				},
				{
					"name": "straw13",
					"from": [ 5.0, 0.0, 8.0 ],
					"to": [ 11.0, 3.5, 8.0 ],
					"shade": false,
					"rotationOrigin": [ 8.0, 0.0, 8.0 ],
					"rotationY": 45.0,
					"faces": {
						"south": { "texture": "#singlehay", "uv": [ 1.0, 8.5, 7.0, 12.0 ] }
					}
				},
				{
					"name": "straw14",
					"from": [ 5.0028, 0.0, 7.9993 ],
					"to": [ 11.0028, 3.5, 7.9993 ],
					"shade": false,
					"rotationOrigin": [ 8.0, 0.0, 8.0 ],
					"rotationX": -0.1,
					"rotationY": 90.0,
					"faces": {
						"south": { "texture": "#singlehay", "uv": [ 6.0, 8.5, 12.0, 12.0 ] }
					}
				},
				{
					"name": "Ember14",
					"from": [ 6.0, 0.0, 7.5 ],
					"to": [ 6.5, 1.0, 8.5 ],
					"rotationOrigin": [ -3.0, 0.0, -0.5 ],
					"faces": {
						"north": { "texture": "#hay", "uv": [ 8.0, 4.0, 8.5, 5.0 ] },
						"south": { "texture": "#hay", "uv": [ 8.0, 4.0, 8.5, 5.0 ] },
						"west": { "texture": "#hay", "uv": [ 6.0, 5.0, 7.0, 6.0 ] },
						"up": { "texture": "#hay", "uv": [ 6.0, 6.0, 6.5, 7.0 ] }
					}
				}
			]
		},
		{
			"name": "origin",
			"from": [ 8.0, 0.0, 8.0 ],
			"to": [ 8.0, 0.0, 8.0 ],
			"rotationOrigin": [ 8.0, 0.0, 8.0 ],
			"faces": {
			},
			"children": [
				{
					"name": "ash tray",
					"from": [ -4.0, 3.0, -4.0 ],
					"to": [ 4.0, 3.5, 4.0 ],
					"rotationOrigin": [ 0.0, 3.0, 0.0 ],
					"faces": {
						"north": { "texture": "#metal", "uv": [ 6.0, 8.5, 14.0, 9.0 ] },
						"east": { "texture": "#metal", "uv": [ 4.5, 2.5, 12.5, 3.0 ] },
						"south": { "texture": "#metal", "uv": [ 4.0, 1.5, 12.0, 2.0 ] },
						"west": { "texture": "#metal", "uv": [ 4.5, 6.0, 12.5, 6.5 ] },
						"up": { "texture": "#metal", "uv": [ 7.0, 7.5, 15.0, 15.5 ] },
						"down": { "texture": "#metal", "uv": [ 2.0, 5.0, 10.0, 13.0 ] }
					},
					"children": [
						{
							"name": "NW",
							"from": [ -1.0, -3.0, -1.0 ],
							"to": [ 0.0, 12.0, 1.0 ],
							"rotationOrigin": [ 0.0, -3.0, 0.0 ],
							"rotationY": 135.0,
							"faces": {
								"north": { "texture": "#metal", "uv": [ 0.0, 0.5, 1.0, 15.5 ] },
								"east": { "texture": "#metal", "uv": [ 11.5, 0.5, 13.5, 15.5 ] },
								"south": { "texture": "#metal", "uv": [ 10.0, 0.0, 11.0, 15.0 ] },
								"west": { "texture": "#metal", "uv": [ 0.5, 0.5, 2.5, 15.5 ] },
								"up": { "texture": "#metal", "uv": [ 6.5, 5.0, 7.5, 7.0 ] },
								"down": { "texture": "#metal", "uv": [ 0.0, 3.0, 1.0, 5.0 ] }
							},
							"children": [
								{
									"name": "NW-foot",
									"from": [ 1.0, 0.0, 0.0 ],
									"to": [ 3.0, 0.5, 2.0 ],
									"rotationOrigin": [ 1.0, 0.0, 1.0 ],
									"faces": {
										"north": { "texture": "#metal", "uv": [ 4.0, 12.0, 6.0, 12.5 ] },
										"east": { "texture": "#metal", "uv": [ 7.5, 10.0, 9.5, 10.5 ] },
										"south": { "texture": "#metal", "uv": [ 6.0, 4.0, 8.0, 4.5 ] },
										"up": { "texture": "#metal", "uv": [ 9.0, 2.5, 11.0, 4.5 ] },
										"down": { "texture": "#metal", "uv": [ 2.0, 13.0, 4.0, 15.0 ] }
									}
								}
							]
						},
						{
							"name": "NE",
							"from": [ 7.0, -3.0, -1.0 ],
							"to": [ 8.0, 12.0, 1.0 ],
							"rotationOrigin": [ 8.0, -3.0, 0.0 ],
							"rotationY": 45.0,
							"faces": {
								"north": { "texture": "#metal", "uv": [ 5.0, 0.5, 6.0, 15.5 ] },
								"east": { "texture": "#metal", "uv": [ 0.5, 0.5, 2.5, 15.5 ] },
								"south": { "texture": "#metal", "uv": [ 0.5, 0.0, 1.5, 15.0 ] },
								"west": { "texture": "#metal", "uv": [ 8.0, 0.5, 10.0, 15.5 ] },
								"up": { "texture": "#metal", "uv": [ 1.0, 10.0, 2.0, 12.0 ] },
								"down": { "texture": "#metal", "uv": [ 5.5, 4.5, 6.5, 6.5 ] }
							},
							"children": [
								{
									"name": "NE-foot",
									"from": [ 1.0, 0.0, 0.0 ],
									"to": [ 3.0, 0.5, 2.0 ],
									"rotationOrigin": [ 1.0, 0.0, 1.0 ],
									"faces": {
										"north": { "texture": "#metal", "uv": [ 6.5, 2.0, 8.5, 2.5 ] },
										"east": { "texture": "#metal", "uv": [ 2.0, 9.0, 4.0, 9.5 ] },
										"south": { "texture": "#metal", "uv": [ 1.0, 12.0, 3.0, 12.5 ] },
										"up": { "texture": "#metal", "uv": [ 9.0, 7.5, 11.0, 9.5 ] },
										"down": { "texture": "#metal", "uv": [ 11.0, 12.0, 13.0, 14.0 ] }
									}
								}
							]
						},
						{
							"name": "SE",
							"from": [ 7.0, -3.0, 7.0 ],
							"to": [ 8.0, 12.0, 9.0 ],
							"rotationOrigin": [ 8.0, -3.0, 8.0 ],
							"rotationY": -45.0,
							"faces": {
								"north": { "texture": "#metal", "uv": [ 1.0, 0.0, 2.0, 15.0 ] },
								"east": { "texture": "#metal", "uv": [ 4.0, 0.0, 6.0, 15.0 ] },
								"south": { "texture": "#metal", "uv": [ 8.0, 0.5, 9.0, 15.5 ] },
								"west": { "texture": "#metal", "uv": [ 7.5, 0.5, 9.5, 15.5 ] },
								"up": { "texture": "#metal", "uv": [ 10.0, 4.0, 11.0, 6.0 ] },
								"down": { "texture": "#metal", "uv": [ 1.0, 10.5, 2.0, 12.5 ] }
							},
							"children": [
								{
									"name": "SE-foot",
									"from": [ 1.0, 0.0, 0.0 ],
									"to": [ 3.0, 0.5, 2.0 ],
									"rotationOrigin": [ 1.0, 0.0, 1.0 ],
									"faces": {
										"north": { "texture": "#metal", "uv": [ 12.5, 4.0, 14.5, 4.5 ] },
										"east": { "texture": "#metal", "uv": [ 13.5, 15.0, 15.5, 15.5 ] },
										"south": { "texture": "#metal", "uv": [ 10.5, 4.5, 12.5, 5.0 ] },
										"up": { "texture": "#metal", "uv": [ 1.5, 5.0, 3.5, 7.0 ] },
										"down": { "texture": "#metal", "uv": [ 9.5, 0.5, 11.5, 2.5 ] }
									}
								}
							]
						},
						{
							"name": "SW",
							"from": [ -1.0, -3.0, 7.0 ],
							"to": [ 0.0, 12.0, 9.0 ],
							"rotationOrigin": [ 0.0, -3.0, 8.0 ],
							"rotationY": -135.0,
							"faces": {
								"north": { "texture": "#metal", "uv": [ 4.5, 0.5, 5.5, 15.5 ] },
								"east": { "texture": "#metal", "uv": [ 4.5, 0.0, 6.5, 15.0 ] },
								"south": { "texture": "#metal", "uv": [ 13.5, 0.5, 14.5, 15.5 ] },
								"west": { "texture": "#metal", "uv": [ 2.5, 0.5, 4.5, 15.5 ] },
								"up": { "texture": "#metal", "uv": [ 3.5, 10.5, 4.5, 12.5 ] },
								"down": { "texture": "#metal", "uv": [ 10.5, 6.0, 11.5, 8.0 ] }
							},
							"children": [
								{
									"name": "SW-foot",
									"from": [ 1.0, 0.0, 0.0 ],
									"to": [ 3.0, 0.5, 2.0 ],
									"rotationOrigin": [ 1.0, 0.0, 1.0 ],
									"faces": {
										"north": { "texture": "#metal", "uv": [ 3.5, 2.0, 5.5, 2.5 ] },
										"east": { "texture": "#metal", "uv": [ 1.5, 12.0, 3.5, 12.5 ] },
										"south": { "texture": "#metal", "uv": [ 4.0, 2.0, 6.0, 2.5 ] },
										"up": { "texture": "#metal", "uv": [ 0.5, 13.5, 2.5, 15.5 ] },
										"down": { "texture": "#metal", "uv": [ 11.0, 12.5, 13.0, 14.5 ] }
									}
								}
							]
						},
						{
							"name": "W2",
							"from": [ 7.75, 6.0, 0.0 ],
							"to": [ 8.25, 7.0, 8.0 ],
							"rotationOrigin": [ 7.7, 6.0, 4.0 ],
							"faces": {
								"north": { "texture": "#metal", "uv": [ 11.0, 5.5, 11.5, 6.5 ] },
								"east": { "texture": "#metal", "uv": [ 3.0, 7.0, 11.0, 8.0 ] },
								"south": { "texture": "#metal", "uv": [ 2.5, 7.5, 3.0, 8.5 ] },
								"west": { "texture": "#metal", "uv": [ 4.5, 4.0, 12.5, 5.0 ] },
								"up": { "texture": "#metal", "uv": [ 10.0, 1.5, 10.5, 9.5 ] },
								"down": { "texture": "#metal", "uv": [ 5.0, 1.5, 5.5, 9.5 ] }
							}
						},
						{
							"name": "E2",
							"from": [ -0.25, 6.0, 0.0 ],
							"to": [ 0.25, 7.0, 8.0 ],
							"rotationOrigin": [ -0.3, 6.0, 4.0 ],
							"faces": {
								"north": { "texture": "#metal", "uv": [ 15.0, 1.5, 15.5, 2.5 ] },
								"east": { "texture": "#metal", "uv": [ 6.0, 14.5, 14.0, 15.5 ] },
								"south": { "texture": "#metal", "uv": [ 9.5, 4.0, 10.0, 5.0 ] },
								"west": { "texture": "#metal", "uv": [ 4.5, 5.5, 12.5, 6.5 ] },
								"up": { "texture": "#metal", "uv": [ 6.5, 5.0, 7.0, 13.0 ] },
								"down": { "texture": "#metal", "uv": [ 3.0, 3.0, 3.5, 11.0 ] }
							}
						},
						{
							"name": "S2",
							"from": [ 0.0, 6.0, 7.75 ],
							"to": [ 8.0, 7.0, 8.25 ],
							"rotationOrigin": [ 4.0, 6.0, 7.7 ],
							"faces": {
								"north": { "texture": "#metal", "uv": [ 0.5, 8.0, 8.5, 9.0 ] },
								"east": { "texture": "#metal", "uv": [ 14.0, 11.0, 14.5, 12.0 ] },
								"south": { "texture": "#metal", "uv": [ 6.5, 14.5, 14.5, 15.5 ] },
								"west": { "texture": "#metal", "uv": [ 0.0, 14.5, 0.5, 15.5 ] },
								"up": { "texture": "#metal", "uv": [ 7.0, 14.5, 15.0, 15.0 ] },
								"down": { "texture": "#metal", "uv": [ 7.0, 13.0, 15.0, 13.5 ] }
							}
						},
						{
							"name": "N2",
							"from": [ 0.0, 6.0, -0.25 ],
							"to": [ 8.0, 7.0, 0.25 ],
							"rotationOrigin": [ 4.0, 6.0, -0.3 ],
							"faces": {
								"north": { "texture": "#metal", "uv": [ 5.0, 5.0, 13.0, 6.0 ] },
								"east": { "texture": "#metal", "uv": [ 5.5, 6.0, 6.0, 7.0 ] },
								"south": { "texture": "#metal", "uv": [ 5.5, 7.0, 13.5, 8.0 ] },
								"west": { "texture": "#metal", "uv": [ 6.0, 9.0, 6.5, 10.0 ] },
								"up": { "texture": "#metal", "uv": [ 4.5, 10.5, 12.5, 11.0 ] },
								"down": { "texture": "#metal", "uv": [ 6.0, 5.5, 14.0, 6.0 ] }
							}
						},
						{
							"name": "N1",
							"from": [ 0.0, 1.0, -0.25 ],
							"to": [ 8.0, 2.0, 0.25 ],
							"rotationOrigin": [ 4.0, 1.0, -0.3 ],
							"faces": {
								"north": { "texture": "#metal", "uv": [ 0.0, 7.5, 8.0, 8.5 ] },
								"east": { "texture": "#metal", "uv": [ 15.0, 3.0, 15.5, 4.0 ] },
								"south": { "texture": "#metal", "uv": [ 5.0, 2.5, 13.0, 3.5 ] },
								"west": { "texture": "#metal", "uv": [ 8.0, 13.5, 8.5, 14.5 ] },
								"up": { "texture": "#metal", "uv": [ 2.0, 11.5, 10.0, 12.0 ] },
								"down": { "texture": "#metal", "uv": [ 3.5, 2.5, 11.5, 3.0 ] }
							}
						},
						{
							"name": "N3",
							"from": [ 0.0, 10.0, -0.25 ],
							"to": [ 8.0, 11.0, 0.25 ],
							"rotationOrigin": [ 4.0, 10.0, -0.3 ],
							"faces": {
								"north": { "texture": "#metal", "uv": [ 0.0, 12.5, 8.0, 13.5 ] },
								"east": { "texture": "#metal", "uv": [ 9.0, 4.0, 9.5, 5.0 ] },
								"south": { "texture": "#metal", "uv": [ 1.0, 5.5, 9.0, 6.5 ] },
								"west": { "texture": "#metal", "uv": [ 4.0, 1.0, 4.5, 2.0 ] },
								"up": { "texture": "#metal", "uv": [ 4.5, 10.0, 12.5, 10.5 ] },
								"down": { "texture": "#metal", "uv": [ 5.5, 14.0, 13.5, 14.5 ] }
							}
						},
						{
							"name": "E1",
							"from": [ -0.25, 1.0, 0.0 ],
							"to": [ 0.25, 2.0, 8.0 ],
							"rotationOrigin": [ -0.3, 1.0, 4.0 ],
							"faces": {
								"north": { "texture": "#metal", "uv": [ 14.0, 12.0, 14.5, 13.0 ] },
								"east": { "texture": "#metal", "uv": [ 5.5, 12.5, 13.5, 13.5 ] },
								"south": { "texture": "#metal", "uv": [ 3.0, 3.5, 3.5, 4.5 ] },
								"west": { "texture": "#metal", "uv": [ 4.5, 7.0, 12.5, 8.0 ] },
								"up": { "texture": "#metal", "uv": [ 4.0, 0.5, 4.5, 8.5 ] },
								"down": { "texture": "#metal", "uv": [ 0.0, 3.5, 0.5, 11.5 ] }
							}
						},
						{
							"name": "E3",
							"from": [ -0.25, 10.0, 0.0 ],
							"to": [ 0.25, 11.0, 8.0 ],
							"rotationOrigin": [ -0.3, 10.0, 4.0 ],
							"faces": {
								"north": { "texture": "#metal", "uv": [ 14.0, 3.0, 14.5, 4.0 ] },
								"east": { "texture": "#metal", "uv": [ 2.0, 1.5, 10.0, 2.5 ] },
								"south": { "texture": "#metal", "uv": [ 6.5, 9.0, 7.0, 10.0 ] },
								"west": { "texture": "#metal", "uv": [ 5.5, 11.0, 13.5, 12.0 ] },
								"up": { "texture": "#metal", "uv": [ 11.5, 3.5, 12.0, 11.5 ] },
								"down": { "texture": "#metal", "uv": [ 5.5, 5.0, 6.0, 13.0 ] }
							}
						},
						{
							"name": "S1",
							"from": [ 0.0, 1.0, 7.75 ],
							"to": [ 8.0, 2.0, 8.25 ],
							"rotationOrigin": [ 4.0, 1.0, 7.7 ],
							"faces": {
								"north": { "texture": "#metal", "uv": [ 4.0, 5.0, 12.0, 6.0 ] },
								"east": { "texture": "#metal", "uv": [ 6.0, 8.0, 6.5, 9.0 ] },
								"south": { "texture": "#metal", "uv": [ 7.5, 1.0, 15.5, 2.0 ] },
								"west": { "texture": "#metal", "uv": [ 0.5, 1.0, 1.0, 2.0 ] },
								"up": { "texture": "#metal", "uv": [ 5.0, 1.0, 13.0, 1.5 ] },
								"down": { "texture": "#metal", "uv": [ 5.5, 6.5, 13.5, 7.0 ] }
							}
						},
						{
							"name": "S3",
							"from": [ 0.0, 10.0, 7.75 ],
							"to": [ 8.0, 11.0, 8.25 ],
							"rotationOrigin": [ 4.0, 10.0, 7.7 ],
							"faces": {
								"north": { "texture": "#metal", "uv": [ 6.0, 14.5, 14.0, 15.5 ] },
								"east": { "texture": "#metal", "uv": [ 10.0, 13.0, 10.5, 14.0 ] },
								"south": { "texture": "#metal", "uv": [ 1.5, 5.5, 9.5, 6.5 ] },
								"west": { "texture": "#metal", "uv": [ 5.0, 14.5, 5.5, 15.5 ] },
								"up": { "texture": "#metal", "uv": [ 6.0, 7.5, 14.0, 8.0 ] },
								"down": { "texture": "#metal", "uv": [ 0.0, 10.0, 8.0, 10.5 ] }
							}
						},
						{
							"name": "W1",
							"from": [ 7.75, 1.0, 0.0 ],
							"to": [ 8.25, 2.0, 8.0 ],
							"rotationOrigin": [ 7.7, 1.0, 4.0 ],
							"faces": {
								"north": { "texture": "#metal", "uv": [ 4.5, 12.0, 5.0, 13.0 ] },
								"east": { "texture": "#metal", "uv": [ 1.0, 2.0, 9.0, 3.0 ] },
								"south": { "texture": "#metal", "uv": [ 5.0, 4.5, 5.5, 5.5 ] },
								"west": { "texture": "#metal", "uv": [ 0.0, 13.5, 8.0, 14.5 ] },
								"up": { "texture": "#metal", "uv": [ 10.5, 6.5, 11.0, 14.5 ] },
								"down": { "texture": "#metal", "uv": [ 14.0, 7.5, 14.5, 15.5 ] }
							}
						},
						{
							"name": "W3",
							"from": [ 7.75, 10.0, 0.0 ],
							"to": [ 8.25, 11.0, 8.0 ],
							"rotationOrigin": [ 7.7, 10.0, 4.0 ],
							"faces": {
								"north": { "texture": "#metal", "uv": [ 3.5, 5.0, 4.0, 6.0 ] },
								"east": { "texture": "#metal", "uv": [ 0.0, 10.5, 8.0, 11.5 ] },
								"south": { "texture": "#metal", "uv": [ 6.5, 10.5, 7.0, 11.5 ] },
								"west": { "texture": "#metal", "uv": [ 4.0, 3.0, 12.0, 4.0 ] },
								"up": { "texture": "#metal", "uv": [ 15.0, 1.5, 15.5, 9.5 ] },
								"down": { "texture": "#metal", "uv": [ 15.0, 6.5, 15.5, 14.5 ] }
							}
						},
						{
							"name": "N4",
							"from": [ 3.5, -1.0, -0.5 ],
							"to": [ 4.5, 13.0, 0.0 ],
							"rotationOrigin": [ 4.0, 0.0, -0.5 ],
							"faces": {
								"north": { "texture": "#metal", "uv": [ 9.5, 0.0, 10.5, 14.0 ] },
								"east": { "texture": "#metal", "uv": [ 7.0, 0.5, 7.5, 14.5 ] },
								"south": { "texture": "#metal", "uv": [ 1.5, 1.5, 2.5, 15.5 ] },
								"west": { "texture": "#metal", "uv": [ 5.0, 0.5, 5.5, 14.5 ] },
								"up": { "texture": "#metal", "uv": [ 11.5, 3.5, 12.5, 4.0 ] },
								"down": { "texture": "#metal", "uv": [ 10.5, 14.0, 11.5, 14.5 ] }
							}
						},
						{
							"name": "S4",
							"from": [ 3.5, -1.0, 8.0 ],
							"to": [ 4.5, 13.0, 8.5 ],
							"rotationOrigin": [ 4.0, 0.0, 8.0 ],
							"faces": {
								"north": { "texture": "#metal", "uv": [ 1.5, 1.5, 2.5, 15.5 ] },
								"east": { "texture": "#metal", "uv": [ 0.0, 1.0, 0.5, 15.0 ] },
								"south": { "texture": "#metal", "uv": [ 4.5, 0.0, 5.5, 14.0 ] },
								"west": { "texture": "#metal", "uv": [ 3.5, 0.5, 4.0, 14.5 ] },
								"up": { "texture": "#metal", "uv": [ 7.5, 13.5, 8.5, 14.0 ] },
								"down": { "texture": "#metal", "uv": [ 2.0, 4.5, 3.0, 5.0 ] }
							}
						},
						{
							"name": "E4",
							"from": [ -0.5, -1.0, 3.5 ],
							"to": [ 0.0, 13.0, 4.5 ],
							"rotationOrigin": [ -0.5, -1.0, 4.0 ],
							"faces": {
								"north": { "texture": "#metal", "uv": [ 1.5, 1.5, 2.0, 15.5 ] },
								"east": { "texture": "#metal", "uv": [ 6.0, 0.5, 7.0, 14.5 ] },
								"south": { "texture": "#metal", "uv": [ 3.5, 0.5, 4.0, 14.5 ] },
								"west": { "texture": "#metal", "uv": [ 0.0, 1.0, 1.0, 15.0 ] },
								"up": { "texture": "#metal", "uv": [ 1.5, 5.0, 2.0, 6.0 ] },
								"down": { "texture": "#metal", "uv": [ 7.5, 4.5, 8.0, 5.5 ] }
							}
						},
						{
							"name": "W4",
							"from": [ 8.0, -1.0, 3.5 ],
							"to": [ 8.5, 13.0, 4.5 ],
							"rotationOrigin": [ 8.0, -1.0, 4.0 ],
							"faces": {
								"north": { "texture": "#metal", "uv": [ 12.5, 0.0, 13.0, 14.0 ] },
								"east": { "texture": "#metal", "uv": [ 0.0, 0.5, 1.0, 14.5 ] },
								"south": { "texture": "#metal", "uv": [ 5.0, 0.5, 5.5, 14.5 ] },
								"west": { "texture": "#metal", "uv": [ 3.5, 0.0, 4.5, 14.0 ] },
								"up": { "texture": "#metal", "uv": [ 14.0, 7.0, 14.5, 8.0 ] },
								"down": { "texture": "#metal", "uv": [ 0.0, 14.5, 0.5, 15.5 ] }
							}
						}
					]
				}
			]
		}
	]}