﻿[
	{
		"op": "add",
		"path": "/server/behaviors/6/quantitySlots",
		"value": 8,
		"file": "game:entities/land/gazelle",
		"side": "Server"
	},
	{
		"op": "add",
		"path": "/server/behaviors/6/drops/-",
		"value": {
			type: "item",
			code: "ancienttools:brain",
			quantityByType: {
				"*-calf": { avg: 0.0, var: 0 },
				"*-male": { avg: 0.25, var: 0 },
				"*-female": { avg: 0.25, var: 0 },
			}
		},
		"file": "game:entities/land/gazelle",
		"side": "Server"
	},
	{
		"op": "add",
		"path": "/client/behaviors/4/quantitySlots",
		"value": 8,
		"file": "game:entities/land/gazelle",
		"side": "Server"
	},
]