{
	"editor": {
		"collapsedPaths": "Root/Origin/Origin2,Root/Origin/viewblocker",
		"allAngles": false,
		"entityTextureMode": false
	},
	"elements": [
		{
			"name": "Glass",
			"from": [ 0.0, 0.0, 4.6 ],
			"to": [ 16.0, 16.0, 4.7 ],
			"renderPass": 3,
			"rotationOrigin": [ 0.0, 0.0, 20.4 ],
			"faces": {
				"north": { "texture": "#glass", "uv": [ 0.0, 0.0, 16.0, 16.0 ] },
				"south": { "texture": "#glass", "uv": [ 0.0, 0.0, 16.0, 16.0 ] }
			}
		},
		{
			"name": "Frame",
			"from": [ 0.1, 0.0, 4.1 ],
			"to": [ 0.1, 0.0, 4.1 ],
			"rotationOrigin": [ 0.1, 0.0, 19.9 ],
			"faces": {
			},
			"children": [
				{
					"name": "FrameA",
					"from": [ -0.1, 0.0, 0.0 ],
					"to": [ 0.7, 16.0, 1.2 ],
					"rotationOrigin": [ -0.1, 0.0, 0.0 ],
					"faces": {
						"north": { "texture": "#frame", "uv": [ 0.0, 6.5, 16.0, 7.0 ], "rotation": 90 },
						"east": { "texture": "#frame", "uv": [ 0.0, 0.0, 16.0, 1.0 ], "rotation": 90, "windMode": [-1,-1,-1,-1] },
						"south": { "texture": "#frame", "uv": [ 0.0, 7.0, 16.0, 7.5 ], "rotation": 90, "windMode": [-1,-1,-1,-1] },
						"west": { "texture": "#frame", "uv": [ 0.0, 1.0, 16.0, 2.0 ], "rotation": 90, "windMode": [-1,-1,-1,-1] }
					}
				},
				{
					"name": "FrameB",
					"from": [ 0.7, 15.0, 0.0 ],
					"to": [ 15.2, 16.0, 1.2 ],
					"rotationOrigin": [ 0.7, 0.0, 0.0 ],
					"faces": {
						"north": { "texture": "#frame", "uv": [ 0.0, 0.0, 14.5, 1.0 ] },
						"south": { "texture": "#frame", "uv": [ 0.0, 0.0, 14.5, 1.0 ] },
						"down": { "texture": "#frame", "uv": [ 0.0, 0.0, 14.5, 1.0 ], "windMode": [-1,-1,-1,-1] }
					}
				},
				{
					"name": "FrameC",
					"from": [ 15.9, 0.0, 1.2 ],
					"to": [ 16.7, 16.0, 2.4 ],
					"rotationOrigin": [ 15.9, 0.0, 1.2 ],
					"rotationX": -180.0,
					"rotationZ": -180.0,
					"faces": {
						"north": { "texture": "#frame", "uv": [ 0.0, 0.0, 16.0, 0.5 ], "rotation": 90, "windMode": [-1,-1,-1,-1] },
						"east": { "texture": "#frame", "uv": [ 0.0, 0.0, 16.0, 1.0 ], "rotation": 90, "windMode": [-1,-1,-1,-1] },
						"south": { "texture": "#frame", "uv": [ 0.0, 0.0, 16.0, 0.5 ], "rotation": 90, "windMode": [-1,-1,-1,-1] },
						"west": { "texture": "#frame", "uv": [ 0.0, 0.0, 16.0, 1.0 ], "rotation": 90, "windMode": [-1,-1,-1,-1] }
					}
				}
			]
		}
	]}