[
  {
    "op": "add",
    "path": "/crushingPropsByType",
    "value": {
      "ingot-copper": {
        "crushedStack": {
          "type": "item",
          "code": "em:crushed-metal-copper",
          "stacksize": 20
        },
        "hardnessTier": 2
      },
      "ingot-cupronickel": {
        "crushedStack": {
          "type": "item",
          "code": "em:crushed-ore-cupronickel",
          "stacksize": 20
        },
        "hardnessTier": 2
      },
      "ingot-gold": {
        "crushedStack": {
          "type": "item",
          "code": "em:crushed-metal-gold",
          "stacksize": 20
        },
        "hardnessTier": 1
      },
      "ingot-electrum": {
        "crushedStack": {
          "type": "item",
          "code": "em:crushed-ore-electrum",
          "stacksize": 20
        },
        "hardnessTier": 1
      },
      "ingot-lead": {
        "crushedStack": {
          "type": "item",
          "code": "em:crushed-metal-lead",
          "stacksize": 20
        },
        "hardnessTier": 1
      },
      "ingot-nickel": {
        "crushedStack": {
          "type": "item",
          "code": "em:crushed-metal-nickel",
          "stacksize": 20
        },
        "hardnessTier": 3
      },
      "ingot-silver": {
        "crushedStack": {
          "type": "item",
          "code": "em:crushed-metal-silver",
          "stacksize": 20
        },
        "hardnessTier": 1
      },
      "ingot-tin": {
        "crushedStack": {
          "type": "item",
          "code": "em:crushed-metal-tin",
          "stacksize": 20
        },
        "hardnessTier": 1
      },
      "ingot-titanium": {
        "crushedStack": {
          "type": "item",
          "code": "em:crushed-metal-titanium",
          "stacksize": 20
        },
        "hardnessTier": 4
      },
      "ingot-uranium": {
        "crushedStack": {
          "type": "item",
          "code": "em:crushed-metal-uranium",
          "stacksize": 20
        },
        "hardnessTier": 4
      },
      "ingot-zinc": {
        "crushedStack": {
          "type": "item",
          "code": "em:crushed-metal-zinc",
          "stacksize": 20
        },
        "hardnessTier": 1
      }
    },
    "file": "game:itemtypes/resource/ingot.json",
    "side": "Server"
  },
  {
    "op": "remove",
    "path": "/attributes/handbook/excludeByType/*-uranium",
    "file": "game:itemtypes/resource/ingot.json",
    "side": "Server"
  },
  {
    "op": "remove",
    "path": "/attributes/handbook/excludeByType/*-chromium",
    "file": "game:itemtypes/resource/ingot.json",
    "side": "Server"
  }
]
