﻿[
 {
    "file": "expandedfoods:itemtypes/food/breadcrumbs.json",
    op: "add", 
    path: "/skipVariants",
    value: [ "breadcrumbs-birch", "breadcrumbs-pine", "breadcrumbs-maple"],
    side: "server",
    dependsOn: [{ "modid": "ancienttools", "invert": true }]
 },
 {
    "file": "expandedfoods:recipes/grid/ancienttools/breadcrumbs.json",
    op: "add", 
    path: "/0/enabled",
    value: false,
    side: "server",
    dependsOn: [{ "modid": "ancienttools", "invert": true }]
 },
 {
    "file": "expandedfoods:recipes/grid/ancienttools/breadcrumbs.json",
    op: "add", 
    path: "/1/enabled",
    value: false,
    side: "server",
    dependsOn: [{ "modid": "ancienttools", "invert": true }]
 },
 {
    "file": "expandedfoods:recipes/grid/ancienttools/breadcrumbs.json",
    op: "add", 
    path: "/2/enabled",
    value: false,
    side: "server",
    dependsOn: [{ "modid": "ancienttools", "invert": true }]
 },
]