{
  "code": "spellprojectileempoweredrustorb",
  "class": "EntityProjectileSpellEmpoweredRustOrbRM",
  "enabled": true,

  "variantgroups": [
    {
      "code": "type",
      "states": [ "none", "fire", "frost", "electricity", "gravity", "heal", "poison" ]
    }
  ],

  "hitboxSize": {
    "x": 0.75,
    "y": 0.75
  },
  "deadHitboxSize": {
    "x": 0.75,
    "y": 0.75
  },

  "client": {
    "size": 1.0,
    "renderer": "ShapeEntityRendererSpellEmpoweredRustOrbRM",
    "shapeByType": {
      "*": { "base": "dummyshape" }
    },
    "texturesByType": {
      "*": {
        "none": { "base": "default" }
      }
    },
    "behaviors": [
      { "code": "passivephysics" },
      { "code": "interpolateposition" }
    ]
  },
  "server": {
    "behaviors": [
      {
        "code": "passivephysics",
        "groundDragFactor": 1,
        "airDragFallingFactor": 0
      },
      {
        "code": "despawn",
        "minSeconds": 4
      }
    ]
  },
  "sounds": {
  },
  "attributes": {
    "physics": {
      "groundDragFactor": 1,
      "airDragFactor": 0.25
    }
  }
}
