{
	code: "window1bottom",
	behaviors: [
	{name: "HorizontalOrientable", properties: {  dropBlockFace: "east", drop: { type: "block", code: "window1bottom-{color}-east" }}}
	],
	variantgroups: [
		{ code:"color", states: ["blue", "red", "green", "plain"] },
		{ loadFromProperties: "abstract/horizontalorientation" }
	],
	shapeByType: {
		"*-north": { base: "block/glass/small_window_bottom1", rotateY: 0 },
		"*-west": { base: "block/glass/small_window_bottom1", rotateY: 90 },
		"*-south": { base: "block/glass/small_window_bottom1", rotateY: 180 },
		"*-east": { base: "block/glass/small_window_bottom1", rotateY: 270 }
	},
	texturesByType: {
		"*": {
			"frame": { base: "game:block/wood/debarked/veryagedrotten" },
			"glass": { base: "block/glass/window1/window1bottom-{color}"}
			}
	},
	drawtype: "json",
	creativeinventory: { "confession": ["*-east"] },
	blockmaterial: "Glass",
	replaceable: 900,
	lightAbsorption: 0,
	resistance: 0.2,
	sidesolid: {
		all: true
	},
	sideopaque: {
		all: false
	},
	sounds: {
		"place": "game:player/buildhigh",
		"break": "game:block/glass",
		"hit": "game:block/glass"
	},
	collisionselectionboxByType: {
		"*-north":  { x1: 0, y1: 0, z1: 0.65, x2: 1, y2: 1, z2: 0.75, rotateY: 180 },
		"*-west":  { x1: 0, y1: 0, z1: 0.65, x2: 1, y2: 1, z2: 0.75, rotateY: 270 },
		"*-south":  { x1: 0, y1: 0, z1: 0.65, x2: 1, y2: 1, z2: 0.75, rotateY: 0 },
		"*-east":  { x1: 0, y1: 0, z1: 0.65, x2: 1, y2: 1, z2: 0.75, rotateY: 90 }
	},
	groundTransform: {
		origin: { x: 0.5, y: -0.01, z: 0.5 },
	},
	combustibleProps: {
		burnTemperature: 600,
		burnDuration: 10,
	},
	heldTpIdleAnimation: "holdbothhandslarge", heldTpUseAnimation: "twohandplaceblock",
	tpHandTransform: {
		translation: { x: -1.23, y: -0.91, z: -0.8 },
		rotation: { x: -2, y: 25, z: -78 },
		scale: 0.4
	}
	

}