{
	code: "drawknifehead",
	variantgroups: [
		{ code: "metal", states: ["copper", "tinbronze", "bismuthbronze", "blackbronze", "gold", "silver", "iron", "meteoriciron", "steel" ] },
	],
	heldTpUseAnimation: "interactstatic", maxstacksize: 4,
	shapeByType: {
		"*": { "base": "item/tool/drawknifehead" },
	},
	texturesByType: {
		"*": {
			"metal": { base: "game:block/metal/ingot/{metal}" },
		}
	},
	creativeinventory: { "confession": ["*"] },
	fpHandTransform: {
		translation: { x: -0.2, y: -0.1, z: 0.5 },
		rotation: { x: 10, y: 4, z: 84 },
		origin: { x: 0.5, y: 0.4, z: 0.4 },
		scale: 2.38
	},
	guiTransform: {
		translation: { x: 0, y: 0, z: 100 },
		rotation: { x: -52, y: -131, z: -180 },
		origin: { x: 0.73, y: 0.74, z: 0.2 },
		scale: 3.1
	},

	groundTransform: {
		translation: { x: 0, y: -0, z: 0 },
		rotation: { x: 0, y: 0, z: 0 },
		origin: { x: 0.81, y: 0.45, z: 0.42 },
		scale: 3.5
	},
	tpHandTransform: {
		translation: { x: -0.3, y: -0.76, z: -0.5 },
		rotation: { x: 86, y: -50, z: 3 },
		scale: 1
	}
}