﻿[
	{
		"op": "addeach",
		"path": "/attributes/types/-",
		"value": ["wood-douglasfir", "wood-willow", "wood-honeylocust", "wood-bearnut", "wood-blackpoplar", 
			"wood-pyramidalpoplar", "wood-catalpa", "wood-mahogany", "wood-sal", "wood-saxaul", "wood-spruce", "wood-sycamore",
			"wood-elm", "wood-beech", "wood-eucalyptus", "wood-cedar"],
		"file": "ancienttools:itemtypes/spawners/cart",
		"dependsOn": [{ "modid": "wildcrafttrees" }],
		"side": "Server"
	},
	{
		"op": "addeach",
		"path": "/creativeinventoryStacks/0/stacks/-",
		"value": [
			{ type: "item", code: "cart", attributes: { type: "wood-douglasfir" } },
			{ type: "item", code: "cart", attributes: { type: "wood-willow" } },
			{ type: "item", code: "cart", attributes: { type: "wood-honeylocust" } },
			{ type: "item", code: "cart", attributes: { type: "wood-bearnut" } },
			{ type: "item", code: "cart", attributes: { type: "wood-blackpoplar" } },
			{ type: "item", code: "cart", attributes: { type: "wood-pyramidalpoplar" } },
			{ type: "item", code: "cart", attributes: { type: "wood-catalpa" } },
			{ type: "item", code: "cart", attributes: { type: "wood-mahogany" } },
			{ type: "item", code: "cart", attributes: { type: "wood-sal" } },
			{ type: "item", code: "cart", attributes: { type: "wood-saxaul" } },
			{ type: "item", code: "cart", attributes: { type: "wood-spruce" } },
			{ type: "item", code: "cart", attributes: { type: "wood-sycamore" } },
			{ type: "item", code: "cart", attributes: { type: "wood-elm" } },
			{ type: "item", code: "cart", attributes: { type: "wood-beech" } },
			{ type: "item", code: "cart", attributes: { type: "wood-eucalyptus" } },
			{ type: "item", code: "cart", attributes: { type: "wood-cedar" } },
		],
		"file": "ancienttools:itemtypes/spawners/cart",
		"dependsOn": [{ "modid": "wildcrafttrees" }],
		"side": "Server"
	}
]