[
  {
    "op": "replace",
    "path": "/textures/clayworkitem-blue",
    "value": {
      "base": "bricklayers:block/clay/raw/bluegrey",
      "overlays": [ "bricklayers:block/clay/raw/overlay" ]
    },
    "file": "game:blocktypes/clay/clayform.json",
    "side": "Server"
  },
  {
    "op": "add",
    "path": "/textures/clayworkitem-black",
    "value": {
      "base": "bricklayers:block/clay/raw/black",
      "overlays": [ "bricklayers:block/clay/raw/overlay" ]
    },
    "file": "game:blocktypes/clay/clayform.json",
    "side": "Server"
  },
  {
    "op": "add",
    "path": "/textures/clayworkitem-blurple",
    "value": {
      "base": "bricklayers:block/clay/raw/blurple",
      "overlays": [ "bricklayers:block/clay/raw/overlay" ]
    },
    "file": "game:blocktypes/clay/clayform.json",
    "side": "Server"
  },
  {
    "op": "add",
    "path": "/textures/clayworkitem-brown",
    "value": {
      "base": "bricklayers:block/clay/raw/brown",
      "overlays": [ "bricklayers:block/clay/raw/overlay" ]
    },
    "file": "game:blocktypes/clay/clayform.json",
    "side": "Server"
  },
  {
    "op": "add",
    "path": "/textures/clayworkitem-green",
    "value": {
      "base": "bricklayers:block/clay/raw/green",
      "overlays": [ "bricklayers:block/clay/raw/overlay" ]
    },
    "file": "game:blocktypes/clay/clayform.json",
    "side": "Server"
  },
  {
    "op": "add",
    "path": "/textures/clayworkitem-darkgrey",
    "value": {
      "base": "bricklayers:block/clay/raw/darkgrey",
      "overlays": [ "bricklayers:block/clay/raw/overlay" ]
    },
    "file": "game:blocktypes/clay/clayform.json",
    "side": "Server"
  },
  {
    "op": "add",
    "path": "/textures/clayworkitem-light",
    "value": {
      "base": "bricklayers:block/clay/raw/light",
      "overlays": [ "bricklayers:block/clay/raw/overlay" ]
    },
    "file": "game:blocktypes/clay/clayform.json",
    "side": "Server"
  },
  {
    "op": "add",
    "path": "/textures/clayworkitem-malachite",
    "value": {
      "base": "bricklayers:block/clay/raw/malachite",
      "overlays": [ "bricklayers:block/clay/raw/overlay" ]
    },
    "file": "game:blocktypes/clay/clayform.json",
    "side": "Server"
  },
  {
    "op": "add",
    "path": "/textures/clayworkitem-orange",
    "value": {
      "base": "bricklayers:block/clay/raw/orange",
      "overlays": [ "bricklayers:block/clay/raw/overlay" ]
    },
    "file": "game:blocktypes/clay/clayform.json",
    "side": "Server"
  },
  {
    "op": "add",
    "path": "/textures/clayworkitem-pink",
    "value": {
      "base": "bricklayers:block/clay/raw/pink",
      "overlays": [ "bricklayers:block/clay/raw/overlay" ]
    },
    "file": "game:blocktypes/clay/clayform.json",
    "side": "Server"
  },
  {
    "op": "add",
    "path": "/textures/clayworkitem-purple",
    "value": {
      "base": "bricklayers:block/clay/raw/purple",
      "overlays": [ "bricklayers:block/clay/raw/overlay" ]
    },
    "file": "game:blocktypes/clay/clayform.json",
    "side": "Server"
  },
  {
    "op": "add",
    "path": "/textures/clayworkitem-red",
    "value": {
      "base": "bricklayers:block/clay/raw/red",
      "overlays": [ "bricklayers:block/clay/raw/overlay" ]
    },
    "file": "game:blocktypes/clay/clayform.json",
    "side": "Server"
  },
  {
    "op": "add",
    "path": "/textures/clayworkitem-yellow",
    "value": {
      "base": "bricklayers:block/clay/raw/yellow",
      "overlays": [ "bricklayers:block/clay/raw/overlay" ]
    },
    "file": "game:blocktypes/clay/clayform.json",
    "side": "Server"
  },
  {
    "op": "add",
    "path": "/textures/clayworkitem-lavender",
    "value": {
      "base": "bricklayers:block/clay/raw/lavender",
      "overlays": [ "bricklayers:block/clay/raw/overlay" ]
    },
    "file": "game:blocktypes/clay/clayform.json",
    "side": "Server"
  },
  {
    "op": "add",
    "path": "/textures/clayworkitem-paleblue",
    "value": {
      "base": "bricklayers:block/clay/raw/paleblue",
      "overlays": [ "bricklayers:block/clay/raw/overlay" ]
    },
    "file": "game:blocktypes/clay/clayform.json",
    "side": "Server"
  },
  {
    "op": "add",
    "path": "/textures/clayworkitem-palegreen",
    "value": {
      "base": "bricklayers:block/clay/raw/palegreen",
      "overlays": [ "bricklayers:block/clay/raw/overlay" ]
    },
    "file": "game:blocktypes/clay/clayform.json",
    "side": "Server"
  },
  {
    "op": "add",
    "path": "/textures/clayworkitem-palered",
    "value": {
      "base": "bricklayers:block/clay/raw/palered",
      "overlays": [ "bricklayers:block/clay/raw/overlay" ]
    },
    "file": "game:blocktypes/clay/clayform.json",
    "side": "Server"
  },
  {
    "op": "add",
    "path": "/textures/clayworkitem-peach",
    "value": {
      "base": "bricklayers:block/clay/raw/peach",
      "overlays": [ "bricklayers:block/clay/raw/overlay" ]
    },
    "file": "game:blocktypes/clay/clayform.json",
    "side": "Server"
  },
  {
    "op": "add",
    "path": "/textures/clayworkitem-sunflower",
    "value": {
      "base": "bricklayers:block/clay/raw/sunflower",
      "overlays": [ "bricklayers:block/clay/raw/overlay" ]
    },
    "file": "game:blocktypes/clay/clayform.json",
    "side": "Server"
  },
  {
    "op": "add",
    "path": "/textures/clayworkitem-white",
    "value": {
      "base": "bricklayers:block/clay/raw/white",
      "overlays": [ "bricklayers:block/clay/raw/overlay" ]
    },
    "file": "game:blocktypes/clay/clayform.json",
    "side": "Server"
  }
]
