[
  {
    "op": "add",
    "path": "/attributes/handbook/groupBy",
    "value": ["hardenedclay-*"],
    "file": "game:blocktypes/clay/hardenedclay.json",
    "side": "Server"
  },
  {
    "op": "add",
    "path": "/creativeinventory/ceramics",
    "value":  ["*"],
    "file": "game:blocktypes/clay/hardenedclay.json",
    "side": "Server"
  },
  {
    "op": "addeach",
    "path": "/variantgroups/0/states/-",
    "value": [ "black", "blurple", "darkgrey", "green", "light", "malachite", "orange", "pink", "purple", "yellow" ],
    "file": "game:blocktypes/clay/hardenedclay.json",
    "side": "Server"
  },
  {
    "op": "remove",
    "path": "/textures",
    "file": "game:blocktypes/clay/hardenedclay.json",
    "side": "Server"
  },
  {
    "op": "remove",
    "path": "/attributes/handbook/excludeByType",
    "file": "game:blocktypes/clay/hardenedclay.json",
    "side": "Server"
  },
  {
    "op": "add",
    "path": "/texturesByType",
    "value": {
      "*-brown": {
        "all": {
          "base": "game:block/clay/hardened/{type}1",
          "alternates": [
            { "base": "game:block/clay/hardened/{type}2" }
          ]
        }
      },
      "*-blue": {
        "all": {
          "base": "game:block/clay/hardened/{type}1",
          "alternates": [
            { "base": "game:block/clay/hardened/{type}2" }
          ]
        }
      },
      "*-fire": {
        "all": {
          "base": "game:block/clay/hardened/{type}1",
          "alternates": [
            { "base": "game:block/clay/hardened/{type}2" }
          ]
        }
      },
      "*-red": {
        "all": {
          "base": "game:block/clay/hardened/{type}1",
          "alternates": [
            { "base": "game:block/clay/hardened/{type}2" }
          ]
        }
      },
      "*": {
        "all": {
          "base": "bricklayers:block/clay/hardened/{type}*"
        }
      }
    },
    "file": "game:blocktypes/clay/hardenedclay.json",
    "side": "Server"
  }
]
