[
  {
    "op": "add",
    "path": "/attributes/tradeProps/buying/list/-",
    "value": {
	"code": "bricklayers:smallstonebrick-andesite",
	"type": "item",
	    "stacksize": 32,
	    "stock": { "avg": 4, "var": 2 },
	    "price": { "avg": 4, "var": 0.5 }
    },
    "file": "game:entities/humanoid/trader-buildmaterials.json",
    "side": "Server"
  },
  {
    "op": "add",
    "path": "/attributes/tradeProps/buying/list/-",
    "value": {
	"code": "bricklayers:smallstonebrick-basalt",
	"type": "item",
	    "stacksize": 32,
	    "stock": { "avg": 4, "var": 2 },
	    "price": { "avg": 2, "var": 0.5 }
    },
    "file": "game:entities/humanoid/trader-buildmaterials.json",
    "side": "Server"
  },
  {
    "op": "add",
    "path": "/attributes/tradeProps/buying/list/-",
    "value": {
	"code": "bricklayers:smallstonebrick-chert",
	"type": "item",
	    "stacksize": 32,
	    "stock": { "avg": 4, "var": 2 },
	    "price": { "avg": 2, "var": 0.5 }
    },
    "file": "game:entities/humanoid/trader-buildmaterials.json",
    "side": "Server"
  },
  {
    "op": "add",
    "path": "/attributes/tradeProps/buying/list/-",
    "value": {
	"code": "bricklayers:smallstonebrick-chalk",
	"type": "item",
	    "stacksize": 32,
	    "stock": { "avg": 4, "var": 2 },
	    "price": { "avg": 2, "var": 0.5 }
    },
    "file": "game:entities/humanoid/trader-buildmaterials.json",
    "side": "Server"
  },
  {
    "op": "add",
    "path": "/attributes/tradeProps/buying/list/-",
    "value": {
	"code": "bricklayers:smallstonebrick-limestone",
	"type": "item",
	    "stacksize": 20,
	    "stock": { "avg": 4, "var": 2 },
	    "price": { "avg": 2, "var": 0.5 }
    },
    "file": "game:entities/humanoid/trader-buildmaterials.json",
    "side": "Server"
  },
  {
    "op": "add",
    "path": "/attributes/tradeProps/buying/list/-",
    "value": {
	"code": "bricklayers:smallstonebrick-granite",
	"type": "item",
	    "stacksize": 32,
	    "stock": { "avg": 4, "var": 2 },
	    "price": { "avg": 2, "var": 0.5 }
    },
    "file": "game:entities/humanoid/trader-buildmaterials.json",
    "side": "Server"
  },
  {
    "op": "add",
    "path": "/attributes/tradeProps/buying/list/-",
    "value": {
	"code": "bricklayers:smallstonebrick-sandstone",
	"type": "item",
	    "stacksize": 32,
	    "stock": { "avg": 4, "var": 2 },
	    "price": { "avg": 2, "var": 0.5 }
    },
    "file": "game:entities/humanoid/trader-buildmaterials.json",
    "side": "Server"
  },
  {
    "op": "add",
    "path": "/attributes/tradeProps/buying/list/-",
    "value": {
	"code": "bricklayers:smallstonebrick-slate",
	"type": "item",
	    "stacksize": 32,
	    "stock": { "avg": 4, "var": 2 },
	    "price": { "avg": 2, "var": 0.5 }
    },
    "file": "game:entities/humanoid/trader-buildmaterials.json",
    "side": "Server"
  },
  {
    "op": "add",
    "path": "/attributes/tradeProps/buying/list/-",
    "value": {
	"code": "bricklayers:smallstonebrick-kimberlite",
	"type": "item",
	    "stacksize": 24,
	    "stock": { "avg": 4, "var": 2 },
	    "price": { "avg": 3, "var": 0.5 }
    },
    "file": "game:entities/humanoid/trader-buildmaterials.json",
    "side": "Server"
  },
  {
    "op": "add",
    "path": "/attributes/tradeProps/buying/list/-",
    "value": {
	"code": "bricklayers:smallstonebrick-phyllite",
	"type": "item",
	    "stacksize": 24,
	    "stock": { "avg": 6, "var": 2 },
	    "price": { "avg": 3, "var": 0.5 }
    },
    "file": "game:entities/humanoid/trader-buildmaterials.json",
    "side": "Server"
  },
  {
    "op": "add",
    "path": "/attributes/tradeProps/buying/list/-",
    "value": {
	"code": "bricklayers:smallstonebrick-suevite",
	"type": "item",
	    "stacksize": 24,
	    "stock": { "avg": 4, "var": 2 },
	    "price": { "avg": 3, "var": 0.5 }
    },
    "file": "game:entities/humanoid/trader-buildmaterials.json",
    "side": "Server"
  },
  {
    "op": "add",
    "path": "/attributes/tradeProps/buying/list/-",
    "value": {
	"code": "bricklayers:smallstonebrick-obsidian",
	"type": "item",
	    "stacksize": 24,
	    "stock": { "avg": 4, "var": 1 },
	    "price": { "avg": 3, "var": 0.5 }
    },
    "file": "game:entities/humanoid/trader-buildmaterials.json",
    "side": "Server"
  },
  {
    "op": "add",
    "path": "/attributes/tradeProps/buying/list/-",
    "value": {
	"code": "game:clay-darkgrey",
	"type": "item",
	    "stacksize": 32,
	    "stock": { "avg": 1, "var": 0.25 },
	    "price": { "avg": 2, "var": 0.5 }
    },
    "file": "game:entities/humanoid/trader-buildmaterials.json",
    "side": "Server"
  },
  {
    "op": "add",
    "path": "/attributes/tradeProps/buying/list/-",
    "value": {
	"code": "game:clay-green",
	"type": "item",
	    "stacksize": 32,
	    "stock": { "avg": 1, "var": 0.25 },
	    "price": { "avg": 2, "var": 0.5 }
    },
    "file": "game:entities/humanoid/trader-buildmaterials.json",
    "side": "Server"
  }
]
