[
	{
		"ingredientPattern": "MR,ST,MR",
		"ingredients": {
			"R": {
				"type": "item",
				"code": "rustydust",
				"quantity": 1
			},
			"S": {
				"type": "item",
				"code": "shiftingfibers",
				"quantity": 1
			},
			"M": {
				"type": "item",
				"code": "manastone-none",
				"quantity": 1
			},
			"T": {
				"type": "item",
				"code": "temporalfragment",
				"quantity": 1
			}
		},
		"width": 2,
		"height": 3,
		"output": {
			"type": "item",
			"code": "magicalrepairkit",
			"quantity": 1
		}
	}
]
