[
	{
		"ingredientPattern": "A,L",
		"recipeGroup": 2,
		"ingredients": {
			"A": {
				"type": "item",
				"code": "grimoire-*",
				"name": "type",
				"loadFromProperties": "rustboundmagic:abstract/spelltype"
			},
			"L": {
				"type": "item",
				"code": "magicalrepairkit"
			}
		},
		"width": 1,
		"height": 2,
		"shapeless": true,
		"copyAttributesFrom": "A",
		"averageDurability": false,
		"name": "Grimoire repair",
		"output": {
			"type": "item",
			"code": "grimoire-{type}"
		}
	}
]