﻿{
	"code": "crudesailboat",
	"class": "EntitySailboat",
	"variantgroups": [
		{
			"code": "material",
			"states": [ "aged" ],
			"loadFromProperties": "block/wood"
		}
	],
	"hitboxSize": {
		"x": 2.5,
		"y": 0.6,
		"z": 2
	},
	"Attributes": {
		"SailboatProps": {
			"speedMultiplier": 0.5,
			"requireOar": true,
			"minSailAngle": 35,
			"seatsAmount": 1
		}
	},
	"client": {
		"size": 1,
		"renderer": "Shape",
		"shapeByType": {
			"*": { "base": "crude_sailboat" }
		},
		"texturesByType": {
			"*-aged": {
				"ebony": { "base": "game:block/wood/bark/aged" },
				"oak": { "base": "game:block/wood/debarked/aged" },
				"oak1": { "base": "game:block/wood/planks/aged/generic1" },
				"oak2": { "base": "game:block/wood/planks/aged/generic2" },
				"oak3": { "base": "game:block/wood/planks/aged/generic3" },
				"oak4": { "base": "game:block/wood/planks/aged/generic4" },

				"material": { "base": "game:block/wood/debarked/aged" },
				"reedrope": { "base": "game:block/cloth/reedrope" }
			},
			"*": {
				"ebony": { "base": "game:block/wood/bark/{material}" },
				"oak": { "base": "game:block/wood/debarked/{material}" },
				"oak1": { "base": "game:block/wood/planks/{material}1" },
				"oak2": { "base": "game:block/wood/planks/{material}2" },
				"oak3": { "base": "game:block/wood/planks/{material}3" },
				"oak4": { "base": "game:block/wood/planks/{material}4" },

				"material": { "base": "game:block/wood/debarked/{material}" },
				"reedrope": { "base": "game:block/cloth/reedrope" }
			}
		},
		"behaviors": [
			{
				"code": "passivephysics",
				"groundDragFactor": 1,
				"airDragFallingFactor": 0.5,
				"gravityFactor": 1.0
			},
			{ "code": "interpolateposition" },
			{ "code": "floatupwhenstuck" }
		]
	},
	"server": {
		"behaviors": [
			{
				"code": "passivephysics",
				"groundDragFactor": 1,
				"airDragFallingFactor": 0.5,
				"gravityFactor": 1.0
			},
			{ "code": "floatupwhenstuck" }
		]
	},
	"sounds": {
	}
}