{
	"editor": {
		"allAngles": false,
		"entityTextureMode": false
	},
	"textureWidth": 16,
	"textureHeight": 16,
	"textureSizes": {
	},
	"textures": {
	},
	"elements": [
		{
			"name": "_origin",
			"from": [ 0.0, 1.0, 0.0 ], 
			"to": [ 0.0, 1.0, 0.0 ], 
			"rotationOrigin": [ 8.0, 1.0, 8.0 ],
			"faces": {
				"north": { "texture": "#null", "uv": [ 0.0, 0.0, 0.5, 0.5 ] },
				"east": { "texture": "#null", "uv": [ 0.0, 0.0, 0.5, 0.5 ] },
				"south": { "texture": "#null", "uv": [ 0.0, 0.0, 0.5, 0.5 ] },
				"west": { "texture": "#null", "uv": [ 0.0, 0.0, 0.5, 0.5 ] },
				"up": { "texture": "#null", "uv": [ 0.0, 0.0, 0.5, 0.5 ] },
				"down": { "texture": "#null", "uv": [ 0.0, 0.0, 0.5, 0.5 ] }
			},
			"children": [
				{
					"name": "Cube5",
					"from": [ 0.0, 0.0, 0.0 ], 
					"to": [ 2.0, 2.0, 2.0 ], 
					"faces": {
						"north": { "texture": "#null", "uv": [ 0.0, 0.0, 2.0, 2.0 ] },
						"east": { "texture": "#null", "uv": [ 0.0, 0.0, 2.0, 2.0 ] },
						"south": { "texture": "#null", "uv": [ 0.0, 0.0, 2.0, 2.0 ] },
						"west": { "texture": "#null", "uv": [ 0.0, 0.0, 2.0, 2.0 ] },
						"up": { "texture": "#null", "uv": [ 0.0, 0.0, 2.0, 2.0 ] },
						"down": { "texture": "#null", "uv": [ 0.0, 0.0, 2.0, 2.0 ] }
					},
					"children": [
						{
							"name": "Cube6",
							"from": [ 0.0, 0.0, 14.0 ], 
							"to": [ 2.0, 2.0, 16.0 ], 
							"rotationOrigin": [ 0.0, 0.0, 14.0 ],
							"faces": {
								"north": { "texture": "#null", "uv": [ 0.0, 0.0, 2.0, 2.0 ] },
								"east": { "texture": "#null", "uv": [ 0.0, 0.0, 2.0, 2.0 ] },
								"south": { "texture": "#null", "uv": [ 0.0, 0.0, 2.0, 2.0 ] },
								"west": { "texture": "#null", "uv": [ 0.0, 0.0, 2.0, 2.0 ] },
								"up": { "texture": "#null", "uv": [ 0.0, 0.0, 2.0, 2.0 ] },
								"down": { "texture": "#null", "uv": [ 0.0, 0.0, 2.0, 2.0 ] }
							}
						}
					]
				},
				{
					"name": "Cube7",
					"from": [ 14.0, 0.0, 0.0 ], 
					"to": [ 16.0, 2.0, 2.0 ], 
					"rotationOrigin": [ 14.0, 0.0, 0.0 ],
					"faces": {
						"north": { "texture": "#null", "uv": [ 0.0, 0.0, 2.0, 2.0 ] },
						"east": { "texture": "#null", "uv": [ 0.0, 0.0, 2.0, 2.0 ] },
						"south": { "texture": "#null", "uv": [ 0.0, 0.0, 2.0, 2.0 ] },
						"west": { "texture": "#null", "uv": [ 0.0, 0.0, 2.0, 2.0 ] },
						"up": { "texture": "#null", "uv": [ 0.0, 0.0, 2.0, 2.0 ] },
						"down": { "texture": "#null", "uv": [ 0.0, 0.0, 2.0, 2.0 ] }
					},
					"children": [
						{
							"name": "Cube8",
							"from": [ 0.0, 0.0, 14.0 ], 
							"to": [ 2.0, 2.0, 16.0 ], 
							"rotationOrigin": [ 0.0, 0.0, 14.0 ],
							"faces": {
								"north": { "texture": "#null", "uv": [ 0.0, 0.0, 2.0, 2.0 ] },
								"east": { "texture": "#null", "uv": [ 0.0, 0.0, 2.0, 2.0 ] },
								"south": { "texture": "#null", "uv": [ 0.0, 0.0, 2.0, 2.0 ] },
								"west": { "texture": "#null", "uv": [ 0.0, 0.0, 2.0, 2.0 ] },
								"up": { "texture": "#null", "uv": [ 0.0, 0.0, 2.0, 2.0 ] },
								"down": { "texture": "#null", "uv": [ 0.0, 0.0, 2.0, 2.0 ] }
							}
						}
					]
				},
				{
					"name": "Cube1",
					"from": [ 2.0, 0.0, 0.0 ], 
					"to": [ 14.0, 1.0, 1.0 ], 
					"rotationOrigin": [ 2.0, 0.0, 0.0 ],
					"faces": {
						"north": { "texture": "#null", "uv": [ 0.0, 0.0, 12.0, 1.0 ] },
						"east": { "texture": "#null", "uv": [ 0.0, 0.0, 1.0, 1.0 ] },
						"south": { "texture": "#null", "uv": [ 0.0, 0.0, 12.0, 1.0 ] },
						"west": { "texture": "#null", "uv": [ 0.0, 0.0, 1.0, 1.0 ] },
						"up": { "texture": "#null", "uv": [ 0.0, 0.0, 12.0, 1.0 ] },
						"down": { "texture": "#null", "uv": [ 0.0, 0.0, 12.0, 1.0 ] }
					}
				},
				{
					"name": "Cube3",
					"from": [ 15.0, 0.0, 2.0 ], 
					"to": [ 16.0, 1.0, 14.0 ], 
					"rotationOrigin": [ 15.0, 0.0, 2.0 ],
					"faces": {
						"north": { "texture": "#null", "uv": [ 0.0, 0.0, 1.0, 1.0 ] },
						"east": { "texture": "#null", "uv": [ 0.0, 0.0, 12.0, 1.0 ] },
						"south": { "texture": "#null", "uv": [ 0.0, 0.0, 1.0, 1.0 ] },
						"west": { "texture": "#null", "uv": [ 0.0, 0.0, 12.0, 1.0 ] },
						"up": { "texture": "#null", "uv": [ 0.0, 0.0, 1.0, 12.0 ] },
						"down": { "texture": "#null", "uv": [ 0.0, 0.0, 1.0, 12.0 ] }
					}
				},
				{
					"name": "Cube4",
					"from": [ 2.0, 0.0, 15.0 ], 
					"to": [ 14.0, 1.0, 16.0 ], 
					"rotationOrigin": [ 2.0, 0.0, 15.0 ],
					"faces": {
						"north": { "texture": "#null", "uv": [ 0.0, 0.0, 12.0, 1.0 ] },
						"east": { "texture": "#null", "uv": [ 0.0, 0.0, 1.0, 1.0 ] },
						"south": { "texture": "#null", "uv": [ 0.0, 0.0, 12.0, 1.0 ] },
						"west": { "texture": "#null", "uv": [ 0.0, 0.0, 1.0, 1.0 ] },
						"up": { "texture": "#null", "uv": [ 0.0, 0.0, 12.0, 1.0 ] },
						"down": { "texture": "#null", "uv": [ 0.0, 0.0, 12.0, 1.0 ] }
					}
				},
				{
					"name": "Cube2",
					"from": [ 0.0, 0.0, 2.0 ], 
					"to": [ 1.0, 1.0, 14.0 ], 
					"rotationOrigin": [ 0.0, 0.0, 2.0 ],
					"faces": {
						"north": { "texture": "#null", "uv": [ 0.0, 0.0, 1.0, 1.0 ] },
						"east": { "texture": "#null", "uv": [ 0.0, 0.0, 12.0, 1.0 ] },
						"south": { "texture": "#null", "uv": [ 0.0, 0.0, 1.0, 1.0 ] },
						"west": { "texture": "#null", "uv": [ 0.0, 0.0, 12.0, 1.0 ] },
						"up": { "texture": "#null", "uv": [ 0.0, 0.0, 1.0, 12.0 ] },
						"down": { "texture": "#null", "uv": [ 0.0, 0.0, 1.0, 12.0 ] }
					}
				},
				{
					"name": "Cube61",
					"from": [ 0.0, 0.0, 0.0 ], 
					"to": [ 0.0, 0.0, 0.0 ], 
					"rotationOrigin": [ 8.0, 0.0, 8.0 ],
					"faces": {
						"north": { "texture": "#null", "uv": [ 0.0, 0.0, 0.5, 0.5 ] },
						"east": { "texture": "#null", "uv": [ 0.0, 0.0, 0.5, 0.5 ] },
						"south": { "texture": "#null", "uv": [ 0.0, 0.0, 0.5, 0.5 ] },
						"west": { "texture": "#null", "uv": [ 0.0, 0.0, 0.5, 0.5 ] },
						"up": { "texture": "#null", "uv": [ 0.0, 0.0, 0.5, 0.5 ] },
						"down": { "texture": "#null", "uv": [ 0.0, 0.0, 0.5, 0.5 ] }
					},
					"children": [
						{
							"name": "Cube68",
							"from": [ 15.0, 0.5, 0.5 ], 
							"to": [ 15.0, 0.5, 0.5 ], 
							"rotationOrigin": [ 15.5, 1.0, 0.5 ],
							"rotationX": 0.0,
							"rotationY": -45.0,
							"rotationZ": 0.0,
							"faces": {
								"north": { "texture": "#null", "uv": [ 0.0, 0.0, 0.5, 0.5 ] },
								"east": { "texture": "#null", "uv": [ 0.0, 0.0, 0.5, 0.5 ] },
								"south": { "texture": "#null", "uv": [ 0.0, 0.0, 0.5, 0.5 ] },
								"west": { "texture": "#null", "uv": [ 0.0, 0.0, 0.5, 0.5 ] },
								"up": { "texture": "#null", "uv": [ 0.0, 0.0, 0.5, 0.5 ] },
								"down": { "texture": "#null", "uv": [ 0.0, 0.0, 0.5, 0.5 ] }
							},
							"children": [
								{
									"name": "Cube69",
									"from": [ 0.0, 2.0, 0.2 ], 
									"to": [ 1.0, 4.0, 1.2 ], 
									"rotationOrigin": [ 0.5, 2.0, 0.7 ],
									"faces": {
										"north": { "texture": "#null", "uv": [ 0.0, 0.0, 1.0, 2.0 ] },
										"east": { "texture": "#null", "uv": [ 0.0, 0.0, 1.0, 2.0 ] },
										"south": { "texture": "#null", "uv": [ 0.0, 0.0, 1.0, 2.0 ] },
										"west": { "texture": "#null", "uv": [ 0.0, 0.0, 1.0, 2.0 ] },
										"up": { "texture": "#null", "uv": [ 0.0, 0.0, 1.0, 1.0 ] },
										"down": { "texture": "#null", "uv": [ 0.0, 0.0, 1.0, 1.0 ] }
									},
									"children": [
										{
											"name": "Cube70",
											"from": [ -0.01, 1.99, -0.01 ], 
											"to": [ 1.01, 3.99, 0.99 ], 
											"rotationOrigin": [ 0.0, 2.0, 0.0 ],
											"rotationX": 90.0,
											"faces": {
												"north": { "texture": "#null", "uv": [ 0.0, 0.0, 1.0, 2.0 ] },
												"east": { "texture": "#null", "uv": [ 0.0, 0.0, 1.0, 2.0 ] },
												"south": { "texture": "#null", "uv": [ 0.0, 0.0, 1.0, 2.0 ] },
												"west": { "texture": "#null", "uv": [ 0.0, 0.0, 1.0, 2.0 ] },
												"up": { "texture": "#null", "uv": [ 0.0, 0.0, 1.0, 1.0 ] },
												"down": { "texture": "#null", "uv": [ 0.0, 0.0, 1.0, 1.0 ] }
											},
											"children": [
												{
													"name": "Cube72",
													"from": [ -0.02, 2.0, 0.0 ], 
													"to": [ 1.02, 7.0, 1.0 ], 
													"rotationOrigin": [ 0.0, 2.0, 0.0 ],
													"rotationX": 28.5,
													"rotationY": 0.0,
													"rotationZ": 0.0,
													"faces": {
														"north": { "texture": "#null", "uv": [ 0.0, 0.0, 1.0, 5.0 ] },
														"east": { "texture": "#null", "uv": [ 0.0, 0.0, 1.0, 5.0 ] },
														"south": { "texture": "#null", "uv": [ 0.0, 0.0, 1.0, 5.0 ] },
														"west": { "texture": "#null", "uv": [ 0.0, 0.0, 1.0, 5.0 ] },
														"up": { "texture": "#null", "uv": [ 0.0, 0.0, 1.0, 1.0 ] },
														"down": { "texture": "#null", "uv": [ 0.0, 0.0, 1.0, 1.0 ] }
													},
													"children": [
														{
															"name": "Cube63",
															"from": [ -0.1, 4.5, -0.1 ], 
															"to": [ 1.1, 5.5, 1.1 ], 
															"rotationOrigin": [ 0.0, 4.0, 0.0 ],
															"faces": {
																"north": { "texture": "#null", "uv": [ 0.0, 0.0, 1.0, 1.0 ] },
																"east": { "texture": "#null", "uv": [ 0.0, 0.0, 1.0, 1.0 ] },
																"south": { "texture": "#null", "uv": [ 0.0, 0.0, 1.0, 1.0 ] },
																"west": { "texture": "#null", "uv": [ 0.0, 0.0, 1.0, 1.0 ] },
																"up": { "texture": "#null", "uv": [ 0.0, 0.0, 1.0, 1.0 ] },
																"down": { "texture": "#null", "uv": [ 0.0, 0.0, 1.0, 1.0 ] }
															}
														}
													]
												}
											]
										}
									]
								}
							]
						},
						{
							"name": "Cube64",
							"from": [ 10.0, 0.0, 5.0 ], 
							"to": [ 11.0, 1.0, 6.0 ], 
							"rotationOrigin": [ 10.0, 0.0, 5.0 ],
							"faces": {
								"north": { "texture": "#null", "uv": [ 0.0, 0.0, 1.0, 1.0 ] },
								"east": { "texture": "#null", "uv": [ 0.0, 0.0, 1.0, 1.0 ] },
								"south": { "texture": "#null", "uv": [ 0.0, 0.0, 1.0, 1.0 ] },
								"west": { "texture": "#null", "uv": [ 0.0, 0.0, 1.0, 1.0 ] },
								"up": { "texture": "#null", "uv": [ 0.0, 0.0, 1.0, 1.0 ] },
								"down": { "texture": "#null", "uv": [ 0.0, 0.0, 1.0, 1.0 ] }
							}
						},
						{
							"name": "Cube65",
							"from": [ 9.9, 0.5, 4.9 ], 
							"to": [ 11.1, 1.5, 6.1 ], 
							"rotationOrigin": [ 9.9, 0.0, 4.9 ],
							"faces": {
								"north": { "texture": "#null", "uv": [ 0.0, 0.0, 1.0, 1.0 ] },
								"east": { "texture": "#null", "uv": [ 0.0, 0.0, 1.0, 1.0 ] },
								"south": { "texture": "#null", "uv": [ 0.0, 0.0, 1.0, 1.0 ] },
								"west": { "texture": "#null", "uv": [ 0.0, 0.0, 1.0, 1.0 ] },
								"up": { "texture": "#null", "uv": [ 0.0, 0.0, 1.0, 1.0 ] },
								"down": { "texture": "#null", "uv": [ 0.0, 0.0, 1.0, 1.0 ] }
							}
						},
						{
							"name": "Cube66",
							"from": [ 14.25, 2.0, 0.25 ], 
							"to": [ 15.75, 2.5, 1.75 ], 
							"rotationOrigin": [ 14.3, 2.0, 1.3 ],
							"faces": {
								"north": { "texture": "#null", "uv": [ 0.0, 0.0, 1.5, 0.5 ] },
								"east": { "texture": "#null", "uv": [ 0.0, 0.0, 1.5, 0.5 ] },
								"south": { "texture": "#null", "uv": [ 0.0, 0.0, 1.5, 0.5 ] },
								"west": { "texture": "#null", "uv": [ 0.0, 0.0, 1.5, 0.5 ] },
								"up": { "texture": "#null", "uv": [ 0.0, 0.0, 1.5, 1.5 ] },
								"down": { "texture": "#null", "uv": [ 0.0, 0.0, 1.5, 1.5 ] }
							}
						}
					]
				},
				{
					"name": "Cube71",
					"from": [ 0.0, -1.0, 0.0 ], 
					"to": [ 16.0, 0.0, 16.0 ], 
					"rotationOrigin": [ 0.0, -1.0, 0.0 ],
					"faces": {
						"north": { "texture": "#null", "uv": [ 0.0, 0.0, 16.0, 1.0 ] },
						"east": { "texture": "#null", "uv": [ 0.0, 0.0, 16.0, 1.0 ] },
						"south": { "texture": "#null", "uv": [ 0.0, 0.0, 16.0, 1.0 ] },
						"west": { "texture": "#null", "uv": [ 0.0, 0.0, 16.0, 1.0 ] },
						"up": { "texture": "#null", "uv": [ 0.0, 0.0, 16.0, 16.0 ] },
						"down": { "texture": "#null", "uv": [ 0.0, 0.0, 16.0, 16.0 ] }
					}
				},
				{
					"name": "Cube67",
					"from": [ 0.0, 0.0, 0.0 ], 
					"to": [ 0.0, 0.0, 0.0 ], 
					"rotationOrigin": [ 8.0, 0.0, 8.0 ],
					"rotationY": 90.0,
					"faces": {
						"north": { "texture": "#null", "uv": [ 0.0, 0.0, 0.5, 0.5 ] },
						"east": { "texture": "#null", "uv": [ 0.0, 0.0, 0.5, 0.5 ] },
						"south": { "texture": "#null", "uv": [ 0.0, 0.0, 0.5, 0.5 ] },
						"west": { "texture": "#null", "uv": [ 0.0, 0.0, 0.5, 0.5 ] },
						"up": { "texture": "#null", "uv": [ 0.0, 0.0, 0.5, 0.5 ] },
						"down": { "texture": "#null", "uv": [ 0.0, 0.0, 0.5, 0.5 ] }
					},
					"children": [
						{
							"name": "Cube73",
							"from": [ 15.0, 0.5, 0.5 ], 
							"to": [ 15.0, 0.5, 0.5 ], 
							"rotationOrigin": [ 15.5, 1.0, 0.5 ],
							"rotationX": 0.0,
							"rotationY": -45.0,
							"rotationZ": 0.0,
							"faces": {
								"north": { "texture": "#null", "uv": [ 0.0, 0.0, 0.5, 0.5 ] },
								"east": { "texture": "#null", "uv": [ 0.0, 0.0, 0.5, 0.5 ] },
								"south": { "texture": "#null", "uv": [ 0.0, 0.0, 0.5, 0.5 ] },
								"west": { "texture": "#null", "uv": [ 0.0, 0.0, 0.5, 0.5 ] },
								"up": { "texture": "#null", "uv": [ 0.0, 0.0, 0.5, 0.5 ] },
								"down": { "texture": "#null", "uv": [ 0.0, 0.0, 0.5, 0.5 ] }
							},
							"children": [
								{
									"name": "Cube73",
									"from": [ 0.0, 2.0, 0.2 ], 
									"to": [ 1.0, 4.0, 1.2 ], 
									"rotationOrigin": [ 0.5, 2.0, 0.7 ],
									"faces": {
										"north": { "texture": "#null", "uv": [ 0.0, 0.0, 1.0, 2.0 ] },
										"east": { "texture": "#null", "uv": [ 0.0, 0.0, 1.0, 2.0 ] },
										"south": { "texture": "#null", "uv": [ 0.0, 0.0, 1.0, 2.0 ] },
										"west": { "texture": "#null", "uv": [ 0.0, 0.0, 1.0, 2.0 ] },
										"up": { "texture": "#null", "uv": [ 0.0, 0.0, 1.0, 1.0 ] },
										"down": { "texture": "#null", "uv": [ 0.0, 0.0, 1.0, 1.0 ] }
									},
									"children": [
										{
											"name": "Cube73",
											"from": [ -0.01, 1.99, -0.01 ], 
											"to": [ 1.01, 3.99, 0.99 ], 
											"rotationOrigin": [ 0.0, 2.0, 0.0 ],
											"rotationX": 90.0,
											"faces": {
												"north": { "texture": "#null", "uv": [ 0.0, 0.0, 1.0, 2.0 ] },
												"east": { "texture": "#null", "uv": [ 0.0, 0.0, 1.0, 2.0 ] },
												"south": { "texture": "#null", "uv": [ 0.0, 0.0, 1.0, 2.0 ] },
												"west": { "texture": "#null", "uv": [ 0.0, 0.0, 1.0, 2.0 ] },
												"up": { "texture": "#null", "uv": [ 0.0, 0.0, 1.0, 1.0 ] },
												"down": { "texture": "#null", "uv": [ 0.0, 0.0, 1.0, 1.0 ] }
											},
											"children": [
												{
													"name": "Cube73",
													"from": [ -0.02, 2.0, 0.0 ], 
													"to": [ 1.02, 7.0, 1.0 ], 
													"rotationOrigin": [ 0.0, 2.0, 0.0 ],
													"rotationX": 28.5,
													"rotationY": 0.0,
													"rotationZ": 0.0,
													"faces": {
														"north": { "texture": "#null", "uv": [ 0.0, 0.0, 1.0, 5.0 ] },
														"east": { "texture": "#null", "uv": [ 0.0, 0.0, 1.0, 5.0 ] },
														"south": { "texture": "#null", "uv": [ 0.0, 0.0, 1.0, 5.0 ] },
														"west": { "texture": "#null", "uv": [ 0.0, 0.0, 1.0, 5.0 ] },
														"up": { "texture": "#null", "uv": [ 0.0, 0.0, 1.0, 1.0 ] },
														"down": { "texture": "#null", "uv": [ 0.0, 0.0, 1.0, 1.0 ] }
													},
													"children": [
														{
															"name": "Cube73",
															"from": [ -0.1, 4.5, -0.1 ], 
															"to": [ 1.1, 5.5, 1.1 ], 
															"rotationOrigin": [ 0.0, 4.0, 0.0 ],
															"faces": {
																"north": { "texture": "#null", "uv": [ 0.0, 0.0, 1.0, 1.0 ] },
																"east": { "texture": "#null", "uv": [ 0.0, 0.0, 1.0, 1.0 ] },
																"south": { "texture": "#null", "uv": [ 0.0, 0.0, 1.0, 1.0 ] },
																"west": { "texture": "#null", "uv": [ 0.0, 0.0, 1.0, 1.0 ] },
																"up": { "texture": "#null", "uv": [ 0.0, 0.0, 1.0, 1.0 ] },
																"down": { "texture": "#null", "uv": [ 0.0, 0.0, 1.0, 1.0 ] }
															}
														}
													]
												}
											]
										}
									]
								}
							]
						},
						{
							"name": "Cube73",
							"from": [ 10.0, 0.0, 5.0 ], 
							"to": [ 11.0, 1.0, 6.0 ], 
							"rotationOrigin": [ 10.0, 0.0, 5.0 ],
							"faces": {
								"north": { "texture": "#null", "uv": [ 0.0, 0.0, 1.0, 1.0 ] },
								"east": { "texture": "#null", "uv": [ 0.0, 0.0, 1.0, 1.0 ] },
								"south": { "texture": "#null", "uv": [ 0.0, 0.0, 1.0, 1.0 ] },
								"west": { "texture": "#null", "uv": [ 0.0, 0.0, 1.0, 1.0 ] },
								"up": { "texture": "#null", "uv": [ 0.0, 0.0, 1.0, 1.0 ] },
								"down": { "texture": "#null", "uv": [ 0.0, 0.0, 1.0, 1.0 ] }
							}
						},
						{
							"name": "Cube74",
							"from": [ 9.9, 0.5, 4.9 ], 
							"to": [ 11.1, 1.5, 6.1 ], 
							"rotationOrigin": [ 9.9, 0.0, 4.9 ],
							"faces": {
								"north": { "texture": "#null", "uv": [ 0.0, 0.0, 1.0, 1.0 ] },
								"east": { "texture": "#null", "uv": [ 0.0, 0.0, 1.0, 1.0 ] },
								"south": { "texture": "#null", "uv": [ 0.0, 0.0, 1.0, 1.0 ] },
								"west": { "texture": "#null", "uv": [ 0.0, 0.0, 1.0, 1.0 ] },
								"up": { "texture": "#null", "uv": [ 0.0, 0.0, 1.0, 1.0 ] },
								"down": { "texture": "#null", "uv": [ 0.0, 0.0, 1.0, 1.0 ] }
							}
						},
						{
							"name": "Cube75",
							"from": [ 14.25, 2.0, 0.25 ], 
							"to": [ 15.75, 2.5, 1.75 ], 
							"rotationOrigin": [ 14.3, 2.0, 1.3 ],
							"faces": {
								"north": { "texture": "#null", "uv": [ 0.0, 0.0, 1.5, 0.5 ] },
								"east": { "texture": "#null", "uv": [ 0.0, 0.0, 1.5, 0.5 ] },
								"south": { "texture": "#null", "uv": [ 0.0, 0.0, 1.5, 0.5 ] },
								"west": { "texture": "#null", "uv": [ 0.0, 0.0, 1.5, 0.5 ] },
								"up": { "texture": "#null", "uv": [ 0.0, 0.0, 1.5, 1.5 ] },
								"down": { "texture": "#null", "uv": [ 0.0, 0.0, 1.5, 1.5 ] }
							}
						}
					]
				},
				{
					"name": "Cube76",
					"from": [ 0.0, 0.0, 0.0 ], 
					"to": [ 0.0, 0.0, 0.0 ], 
					"rotationOrigin": [ 8.0, 0.0, 8.0 ],
					"rotationY": 180.0,
					"faces": {
						"north": { "texture": "#null", "uv": [ 0.0, 0.0, 0.5, 0.5 ] },
						"east": { "texture": "#null", "uv": [ 0.0, 0.0, 0.5, 0.5 ] },
						"south": { "texture": "#null", "uv": [ 0.0, 0.0, 0.5, 0.5 ] },
						"west": { "texture": "#null", "uv": [ 0.0, 0.0, 0.5, 0.5 ] },
						"up": { "texture": "#null", "uv": [ 0.0, 0.0, 0.5, 0.5 ] },
						"down": { "texture": "#null", "uv": [ 0.0, 0.0, 0.5, 0.5 ] }
					},
					"children": [
						{
							"name": "Cube77",
							"from": [ 15.0, 0.5, 0.5 ], 
							"to": [ 15.0, 0.5, 0.5 ], 
							"rotationOrigin": [ 15.5, 1.0, 0.5 ],
							"rotationX": 0.0,
							"rotationY": -45.0,
							"rotationZ": 0.0,
							"faces": {
								"north": { "texture": "#null", "uv": [ 0.0, 0.0, 0.5, 0.5 ] },
								"east": { "texture": "#null", "uv": [ 0.0, 0.0, 0.5, 0.5 ] },
								"south": { "texture": "#null", "uv": [ 0.0, 0.0, 0.5, 0.5 ] },
								"west": { "texture": "#null", "uv": [ 0.0, 0.0, 0.5, 0.5 ] },
								"up": { "texture": "#null", "uv": [ 0.0, 0.0, 0.5, 0.5 ] },
								"down": { "texture": "#null", "uv": [ 0.0, 0.0, 0.5, 0.5 ] }
							},
							"children": [
								{
									"name": "Cube78",
									"from": [ 0.0, 2.0, 0.2 ], 
									"to": [ 1.0, 4.0, 1.2 ], 
									"rotationOrigin": [ 0.5, 2.0, 0.7 ],
									"faces": {
										"north": { "texture": "#null", "uv": [ 0.0, 0.0, 1.0, 2.0 ] },
										"east": { "texture": "#null", "uv": [ 0.0, 0.0, 1.0, 2.0 ] },
										"south": { "texture": "#null", "uv": [ 0.0, 0.0, 1.0, 2.0 ] },
										"west": { "texture": "#null", "uv": [ 0.0, 0.0, 1.0, 2.0 ] },
										"up": { "texture": "#null", "uv": [ 0.0, 0.0, 1.0, 1.0 ] },
										"down": { "texture": "#null", "uv": [ 0.0, 0.0, 1.0, 1.0 ] }
									},
									"children": [
										{
											"name": "Cube79",
											"from": [ -0.01, 1.99, -0.01 ], 
											"to": [ 1.01, 3.99, 0.99 ], 
											"rotationOrigin": [ 0.0, 2.0, 0.0 ],
											"rotationX": 90.0,
											"faces": {
												"north": { "texture": "#null", "uv": [ 0.0, 0.0, 1.0, 2.0 ] },
												"east": { "texture": "#null", "uv": [ 0.0, 0.0, 1.0, 2.0 ] },
												"south": { "texture": "#null", "uv": [ 0.0, 0.0, 1.0, 2.0 ] },
												"west": { "texture": "#null", "uv": [ 0.0, 0.0, 1.0, 2.0 ] },
												"up": { "texture": "#null", "uv": [ 0.0, 0.0, 1.0, 1.0 ] },
												"down": { "texture": "#null", "uv": [ 0.0, 0.0, 1.0, 1.0 ] }
											},
											"children": [
												{
													"name": "Cube80",
													"from": [ -0.02, 2.0, 0.0 ], 
													"to": [ 1.02, 7.0, 1.0 ], 
													"rotationOrigin": [ 0.0, 2.0, 0.0 ],
													"rotationX": 28.5,
													"rotationY": 0.0,
													"rotationZ": 0.0,
													"faces": {
														"north": { "texture": "#null", "uv": [ 0.0, 0.0, 1.0, 5.0 ] },
														"east": { "texture": "#null", "uv": [ 0.0, 0.0, 1.0, 5.0 ] },
														"south": { "texture": "#null", "uv": [ 0.0, 0.0, 1.0, 5.0 ] },
														"west": { "texture": "#null", "uv": [ 0.0, 0.0, 1.0, 5.0 ] },
														"up": { "texture": "#null", "uv": [ 0.0, 0.0, 1.0, 1.0 ] },
														"down": { "texture": "#null", "uv": [ 0.0, 0.0, 1.0, 1.0 ] }
													},
													"children": [
														{
															"name": "Cube81",
															"from": [ -0.1, 4.5, -0.1 ], 
															"to": [ 1.1, 5.5, 1.1 ], 
															"rotationOrigin": [ 0.0, 4.0, 0.0 ],
															"faces": {
																"north": { "texture": "#null", "uv": [ 0.0, 0.0, 1.0, 1.0 ] },
																"east": { "texture": "#null", "uv": [ 0.0, 0.0, 1.0, 1.0 ] },
																"south": { "texture": "#null", "uv": [ 0.0, 0.0, 1.0, 1.0 ] },
																"west": { "texture": "#null", "uv": [ 0.0, 0.0, 1.0, 1.0 ] },
																"up": { "texture": "#null", "uv": [ 0.0, 0.0, 1.0, 1.0 ] },
																"down": { "texture": "#null", "uv": [ 0.0, 0.0, 1.0, 1.0 ] }
															}
														}
													]
												}
											]
										}
									]
								}
							]
						},
						{
							"name": "Cube82",
							"from": [ 10.0, 0.0, 5.0 ], 
							"to": [ 11.0, 1.0, 6.0 ], 
							"rotationOrigin": [ 10.0, 0.0, 5.0 ],
							"faces": {
								"north": { "texture": "#null", "uv": [ 0.0, 0.0, 1.0, 1.0 ] },
								"east": { "texture": "#null", "uv": [ 0.0, 0.0, 1.0, 1.0 ] },
								"south": { "texture": "#null", "uv": [ 0.0, 0.0, 1.0, 1.0 ] },
								"west": { "texture": "#null", "uv": [ 0.0, 0.0, 1.0, 1.0 ] },
								"up": { "texture": "#null", "uv": [ 0.0, 0.0, 1.0, 1.0 ] },
								"down": { "texture": "#null", "uv": [ 0.0, 0.0, 1.0, 1.0 ] }
							}
						},
						{
							"name": "Cube83",
							"from": [ 9.9, 0.5, 4.9 ], 
							"to": [ 11.1, 1.5, 6.1 ], 
							"rotationOrigin": [ 9.9, 0.0, 4.9 ],
							"faces": {
								"north": { "texture": "#null", "uv": [ 0.0, 0.0, 1.0, 1.0 ] },
								"east": { "texture": "#null", "uv": [ 0.0, 0.0, 1.0, 1.0 ] },
								"south": { "texture": "#null", "uv": [ 0.0, 0.0, 1.0, 1.0 ] },
								"west": { "texture": "#null", "uv": [ 0.0, 0.0, 1.0, 1.0 ] },
								"up": { "texture": "#null", "uv": [ 0.0, 0.0, 1.0, 1.0 ] },
								"down": { "texture": "#null", "uv": [ 0.0, 0.0, 1.0, 1.0 ] }
							}
						},
						{
							"name": "Cube84",
							"from": [ 14.25, 2.0, 0.25 ], 
							"to": [ 15.75, 2.5, 1.75 ], 
							"rotationOrigin": [ 14.3, 2.0, 1.3 ],
							"faces": {
								"north": { "texture": "#null", "uv": [ 0.0, 0.0, 1.5, 0.5 ] },
								"east": { "texture": "#null", "uv": [ 0.0, 0.0, 1.5, 0.5 ] },
								"south": { "texture": "#null", "uv": [ 0.0, 0.0, 1.5, 0.5 ] },
								"west": { "texture": "#null", "uv": [ 0.0, 0.0, 1.5, 0.5 ] },
								"up": { "texture": "#null", "uv": [ 0.0, 0.0, 1.5, 1.5 ] },
								"down": { "texture": "#null", "uv": [ 0.0, 0.0, 1.5, 1.5 ] }
							}
						}
					]
				},
				{
					"name": "Cube85",
					"from": [ 0.0, 0.0, 0.0 ], 
					"to": [ 0.0, 0.0, 0.0 ], 
					"rotationOrigin": [ 8.0, 0.0, 8.0 ],
					"rotationY": -90.0,
					"faces": {
						"north": { "texture": "#null", "uv": [ 0.0, 0.0, 0.5, 0.5 ] },
						"east": { "texture": "#null", "uv": [ 0.0, 0.0, 0.5, 0.5 ] },
						"south": { "texture": "#null", "uv": [ 0.0, 0.0, 0.5, 0.5 ] },
						"west": { "texture": "#null", "uv": [ 0.0, 0.0, 0.5, 0.5 ] },
						"up": { "texture": "#null", "uv": [ 0.0, 0.0, 0.5, 0.5 ] },
						"down": { "texture": "#null", "uv": [ 0.0, 0.0, 0.5, 0.5 ] }
					},
					"children": [
						{
							"name": "Cube86",
							"from": [ 15.0, 0.5, 0.5 ], 
							"to": [ 15.0, 0.5, 0.5 ], 
							"rotationOrigin": [ 15.5, 1.0, 0.5 ],
							"rotationX": 0.0,
							"rotationY": -45.0,
							"rotationZ": 0.0,
							"faces": {
								"north": { "texture": "#null", "uv": [ 0.0, 0.0, 0.5, 0.5 ] },
								"east": { "texture": "#null", "uv": [ 0.0, 0.0, 0.5, 0.5 ] },
								"south": { "texture": "#null", "uv": [ 0.0, 0.0, 0.5, 0.5 ] },
								"west": { "texture": "#null", "uv": [ 0.0, 0.0, 0.5, 0.5 ] },
								"up": { "texture": "#null", "uv": [ 0.0, 0.0, 0.5, 0.5 ] },
								"down": { "texture": "#null", "uv": [ 0.0, 0.0, 0.5, 0.5 ] }
							},
							"children": [
								{
									"name": "Cube87",
									"from": [ 0.0, 2.0, 0.2 ], 
									"to": [ 1.0, 4.0, 1.2 ], 
									"rotationOrigin": [ 0.5, 2.0, 0.7 ],
									"faces": {
										"north": { "texture": "#null", "uv": [ 0.0, 0.0, 1.0, 2.0 ] },
										"east": { "texture": "#null", "uv": [ 0.0, 0.0, 1.0, 2.0 ] },
										"south": { "texture": "#null", "uv": [ 0.0, 0.0, 1.0, 2.0 ] },
										"west": { "texture": "#null", "uv": [ 0.0, 0.0, 1.0, 2.0 ] },
										"up": { "texture": "#null", "uv": [ 0.0, 0.0, 1.0, 1.0 ] },
										"down": { "texture": "#null", "uv": [ 0.0, 0.0, 1.0, 1.0 ] }
									},
									"children": [
										{
											"name": "Cube88",
											"from": [ -0.01, 1.99, -0.01 ], 
											"to": [ 1.01, 3.99, 0.99 ], 
											"rotationOrigin": [ 0.0, 2.0, 0.0 ],
											"rotationX": 90.0,
											"faces": {
												"north": { "texture": "#null", "uv": [ 0.0, 0.0, 1.0, 2.0 ] },
												"east": { "texture": "#null", "uv": [ 0.0, 0.0, 1.0, 2.0 ] },
												"south": { "texture": "#null", "uv": [ 0.0, 0.0, 1.0, 2.0 ] },
												"west": { "texture": "#null", "uv": [ 0.0, 0.0, 1.0, 2.0 ] },
												"up": { "texture": "#null", "uv": [ 0.0, 0.0, 1.0, 1.0 ] },
												"down": { "texture": "#null", "uv": [ 0.0, 0.0, 1.0, 1.0 ] }
											},
											"children": [
												{
													"name": "Cube89",
													"from": [ -0.02, 2.0, 0.0 ], 
													"to": [ 1.02, 7.0, 1.0 ], 
													"rotationOrigin": [ 0.0, 2.0, 0.0 ],
													"rotationX": 28.5,
													"rotationY": 0.0,
													"rotationZ": 0.0,
													"faces": {
														"north": { "texture": "#null", "uv": [ 0.0, 0.0, 1.0, 5.0 ] },
														"east": { "texture": "#null", "uv": [ 0.0, 0.0, 1.0, 5.0 ] },
														"south": { "texture": "#null", "uv": [ 0.0, 0.0, 1.0, 5.0 ] },
														"west": { "texture": "#null", "uv": [ 0.0, 0.0, 1.0, 5.0 ] },
														"up": { "texture": "#null", "uv": [ 0.0, 0.0, 1.0, 1.0 ] },
														"down": { "texture": "#null", "uv": [ 0.0, 0.0, 1.0, 1.0 ] }
													},
													"children": [
														{
															"name": "Cube90",
															"from": [ -0.1, 4.5, -0.1 ], 
															"to": [ 1.1, 5.5, 1.1 ], 
															"rotationOrigin": [ 0.0, 4.0, 0.0 ],
															"faces": {
																"north": { "texture": "#null", "uv": [ 0.0, 0.0, 1.0, 1.0 ] },
																"east": { "texture": "#null", "uv": [ 0.0, 0.0, 1.0, 1.0 ] },
																"south": { "texture": "#null", "uv": [ 0.0, 0.0, 1.0, 1.0 ] },
																"west": { "texture": "#null", "uv": [ 0.0, 0.0, 1.0, 1.0 ] },
																"up": { "texture": "#null", "uv": [ 0.0, 0.0, 1.0, 1.0 ] },
																"down": { "texture": "#null", "uv": [ 0.0, 0.0, 1.0, 1.0 ] }
															}
														}
													]
												}
											]
										}
									]
								}
							]
						},
						{
							"name": "Cube91",
							"from": [ 10.0, 0.0, 5.0 ], 
							"to": [ 11.0, 1.0, 6.0 ], 
							"rotationOrigin": [ 10.0, 0.0, 5.0 ],
							"faces": {
								"north": { "texture": "#null", "uv": [ 0.0, 0.0, 1.0, 1.0 ] },
								"east": { "texture": "#null", "uv": [ 0.0, 0.0, 1.0, 1.0 ] },
								"south": { "texture": "#null", "uv": [ 0.0, 0.0, 1.0, 1.0 ] },
								"west": { "texture": "#null", "uv": [ 0.0, 0.0, 1.0, 1.0 ] },
								"up": { "texture": "#null", "uv": [ 0.0, 0.0, 1.0, 1.0 ] },
								"down": { "texture": "#null", "uv": [ 0.0, 0.0, 1.0, 1.0 ] }
							}
						},
						{
							"name": "Cube92",
							"from": [ 9.9, 0.5, 4.9 ], 
							"to": [ 11.1, 1.5, 6.1 ], 
							"rotationOrigin": [ 9.9, 0.0, 4.9 ],
							"faces": {
								"north": { "texture": "#null", "uv": [ 0.0, 0.0, 1.0, 1.0 ] },
								"east": { "texture": "#null", "uv": [ 0.0, 0.0, 1.0, 1.0 ] },
								"south": { "texture": "#null", "uv": [ 0.0, 0.0, 1.0, 1.0 ] },
								"west": { "texture": "#null", "uv": [ 0.0, 0.0, 1.0, 1.0 ] },
								"up": { "texture": "#null", "uv": [ 0.0, 0.0, 1.0, 1.0 ] },
								"down": { "texture": "#null", "uv": [ 0.0, 0.0, 1.0, 1.0 ] }
							}
						},
						{
							"name": "Cube93",
							"from": [ 14.25, 2.0, 0.25 ], 
							"to": [ 15.75, 2.5, 1.75 ], 
							"rotationOrigin": [ 14.3, 2.0, 1.3 ],
							"faces": {
								"north": { "texture": "#null", "uv": [ 0.0, 0.0, 1.5, 0.5 ] },
								"east": { "texture": "#null", "uv": [ 0.0, 0.0, 1.5, 0.5 ] },
								"south": { "texture": "#null", "uv": [ 0.0, 0.0, 1.5, 0.5 ] },
								"west": { "texture": "#null", "uv": [ 0.0, 0.0, 1.5, 0.5 ] },
								"up": { "texture": "#null", "uv": [ 0.0, 0.0, 1.5, 1.5 ] },
								"down": { "texture": "#null", "uv": [ 0.0, 0.0, 1.5, 1.5 ] }
							}
						}
					]
				},
				{
					"name": "Cube94",
					"from": [ 5.5, -0.5, 5.5 ], 
					"to": [ 10.5, 0.5, 10.5 ], 
					"rotationOrigin": [ 5.5, -0.5, 5.5 ],
					"faces": {
						"north": { "texture": "#null", "uv": [ 0.0, 0.0, 5.0, 1.0 ] },
						"east": { "texture": "#null", "uv": [ 0.0, 0.0, 5.0, 1.0 ] },
						"south": { "texture": "#null", "uv": [ 0.0, 0.0, 5.0, 1.0 ] },
						"west": { "texture": "#null", "uv": [ 0.0, 0.0, 5.0, 1.0 ] },
						"up": { "texture": "#null", "uv": [ 0.0, 0.0, 5.0, 5.0 ] },
						"down": { "texture": "#null", "uv": [ 0.0, 0.0, 5.0, 5.0 ] }
					}
				}
			]
		},
		{
			"name": "_origin1",
			"from": [ 8.0, 2.0, 8.0 ], 
			"to": [ 8.0, 2.0, 8.0 ], 
			"rotationOrigin": [ 8.0, 2.0, 8.0 ],
			"faces": {
				"north": { "texture": "#default", "uv": [ 0.0, 0.0, 0.5, 0.5 ] },
				"east": { "texture": "#default", "uv": [ 0.0, 0.0, 0.5, 0.5 ] },
				"south": { "texture": "#default", "uv": [ 0.0, 0.0, 0.5, 0.5 ] },
				"west": { "texture": "#default", "uv": [ 0.0, 0.0, 0.5, 0.5 ] },
				"up": { "texture": "#default", "uv": [ 0.0, 0.0, 0.5, 0.5 ] },
				"down": { "texture": "#default", "uv": [ 0.0, 0.0, 0.5, 0.5 ] }
			},
			"children": [
				{
					"name": "_prism",
					"from": [ -0.9, 1.87, 5.25 ], 
					"to": [ -0.9, 1.87, 5.25 ], 
					"rotationOrigin": [ -0.9, 2.025, 4.5 ],
					"rotationX": -90.0,
					"faces": {
						"north": { "texture": "#default", "uv": [ 0.0, 13.0, 0.5, 13.5 ] },
						"east": { "texture": "#default", "uv": [ 1.5, 3.0, 2.0, 3.5 ] },
						"south": { "texture": "#default", "uv": [ 5.5, 7.0, 6.0, 7.5 ] },
						"west": { "texture": "#default", "uv": [ 5.5, 6.5, 6.0, 7.0 ] },
						"up": { "texture": "#default", "uv": [ 11.0, 1.5, 11.5, 2.0 ] },
						"down": { "texture": "#default", "uv": [ 1.0, 0.0, 1.5, 0.5 ] }
					},
					"children": [
						{
							"name": "_mainbody-capfront",
							"from": [ 0.0, 0.0, 0.0 ], 
							"to": [ 0.0, 0.0, 0.0 ], 
							"faces": {
								"north": { "texture": "#default", "uv": [ 0.0, 0.0, 0.0563, 0.0563 ] },
								"east": { "texture": "#default", "uv": [ 0.0, 0.0, 0.0563, 0.0563 ] },
								"south": { "texture": "#default", "uv": [ 0.0, 0.0, 0.0563, 0.0563 ] },
								"west": { "texture": "#default", "uv": [ 0.0, 0.0, 0.0563, 0.0563 ] },
								"up": { "texture": "#default", "uv": [ 0.0, 0.0, 0.0563, 0.0563 ] },
								"down": { "texture": "#default", "uv": [ 0.0, 0.0, 0.0563, 0.0563 ] }
							},
							"children": [
								{
									"name": "mainbody-capfront-1-4",
									"from": [ -0.1125, 3.72, -4.2669 ], 
									"to": [ 0.0, 5.52, -3.3669 ], 
									"rotationOrigin": [ 0.0, 3.7205, -3.3669 ],
									"rotationX": -180.0,
									"rotationY": 60.0,
									"rotationZ": 180.0,
									"faces": {
										"north": { "texture": "#material", "uv": [ 6.5, 0.0, 7.25, 1.5 ], "enabled": false },
										"east": { "texture": "#material", "uv": [ 0.0, 0.0, 0.75, 1.5 ] },
										"south": { "texture": "#material", "uv": [ 10.5, 0.0, 11.25, 1.5 ], "enabled": false },
										"west": { "texture": "#material", "uv": [ 0.0, 0.0, 0.75, 1.5 ], "enabled": false },
										"up": { "texture": "#material", "uv": [ 0.0, 0.0, 0.75, 0.75 ] },
										"down": { "texture": "#material", "uv": [ 0.0, 0.0, 0.75, 0.75 ] }
									}
								},
								{
									"name": "mainbody-capfront-1-2",
									"from": [ 1.8, 3.72, -4.2669 ], 
									"to": [ 1.9125, 5.52, -3.3669 ], 
									"rotationOrigin": [ 1.8, 3.7205, -3.3669 ],
									"rotationX": -180.0,
									"rotationY": -60.0,
									"rotationZ": 180.0,
									"faces": {
										"north": { "texture": "#material", "uv": [ 7.5, 0.0, 8.25, 1.5 ], "enabled": false },
										"east": { "texture": "#material", "uv": [ 1.5, 0.0, 2.25, 1.5 ], "enabled": false },
										"south": { "texture": "#material", "uv": [ 2.5, 0.0, 3.25, 1.5 ], "enabled": false },
										"west": { "texture": "#material", "uv": [ 0.0, 0.0, 0.75, 1.5 ] },
										"up": { "texture": "#material", "uv": [ 0.0, 0.0, 0.75, 0.75 ] },
										"down": { "texture": "#material", "uv": [ 0.0, 0.0, 0.75, 0.75 ] }
									}
								},
								{
									"name": "mainbody-capfront-1-3",
									"from": [ 2.5794, 3.72, -3.8169 ], 
									"to": [ 2.6919, 5.52, -2.9169 ], 
									"rotationOrigin": [ 2.5794, 3.7205, -2.9169 ],
									"rotationX": -180.0,
									"rotationY": -30.0,
									"rotationZ": 180.0,
									"faces": {
										"north": { "texture": "#material", "uv": [ 13.5, 0.0, 14.25, 1.5 ], "enabled": false },
										"east": { "texture": "#material", "uv": [ 6.0, 0.0, 6.75, 1.5 ], "enabled": false },
										"south": { "texture": "#material", "uv": [ 4.0, 0.0, 4.75, 1.5 ], "enabled": false },
										"west": { "texture": "#material", "uv": [ 0.0, 0.0, 0.75, 1.5 ] },
										"up": { "texture": "#material", "uv": [ 0.0, 0.0, 0.75, 0.75 ] },
										"down": { "texture": "#material", "uv": [ 0.0, 0.0, 0.75, 0.75 ] }
									}
								},
								{
									"name": "mainbody-capfront-1-5",
									"from": [ -0.8919, 3.72, -3.8169 ], 
									"to": [ -0.7794, 5.52, -2.9169 ], 
									"rotationOrigin": [ -0.7794, 3.7205, -2.9169 ],
									"rotationX": -180.0,
									"rotationY": 30.0,
									"rotationZ": 180.0,
									"faces": {
										"north": { "texture": "#material", "uv": [ 11.5, 0.0, 12.25, 1.5 ], "enabled": false },
										"east": { "texture": "#material", "uv": [ 0.0, 0.0, 0.75, 1.5 ] },
										"south": { "texture": "#material", "uv": [ 3.0, 0.0, 3.75, 1.5 ], "enabled": false },
										"west": { "texture": "#material", "uv": [ 1.0, 0.0, 1.75, 1.5 ], "enabled": false },
										"up": { "texture": "#material", "uv": [ 0.0, 0.0, 0.75, 0.75 ] },
										"down": { "texture": "#material", "uv": [ 0.0, 0.0, 0.75, 0.75 ] }
									}
								},
								{
									"name": "mainbody-capfront-2-1",
									"from": [ -0.8901, 5.3999, -4.263 ], 
									"to": [ 0.0099, 5.5124, -3.363 ], 
									"rotationOrigin": [ 0.0099, 5.5124, -3.3484 ],
									"rotationX": -165.048,
									"rotationY": 60.054,
									"rotationZ": 107.071,
									"faces": {
										"north": { "texture": "#material", "uv": [ 0.0, 0.0, 0.75, 0.75 ] },
										"east": { "texture": "#material", "uv": [ 4.0, 4.5, 4.75, 5.25 ], "enabled": false },
										"south": { "texture": "#material", "uv": [ 7.5, 10.5, 8.25, 11.25 ], "enabled": false },
										"west": { "texture": "#material", "uv": [ 0.0, 0.0, 0.75, 0.75 ] },
										"up": { "texture": "#material", "uv": [ 0.0, 0.0, 0.75, 0.75 ] },
										"down": { "texture": "#material", "uv": [ 5.5, 6.5, 6.25, 7.25 ], "enabled": false }
									}
								},
								{
									"name": "mainbody-capfront-2-3",
									"from": [ -1.4536, 5.7893, -2.1099 ], 
									"to": [ -0.5536, 5.9018, -1.2099 ], 
									"rotationOrigin": [ -1.0036, 5.9018, -2.1099 ],
									"rotationX": 163.888,
									"rotationY": 25.513,
									"rotationZ": 123.8,
									"faces": {
										"north": { "texture": "#material", "uv": [ 7.0, 8.0, 7.75, 8.75 ], "enabled": false },
										"east": { "texture": "#material", "uv": [ 0.0, 0.0, 0.75, 0.75 ] },
										"south": { "texture": "#material", "uv": [ 0.0, 0.0, 0.75, 0.75 ] },
										"west": { "texture": "#material", "uv": [ 0.0, 0.0, 0.75, 0.75 ] },
										"up": { "texture": "#material", "uv": [ 0.0, 0.0, 0.75, 0.75 ] },
										"down": { "texture": "#material", "uv": [ 7.5, 6.5, 8.25, 7.25 ], "enabled": false }
									}
								},
								{
									"name": "mainbody-capfront-2-2",
									"from": [ -0.8374, 6.4025, -2.1106 ], 
									"to": [ 0.0625, 6.515, -1.2107 ], 
									"rotationOrigin": [ -0.3874, 6.515, -2.1106 ],
									"rotationX": 153.454,
									"rotationY": 14.316,
									"rotationZ": 153.509,
									"faces": {
										"north": { "texture": "#material", "uv": [ 4.5, 13.5, 5.25, 14.25 ], "enabled": false },
										"east": { "texture": "#material", "uv": [ 0.0, 0.0, 0.75, 0.75 ] },
										"south": { "texture": "#material", "uv": [ 0.0, 0.0, 0.75, 0.75 ] },
										"west": { "texture": "#material", "uv": [ 0.0, 0.0, 0.75, 0.75 ] },
										"up": { "texture": "#material", "uv": [ 0.0, 0.0, 0.75, 0.75 ] },
										"down": { "texture": "#material", "uv": [ 7.5, 7.5, 8.25, 8.25 ], "enabled": false }
									}
								},
								{
									"name": "mainbody-capfront-5-1",
									"from": [ 0.9, 5.3955, -4.263 ], 
									"to": [ 1.8, 5.508, -3.363 ], 
									"rotationOrigin": [ 1.8, 5.508, -3.3484 ],
									"rotationX": 119.1,
									"rotationY": 7.4,
									"rotationZ": -149.9,
									"faces": {
										"north": { "texture": "#material", "uv": [ 0.0, 0.0, 0.75, 0.75 ] },
										"east": { "texture": "#material", "uv": [ 4.0, 4.5, 4.75, 5.25 ], "enabled": false },
										"south": { "texture": "#material", "uv": [ 7.5, 10.5, 8.25, 11.25 ], "enabled": false },
										"west": { "texture": "#material", "uv": [ 0.0, 0.0, 0.75, 0.75 ] },
										"up": { "texture": "#material", "uv": [ 0.0, 0.0, 0.75, 0.75 ] },
										"down": { "texture": "#material", "uv": [ 5.5, 6.5, 6.25, 7.25 ], "enabled": false }
									}
								},
								{
									"name": "mainbody-capfront-5-3",
									"from": [ 1.7394, 6.4091, -2.1099 ], 
									"to": [ 2.6394, 6.5215, -1.2099 ], 
									"rotationOrigin": [ 2.1894, 6.5215, -2.1099 ],
									"rotationX": 153.583,
									"rotationY": -14.504,
									"rotationZ": -153.292,
									"faces": {
										"north": { "texture": "#material", "uv": [ 7.0, 8.0, 7.9, 8.1125 ] },
										"east": { "texture": "#material", "uv": [ 6.0, 0.5, 6.9, 0.6125 ] },
										"south": { "texture": "#material", "uv": [ 5.5, 0.5, 6.4, 0.6125 ] },
										"west": { "texture": "#material", "uv": [ 2.0, 6.5, 2.9, 6.6125 ] },
										"up": { "texture": "#material", "uv": [ 2.0, 1.5, 2.9, 2.4 ] },
										"down": { "texture": "#material", "uv": [ 7.5, 6.5, 8.4, 7.4 ] }
									}
								},
								{
									"name": "mainbody-capfront-5-2",
									"from": [ 2.3528, 5.7928, -2.1106 ], 
									"to": [ 3.2527, 5.9054, -1.2107 ], 
									"rotationOrigin": [ 2.8028, 5.9054, -2.1106 ],
									"rotationX": 164.078,
									"rotationY": -25.66,
									"rotationZ": -123.533,
									"faces": {
										"north": { "texture": "#material", "uv": [ 4.5, 13.5, 5.25, 14.25 ], "enabled": false },
										"east": { "texture": "#material", "uv": [ 0.0, 0.0, 0.75, 0.75 ] },
										"south": { "texture": "#material", "uv": [ 0.0, 0.0, 0.75, 0.75 ] },
										"west": { "texture": "#material", "uv": [ 0.0, 0.0, 0.75, 0.75 ] },
										"up": { "texture": "#material", "uv": [ 0.0, 0.0, 0.75, 0.75 ] },
										"down": { "texture": "#material", "uv": [ 7.5, 7.5, 8.25, 8.25 ], "enabled": false }
									}
								},
								{
									"name": "mainbody-capfront-1-7",
									"from": [ 1.799, 6.6374, -2.1375 ], 
									"to": [ 3.6012, 6.7499, -1.2375 ], 
									"rotationOrigin": [ 1.8, 6.7499, -2.1375 ],
									"rotationX": 150.0,
									"rotationZ": -180.0,
									"faces": {
										"north": { "texture": "#material", "uv": [ 0.0, 11.0, 1.5, 11.75 ], "enabled": false },
										"east": { "texture": "#material", "uv": [ 0.0, 0.0, 0.75, 0.75 ] },
										"south": { "texture": "#material", "uv": [ 0.0, 3.0, 1.5, 3.75 ], "enabled": false },
										"west": { "texture": "#material", "uv": [ 0.0, 0.0, 0.75, 0.75 ] },
										"up": { "texture": "#material", "uv": [ 0.0, 0.0, 1.5, 0.75 ] },
										"down": { "texture": "#material", "uv": [ 0.0, 0.5, 1.5, 1.25 ], "enabled": false }
									}
								},
								{
									"name": "mainbody-capfront-1-6",
									"from": [ 1.8, 6.1874, -2.9169 ], 
									"to": [ 3.6, 6.2999, -2.0169 ], 
									"rotationOrigin": [ 1.8, 6.2999, -2.9169 ],
									"rotationX": 120.0,
									"rotationZ": -180.0,
									"faces": {
										"north": { "texture": "#material", "uv": [ 0.0, 2.0, 1.5, 2.75 ], "enabled": false },
										"east": { "texture": "#material", "uv": [ 0.0, 0.0, 0.75, 0.75 ] },
										"south": { "texture": "#material", "uv": [ 0.0, 11.5, 1.5, 12.25 ], "enabled": false },
										"west": { "texture": "#material", "uv": [ 0.0, 0.0, 0.75, 0.75 ] },
										"up": { "texture": "#material", "uv": [ 0.0, 0.0, 1.5, 0.75 ] },
										"down": { "texture": "#material", "uv": [ 0.0, 2.0, 1.5, 2.75 ], "enabled": false }
									}
								},
								{
									"name": "mainbody-capfront-1-1",
									"from": [ 1.8, 5.4081, -3.3667 ], 
									"to": [ 3.6, 5.5206, -1.5667 ], 
									"rotationOrigin": [ 1.8, 5.5206, -3.3669 ],
									"rotationX": 90.0,
									"rotationZ": -180.0,
									"faces": {
										"north": { "texture": "#material", "uv": [ 0.0, 11.5, 1.5, 12.25 ], "enabled": false },
										"east": { "texture": "#material", "uv": [ 0.0, 14.5, 1.5, 15.25 ], "enabled": false },
										"south": { "texture": "#material", "uv": [ 0.0, 11.0, 1.5, 11.75 ], "enabled": false },
										"west": { "texture": "#material", "uv": [ 0.0, 6.0, 1.5, 6.75 ], "enabled": false },
										"up": { "texture": "#material", "uv": [ 0.0, 0.0, 1.5, 1.5 ] },
										"down": { "texture": "#material", "uv": [ 0.0, 0.0, 1.5, 1.5 ], "enabled": false }
									}
								}
							]
						},
						{
							"name": "_mainbody-capback",
							"from": [ -1.8, 0.0, 4.29 ], 
							"to": [ -1.8, 0.0, 4.29 ], 
							"rotationOrigin": [ 0.0, 0.0, 0.0 ],
							"rotationY": 180.0,
							"faces": {
								"north": { "texture": "#default", "uv": [ 0.0, 0.0, 0.75, 0.75 ] },
								"east": { "texture": "#default", "uv": [ 0.0, 0.0, 0.75, 0.75 ] },
								"south": { "texture": "#default", "uv": [ 0.0, 0.0, 0.75, 0.75 ] },
								"west": { "texture": "#default", "uv": [ 0.0, 0.0, 0.75, 0.75 ] },
								"up": { "texture": "#default", "uv": [ 0.0, 0.0, 0.75, 0.75 ] },
								"down": { "texture": "#default", "uv": [ 0.0, 0.0, 0.75, 0.75 ] }
							},
							"children": [
								{
									"name": "mainbody-capback-1-4",
									"from": [ -0.1125, 3.72, -4.2669 ], 
									"to": [ 0.0, 5.52, -3.3669 ], 
									"rotationOrigin": [ 0.0, 3.7205, -3.3669 ],
									"rotationX": -180.0,
									"rotationY": 60.0,
									"rotationZ": 180.0,
									"faces": {
										"north": { "texture": "#material", "uv": [ 6.5, 0.0, 7.25, 1.5 ], "enabled": false },
										"east": { "texture": "#material", "uv": [ 0.0, 0.0, 0.75, 1.5 ] },
										"south": { "texture": "#material", "uv": [ 10.5, 0.0, 11.25, 1.5 ], "enabled": false },
										"west": { "texture": "#material", "uv": [ 0.0, 0.0, 0.75, 1.5 ], "enabled": false },
										"up": { "texture": "#material", "uv": [ 0.0, 0.0, 0.75, 0.75 ] },
										"down": { "texture": "#material", "uv": [ 0.0, 0.0, 0.75, 0.75 ] }
									}
								},
								{
									"name": "mainbody-capback-1-2",
									"from": [ 1.8, 3.72, -4.2669 ], 
									"to": [ 1.9125, 5.52, -3.3669 ], 
									"rotationOrigin": [ 1.8, 3.7205, -3.3669 ],
									"rotationX": -180.0,
									"rotationY": -60.0,
									"rotationZ": 180.0,
									"faces": {
										"north": { "texture": "#material", "uv": [ 7.5, 0.0, 8.25, 1.5 ], "enabled": false },
										"east": { "texture": "#material", "uv": [ 1.5, 0.0, 2.25, 1.5 ], "enabled": false },
										"south": { "texture": "#material", "uv": [ 2.5, 0.0, 3.25, 1.5 ], "enabled": false },
										"west": { "texture": "#material", "uv": [ 0.0, 0.0, 0.75, 1.5 ] },
										"up": { "texture": "#material", "uv": [ 0.0, 0.0, 0.75, 0.75 ] },
										"down": { "texture": "#material", "uv": [ 0.0, 0.0, 0.75, 0.75 ] }
									}
								},
								{
									"name": "mainbody-capback-1-3",
									"from": [ 2.5794, 3.72, -3.8169 ], 
									"to": [ 2.6919, 5.52, -2.9169 ], 
									"rotationOrigin": [ 2.5794, 3.7205, -2.9169 ],
									"rotationX": -180.0,
									"rotationY": -30.0,
									"rotationZ": 180.0,
									"faces": {
										"north": { "texture": "#material", "uv": [ 13.5, 0.0, 14.25, 1.5 ], "enabled": false },
										"east": { "texture": "#material", "uv": [ 6.0, 0.0, 6.75, 1.5 ], "enabled": false },
										"south": { "texture": "#material", "uv": [ 4.0, 0.0, 4.75, 1.5 ], "enabled": false },
										"west": { "texture": "#material", "uv": [ 0.0, 0.0, 0.75, 1.5 ] },
										"up": { "texture": "#material", "uv": [ 0.0, 0.0, 0.75, 0.75 ] },
										"down": { "texture": "#material", "uv": [ 0.0, 0.0, 0.75, 0.75 ] }
									}
								},
								{
									"name": "mainbody-capback-1-5",
									"from": [ -0.8919, 3.72, -3.8169 ], 
									"to": [ -0.7794, 5.52, -2.9169 ], 
									"rotationOrigin": [ -0.7794, 3.7205, -2.9169 ],
									"rotationX": -180.0,
									"rotationY": 30.0,
									"rotationZ": 180.0,
									"faces": {
										"north": { "texture": "#material", "uv": [ 11.5, 0.0, 12.25, 1.5 ], "enabled": false },
										"east": { "texture": "#material", "uv": [ 0.0, 0.0, 0.75, 1.5 ] },
										"south": { "texture": "#material", "uv": [ 3.0, 0.0, 3.75, 1.5 ], "enabled": false },
										"west": { "texture": "#material", "uv": [ 1.0, 0.0, 1.75, 1.5 ], "enabled": false },
										"up": { "texture": "#material", "uv": [ 0.0, 0.0, 0.75, 0.75 ] },
										"down": { "texture": "#material", "uv": [ 0.0, 0.0, 0.75, 0.75 ] }
									}
								},
								{
									"name": "mainbody-capback-2-1",
									"from": [ -0.8901, 5.3999, -4.263 ], 
									"to": [ 0.0099, 5.5124, -3.363 ], 
									"rotationOrigin": [ 0.0099, 5.5124, -3.3484 ],
									"rotationX": -165.048,
									"rotationY": 60.054,
									"rotationZ": 107.071,
									"faces": {
										"north": { "texture": "#material", "uv": [ 0.0, 0.0, 0.75, 0.75 ] },
										"east": { "texture": "#material", "uv": [ 4.0, 4.5, 4.75, 5.25 ], "enabled": false },
										"south": { "texture": "#material", "uv": [ 7.5, 10.5, 8.25, 11.25 ], "enabled": false },
										"west": { "texture": "#material", "uv": [ 0.0, 0.0, 0.75, 0.75 ] },
										"up": { "texture": "#material", "uv": [ 0.0, 0.0, 0.75, 0.75 ] },
										"down": { "texture": "#material", "uv": [ 5.5, 6.5, 6.25, 7.25 ], "enabled": false }
									}
								},
								{
									"name": "mainbody-capback-2-3",
									"from": [ -1.4536, 5.7893, -2.1099 ], 
									"to": [ -0.5536, 5.9018, -1.2099 ], 
									"rotationOrigin": [ -1.0036, 5.9018, -2.1099 ],
									"rotationX": 163.888,
									"rotationY": 25.513,
									"rotationZ": 123.8,
									"faces": {
										"north": { "texture": "#material", "uv": [ 7.0, 8.0, 7.75, 8.75 ], "enabled": false },
										"east": { "texture": "#material", "uv": [ 0.0, 0.0, 0.75, 0.75 ] },
										"south": { "texture": "#material", "uv": [ 0.0, 0.0, 0.75, 0.75 ] },
										"west": { "texture": "#material", "uv": [ 0.0, 0.0, 0.75, 0.75 ] },
										"up": { "texture": "#material", "uv": [ 0.0, 0.0, 0.75, 0.75 ] },
										"down": { "texture": "#material", "uv": [ 7.5, 6.5, 8.25, 7.25 ], "enabled": false }
									}
								},
								{
									"name": "mainbody-capback-2-2",
									"from": [ -0.8374, 6.4025, -2.1106 ], 
									"to": [ 0.0625, 6.515, -1.2107 ], 
									"rotationOrigin": [ -0.3874, 6.515, -2.1106 ],
									"rotationX": 153.454,
									"rotationY": 14.316,
									"rotationZ": 153.509,
									"faces": {
										"north": { "texture": "#material", "uv": [ 4.5, 13.5, 5.25, 14.25 ], "enabled": false },
										"east": { "texture": "#material", "uv": [ 0.0, 0.0, 0.75, 0.75 ] },
										"south": { "texture": "#material", "uv": [ 0.0, 0.0, 0.75, 0.75 ] },
										"west": { "texture": "#material", "uv": [ 0.0, 0.0, 0.75, 0.75 ] },
										"up": { "texture": "#material", "uv": [ 0.0, 0.0, 0.75, 0.75 ] },
										"down": { "texture": "#material", "uv": [ 7.5, 7.5, 8.25, 8.25 ], "enabled": false }
									}
								},
								{
									"name": "mainbody-capback-5-1",
									"from": [ 0.9, 5.3955, -4.263 ], 
									"to": [ 1.8, 5.508, -3.363 ], 
									"rotationOrigin": [ 1.8, 5.508, -3.3484 ],
									"rotationX": 119.1,
									"rotationY": 7.4,
									"rotationZ": -149.9,
									"faces": {
										"north": { "texture": "#material", "uv": [ 0.0, 0.0, 0.75, 0.75 ] },
										"east": { "texture": "#material", "uv": [ 4.0, 4.5, 4.75, 5.25 ], "enabled": false },
										"south": { "texture": "#material", "uv": [ 7.5, 10.5, 8.25, 11.25 ], "enabled": false },
										"west": { "texture": "#material", "uv": [ 0.0, 0.0, 0.75, 0.75 ] },
										"up": { "texture": "#material", "uv": [ 0.0, 0.0, 0.75, 0.75 ] },
										"down": { "texture": "#material", "uv": [ 5.5, 6.5, 6.25, 7.25 ], "enabled": false }
									}
								},
								{
									"name": "mainbody-capback-5-3",
									"from": [ 1.7394, 6.4091, -2.1099 ], 
									"to": [ 2.6394, 6.5215, -1.2099 ], 
									"rotationOrigin": [ 2.1894, 6.5215, -2.1099 ],
									"rotationX": 153.583,
									"rotationY": -14.504,
									"rotationZ": -153.292,
									"faces": {
										"north": { "texture": "#material", "uv": [ 7.0, 8.0, 7.75, 8.75 ] },
										"east": { "texture": "#material", "uv": [ 6.0, 0.5, 6.75, 1.25 ] },
										"south": { "texture": "#material", "uv": [ 5.5, 0.5, 6.25, 1.25 ] },
										"west": { "texture": "#material", "uv": [ 2.0, 6.5, 2.75, 7.25 ] },
										"up": { "texture": "#material", "uv": [ 2.0, 1.5, 2.75, 2.25 ] },
										"down": { "texture": "#material", "uv": [ 7.5, 6.5, 8.25, 7.25 ] }
									}
								},
								{
									"name": "mainbody-capback-5-2",
									"from": [ 2.3528, 5.7928, -2.1106 ], 
									"to": [ 3.2527, 5.9054, -1.2107 ], 
									"rotationOrigin": [ 2.8028, 5.9054, -2.1106 ],
									"rotationX": 164.078,
									"rotationY": -25.66,
									"rotationZ": -123.533,
									"faces": {
										"north": { "texture": "#material", "uv": [ 4.5, 13.5, 5.25, 14.25 ], "enabled": false },
										"east": { "texture": "#material", "uv": [ 0.0, 0.0, 0.75, 0.75 ] },
										"south": { "texture": "#material", "uv": [ 0.0, 0.0, 0.75, 0.75 ] },
										"west": { "texture": "#material", "uv": [ 0.0, 0.0, 0.75, 0.75 ] },
										"up": { "texture": "#material", "uv": [ 0.0, 0.0, 0.75, 0.75 ] },
										"down": { "texture": "#material", "uv": [ 7.5, 7.5, 8.25, 8.25 ], "enabled": false }
									}
								},
								{
									"name": "mainbody-capback-1-7",
									"from": [ 1.799, 6.6374, -2.1375 ], 
									"to": [ 3.6012, 6.7499, -1.2375 ], 
									"rotationOrigin": [ 1.8, 6.7499, -2.1375 ],
									"rotationX": 150.0,
									"rotationZ": -180.0,
									"faces": {
										"north": { "texture": "#material", "uv": [ 0.0, 11.0, 1.5, 11.75 ], "enabled": false },
										"east": { "texture": "#material", "uv": [ 0.0, 0.0, 0.75, 0.75 ] },
										"south": { "texture": "#material", "uv": [ 0.0, 3.0, 1.5, 3.75 ], "enabled": false },
										"west": { "texture": "#material", "uv": [ 0.0, 0.0, 0.75, 0.75 ] },
										"up": { "texture": "#material", "uv": [ 0.0, 0.0, 1.5, 0.75 ] },
										"down": { "texture": "#material", "uv": [ 0.0, 0.5, 1.5, 1.25 ], "enabled": false }
									}
								},
								{
									"name": "mainbody-capback-1-6",
									"from": [ 1.8, 6.1874, -2.9169 ], 
									"to": [ 3.6, 6.2999, -2.0169 ], 
									"rotationOrigin": [ 1.8, 6.2999, -2.9169 ],
									"rotationX": 120.0,
									"rotationZ": -180.0,
									"faces": {
										"north": { "texture": "#material", "uv": [ 0.0, 2.0, 1.5, 2.75 ], "enabled": false },
										"east": { "texture": "#material", "uv": [ 0.0, 0.0, 0.75, 0.75 ] },
										"south": { "texture": "#material", "uv": [ 0.0, 11.5, 1.5, 12.25 ], "enabled": false },
										"west": { "texture": "#material", "uv": [ 0.0, 0.0, 0.75, 0.75 ] },
										"up": { "texture": "#material", "uv": [ 0.0, 0.0, 1.5, 0.75 ] },
										"down": { "texture": "#material", "uv": [ 0.0, 2.0, 1.5, 2.75 ], "enabled": false }
									}
								},
								{
									"name": "mainbody-capback-1-1",
									"from": [ 1.8, 5.4081, -3.3667 ], 
									"to": [ 3.6, 5.5206, -1.5667 ], 
									"rotationOrigin": [ 1.8, 5.5206, -3.3669 ],
									"rotationX": 90.0,
									"rotationZ": -180.0,
									"faces": {
										"north": { "texture": "#material", "uv": [ 0.0, 11.5, 1.5, 12.25 ], "enabled": false },
										"east": { "texture": "#material", "uv": [ 0.0, 14.5, 1.5, 15.25 ], "enabled": false },
										"south": { "texture": "#material", "uv": [ 0.0, 11.0, 1.5, 11.75 ], "enabled": false },
										"west": { "texture": "#material", "uv": [ 0.0, 6.0, 1.5, 6.75 ], "enabled": false },
										"up": { "texture": "#material", "uv": [ 0.0, 0.0, 1.5, 1.5 ] },
										"down": { "texture": "#material", "uv": [ 0.0, 0.0, 1.5, 1.5 ], "enabled": false }
									}
								}
							]
						},
						{
							"name": "Cube1",
							"from": [ 1.8, -0.9, -4.29 ], 
							"to": [ 1.8, -0.9, -4.29 ], 
							"rotationOrigin": [ 1.8, 0.0, -4.29 ],
							"rotationX": -180.0,
							"rotationZ": -180.0,
							"faces": {
								"north": { "texture": "#default", "uv": [ 0.0, 0.0, 0.75, 0.75 ] },
								"east": { "texture": "#default", "uv": [ 0.0, 0.0, 0.75, 0.75 ] },
								"south": { "texture": "#default", "uv": [ 0.0, 0.0, 0.75, 0.75 ] },
								"west": { "texture": "#default", "uv": [ 0.0, 0.0, 0.75, 0.75 ] },
								"up": { "texture": "#default", "uv": [ 0.0, 0.0, 0.75, 0.75 ] },
								"down": { "texture": "#default", "uv": [ 0.0, 0.0, 0.75, 0.75 ] }
							},
							"children": [
								{
									"name": "mainbody-capback-3-1",
									"from": [ -0.9, 4.5266, -4.263 ], 
									"to": [ 0.0, 4.6391, -3.363 ], 
									"rotationOrigin": [ 0.0, 4.639, -3.3484 ],
									"rotationX": -119.1,
									"rotationY": -7.4,
									"rotationZ": 30.1,
									"faces": {
										"north": { "texture": "#material", "uv": [ 0.0, 0.0, 0.75, 0.75 ] },
										"east": { "texture": "#material", "uv": [ 4.0, 4.5, 4.75, 5.25 ], "enabled": false },
										"south": { "texture": "#material", "uv": [ 7.5, 10.5, 8.25, 11.25 ], "enabled": false },
										"west": { "texture": "#material", "uv": [ 0.0, 0.0, 0.75, 0.75 ] },
										"up": { "texture": "#material", "uv": [ 0.0, 0.0, 0.75, 0.75 ] },
										"down": { "texture": "#material", "uv": [ 5.5, 6.5, 6.25, 7.25 ], "enabled": false }
									}
								},
								{
									"name": "mainbody-capback-3-3",
									"from": [ -0.8394, 3.513, -2.1099 ], 
									"to": [ 0.0606, 3.6255, -1.2099 ], 
									"rotationOrigin": [ -0.3894, 3.6255, -2.1099 ],
									"rotationX": -153.583,
									"rotationY": 14.504,
									"rotationZ": 26.708,
									"faces": {
										"north": { "texture": "#material", "uv": [ 7.0, 8.0, 7.75, 8.75 ], "enabled": false },
										"east": { "texture": "#material", "uv": [ 0.0, 0.0, 0.75, 0.75 ] },
										"south": { "texture": "#material", "uv": [ 0.0, 0.0, 0.75, 0.75 ] },
										"west": { "texture": "#material", "uv": [ 0.0, 0.0, 0.75, 0.75 ] },
										"up": { "texture": "#material", "uv": [ 0.0, 0.0, 0.75, 0.75 ] },
										"down": { "texture": "#material", "uv": [ 7.5, 6.5, 8.25, 7.25 ], "enabled": false }
									}
								},
								{
									"name": "mainbody-capback-3-2",
									"from": [ -1.4526, 4.1292, -2.1106 ], 
									"to": [ -0.5526, 4.2417, -1.2107 ], 
									"rotationOrigin": [ -1.0026, 4.2417, -2.1106 ],
									"rotationX": -164.078,
									"rotationY": 25.66,
									"rotationZ": 56.467,
									"faces": {
										"north": { "texture": "#material", "uv": [ 4.5, 13.5, 5.25, 14.25 ], "enabled": false },
										"east": { "texture": "#material", "uv": [ 0.0, 0.0, 0.75, 0.75 ] },
										"south": { "texture": "#material", "uv": [ 0.0, 0.0, 0.75, 0.75 ] },
										"west": { "texture": "#material", "uv": [ 0.0, 0.0, 0.75, 0.75 ] },
										"up": { "texture": "#material", "uv": [ 0.0, 0.0, 0.75, 0.75 ] },
										"down": { "texture": "#material", "uv": [ 7.5, 7.5, 8.25, 8.25 ], "enabled": false }
									}
								},
								{
									"name": "mainbody-capback-4-1",
									"from": [ 0.8901, 4.5223, -4.263 ], 
									"to": [ 1.7901, 4.6349, -3.363 ], 
									"rotationOrigin": [ 1.7901, 4.6349, -3.3484 ],
									"rotationX": 165.048,
									"rotationY": -60.054,
									"rotationZ": -72.929,
									"faces": {
										"north": { "texture": "#material", "uv": [ 0.0, 0.0, 0.75, 0.75 ] },
										"east": { "texture": "#material", "uv": [ 4.0, 4.5, 4.75, 5.25 ], "enabled": false },
										"south": { "texture": "#material", "uv": [ 7.5, 10.5, 8.25, 11.25 ], "enabled": false },
										"west": { "texture": "#material", "uv": [ 0.0, 0.0, 0.75, 0.75 ] },
										"up": { "texture": "#material", "uv": [ 0.0, 0.0, 0.75, 0.75 ] },
										"down": { "texture": "#material", "uv": [ 5.5, 6.5, 6.25, 7.25 ], "enabled": false }
									}
								},
								{
									"name": "mainbody-capback-4-3",
									"from": [ 2.3537, 4.133, -2.1099 ], 
									"to": [ 3.2537, 4.2455, -1.2099 ], 
									"rotationOrigin": [ 2.8037, 4.2455, -2.1099 ],
									"rotationX": -163.888,
									"rotationY": -25.513,
									"rotationZ": -56.2,
									"faces": {
										"north": { "texture": "#material", "uv": [ 7.0, 8.0, 7.75, 8.75 ], "enabled": false },
										"east": { "texture": "#material", "uv": [ 0.0, 0.0, 0.75, 0.75 ] },
										"south": { "texture": "#material", "uv": [ 0.0, 0.0, 0.75, 0.75 ] },
										"west": { "texture": "#material", "uv": [ 0.0, 0.0, 0.75, 0.75 ] },
										"up": { "texture": "#material", "uv": [ 0.0, 0.0, 0.75, 0.75 ] },
										"down": { "texture": "#material", "uv": [ 7.5, 6.5, 8.25, 7.25 ], "enabled": false }
									}
								},
								{
									"name": "mainbody-capback-4-2",
									"from": [ 1.7375, 3.5196, -2.1106 ], 
									"to": [ 2.6375, 3.6321, -1.2107 ], 
									"rotationOrigin": [ 2.1875, 3.6321, -2.1106 ],
									"rotationX": -153.455,
									"rotationY": -14.316,
									"rotationZ": -26.491,
									"faces": {
										"north": { "texture": "#material", "uv": [ 4.5, 13.5, 5.25, 14.25 ], "enabled": false },
										"east": { "texture": "#material", "uv": [ 0.0, 0.0, 0.75, 0.75 ] },
										"south": { "texture": "#material", "uv": [ 0.0, 0.0, 0.75, 0.75 ] },
										"west": { "texture": "#material", "uv": [ 0.0, 0.0, 0.75, 0.75 ] },
										"up": { "texture": "#material", "uv": [ 0.0, 0.0, 0.75, 0.75 ] },
										"down": { "texture": "#material", "uv": [ 7.5, 7.5, 8.25, 8.25 ], "enabled": false }
									}
								},
								{
									"name": "mainbody-capback-1-9",
									"from": [ 1.799, 3.7284, -2.9169 ], 
									"to": [ 3.6012, 3.8409, -2.0169 ], 
									"rotationOrigin": [ 1.8, 3.8409, -2.9169 ],
									"rotationX": 30.0,
									"rotationZ": 180.0,
									"faces": {
										"north": { "texture": "#material", "uv": [ 0.0, 3.0, 1.5, 3.75 ], "enabled": false },
										"east": { "texture": "#material", "uv": [ 0.0, 0.0, 0.75, 0.75 ] },
										"south": { "texture": "#material", "uv": [ 0.0, 14.5, 1.5, 15.25 ], "enabled": false },
										"west": { "texture": "#material", "uv": [ 0.0, 0.0, 0.75, 0.75 ] },
										"up": { "texture": "#material", "uv": [ 0.0, 0.0, 1.5, 0.75 ] },
										"down": { "texture": "#material", "uv": [ 0.0, 2.0, 1.5, 2.75 ], "enabled": false }
									}
								},
								{
									"name": "mainbody-capback-1-8",
									"from": [ 1.35, 4.5078, -3.3669 ], 
									"to": [ 3.15, 4.6203, -2.4669 ], 
									"rotationOrigin": [ 1.575, 4.6205, -3.3669 ],
									"rotationX": 60.0,
									"rotationZ": 180.0,
									"faces": {
										"north": { "texture": "#material", "uv": [ 0.0, 0.0, 1.5, 0.75 ], "enabled": false },
										"east": { "texture": "#material", "uv": [ 0.0, 0.0, 0.75, 0.75 ] },
										"south": { "texture": "#material", "uv": [ 0.0, 4.0, 1.5, 4.75 ], "enabled": false },
										"west": { "texture": "#material", "uv": [ 0.0, 0.0, 0.75, 0.75 ] },
										"up": { "texture": "#material", "uv": [ 0.0, 0.0, 1.5, 0.75 ] },
										"down": { "texture": "#material", "uv": [ 0.0, 3.0, 1.5, 3.75 ], "enabled": false }
									}
								},
								{
									"name": "mainbody-capfront-3-1",
									"from": [ 0.9, 4.5266, -1.8561 ], 
									"to": [ 1.8, 4.6391, -0.9561 ], 
									"rotationOrigin": [ 1.8, 4.639, -0.9416 ],
									"rotationX": -60.9,
									"rotationY": 7.4,
									"rotationZ": -149.9,
									"faces": {
										"north": { "texture": "#material", "uv": [ 0.0, 0.0, 0.75, 0.75 ] },
										"east": { "texture": "#material", "uv": [ 4.0, 4.5, 4.75, 5.25 ], "enabled": false },
										"south": { "texture": "#material", "uv": [ 7.5, 10.5, 8.25, 11.25 ], "enabled": false },
										"west": { "texture": "#material", "uv": [ 0.0, 0.0, 0.75, 0.75 ] },
										"up": { "texture": "#material", "uv": [ 0.0, 0.0, 0.75, 0.75 ] },
										"down": { "texture": "#material", "uv": [ 5.5, 6.5, 6.25, 7.25 ], "enabled": false }
									}
								},
								{
									"name": "mainbody-capfront-3-3",
									"from": [ 1.7394, 3.513, -2.1801 ], 
									"to": [ 2.6394, 3.6255, -1.2801 ], 
									"rotationOrigin": [ 2.1894, 3.6255, -2.1801 ],
									"rotationX": -26.417,
									"rotationY": -14.504,
									"rotationZ": -153.292,
									"faces": {
										"north": { "texture": "#material", "uv": [ 7.0, 8.0, 7.75, 8.75 ], "enabled": false },
										"east": { "texture": "#material", "uv": [ 0.0, 0.0, 0.75, 0.75 ] },
										"south": { "texture": "#material", "uv": [ 0.0, 0.0, 0.75, 0.75 ] },
										"west": { "texture": "#material", "uv": [ 0.0, 0.0, 0.75, 0.75 ] },
										"up": { "texture": "#material", "uv": [ 0.0, 0.0, 0.75, 0.75 ] },
										"down": { "texture": "#material", "uv": [ 7.5, 6.5, 8.25, 7.25 ], "enabled": false }
									}
								},
								{
									"name": "mainbody-capfront-3-2",
									"from": [ 2.3526, 4.1292, -2.1794 ], 
									"to": [ 3.2526, 4.2417, -1.2794 ], 
									"rotationOrigin": [ 2.8026, 4.2417, -2.1794 ],
									"rotationX": -15.922,
									"rotationY": -25.66,
									"rotationZ": -123.533,
									"faces": {
										"north": { "texture": "#material", "uv": [ 4.5, 13.5, 5.25, 14.25 ], "enabled": false },
										"east": { "texture": "#material", "uv": [ 0.0, 0.0, 0.75, 0.75 ] },
										"south": { "texture": "#material", "uv": [ 0.0, 0.0, 0.75, 0.75 ] },
										"west": { "texture": "#material", "uv": [ 0.0, 0.0, 0.75, 0.75 ] },
										"up": { "texture": "#material", "uv": [ 0.0, 0.0, 0.75, 0.75 ] },
										"down": { "texture": "#material", "uv": [ 7.5, 7.5, 8.25, 8.25 ], "enabled": false }
									}
								},
								{
									"name": "mainbody-capfront-4-1",
									"from": [ -0.8901, 4.5223, -1.8561 ], 
									"to": [ 0.0099, 4.6349, -0.9561 ], 
									"rotationOrigin": [ 0.0099, 4.6349, -0.9416 ],
									"rotationX": 14.952,
									"rotationY": 60.054,
									"rotationZ": 107.071,
									"faces": {
										"north": { "texture": "#material", "uv": [ 0.0, 0.0, 0.75, 0.75 ] },
										"east": { "texture": "#material", "uv": [ 4.0, 4.5, 4.75, 5.25 ], "enabled": false },
										"south": { "texture": "#material", "uv": [ 7.5, 10.5, 8.25, 11.25 ], "enabled": false },
										"west": { "texture": "#material", "uv": [ 0.0, 0.0, 0.75, 0.75 ] },
										"up": { "texture": "#material", "uv": [ 0.0, 0.0, 0.75, 0.75 ] },
										"down": { "texture": "#material", "uv": [ 5.5, 6.5, 6.25, 7.25 ], "enabled": false }
									}
								},
								{
									"name": "mainbody-capfront-4-3",
									"from": [ -1.4536, 4.133, -2.1801 ], 
									"to": [ -0.5536, 4.2455, -1.2801 ], 
									"rotationOrigin": [ -1.0036, 4.2455, -2.1801 ],
									"rotationX": -16.112,
									"rotationY": 25.513,
									"rotationZ": 123.8,
									"faces": {
										"north": { "texture": "#material", "uv": [ 7.0, 8.0, 7.75, 8.75 ], "enabled": false },
										"east": { "texture": "#material", "uv": [ 0.0, 0.0, 0.75, 0.75 ] },
										"south": { "texture": "#material", "uv": [ 0.0, 0.0, 0.75, 0.75 ] },
										"west": { "texture": "#material", "uv": [ 0.0, 0.0, 0.75, 0.75 ] },
										"up": { "texture": "#material", "uv": [ 0.0, 0.0, 0.75, 0.75 ] },
										"down": { "texture": "#material", "uv": [ 7.5, 6.5, 8.25, 7.25 ], "enabled": false }
									}
								},
								{
									"name": "mainbody-capfront-4-2",
									"from": [ -0.8374, 3.5196, -2.1794 ], 
									"to": [ 0.0625, 3.6321, -1.2794 ], 
									"rotationOrigin": [ -0.3874, 3.6321, -2.1794 ],
									"rotationX": -26.545,
									"rotationY": 14.316,
									"rotationZ": 153.509,
									"faces": {
										"north": { "texture": "#material", "uv": [ 4.5, 13.5, 5.25, 14.25 ], "enabled": false },
										"east": { "texture": "#material", "uv": [ 0.0, 0.0, 0.75, 0.75 ] },
										"south": { "texture": "#material", "uv": [ 0.0, 0.0, 0.75, 0.75 ] },
										"west": { "texture": "#material", "uv": [ 0.0, 0.0, 0.75, 0.75 ] },
										"up": { "texture": "#material", "uv": [ 0.0, 0.0, 0.75, 0.75 ] },
										"down": { "texture": "#material", "uv": [ 7.5, 7.5, 8.25, 8.25 ], "enabled": false }
									}
								},
								{
									"name": "mainbody-capfront-1-9",
									"from": [ -0.001, 3.7284, -1.3731 ], 
									"to": [ 1.8012, 3.8409, -0.4731 ], 
									"rotationOrigin": [ 0.0, 3.8409, -1.3731 ],
									"rotationX": 150.0,
									"faces": {
										"north": { "texture": "#material", "uv": [ 0.0, 3.0, 1.5, 3.75 ], "enabled": false },
										"east": { "texture": "#material", "uv": [ 0.0, 0.0, 0.75, 0.75 ] },
										"south": { "texture": "#material", "uv": [ 0.0, 14.5, 1.5, 15.25 ], "enabled": false },
										"west": { "texture": "#material", "uv": [ 0.0, 0.0, 0.75, 0.75 ] },
										"up": { "texture": "#material", "uv": [ 0.0, 0.0, 1.5, 0.75 ] },
										"down": { "texture": "#material", "uv": [ 0.0, 2.0, 1.5, 2.75 ], "enabled": false }
									}
								},
								{
									"name": "mainbody-capfront-1-8",
									"from": [ 0.0, 4.5078, -0.9231 ], 
									"to": [ 1.8, 4.6203, -0.0231 ], 
									"rotationOrigin": [ 0.225, 4.6205, -0.9231 ],
									"rotationX": 120.0,
									"faces": {
										"north": { "texture": "#material", "uv": [ 0.0, 0.0, 1.5, 0.75 ], "enabled": false },
										"east": { "texture": "#material", "uv": [ 0.0, 0.0, 0.75, 0.75 ] },
										"south": { "texture": "#material", "uv": [ 0.0, 4.0, 1.5, 4.75 ], "enabled": false },
										"west": { "texture": "#material", "uv": [ 0.0, 0.0, 0.75, 0.75 ] },
										"up": { "texture": "#material", "uv": [ 0.0, 0.0, 1.5, 0.75 ] },
										"down": { "texture": "#material", "uv": [ 0.0, 3.0, 1.5, 3.75 ], "enabled": false }
									}
								}
							]
						}
					]
				}
			]
		}
	],
	"animations": [
		{
			"name": "skidsup",
			"code": "skidsup",
			"quantityframes": 30,
			"onActivityStopped": "Rewind",
			"onAnimationEnd": "Hold",
			"keyframes": [

			]
		},

		{
			"name": "poweredon",
			"code": "poweredon",
			"quantityframes": 30,
			"onActivityStopped": "Rewind",
			"onAnimationEnd": "Repeat",
			"keyframes": [

			]
		}
	]
}