{
	"editor": {
		"allAngles": false,
		"entityTextureMode": false
	},
	"textureWidth": 16,
	"textureHeight": 16,
	"textureSizes": {
	},
	"textures": {
	},
	"elements": [
		{
			"name": "_origin1",
			"from": [ 0.0, 0.0, 0.0 ], 
			"to": [ 0.0, 0.0, 0.0 ], 
			"faces": {
				"north": { "texture": "#material1", "uv": [ 0.0, 0.0, 0.5, 0.5 ] },
				"east": { "texture": "#material1", "uv": [ 0.0, 0.0, 0.5, 0.5 ] },
				"south": { "texture": "#material1", "uv": [ 0.0, 0.0, 0.5, 0.5 ] },
				"west": { "texture": "#material1", "uv": [ 0.0, 0.0, 0.5, 0.5 ] },
				"up": { "texture": "#material1", "uv": [ 0.0, 0.0, 0.5, 0.5 ] },
				"down": { "texture": "#material1", "uv": [ 0.0, 0.0, 0.5, 0.5 ] }
			},
			"children": [
				{
					"name": "baseanchor31",
					"from": [ 1.5, 6.0, 8.0 ], 
					"to": [ 16.5, 7.0, 14.0 ], 
					"rotationOrigin": [ 7.0, 6.0, 10.0 ],
					"rotationY": 90.0,
					"faces": {
						"north": { "texture": "#material3", "uv": [ 0.0, 0.0, 15.0, 1.0 ] },
						"east": { "texture": "#material3", "uv": [ 0.0, 0.0, 6.0, 1.0 ] },
						"south": { "texture": "#material3", "uv": [ 0.0, 0.0, 15.0, 1.0 ] },
						"west": { "texture": "#material3", "uv": [ 0.0, 0.0, 6.0, 1.0 ] },
						"up": { "texture": "#material3", "uv": [ 0.0, 0.0, 15.0, 6.0 ] },
						"down": { "texture": "#material3", "uv": [ 0.0, 0.0, 15.0, 6.0 ] }
					},
					"children": [
						{
							"name": "baseanchor32",
							"from": [ 0.01, 0.0, 0.0 ], 
							"to": [ 14.99, 1.0, 4.03 ], 
							"rotationOrigin": [ 5.5, 1.0, 0.0 ],
							"rotationX": -83.0,
							"faces": {
								"north": { "texture": "#material3", "uv": [ 0.0, 0.0, 14.5, 1.0 ] },
								"east": { "texture": "#material3", "uv": [ 0.0, 0.0, 4.0, 1.0 ] },
								"south": { "texture": "#material3", "uv": [ 0.0, 0.0, 14.5, 1.0 ] },
								"west": { "texture": "#material3", "uv": [ 0.0, 0.0, 4.0, 1.0 ] },
								"up": { "texture": "#material3", "uv": [ 0.0, 0.0, 14.5, 4.0 ] },
								"down": { "texture": "#material3", "uv": [ 0.0, 0.0, 14.5, 4.0 ] }
							}
						},
						{
							"name": "baseanchor33",
							"from": [ 0.01, 1.0, 6.0 ], 
							"to": [ 14.99, 2.0, 10.03 ], 
							"rotationOrigin": [ 5.5, 1.0, 6.0 ],
							"rotationX": -97.0,
							"faces": {
								"north": { "texture": "#material3", "uv": [ 0.0, 0.0, 14.5, 1.0 ] },
								"east": { "texture": "#material3", "uv": [ 0.0, 0.0, 4.0, 1.0 ] },
								"south": { "texture": "#material3", "uv": [ 0.0, 0.0, 14.5, 1.0 ] },
								"west": { "texture": "#material3", "uv": [ 0.0, 0.0, 4.0, 1.0 ] },
								"up": { "texture": "#material3", "uv": [ 0.0, 0.0, 14.5, 4.0 ] },
								"down": { "texture": "#material3", "uv": [ 0.0, 0.0, 14.5, 4.0 ] }
							}
						},
						{
							"name": "inner34",
							"from": [ 0.5, 1.0, 1.0 ], 
							"to": [ 14.5, 4.0, 5.0 ], 
							"rotationOrigin": [ 0.5, 1.0, 1.0 ],
							"faces": {
								"north": { "texture": "#material2", "uv": [ 0.0, 0.0, 14.0, 3.0 ] },
								"east": { "texture": "#material2", "uv": [ 0.0, 0.0, 4.0, 3.0 ] },
								"south": { "texture": "#material2", "uv": [ 0.0, 0.0, 14.0, 3.0 ] },
								"west": { "texture": "#material2", "uv": [ 0.0, 0.0, 4.0, 3.0 ] },
								"up": { "texture": "#material2", "uv": [ 0.0, 0.0, 14.0, 4.0 ] },
								"down": { "texture": "#material2", "uv": [ 0.0, 0.0, 14.0, 4.0 ] }
							}
						},
						{
							"name": "baseanchor312",
							"from": [ 0.0, 4.0, 0.5 ], 
							"to": [ 15.0, 5.0, 5.5 ], 
							"rotationOrigin": [ 5.5, 4.0, 2.5 ],
							"faces": {
								"north": { "texture": "#material3", "uv": [ 0.0, 0.0, 15.0, 1.0 ] },
								"east": { "texture": "#material3", "uv": [ 0.0, 0.0, 5.0, 1.0 ] },
								"south": { "texture": "#material3", "uv": [ 0.0, 0.0, 15.0, 1.0 ] },
								"west": { "texture": "#material3", "uv": [ 0.0, 0.0, 5.0, 1.0 ] },
								"up": { "texture": "#material3", "uv": [ 0.0, 0.0, 15.0, 5.0 ] },
								"down": { "texture": "#material3", "uv": [ 0.0, 0.0, 15.0, 5.0 ] }
							}
						}
					]
				},
				{
					"name": "baseanchor",
					"from": [ 0.0, -1.0, 0.0 ], 
					"to": [ 16.0, 1.0, 16.0 ], 
					"rotationOrigin": [ 0.0, -1.0, 0.0 ],
					"faces": {
						"north": { "texture": "#material3", "uv": [ 0.0, 0.0, 16.0, 2.0 ] },
						"east": { "texture": "#material3", "uv": [ 0.0, 0.0, 16.0, 2.0 ] },
						"south": { "texture": "#material3", "uv": [ 0.0, 0.0, 16.0, 2.0 ] },
						"west": { "texture": "#material3", "uv": [ 0.0, 0.0, 16.0, 2.0 ] },
						"up": { "texture": "#material3", "uv": [ 0.0, 0.0, 16.0, 16.0 ] },
						"down": { "texture": "#material3", "uv": [ 0.0, 0.0, 16.0, 16.0 ] }
					}
				},
				{
					"name": "Cube23",
					"from": [ 0.0, 0.0, 0.0 ], 
					"to": [ 0.0, 0.0, 0.0 ], 
					"rotationOrigin": [ 8.0, 0.0, 8.0 ],
					"rotationX": -180.0,
					"rotationZ": -180.0,
					"faces": {
						"north": { "texture": "#material1", "uv": [ 0.0, 0.0, 0.5, 0.5 ] },
						"east": { "texture": "#material1", "uv": [ 0.0, 0.0, 0.5, 0.5 ] },
						"south": { "texture": "#material1", "uv": [ 0.0, 0.0, 0.5, 0.5 ] },
						"west": { "texture": "#material1", "uv": [ 0.0, 0.0, 0.5, 0.5 ] },
						"up": { "texture": "#material1", "uv": [ 0.0, 0.0, 0.5, 0.5 ] },
						"down": { "texture": "#material1", "uv": [ 0.0, 0.0, 0.5, 0.5 ] }
					},
					"children": [
						{
							"name": "Cube24",
							"from": [ 2.0, 0.0, 10.0 ], 
							"to": [ 6.0, 16.0, 14.0 ], 
							"rotationOrigin": [ 2.0, 0.0, 14.0 ],
							"rotationX": -5.0,
							"rotationZ": -5.0,
							"faces": {
								"north": { "texture": "#material3", "uv": [ 0.0, 0.0, 4.0, 16.0 ] },
								"east": { "texture": "#material3", "uv": [ 0.0, 0.0, 4.0, 16.0 ] },
								"south": { "texture": "#material3", "uv": [ 0.0, 0.0, 4.0, 16.0 ] },
								"west": { "texture": "#material3", "uv": [ 0.0, 0.0, 4.0, 16.0 ] },
								"up": { "texture": "#material3", "uv": [ 0.0, 0.0, 4.0, 4.0 ] },
								"down": { "texture": "#material3", "uv": [ 0.0, 0.0, 4.0, 4.0 ] }
							},
							"children": [
								{
									"name": "Cube25",
									"from": [ 0.0, 16.0, 0.0 ], 
									"to": [ 0.0, 16.0, 0.0 ], 
									"rotationOrigin": [ 0.0, 16.0, 4.0 ],
									"faces": {
										"north": { "texture": "#material1", "uv": [ 0.0, 0.0, 0.5, 0.5 ] },
										"east": { "texture": "#material1", "uv": [ 0.0, 0.0, 0.5, 0.5 ] },
										"south": { "texture": "#material1", "uv": [ 0.0, 0.0, 0.5, 0.5 ] },
										"west": { "texture": "#material1", "uv": [ 0.0, 0.0, 0.5, 0.5 ] },
										"up": { "texture": "#material1", "uv": [ 0.0, 0.0, 0.5, 0.5 ] },
										"down": { "texture": "#material1", "uv": [ 0.0, 0.0, 0.5, 0.5 ] }
									},
									"children": [
										{
											"name": "Cube26",
											"from": [ 0.0, 0.0, 0.0 ], 
											"to": [ 4.0, 6.0, 4.0 ], 
											"rotationOrigin": [ 0.0, 0.0, 4.0 ],
											"faces": {
												"north": { "texture": "#material3", "uv": [ 0.0, 0.0, 4.0, 6.0 ] },
												"east": { "texture": "#material3", "uv": [ 0.0, 0.0, 4.0, 6.0 ] },
												"south": { "texture": "#material3", "uv": [ 0.0, 0.0, 4.0, 6.0 ] },
												"west": { "texture": "#material3", "uv": [ 0.0, 0.0, 4.0, 6.0 ] },
												"up": { "texture": "#material3", "uv": [ 0.0, 0.0, 4.0, 4.0 ] },
												"down": { "texture": "#material3", "uv": [ 0.0, 0.0, 4.0, 4.0 ] }
											}
										}
									]
								}
							]
						},
						{
							"name": "Cube27",
							"from": [ -0.0028, 0.0, 0.0028 ], 
							"to": [ -0.0028, 0.0, 0.0028 ], 
							"rotationOrigin": [ 8.0, 0.0, 8.0 ],
							"rotationY": 89.98,
							"faces": {
								"north": { "texture": "#material1", "uv": [ 0.0, 0.0, 0.5, 0.5 ] },
								"east": { "texture": "#material1", "uv": [ 0.0, 0.0, 0.5, 0.5 ] },
								"south": { "texture": "#material1", "uv": [ 0.0, 0.0, 0.5, 0.5 ] },
								"west": { "texture": "#material1", "uv": [ 0.0, 0.0, 0.5, 0.5 ] },
								"up": { "texture": "#material1", "uv": [ 0.0, 0.0, 0.5, 0.5 ] },
								"down": { "texture": "#material1", "uv": [ 0.0, 0.0, 0.5, 0.5 ] }
							},
							"children": [
								{
									"name": "Cube28",
									"from": [ 2.0, 0.0, 10.0 ], 
									"to": [ 6.0, 16.0, 14.0 ], 
									"rotationOrigin": [ 2.0, 0.0, 14.0 ],
									"rotationX": -5.0,
									"rotationZ": -5.0,
									"faces": {
										"north": { "texture": "#material3", "uv": [ 0.0, 0.0, 4.0, 16.0 ] },
										"east": { "texture": "#material3", "uv": [ 0.0, 0.0, 4.0, 16.0 ] },
										"south": { "texture": "#material3", "uv": [ 0.0, 0.0, 4.0, 16.0 ] },
										"west": { "texture": "#material3", "uv": [ 0.0, 0.0, 4.0, 16.0 ] },
										"up": { "texture": "#material3", "uv": [ 0.0, 0.0, 4.0, 4.0 ] },
										"down": { "texture": "#material3", "uv": [ 0.0, 0.0, 4.0, 4.0 ] }
									},
									"children": [
										{
											"name": "Cube29",
											"from": [ 0.0, 16.0, 0.0 ], 
											"to": [ 0.0, 16.0, 0.0 ], 
											"rotationOrigin": [ 0.0, 16.0, 4.0 ],
											"faces": {
												"north": { "texture": "#material1", "uv": [ 0.0, 0.0, 0.5, 0.5 ] },
												"east": { "texture": "#material1", "uv": [ 0.0, 0.0, 0.5, 0.5 ] },
												"south": { "texture": "#material1", "uv": [ 0.0, 0.0, 0.5, 0.5 ] },
												"west": { "texture": "#material1", "uv": [ 0.0, 0.0, 0.5, 0.5 ] },
												"up": { "texture": "#material1", "uv": [ 0.0, 0.0, 0.5, 0.5 ] },
												"down": { "texture": "#material1", "uv": [ 0.0, 0.0, 0.5, 0.5 ] }
											},
											"children": [
												{
													"name": "Cube30",
													"from": [ 0.0, 0.0, 0.0 ], 
													"to": [ 4.0, 6.0, 4.0 ], 
													"rotationOrigin": [ 0.0, 0.0, 4.0 ],
													"faces": {
														"north": { "texture": "#material3", "uv": [ 0.0, 0.0, 4.0, 6.0 ] },
														"east": { "texture": "#material3", "uv": [ 0.0, 0.0, 4.0, 6.0 ] },
														"south": { "texture": "#material3", "uv": [ 0.0, 0.0, 4.0, 6.0 ] },
														"west": { "texture": "#material3", "uv": [ 0.0, 0.0, 4.0, 6.0 ] },
														"up": { "texture": "#material3", "uv": [ 0.0, 0.0, 4.0, 4.0 ] },
														"down": { "texture": "#material3", "uv": [ 0.0, 0.0, 4.0, 4.0 ] }
													}
												}
											]
										}
									]
								}
							]
						}
					]
				},
				{
					"name": "Cube18",
					"from": [ 0.0, 0.0, 0.0 ], 
					"to": [ 0.0, 0.0, 0.0 ], 
					"rotationOrigin": [ 8.0, 0.0, 8.0 ],
					"faces": {
						"north": { "texture": "#material1", "uv": [ 0.0, 0.0, 0.5, 0.5 ] },
						"east": { "texture": "#material1", "uv": [ 0.0, 0.0, 0.5, 0.5 ] },
						"south": { "texture": "#material1", "uv": [ 0.0, 0.0, 0.5, 0.5 ] },
						"west": { "texture": "#material1", "uv": [ 0.0, 0.0, 0.5, 0.5 ] },
						"up": { "texture": "#material1", "uv": [ 0.0, 0.0, 0.5, 0.5 ] },
						"down": { "texture": "#material1", "uv": [ 0.0, 0.0, 0.5, 0.5 ] }
					},
					"children": [
						{
							"name": "Cube16",
							"from": [ 2.0, 0.0, 10.0 ], 
							"to": [ 6.0, 16.0, 14.0 ], 
							"rotationOrigin": [ 2.0, 0.0, 14.0 ],
							"rotationX": -5.0,
							"rotationZ": -5.0,
							"faces": {
								"north": { "texture": "#material3", "uv": [ 0.0, 0.0, 4.0, 16.0 ] },
								"east": { "texture": "#material3", "uv": [ 0.0, 0.0, 4.0, 16.0 ] },
								"south": { "texture": "#material3", "uv": [ 0.0, 0.0, 4.0, 16.0 ] },
								"west": { "texture": "#material3", "uv": [ 0.0, 0.0, 4.0, 16.0 ] },
								"up": { "texture": "#material3", "uv": [ 0.0, 0.0, 4.0, 4.0 ] },
								"down": { "texture": "#material3", "uv": [ 0.0, 0.0, 4.0, 4.0 ] }
							},
							"children": [
								{
									"name": "Cube16",
									"from": [ 0.0, 16.0, 0.0 ], 
									"to": [ 0.0, 16.0, 0.0 ], 
									"rotationOrigin": [ 0.0, 16.0, 4.0 ],
									"faces": {
										"north": { "texture": "#material1", "uv": [ 0.0, 0.0, 0.5, 0.5 ] },
										"east": { "texture": "#material1", "uv": [ 0.0, 0.0, 0.5, 0.5 ] },
										"south": { "texture": "#material1", "uv": [ 0.0, 0.0, 0.5, 0.5 ] },
										"west": { "texture": "#material1", "uv": [ 0.0, 0.0, 0.5, 0.5 ] },
										"up": { "texture": "#material1", "uv": [ 0.0, 0.0, 0.5, 0.5 ] },
										"down": { "texture": "#material1", "uv": [ 0.0, 0.0, 0.5, 0.5 ] }
									},
									"children": [
										{
											"name": "Cube17",
											"from": [ 0.0, 0.0, 0.0 ], 
											"to": [ 4.0, 6.0, 4.0 ], 
											"rotationOrigin": [ 0.0, 0.0, 4.0 ],
											"faces": {
												"north": { "texture": "#material3", "uv": [ 0.0, 0.0, 4.0, 6.0 ] },
												"east": { "texture": "#material3", "uv": [ 0.0, 0.0, 4.0, 6.0 ] },
												"south": { "texture": "#material3", "uv": [ 0.0, 0.0, 4.0, 6.0 ] },
												"west": { "texture": "#material3", "uv": [ 0.0, 0.0, 4.0, 6.0 ] },
												"up": { "texture": "#material3", "uv": [ 0.0, 0.0, 4.0, 4.0 ] },
												"down": { "texture": "#material3", "uv": [ 0.0, 0.0, 4.0, 4.0 ] }
											}
										}
									]
								}
							]
						},
						{
							"name": "Cube19",
							"from": [ -0.0028, 0.0, 0.0028 ], 
							"to": [ -0.0028, 0.0, 0.0028 ], 
							"rotationOrigin": [ 8.0, 0.0, 8.0 ],
							"rotationY": 89.98,
							"faces": {
								"north": { "texture": "#material1", "uv": [ 0.0, 0.0, 0.5, 0.5 ] },
								"east": { "texture": "#material1", "uv": [ 0.0, 0.0, 0.5, 0.5 ] },
								"south": { "texture": "#material1", "uv": [ 0.0, 0.0, 0.5, 0.5 ] },
								"west": { "texture": "#material1", "uv": [ 0.0, 0.0, 0.5, 0.5 ] },
								"up": { "texture": "#material1", "uv": [ 0.0, 0.0, 0.5, 0.5 ] },
								"down": { "texture": "#material1", "uv": [ 0.0, 0.0, 0.5, 0.5 ] }
							},
							"children": [
								{
									"name": "Cube20",
									"from": [ 2.0, 0.0, 10.0 ], 
									"to": [ 6.0, 16.0, 14.0 ], 
									"rotationOrigin": [ 2.0, 0.0, 14.0 ],
									"rotationX": -5.0,
									"rotationZ": -5.0,
									"faces": {
										"north": { "texture": "#material3", "uv": [ 0.0, 0.0, 4.0, 16.0 ] },
										"east": { "texture": "#material3", "uv": [ 0.0, 0.0, 4.0, 16.0 ] },
										"south": { "texture": "#material3", "uv": [ 0.0, 0.0, 4.0, 16.0 ] },
										"west": { "texture": "#material3", "uv": [ 0.0, 0.0, 4.0, 16.0 ] },
										"up": { "texture": "#material3", "uv": [ 0.0, 0.0, 4.0, 4.0 ] },
										"down": { "texture": "#material3", "uv": [ 0.0, 0.0, 4.0, 4.0 ] }
									},
									"children": [
										{
											"name": "Cube21",
											"from": [ 0.0, 16.0, 0.0 ], 
											"to": [ 0.0, 16.0, 0.0 ], 
											"rotationOrigin": [ 0.0, 16.0, 4.0 ],
											"faces": {
												"north": { "texture": "#material1", "uv": [ 0.0, 0.0, 0.5, 0.5 ] },
												"east": { "texture": "#material1", "uv": [ 0.0, 0.0, 0.5, 0.5 ] },
												"south": { "texture": "#material1", "uv": [ 0.0, 0.0, 0.5, 0.5 ] },
												"west": { "texture": "#material1", "uv": [ 0.0, 0.0, 0.5, 0.5 ] },
												"up": { "texture": "#material1", "uv": [ 0.0, 0.0, 0.5, 0.5 ] },
												"down": { "texture": "#material1", "uv": [ 0.0, 0.0, 0.5, 0.5 ] }
											},
											"children": [
												{
													"name": "Cube22",
													"from": [ 0.0, 0.0, 0.0 ], 
													"to": [ 4.0, 6.0, 4.0 ], 
													"rotationOrigin": [ 0.0, 0.0, 4.0 ],
													"faces": {
														"north": { "texture": "#material3", "uv": [ 0.0, 0.0, 4.0, 6.0 ] },
														"east": { "texture": "#material3", "uv": [ 0.0, 0.0, 4.0, 6.0 ] },
														"south": { "texture": "#material3", "uv": [ 0.0, 0.0, 4.0, 6.0 ] },
														"west": { "texture": "#material3", "uv": [ 0.0, 0.0, 4.0, 6.0 ] },
														"up": { "texture": "#material3", "uv": [ 0.0, 0.0, 4.0, 4.0 ] },
														"down": { "texture": "#material3", "uv": [ 0.0, 0.0, 4.0, 4.0 ] }
													}
												}
											]
										}
									]
								}
							]
						}
					]
				},
				{
					"name": "top",
					"from": [ 7.5, 26.0, 7.5 ], 
					"to": [ 8.5, 27.0, 8.5 ], 
					"rotationOrigin": [ 8.0, 26.0, 8.0 ],
					"faces": {
						"north": { "texture": "#material1", "uv": [ 0.0, 0.0, 1.0, 1.0 ] },
						"east": { "texture": "#material1", "uv": [ 0.0, 0.0, 1.0, 1.0 ] },
						"south": { "texture": "#material1", "uv": [ 0.0, 0.0, 1.0, 1.0 ] },
						"west": { "texture": "#material1", "uv": [ 0.0, 0.0, 1.0, 1.0 ] },
						"up": { "texture": "#material1", "uv": [ 0.0, 0.0, 1.0, 1.0 ] },
						"down": { "texture": "#material1", "uv": [ 0.0, 0.0, 1.0, 1.0 ] }
					},
					"children": [
						{
							"name": "top35",
							"from": [ -1.0, 1.0, -2.0 ], 
							"to": [ 2.0, 9.0, 0.0 ], 
							"rotationOrigin": [ -1.0, 1.0, 0.0 ],
							"rotationX": -140.0,
							"faces": {
								"north": { "texture": "#material3", "uv": [ 0.0, 0.0, 3.0, 8.0 ] },
								"east": { "texture": "#material3", "uv": [ 0.0, 0.0, 2.0, 8.0 ] },
								"south": { "texture": "#material3", "uv": [ 0.0, 0.0, 3.0, 8.0 ] },
								"west": { "texture": "#material3", "uv": [ 0.0, 0.0, 2.0, 8.0 ] },
								"up": { "texture": "#material3", "uv": [ 0.0, 0.0, 3.0, 2.0 ] },
								"down": { "texture": "#material3", "uv": [ 0.0, 0.0, 3.0, 2.0 ] }
							},
							"children": [
								{
									"name": "top71",
									"from": [ 0.0, 1.0, 2.0 ], 
									"to": [ 3.0, 5.0, 3.0 ], 
									"rotationOrigin": [ 0.0, 1.0, 4.0 ],
									"faces": {
										"north": { "texture": "#material3", "uv": [ 0.0, 0.0, 3.0, 4.0 ] },
										"east": { "texture": "#material3", "uv": [ 0.0, 0.0, 1.0, 4.0 ] },
										"south": { "texture": "#material3", "uv": [ 0.0, 0.0, 3.0, 4.0 ] },
										"west": { "texture": "#material3", "uv": [ 0.0, 0.0, 1.0, 4.0 ] },
										"up": { "texture": "#material3", "uv": [ 0.0, 0.0, 3.0, 1.0 ] },
										"down": { "texture": "#material3", "uv": [ 0.0, 0.0, 3.0, 1.0 ] }
									}
								}
							]
						},
						{
							"name": "top37",
							"from": [ 0.0, 0.0, 0.0 ], 
							"to": [ 1.0, 1.0, 1.0 ], 
							"rotationOrigin": [ 0.5, 0.0, 0.5 ],
							"rotationX": -180.0,
							"rotationZ": -180.0,
							"faces": {
								"north": { "texture": "#material3", "uv": [ 0.0, 0.0, 1.0, 1.0 ] },
								"east": { "texture": "#material3", "uv": [ 0.0, 0.0, 1.0, 1.0 ] },
								"south": { "texture": "#material3", "uv": [ 0.0, 0.0, 1.0, 1.0 ] },
								"west": { "texture": "#material3", "uv": [ 0.0, 0.0, 1.0, 1.0 ] },
								"up": { "texture": "#material3", "uv": [ 0.0, 0.0, 1.0, 1.0 ] },
								"down": { "texture": "#material3", "uv": [ 0.0, 0.0, 1.0, 1.0 ] }
							},
							"children": [
								{
									"name": "top38",
									"from": [ -1.0, 1.0, -2.0 ], 
									"to": [ 2.0, 9.0, 0.0 ], 
									"rotationOrigin": [ -1.0, 1.0, 0.0 ],
									"rotationX": -140.0,
									"faces": {
										"north": { "texture": "#material3", "uv": [ 0.0, 0.0, 3.0, 8.0 ] },
										"east": { "texture": "#material3", "uv": [ 0.0, 0.0, 2.0, 8.0 ] },
										"south": { "texture": "#material3", "uv": [ 0.0, 0.0, 3.0, 8.0 ] },
										"west": { "texture": "#material3", "uv": [ 0.0, 0.0, 2.0, 8.0 ] },
										"up": { "texture": "#material3", "uv": [ 0.0, 0.0, 3.0, 2.0 ] },
										"down": { "texture": "#material3", "uv": [ 0.0, 0.0, 3.0, 2.0 ] }
									},
									"children": [
										{
											"name": "top73",
											"from": [ 0.0, 1.0, 2.0 ], 
											"to": [ 3.0, 5.0, 3.0 ], 
											"rotationOrigin": [ 0.0, 1.0, 4.0 ],
											"rotationX": 0.0,
											"rotationY": 0.0,
											"rotationZ": 0.0,
											"faces": {
												"north": { "texture": "#material3", "uv": [ 0.0, 0.0, 3.0, 4.0 ] },
												"east": { "texture": "#material3", "uv": [ 0.0, 0.0, 1.0, 4.0 ] },
												"south": { "texture": "#material3", "uv": [ 0.0, 0.0, 3.0, 4.0 ] },
												"west": { "texture": "#material3", "uv": [ 0.0, 0.0, 1.0, 4.0 ] },
												"up": { "texture": "#material3", "uv": [ 0.0, 0.0, 3.0, 1.0 ] },
												"down": { "texture": "#material3", "uv": [ 0.0, 0.0, 3.0, 1.0 ] }
											}
										}
									]
								}
							]
						},
						{
							"name": "top40",
							"from": [ 0.0024, 0.0, -0.0024 ], 
							"to": [ 1.0024, 1.0, 0.9976 ], 
							"rotationOrigin": [ 0.5, 0.0, 0.5 ],
							"rotationY": 89.98,
							"faces": {
								"north": { "texture": "#material1", "uv": [ 0.0, 0.0, 1.0, 1.0 ] },
								"east": { "texture": "#material1", "uv": [ 0.0, 0.0, 1.0, 1.0 ] },
								"south": { "texture": "#material1", "uv": [ 0.0, 0.0, 1.0, 1.0 ] },
								"west": { "texture": "#material1", "uv": [ 0.0, 0.0, 1.0, 1.0 ] },
								"up": { "texture": "#material1", "uv": [ 0.0, 0.0, 1.0, 1.0 ] },
								"down": { "texture": "#material1", "uv": [ 0.0, 0.0, 1.0, 1.0 ] }
							},
							"children": [
								{
									"name": "top41",
									"from": [ -1.0, 1.0, -2.0 ], 
									"to": [ 2.0, 9.0, 0.0 ], 
									"rotationOrigin": [ -1.0, 1.0, 0.0 ],
									"rotationX": -140.0,
									"faces": {
										"north": { "texture": "#material3", "uv": [ 0.0, 0.0, 3.0, 8.0 ] },
										"east": { "texture": "#material3", "uv": [ 0.0, 0.0, 2.0, 8.0 ] },
										"south": { "texture": "#material3", "uv": [ 0.0, 0.0, 3.0, 8.0 ] },
										"west": { "texture": "#material3", "uv": [ 0.0, 0.0, 2.0, 8.0 ] },
										"up": { "texture": "#material3", "uv": [ 0.0, 0.0, 3.0, 2.0 ] },
										"down": { "texture": "#material3", "uv": [ 0.0, 0.0, 3.0, 2.0 ] }
									},
									"children": [
										{
											"name": "top72",
											"from": [ 0.0, 1.0, 2.0 ], 
											"to": [ 3.0, 5.0, 3.0 ], 
											"rotationOrigin": [ 0.0, 1.0, 4.0 ],
											"rotationX": 0.0,
											"rotationY": 0.0,
											"rotationZ": 0.0,
											"faces": {
												"north": { "texture": "#material3", "uv": [ 0.0, 0.0, 3.0, 4.0 ] },
												"east": { "texture": "#material3", "uv": [ 0.0, 0.0, 1.0, 4.0 ] },
												"south": { "texture": "#material3", "uv": [ 0.0, 0.0, 3.0, 4.0 ] },
												"west": { "texture": "#material3", "uv": [ 0.0, 0.0, 1.0, 4.0 ] },
												"up": { "texture": "#material3", "uv": [ 0.0, 0.0, 3.0, 1.0 ] },
												"down": { "texture": "#material3", "uv": [ 0.0, 0.0, 3.0, 1.0 ] }
											}
										}
									]
								},
								{
									"name": "top43",
									"from": [ 0.0, 0.0, 0.0 ], 
									"to": [ 1.0, 1.0, 1.0 ], 
									"rotationOrigin": [ 0.5, 0.0, 0.5 ],
									"rotationX": -180.0,
									"rotationZ": -180.0,
									"faces": {
										"north": { "texture": "#material3", "uv": [ 0.0, 0.0, 1.0, 1.0 ] },
										"east": { "texture": "#material3", "uv": [ 0.0, 0.0, 1.0, 1.0 ] },
										"south": { "texture": "#material3", "uv": [ 0.0, 0.0, 1.0, 1.0 ] },
										"west": { "texture": "#material3", "uv": [ 0.0, 0.0, 1.0, 1.0 ] },
										"up": { "texture": "#material3", "uv": [ 0.0, 0.0, 1.0, 1.0 ] },
										"down": { "texture": "#material3", "uv": [ 0.0, 0.0, 1.0, 1.0 ] }
									},
									"children": [
										{
											"name": "top44",
											"from": [ -1.0, 1.0, -2.0 ], 
											"to": [ 2.0, 9.0, 0.0 ], 
											"rotationOrigin": [ -1.0, 1.0, 0.0 ],
											"rotationX": -140.0,
											"faces": {
												"north": { "texture": "#material3", "uv": [ 0.0, 0.0, 3.0, 8.0 ] },
												"east": { "texture": "#material3", "uv": [ 0.0, 0.0, 2.0, 8.0 ] },
												"south": { "texture": "#material3", "uv": [ 0.0, 0.0, 3.0, 8.0 ] },
												"west": { "texture": "#material3", "uv": [ 0.0, 0.0, 2.0, 8.0 ] },
												"up": { "texture": "#material3", "uv": [ 0.0, 0.0, 3.0, 2.0 ] },
												"down": { "texture": "#material3", "uv": [ 0.0, 0.0, 3.0, 2.0 ] }
											},
											"children": [
												{
													"name": "top74",
													"from": [ 0.0, 1.0, 2.0 ], 
													"to": [ 3.0, 5.0, 3.0 ], 
													"rotationOrigin": [ 0.0, 1.0, 4.0 ],
													"rotationX": 0.0,
													"rotationY": 0.0,
													"rotationZ": 0.0,
													"faces": {
														"north": { "texture": "#material3", "uv": [ 0.0, 0.0, 3.0, 4.0 ] },
														"east": { "texture": "#material3", "uv": [ 0.0, 0.0, 1.0, 4.0 ] },
														"south": { "texture": "#material3", "uv": [ 0.0, 0.0, 3.0, 4.0 ] },
														"west": { "texture": "#material3", "uv": [ 0.0, 0.0, 1.0, 4.0 ] },
														"up": { "texture": "#material3", "uv": [ 0.0, 0.0, 3.0, 1.0 ] },
														"down": { "texture": "#material3", "uv": [ 0.0, 0.0, 3.0, 1.0 ] }
													}
												}
											]
										}
									]
								},
								{
									"name": "Cube1",
									"from": [ -1.5, -3.9, -1.5 ], 
									"to": [ 2.5, 1.1, 2.5 ], 
									"rotationOrigin": [ -1.5, -3.9, -1.5 ],
									"faces": {
										"north": { "texture": "#material3", "uv": [ 0.0, 0.0, 4.0, 5.0 ] },
										"east": { "texture": "#material3", "uv": [ 0.0, 0.0, 4.0, 5.0 ] },
										"south": { "texture": "#material3", "uv": [ 0.0, 0.0, 4.0, 5.0 ] },
										"west": { "texture": "#material3", "uv": [ 0.0, 0.0, 4.0, 5.0 ] },
										"up": { "texture": "#material3", "uv": [ 0.0, 0.0, 4.0, 4.0 ] },
										"down": { "texture": "#material3", "uv": [ 0.0, 0.0, 4.0, 4.0 ] }
									}
								}
							]
						}
					]
				},
				{
					"name": "base-side-8",
					"from": [ 4.0, 0.0, 12.0 ], 
					"to": [ 12.0, 16.0, 13.0 ], 
					"rotationOrigin": [ 8.0, 0.0, 13.0 ],
					"rotationX": -6.0,
					"faces": {
						"north": { "texture": "#material4", "uv": [ 0.0, 0.0, 8.0, 16.0 ] },
						"east": { "texture": "#material4", "uv": [ 0.0, 0.0, 1.0, 16.0 ] },
						"south": { "texture": "#material4", "uv": [ 0.0, 0.0, 8.0, 16.0 ] },
						"west": { "texture": "#material4", "uv": [ 0.0, 0.0, 1.0, 16.0 ] },
						"up": { "texture": "#material4", "uv": [ 0.0, 0.0, 8.0, 1.0 ] },
						"down": { "texture": "#material4", "uv": [ 0.0, 0.0, 8.0, 1.0 ] }
					},
					"children": [
						{
							"name": "base-side-66",
							"from": [ 0.0, 16.0, 0.0 ], 
							"to": [ 8.0, 21.0, 1.0 ], 
							"rotationOrigin": [ 4.0, 16.0, 1.0 ],
							"faces": {
								"north": { "texture": "#material4", "uv": [ 0.0, 0.0, 8.0, 5.0 ] },
								"east": { "texture": "#material4", "uv": [ 0.0, 0.0, 1.0, 5.0 ] },
								"south": { "texture": "#material4", "uv": [ 0.0, 0.0, 8.0, 5.0 ] },
								"west": { "texture": "#material4", "uv": [ 0.0, 0.0, 1.0, 5.0 ] },
								"up": { "texture": "#material4", "uv": [ 0.0, 0.0, 8.0, 1.0 ] },
								"down": { "texture": "#material4", "uv": [ 0.0, 0.0, 8.0, 1.0 ] }
							}
						}
					]
				},
				{
					"name": "base-side-3",
					"from": [ 4.0, 0.0, 3.0 ], 
					"to": [ 12.0, 16.0, 4.0 ], 
					"rotationOrigin": [ 8.0, 0.0, 3.0 ],
					"rotationX": 6.0,
					"faces": {
						"north": { "texture": "#material4", "uv": [ 0.0, 0.0, 8.0, 16.0 ] },
						"east": { "texture": "#material4", "uv": [ 0.0, 0.0, 1.0, 16.0 ] },
						"south": { "texture": "#material4", "uv": [ 0.0, 0.0, 8.0, 16.0 ] },
						"west": { "texture": "#material4", "uv": [ 0.0, 0.0, 1.0, 16.0 ] },
						"up": { "texture": "#material4", "uv": [ 0.0, 0.0, 8.0, 1.0 ] },
						"down": { "texture": "#material4", "uv": [ 0.0, 0.0, 8.0, 1.0 ] }
					},
					"children": [
						{
							"name": "base-side-65",
							"from": [ 0.0, 16.0, 0.0 ], 
							"to": [ 8.0, 21.0, 1.0 ], 
							"rotationOrigin": [ 4.0, 16.0, 0.0 ],
							"faces": {
								"north": { "texture": "#material4", "uv": [ 0.0, 0.0, 8.0, 5.0 ] },
								"east": { "texture": "#material4", "uv": [ 0.0, 0.0, 1.0, 5.0 ] },
								"south": { "texture": "#material4", "uv": [ 0.0, 0.0, 8.0, 5.0 ] },
								"west": { "texture": "#material4", "uv": [ 0.0, 0.0, 1.0, 5.0 ] },
								"up": { "texture": "#material4", "uv": [ 0.0, 0.0, 8.0, 1.0 ] },
								"down": { "texture": "#material4", "uv": [ 0.0, 0.0, 8.0, 1.0 ] }
							}
						}
					]
				},
				{
					"name": "base-side-2",
					"from": [ 3.0, 0.0, 4.0 ], 
					"to": [ 4.0, 16.0, 12.0 ], 
					"rotationOrigin": [ 3.0, 0.0, 8.0 ],
					"rotationZ": -6.0,
					"faces": {
						"north": { "texture": "#material4", "uv": [ 0.0, 0.0, 1.0, 16.0 ] },
						"east": { "texture": "#material4", "uv": [ 0.0, 0.0, 8.0, 16.0 ] },
						"south": { "texture": "#material4", "uv": [ 0.0, 0.0, 1.0, 16.0 ] },
						"west": { "texture": "#material4", "uv": [ 0.0, 0.0, 8.0, 16.0 ] },
						"up": { "texture": "#material4", "uv": [ 0.0, 0.0, 1.0, 8.0 ] },
						"down": { "texture": "#material4", "uv": [ 0.0, 0.0, 1.0, 8.0 ] }
					},
					"children": [
						{
							"name": "base-side-63",
							"from": [ 0.0, 16.0, 0.0 ], 
							"to": [ 1.0, 21.0, 8.0 ], 
							"rotationOrigin": [ 0.0, 16.0, 4.0 ],
							"faces": {
								"north": { "texture": "#material4", "uv": [ 0.0, 0.0, 1.0, 5.0 ] },
								"east": { "texture": "#material4", "uv": [ 0.0, 0.0, 8.0, 5.0 ] },
								"south": { "texture": "#material4", "uv": [ 0.0, 0.0, 1.0, 5.0 ] },
								"west": { "texture": "#material4", "uv": [ 0.0, 0.0, 8.0, 5.0 ] },
								"up": { "texture": "#material4", "uv": [ 0.0, 0.0, 1.0, 8.0 ] },
								"down": { "texture": "#material4", "uv": [ 0.0, 0.0, 1.0, 8.0 ] }
							}
						}
					]
				},
				{
					"name": "base-side-1",
					"from": [ 12.0, 0.0, 4.0 ], 
					"to": [ 13.0, 16.0, 12.0 ], 
					"rotationOrigin": [ 13.0, 0.0, 8.0 ],
					"rotationZ": 6.0,
					"faces": {
						"north": { "texture": "#material4", "uv": [ 0.0, 0.0, 1.0, 16.0 ] },
						"east": { "texture": "#material4", "uv": [ 0.0, 0.0, 8.0, 16.0 ] },
						"south": { "texture": "#material4", "uv": [ 0.0, 0.0, 1.0, 16.0 ] },
						"west": { "texture": "#material4", "uv": [ 0.0, 0.0, 8.0, 16.0 ] },
						"up": { "texture": "#material4", "uv": [ 0.0, 0.0, 1.0, 8.0 ] },
						"down": { "texture": "#material4", "uv": [ 0.0, 0.0, 1.0, 8.0 ] }
					},
					"children": [
						{
							"name": "base-side-64",
							"from": [ 0.0, 16.0, 0.0 ], 
							"to": [ 1.0, 21.0, 8.0 ], 
							"rotationOrigin": [ 1.0, 16.0, 4.0 ],
							"faces": {
								"north": { "texture": "#material4", "uv": [ 0.0, 0.0, 1.0, 5.0 ] },
								"east": { "texture": "#material4", "uv": [ 0.0, 0.0, 8.0, 5.0 ] },
								"south": { "texture": "#material4", "uv": [ 0.0, 0.0, 1.0, 5.0 ] },
								"west": { "texture": "#material4", "uv": [ 0.0, 0.0, 8.0, 5.0 ] },
								"up": { "texture": "#material4", "uv": [ 0.0, 0.0, 1.0, 8.0 ] },
								"down": { "texture": "#material4", "uv": [ 0.0, 0.0, 1.0, 8.0 ] }
							}
						}
					]
				},
				{
					"name": "baseanchor62",
					"from": [ 0.5, 6.0, 4.9986 ], 
					"to": [ 15.5, 7.0, 10.9986 ], 
					"rotationOrigin": [ 6.0, 6.0, 7.0 ],
					"rotationY": 0.02,
					"faces": {
						"north": { "texture": "#material3", "uv": [ 0.0, 0.0, 15.0, 1.0 ] },
						"east": { "texture": "#material3", "uv": [ 0.0, 0.0, 6.0, 1.0 ] },
						"south": { "texture": "#material3", "uv": [ 0.0, 0.0, 15.0, 1.0 ] },
						"west": { "texture": "#material3", "uv": [ 0.0, 0.0, 6.0, 1.0 ] },
						"up": { "texture": "#material3", "uv": [ 0.0, 0.0, 15.0, 6.0 ] },
						"down": { "texture": "#material3", "uv": [ 0.0, 0.0, 15.0, 6.0 ] }
					},
					"children": [
						{
							"name": "baseanchor63",
							"from": [ 0.01, 0.0, 0.0 ], 
							"to": [ 14.99, 1.0, 4.03 ], 
							"rotationOrigin": [ 5.5, 1.0, 0.0 ],
							"rotationX": -83.0,
							"faces": {
								"north": { "texture": "#material3", "uv": [ 0.0, 0.0, 14.5, 1.0 ] },
								"east": { "texture": "#material3", "uv": [ 0.0, 0.0, 4.0, 1.0 ] },
								"south": { "texture": "#material3", "uv": [ 0.0, 0.0, 14.5, 1.0 ] },
								"west": { "texture": "#material3", "uv": [ 0.0, 0.0, 4.0, 1.0 ] },
								"up": { "texture": "#material3", "uv": [ 0.0, 0.0, 14.5, 4.0 ] },
								"down": { "texture": "#material3", "uv": [ 0.0, 0.0, 14.5, 4.0 ] }
							}
						},
						{
							"name": "baseanchor64",
							"from": [ 0.01, 1.0, 6.0 ], 
							"to": [ 14.99, 2.0, 10.03 ], 
							"rotationOrigin": [ 5.5, 1.0, 6.0 ],
							"rotationX": -97.0,
							"faces": {
								"north": { "texture": "#material3", "uv": [ 0.0, 0.0, 14.5, 1.0 ] },
								"east": { "texture": "#material3", "uv": [ 0.0, 0.0, 4.0, 1.0 ] },
								"south": { "texture": "#material3", "uv": [ 0.0, 0.0, 14.5, 1.0 ] },
								"west": { "texture": "#material3", "uv": [ 0.0, 0.0, 4.0, 1.0 ] },
								"up": { "texture": "#material3", "uv": [ 0.0, 0.0, 14.5, 4.0 ] },
								"down": { "texture": "#material3", "uv": [ 0.0, 0.0, 14.5, 4.0 ] }
							}
						},
						{
							"name": "inner65",
							"from": [ 0.5, 1.0, 1.0 ], 
							"to": [ 14.5, 4.0, 5.0 ], 
							"rotationOrigin": [ 0.5, 1.0, 1.0 ],
							"faces": {
								"north": { "texture": "#material2", "uv": [ 0.0, 0.0, 14.0, 3.0 ] },
								"east": { "texture": "#material2", "uv": [ 0.0, 0.0, 4.0, 3.0 ] },
								"south": { "texture": "#material2", "uv": [ 0.0, 0.0, 14.0, 3.0 ] },
								"west": { "texture": "#material2", "uv": [ 0.0, 0.0, 4.0, 3.0 ] },
								"up": { "texture": "#material2", "uv": [ 0.0, 0.0, 14.0, 4.0 ] },
								"down": { "texture": "#material2", "uv": [ 0.0, 0.0, 14.0, 4.0 ] }
							}
						},
						{
							"name": "baseanchor66",
							"from": [ 0.0, 4.0, 0.5 ], 
							"to": [ 15.0, 5.0, 5.5 ], 
							"rotationOrigin": [ 5.5, 4.0, 2.5 ],
							"faces": {
								"north": { "texture": "#material3", "uv": [ 0.0, 0.0, 15.0, 1.0 ] },
								"east": { "texture": "#material3", "uv": [ 0.0, 0.0, 5.0, 1.0 ] },
								"south": { "texture": "#material3", "uv": [ 0.0, 0.0, 15.0, 1.0 ] },
								"west": { "texture": "#material3", "uv": [ 0.0, 0.0, 5.0, 1.0 ] },
								"up": { "texture": "#material3", "uv": [ 0.0, 0.0, 15.0, 5.0 ] },
								"down": { "texture": "#material3", "uv": [ 0.0, 0.0, 15.0, 5.0 ] }
							}
						}
					]
				},
				{
					"name": "baseanchor67",
					"from": [ -0.2, -1.5, -0.2 ], 
					"to": [ 4.8, 1.5, 4.8 ], 
					"rotationOrigin": [ -0.2, -1.5, -0.2 ],
					"faces": {
						"north": { "texture": "#material3", "uv": [ 0.0, 0.0, 5.0, 3.0 ] },
						"east": { "texture": "#material3", "uv": [ 0.0, 0.0, 5.0, 3.0 ] },
						"south": { "texture": "#material3", "uv": [ 0.0, 0.0, 5.0, 3.0 ] },
						"west": { "texture": "#material3", "uv": [ 0.0, 0.0, 5.0, 3.0 ] },
						"up": { "texture": "#material3", "uv": [ 0.0, 0.0, 5.0, 5.0 ] },
						"down": { "texture": "#material3", "uv": [ 0.0, 0.0, 5.0, 5.0 ] }
					},
					"children": [
						{
							"name": "baseanchor68",
							"from": [ 0.0, 0.01, 11.5 ], 
							"to": [ 5.0, 3.01, 16.5 ], 
							"rotationOrigin": [ 0.0, 0.0, 11.5 ],
							"faces": {
								"north": { "texture": "#material3", "uv": [ 0.0, 0.0, 5.0, 3.0 ] },
								"east": { "texture": "#material3", "uv": [ 0.0, 0.0, 5.0, 3.0 ] },
								"south": { "texture": "#material3", "uv": [ 0.0, 0.0, 5.0, 3.0 ] },
								"west": { "texture": "#material3", "uv": [ 0.0, 0.0, 5.0, 3.0 ] },
								"up": { "texture": "#material3", "uv": [ 0.0, 0.0, 5.0, 5.0 ] },
								"down": { "texture": "#material3", "uv": [ 0.0, 0.0, 5.0, 5.0 ] }
							}
						},
						{
							"name": "baseanchor69",
							"from": [ 11.5, 0.01, 0.0 ], 
							"to": [ 16.5, 3.01, 5.0 ], 
							"rotationOrigin": [ 11.5, 0.0, 0.0 ],
							"faces": {
								"north": { "texture": "#material3", "uv": [ 0.0, 0.0, 5.0, 3.0 ] },
								"east": { "texture": "#material3", "uv": [ 0.0, 0.0, 5.0, 3.0 ] },
								"south": { "texture": "#material3", "uv": [ 0.0, 0.0, 5.0, 3.0 ] },
								"west": { "texture": "#material3", "uv": [ 0.0, 0.0, 5.0, 3.0 ] },
								"up": { "texture": "#material3", "uv": [ 0.0, 0.0, 5.0, 5.0 ] },
								"down": { "texture": "#material3", "uv": [ 0.0, 0.0, 5.0, 5.0 ] }
							},
							"children": [
								{
									"name": "baseanchor70",
									"from": [ 0.0, 0.0, 11.5 ], 
									"to": [ 5.0, 3.0, 16.5 ], 
									"rotationOrigin": [ 0.0, 0.0, 11.5 ],
									"faces": {
										"north": { "texture": "#material3", "uv": [ 0.0, 0.0, 5.0, 3.0 ] },
										"east": { "texture": "#material3", "uv": [ 0.0, 0.0, 5.0, 3.0 ] },
										"south": { "texture": "#material3", "uv": [ 0.0, 0.0, 5.0, 3.0 ] },
										"west": { "texture": "#material3", "uv": [ 0.0, 0.0, 5.0, 3.0 ] },
										"up": { "texture": "#material3", "uv": [ 0.0, 0.0, 5.0, 5.0 ] },
										"down": { "texture": "#material3", "uv": [ 0.0, 0.0, 5.0, 5.0 ] }
									}
								}
							]
						}
					]
				}
			]
		},
		{
			"name": "_origin2",
			"from": [ 0.0, 0.0, 0.0 ], 
			"to": [ 0.0, 0.0, 0.0 ], 
			"rotationOrigin": [ 8.0, 0.0, 8.0 ],
			"faces": {
				"north": { "texture": "#material1", "uv": [ 0.0, 0.0, 0.5, 0.5 ] },
				"east": { "texture": "#material1", "uv": [ 0.0, 0.0, 0.5, 0.5 ] },
				"south": { "texture": "#material1", "uv": [ 0.0, 0.0, 0.5, 0.5 ] },
				"west": { "texture": "#material1", "uv": [ 0.0, 0.0, 0.5, 0.5 ] },
				"up": { "texture": "#material1", "uv": [ 0.0, 0.0, 0.5, 0.5 ] },
				"down": { "texture": "#material1", "uv": [ 0.0, 0.0, 0.5, 0.5 ] }
			},
			"children": [
				{
					"name": "Cube48",
					"from": [ 0.0, 0.0, 0.0 ], 
					"to": [ 0.0, 0.0, 0.0 ], 
					"rotationOrigin": [ 8.0, 0.0, 8.0 ],
					"faces": {
						"north": { "texture": "#material1", "uv": [ 0.0, 0.0, 0.5, 0.5 ] },
						"east": { "texture": "#material1", "uv": [ 0.0, 0.0, 0.5, 0.5 ] },
						"south": { "texture": "#material1", "uv": [ 0.0, 0.0, 0.5, 0.5 ] },
						"west": { "texture": "#material1", "uv": [ 0.0, 0.0, 0.5, 0.5 ] },
						"up": { "texture": "#material1", "uv": [ 0.0, 0.0, 0.5, 0.5 ] },
						"down": { "texture": "#material1", "uv": [ 0.0, 0.0, 0.5, 0.5 ] }
					},
					"children": [
						{
							"name": "Cube49",
							"from": [ 0.0, 0.0, 12.0 ], 
							"to": [ 4.0, 16.0, 16.0 ], 
							"rotationOrigin": [ 0.0, 0.0, 16.0 ],
							"rotationX": -10.0,
							"rotationY": 0.7,
							"rotationZ": -10.0,
							"faces": {
								"north": { "texture": "#material1", "uv": [ 0.0, 0.0, 4.0, 16.0 ] },
								"east": { "texture": "#material1", "uv": [ 0.0, 0.0, 4.0, 16.0 ] },
								"south": { "texture": "#material1", "uv": [ 0.0, 0.0, 4.0, 16.0 ] },
								"west": { "texture": "#material1", "uv": [ 0.0, 0.0, 4.0, 16.0 ] },
								"up": { "texture": "#material1", "uv": [ 0.0, 0.0, 4.0, 4.0 ] },
								"down": { "texture": "#material1", "uv": [ 0.0, 0.0, 4.0, 4.0 ] }
							},
							"children": [
								{
									"name": "Cube53",
									"from": [ 0.0, 16.0, 0.0 ], 
									"to": [ 4.0, 24.0, 4.0 ], 
									"rotationOrigin": [ 0.0, 16.0, 4.0 ],
									"faces": {
										"north": { "texture": "#material1", "uv": [ 0.0, 0.0, 4.0, 8.0 ] },
										"east": { "texture": "#material1", "uv": [ 0.0, 0.0, 4.0, 8.0 ] },
										"south": { "texture": "#material1", "uv": [ 0.0, 0.0, 4.0, 8.0 ] },
										"west": { "texture": "#material1", "uv": [ 0.0, 0.0, 4.0, 8.0 ] },
										"up": { "texture": "#material1", "uv": [ 0.0, 0.0, 4.0, 4.0 ] },
										"down": { "texture": "#material1", "uv": [ 0.0, 0.0, 4.0, 4.0 ] }
									},
									"children": [
										{
											"name": "Cube54",
											"from": [ 0.0, 8.0, 0.0 ], 
											"to": [ 0.0, 8.0, 0.0 ], 
											"rotationOrigin": [ 0.0, 8.0, 4.0 ],
											"rotationX": -30.0,
											"faces": {
												"north": { "texture": "#material1", "uv": [ 0.0, 0.0, 0.5, 0.5 ] },
												"east": { "texture": "#material1", "uv": [ 0.0, 0.0, 0.5, 0.5 ] },
												"south": { "texture": "#material1", "uv": [ 0.0, 0.0, 0.5, 0.5 ] },
												"west": { "texture": "#material1", "uv": [ 0.0, 0.0, 0.5, 0.5 ] },
												"up": { "texture": "#material1", "uv": [ 0.0, 0.0, 0.5, 0.5 ] },
												"down": { "texture": "#material1", "uv": [ 0.0, 0.0, 0.5, 0.5 ] }
											},
											"children": [
												{
													"name": "Cube55",
													"from": [ 0.0, 0.0, 0.0 ], 
													"to": [ 4.0, 6.0, 4.0 ], 
													"rotationOrigin": [ 0.0, 0.0, 4.0 ],
													"rotationY": 8.0,
													"rotationZ": -30.0,
													"faces": {
														"north": { "texture": "#material1", "uv": [ 0.0, 0.0, 4.0, 6.0 ] },
														"east": { "texture": "#material1", "uv": [ 0.0, 0.0, 4.0, 6.0 ] },
														"south": { "texture": "#material1", "uv": [ 0.0, 0.0, 4.0, 6.0 ] },
														"west": { "texture": "#material1", "uv": [ 0.0, 0.0, 4.0, 6.0 ] },
														"up": { "texture": "#material1", "uv": [ 0.0, 0.0, 4.0, 4.0 ] },
														"down": { "texture": "#material1", "uv": [ 0.0, 0.0, 4.0, 4.0 ] }
													}
												}
											]
										}
									]
								}
							]
						},
						{
							"name": "Cube56",
							"from": [ -0.0028, 0.0, 0.0028 ], 
							"to": [ -0.0028, 0.0, 0.0028 ], 
							"rotationOrigin": [ 8.0, 0.0, 8.0 ],
							"rotationY": 90.0,
							"faces": {
								"north": { "texture": "#material1", "uv": [ 0.0, 0.0, 0.5, 0.5 ] },
								"east": { "texture": "#material1", "uv": [ 0.0, 0.0, 0.5, 0.5 ] },
								"south": { "texture": "#material1", "uv": [ 0.0, 0.0, 0.5, 0.5 ] },
								"west": { "texture": "#material1", "uv": [ 0.0, 0.0, 0.5, 0.5 ] },
								"up": { "texture": "#material1", "uv": [ 0.0, 0.0, 0.5, 0.5 ] },
								"down": { "texture": "#material1", "uv": [ 0.0, 0.0, 0.5, 0.5 ] }
							},
							"children": [
								{
									"name": "Cube563",
									"from": [ 0.0, 0.0, 12.0 ], 
									"to": [ 4.0, 16.0, 16.0 ], 
									"rotationOrigin": [ 0.0, 0.0, 16.0 ],
									"rotationX": -10.0,
									"rotationY": 0.7,
									"rotationZ": -10.0,
									"faces": {
										"north": { "texture": "#material1", "uv": [ 0.0, 0.0, 4.0, 16.0 ] },
										"east": { "texture": "#material1", "uv": [ 0.0, 0.0, 4.0, 16.0 ] },
										"south": { "texture": "#material1", "uv": [ 0.0, 0.0, 4.0, 16.0 ] },
										"west": { "texture": "#material1", "uv": [ 0.0, 0.0, 4.0, 16.0 ] },
										"up": { "texture": "#material1", "uv": [ 0.0, 0.0, 4.0, 4.0 ] },
										"down": { "texture": "#material1", "uv": [ 0.0, 0.0, 4.0, 4.0 ] }
									},
									"children": [
										{
											"name": "Cube56",
											"from": [ 0.0, 16.0, 0.0 ], 
											"to": [ 4.0, 24.0, 4.0 ], 
											"rotationOrigin": [ 0.0, 16.0, 4.0 ],
											"faces": {
												"north": { "texture": "#material1", "uv": [ 0.0, 0.0, 4.0, 8.0 ] },
												"east": { "texture": "#material1", "uv": [ 0.0, 0.0, 4.0, 8.0 ] },
												"south": { "texture": "#material1", "uv": [ 0.0, 0.0, 4.0, 8.0 ] },
												"west": { "texture": "#material1", "uv": [ 0.0, 0.0, 4.0, 8.0 ] },
												"up": { "texture": "#material1", "uv": [ 0.0, 0.0, 4.0, 4.0 ] },
												"down": { "texture": "#material1", "uv": [ 0.0, 0.0, 4.0, 4.0 ] }
											},
											"children": [
												{
													"name": "Cube57",
													"from": [ 0.0, 8.0, 0.0 ], 
													"to": [ 0.0, 8.0, 0.0 ], 
													"rotationOrigin": [ 0.0, 8.0, 4.0 ],
													"rotationX": -30.0,
													"faces": {
														"north": { "texture": "#material1", "uv": [ 0.0, 0.0, 0.5, 0.5 ] },
														"east": { "texture": "#material1", "uv": [ 0.0, 0.0, 0.5, 0.5 ] },
														"south": { "texture": "#material1", "uv": [ 0.0, 0.0, 0.5, 0.5 ] },
														"west": { "texture": "#material1", "uv": [ 0.0, 0.0, 0.5, 0.5 ] },
														"up": { "texture": "#material1", "uv": [ 0.0, 0.0, 0.5, 0.5 ] },
														"down": { "texture": "#material1", "uv": [ 0.0, 0.0, 0.5, 0.5 ] }
													},
													"children": [
														{
															"name": "Cube58",
															"from": [ 0.0, 0.0, 0.0 ], 
															"to": [ 4.0, 6.0, 4.0 ], 
															"rotationOrigin": [ 0.0, 0.0, 4.0 ],
															"rotationY": 8.0,
															"rotationZ": -30.0,
															"faces": {
																"north": { "texture": "#material1", "uv": [ 0.0, 0.0, 4.0, 6.0 ] },
																"east": { "texture": "#material1", "uv": [ 0.0, 0.0, 4.0, 6.0 ] },
																"south": { "texture": "#material1", "uv": [ 0.0, 0.0, 4.0, 6.0 ] },
																"west": { "texture": "#material1", "uv": [ 0.0, 0.0, 4.0, 6.0 ] },
																"up": { "texture": "#material1", "uv": [ 0.0, 0.0, 4.0, 4.0 ] },
																"down": { "texture": "#material1", "uv": [ 0.0, 0.0, 4.0, 4.0 ] }
															}
														}
													]
												}
											]
										}
									]
								}
							]
						}
					]
				},
				{
					"name": "Cube59",
					"from": [ 0.0, 0.0, 0.0 ], 
					"to": [ 0.0, 0.0, 0.0 ], 
					"rotationOrigin": [ 8.0, 0.0, 8.0 ],
					"rotationY": 180.0,
					"faces": {
						"north": { "texture": "#material1", "uv": [ 0.0, 0.0, 0.5, 0.5 ] },
						"east": { "texture": "#material1", "uv": [ 0.0, 0.0, 0.5, 0.5 ] },
						"south": { "texture": "#material1", "uv": [ 0.0, 0.0, 0.5, 0.5 ] },
						"west": { "texture": "#material1", "uv": [ 0.0, 0.0, 0.5, 0.5 ] },
						"up": { "texture": "#material1", "uv": [ 0.0, 0.0, 0.5, 0.5 ] },
						"down": { "texture": "#material1", "uv": [ 0.0, 0.0, 0.5, 0.5 ] }
					},
					"children": [
						{
							"name": "Cube60",
							"from": [ 0.0, 0.0, 12.0 ], 
							"to": [ 4.0, 16.0, 16.0 ], 
							"rotationOrigin": [ 0.0, 0.0, 16.0 ],
							"rotationX": -10.0,
							"rotationY": 0.7,
							"rotationZ": -10.0,
							"faces": {
								"north": { "texture": "#material1", "uv": [ 0.0, 0.0, 4.0, 16.0 ] },
								"east": { "texture": "#material1", "uv": [ 0.0, 0.0, 4.0, 16.0 ] },
								"south": { "texture": "#material1", "uv": [ 0.0, 0.0, 4.0, 16.0 ] },
								"west": { "texture": "#material1", "uv": [ 0.0, 0.0, 4.0, 16.0 ] },
								"up": { "texture": "#material1", "uv": [ 0.0, 0.0, 4.0, 4.0 ] },
								"down": { "texture": "#material1", "uv": [ 0.0, 0.0, 4.0, 4.0 ] }
							},
							"children": [
								{
									"name": "Cube61",
									"from": [ 0.0, 16.0, 0.0 ], 
									"to": [ 4.0, 24.0, 4.0 ], 
									"rotationOrigin": [ 0.0, 16.0, 4.0 ],
									"faces": {
										"north": { "texture": "#material1", "uv": [ 0.0, 0.0, 4.0, 8.0 ] },
										"east": { "texture": "#material1", "uv": [ 0.0, 0.0, 4.0, 8.0 ] },
										"south": { "texture": "#material1", "uv": [ 0.0, 0.0, 4.0, 8.0 ] },
										"west": { "texture": "#material1", "uv": [ 0.0, 0.0, 4.0, 8.0 ] },
										"up": { "texture": "#material1", "uv": [ 0.0, 0.0, 4.0, 4.0 ] },
										"down": { "texture": "#material1", "uv": [ 0.0, 0.0, 4.0, 4.0 ] }
									},
									"children": [
										{
											"name": "Cube62",
											"from": [ 0.0, 8.0, 0.0 ], 
											"to": [ 0.0, 8.0, 0.0 ], 
											"rotationOrigin": [ 0.0, 8.0, 4.0 ],
											"rotationX": -30.0,
											"faces": {
												"north": { "texture": "#material1", "uv": [ 0.0, 0.0, 0.5, 0.5 ] },
												"east": { "texture": "#material1", "uv": [ 0.0, 0.0, 0.5, 0.5 ] },
												"south": { "texture": "#material1", "uv": [ 0.0, 0.0, 0.5, 0.5 ] },
												"west": { "texture": "#material1", "uv": [ 0.0, 0.0, 0.5, 0.5 ] },
												"up": { "texture": "#material1", "uv": [ 0.0, 0.0, 0.5, 0.5 ] },
												"down": { "texture": "#material1", "uv": [ 0.0, 0.0, 0.5, 0.5 ] }
											},
											"children": [
												{
													"name": "Cube63",
													"from": [ 0.0, 0.0, 0.0 ], 
													"to": [ 4.0, 6.0, 4.0 ], 
													"rotationOrigin": [ 0.0, 0.0, 4.0 ],
													"rotationY": 8.0,
													"rotationZ": -30.0,
													"faces": {
														"north": { "texture": "#material1", "uv": [ 0.0, 0.0, 4.0, 6.0 ] },
														"east": { "texture": "#material1", "uv": [ 0.0, 0.0, 4.0, 6.0 ] },
														"south": { "texture": "#material1", "uv": [ 0.0, 0.0, 4.0, 6.0 ] },
														"west": { "texture": "#material1", "uv": [ 0.0, 0.0, 4.0, 6.0 ] },
														"up": { "texture": "#material1", "uv": [ 0.0, 0.0, 4.0, 4.0 ] },
														"down": { "texture": "#material1", "uv": [ 0.0, 0.0, 4.0, 4.0 ] }
													}
												}
											]
										}
									]
								}
							]
						},
						{
							"name": "Cube64",
							"from": [ -0.0028, 0.0, 0.0028 ], 
							"to": [ -0.0028, 0.0, 0.0028 ], 
							"rotationOrigin": [ 8.0, 0.0, 8.0 ],
							"rotationY": 90.0,
							"faces": {
								"north": { "texture": "#material1", "uv": [ 0.0, 0.0, 0.5, 0.5 ] },
								"east": { "texture": "#material1", "uv": [ 0.0, 0.0, 0.5, 0.5 ] },
								"south": { "texture": "#material1", "uv": [ 0.0, 0.0, 0.5, 0.5 ] },
								"west": { "texture": "#material1", "uv": [ 0.0, 0.0, 0.5, 0.5 ] },
								"up": { "texture": "#material1", "uv": [ 0.0, 0.0, 0.5, 0.5 ] },
								"down": { "texture": "#material1", "uv": [ 0.0, 0.0, 0.5, 0.5 ] }
							},
							"children": [
								{
									"name": "Cube65",
									"from": [ 0.0, 0.0, 12.0 ], 
									"to": [ 4.0, 16.0, 16.0 ], 
									"rotationOrigin": [ 0.0, 0.0, 16.0 ],
									"rotationX": -10.0,
									"rotationY": 0.7,
									"rotationZ": -10.0,
									"faces": {
										"north": { "texture": "#material1", "uv": [ 0.0, 0.0, 4.0, 16.0 ] },
										"east": { "texture": "#material1", "uv": [ 0.0, 0.0, 4.0, 16.0 ] },
										"south": { "texture": "#material1", "uv": [ 0.0, 0.0, 4.0, 16.0 ] },
										"west": { "texture": "#material1", "uv": [ 0.0, 0.0, 4.0, 16.0 ] },
										"up": { "texture": "#material1", "uv": [ 0.0, 0.0, 4.0, 4.0 ] },
										"down": { "texture": "#material1", "uv": [ 0.0, 0.0, 4.0, 4.0 ] }
									},
									"children": [
										{
											"name": "Cube66",
											"from": [ 0.0, 16.0, 0.0 ], 
											"to": [ 4.0, 24.0, 4.0 ], 
											"rotationOrigin": [ 0.0, 16.0, 4.0 ],
											"faces": {
												"north": { "texture": "#material1", "uv": [ 0.0, 0.0, 4.0, 8.0 ] },
												"east": { "texture": "#material1", "uv": [ 0.0, 0.0, 4.0, 8.0 ] },
												"south": { "texture": "#material1", "uv": [ 0.0, 0.0, 4.0, 8.0 ] },
												"west": { "texture": "#material1", "uv": [ 0.0, 0.0, 4.0, 8.0 ] },
												"up": { "texture": "#material1", "uv": [ 0.0, 0.0, 4.0, 4.0 ] },
												"down": { "texture": "#material1", "uv": [ 0.0, 0.0, 4.0, 4.0 ] }
											},
											"children": [
												{
													"name": "Cube67",
													"from": [ 0.0, 8.0, 0.0 ], 
													"to": [ 0.0, 8.0, 0.0 ], 
													"rotationOrigin": [ 0.0, 8.0, 4.0 ],
													"rotationX": -30.0,
													"faces": {
														"north": { "texture": "#material1", "uv": [ 0.0, 0.0, 0.5, 0.5 ] },
														"east": { "texture": "#material1", "uv": [ 0.0, 0.0, 0.5, 0.5 ] },
														"south": { "texture": "#material1", "uv": [ 0.0, 0.0, 0.5, 0.5 ] },
														"west": { "texture": "#material1", "uv": [ 0.0, 0.0, 0.5, 0.5 ] },
														"up": { "texture": "#material1", "uv": [ 0.0, 0.0, 0.5, 0.5 ] },
														"down": { "texture": "#material1", "uv": [ 0.0, 0.0, 0.5, 0.5 ] }
													},
													"children": [
														{
															"name": "Cube68",
															"from": [ 0.0, 0.0, 0.0 ], 
															"to": [ 4.0, 6.0, 4.0 ], 
															"rotationOrigin": [ 0.0, 0.0, 4.0 ],
															"rotationY": 8.0,
															"rotationZ": -30.0,
															"faces": {
																"north": { "texture": "#material1", "uv": [ 0.0, 0.0, 4.0, 6.0 ] },
																"east": { "texture": "#material1", "uv": [ 0.0, 0.0, 4.0, 6.0 ] },
																"south": { "texture": "#material1", "uv": [ 0.0, 0.0, 4.0, 6.0 ] },
																"west": { "texture": "#material1", "uv": [ 0.0, 0.0, 4.0, 6.0 ] },
																"up": { "texture": "#material1", "uv": [ 0.0, 0.0, 4.0, 4.0 ] },
																"down": { "texture": "#material1", "uv": [ 0.0, 0.0, 4.0, 4.0 ] }
															}
														}
													]
												}
											]
										}
									]
								}
							]
						}
					]
				}
			]
		}
	]}