{
	"editor": {
		"allAngles": false,
		"entityTextureMode": false
	},
	"textureWidth": 16,
	"textureHeight": 16,
	"textureSizes": {
	},
	"textures": {
	},
	"elements": [
		{
			"name": "tabletop",
			"from": [ 0.01, 9.0, 0.01 ], 
			"to": [ 15.99, 13.0, 15.99 ], 
			"rotationOrigin": [ 0.0, 9.0, 0.0 ],
			"faces": {
				"north": { "texture": "#material", "uv": [ 0.0, 0.0, 15.5, 4.0 ] },
				"east": { "texture": "#material", "uv": [ 0.0, 0.0, 15.5, 4.0 ] },
				"south": { "texture": "#material", "uv": [ 0.0, 0.0, 15.5, 4.0 ] },
				"west": { "texture": "#material", "uv": [ 0.0, 0.0, 15.5, 4.0 ] },
				"up": { "texture": "#material", "uv": [ 0.0, 0.0, 15.5, 15.5 ] },
				"down": { "texture": "#material", "uv": [ 0.0, 0.0, 15.5, 15.5 ] }
			}
		},
		{
			"name": "Cube1",
			"from": [ 0.0, 0.0, 0.0 ], 
			"to": [ 16.0, 1.0, 16.0 ], 
			"faces": {
				"north": { "texture": "#material", "uv": [ 0.0, 0.0, 16.0, 1.0 ] },
				"east": { "texture": "#material", "uv": [ 0.0, 0.0, 16.0, 1.0 ] },
				"south": { "texture": "#material", "uv": [ 0.0, 0.0, 16.0, 1.0 ] },
				"west": { "texture": "#material", "uv": [ 0.0, 0.0, 16.0, 1.0 ] },
				"up": { "texture": "#material", "uv": [ 0.0, 0.0, 16.0, 16.0 ] },
				"down": { "texture": "#material", "uv": [ 0.0, 0.0, 16.0, 16.0 ] }
			},
			"children": [
				{
					"name": "Cube2",
					"from": [ 0.0, 1.0, 0.0 ], 
					"to": [ 2.0, 2.0, 2.0 ], 
					"rotationOrigin": [ 0.0, 1.0, 0.0 ],
					"faces": {
						"north": { "texture": "#material", "uv": [ 0.0, 0.0, 2.0, 1.0 ] },
						"east": { "texture": "#material", "uv": [ 0.0, 0.0, 2.0, 1.0 ] },
						"south": { "texture": "#material", "uv": [ 0.0, 0.0, 2.0, 1.0 ] },
						"west": { "texture": "#material", "uv": [ 0.0, 0.0, 2.0, 1.0 ] },
						"up": { "texture": "#material", "uv": [ 0.0, 0.0, 2.0, 2.0 ] },
						"down": { "texture": "#material", "uv": [ 0.0, 0.0, 2.0, 2.0 ] }
					},
					"children": [
						{
							"name": "Cube3",
							"from": [ 14.0, 0.0, 0.0 ], 
							"to": [ 16.0, 1.0, 2.0 ], 
							"rotationOrigin": [ 14.0, 0.0, 0.0 ],
							"faces": {
								"north": { "texture": "#material", "uv": [ 0.0, 0.0, 2.0, 1.0 ] },
								"east": { "texture": "#material", "uv": [ 0.0, 0.0, 2.0, 1.0 ] },
								"south": { "texture": "#material", "uv": [ 0.0, 0.0, 2.0, 1.0 ] },
								"west": { "texture": "#material", "uv": [ 0.0, 0.0, 2.0, 1.0 ] },
								"up": { "texture": "#material", "uv": [ 0.0, 0.0, 2.0, 2.0 ] },
								"down": { "texture": "#material", "uv": [ 0.0, 0.0, 2.0, 2.0 ] }
							}
						}
					]
				},
				{
					"name": "Cube6",
					"from": [ 2.0, 1.0, 2.0 ], 
					"to": [ 5.0, 9.0, 5.0 ], 
					"rotationOrigin": [ 2.0, 1.0, 2.0 ],
					"faces": {
						"north": { "texture": "#material", "uv": [ 0.0, 0.0, 3.0, 8.0 ] },
						"east": { "texture": "#material", "uv": [ 0.0, 0.0, 3.0, 8.0 ] },
						"south": { "texture": "#material", "uv": [ 0.0, 0.0, 3.0, 8.0 ] },
						"west": { "texture": "#material", "uv": [ 0.0, 0.0, 3.0, 8.0 ] },
						"up": { "texture": "#material", "uv": [ 0.0, 0.0, 3.0, 3.0 ] },
						"down": { "texture": "#material", "uv": [ 0.0, 0.0, 3.0, 3.0 ] }
					},
					"children": [
						{
							"name": "Cube7",
							"from": [ 0.0, 0.0, 9.0 ], 
							"to": [ 3.0, 8.0, 12.0 ], 
							"rotationOrigin": [ 0.0, 0.0, 9.0 ],
							"faces": {
								"north": { "texture": "#material", "uv": [ 0.0, 0.0, 3.0, 8.0 ] },
								"east": { "texture": "#material", "uv": [ 0.0, 0.0, 3.0, 8.0 ] },
								"south": { "texture": "#material", "uv": [ 0.0, 0.0, 3.0, 8.0 ] },
								"west": { "texture": "#material", "uv": [ 0.0, 0.0, 3.0, 8.0 ] },
								"up": { "texture": "#material", "uv": [ 0.0, 0.0, 3.0, 3.0 ] },
								"down": { "texture": "#material", "uv": [ 0.0, 0.0, 3.0, 3.0 ] }
							}
						},
						{
							"name": "Cube8",
							"from": [ 9.0, 0.0, 0.0 ], 
							"to": [ 12.0, 8.0, 3.0 ], 
							"rotationOrigin": [ 9.0, 0.0, 0.0 ],
							"faces": {
								"north": { "texture": "#material", "uv": [ 0.0, 0.0, 3.0, 8.0 ] },
								"east": { "texture": "#material", "uv": [ 0.0, 0.0, 3.0, 8.0 ] },
								"south": { "texture": "#material", "uv": [ 0.0, 0.0, 3.0, 8.0 ] },
								"west": { "texture": "#material", "uv": [ 0.0, 0.0, 3.0, 8.0 ] },
								"up": { "texture": "#material", "uv": [ 0.0, 0.0, 3.0, 3.0 ] },
								"down": { "texture": "#material", "uv": [ 0.0, 0.0, 3.0, 3.0 ] }
							},
							"children": [
								{
									"name": "Cube9",
									"from": [ 0.0, 0.0, 9.0 ], 
									"to": [ 3.0, 8.0, 12.0 ], 
									"rotationOrigin": [ 0.0, 0.0, 9.0 ],
									"faces": {
										"north": { "texture": "#material", "uv": [ 0.0, 0.0, 3.0, 8.0 ] },
										"east": { "texture": "#material", "uv": [ 0.0, 0.0, 3.0, 8.0 ] },
										"south": { "texture": "#material", "uv": [ 0.0, 0.0, 3.0, 8.0 ] },
										"west": { "texture": "#material", "uv": [ 0.0, 0.0, 3.0, 8.0 ] },
										"up": { "texture": "#material", "uv": [ 0.0, 0.0, 3.0, 3.0 ] },
										"down": { "texture": "#material", "uv": [ 0.0, 0.0, 3.0, 3.0 ] }
									}
								}
							]
						}
					]
				},
				{
					"name": "Cube11",
					"from": [ 3.0, 13.0, 3.0 ], 
					"to": [ 13.0, 14.0, 13.0 ], 
					"rotationOrigin": [ 3.0, 13.0, 3.0 ],
					"faces": {
						"north": { "texture": "#material", "uv": [ 0.0, 0.0, 10.0, 1.0 ] },
						"east": { "texture": "#material", "uv": [ 0.0, 0.0, 10.0, 1.0 ] },
						"south": { "texture": "#material", "uv": [ 0.0, 0.0, 10.0, 1.0 ] },
						"west": { "texture": "#material", "uv": [ 0.0, 0.0, 10.0, 1.0 ] },
						"up": { "texture": "#material", "uv": [ 0.0, 0.0, 10.0, 10.0 ] },
						"down": { "texture": "#material", "uv": [ 0.0, 0.0, 10.0, 10.0 ] }
					}
				},
				{
					"name": "Cube4",
					"from": [ 0.0, 1.0, 14.0 ], 
					"to": [ 2.0, 2.0, 16.0 ], 
					"rotationOrigin": [ 0.0, 1.0, 14.0 ],
					"faces": {
						"north": { "texture": "#material", "uv": [ 0.0, 0.0, 2.0, 1.0 ] },
						"east": { "texture": "#material", "uv": [ 0.0, 0.0, 2.0, 1.0 ] },
						"south": { "texture": "#material", "uv": [ 0.0, 0.0, 2.0, 1.0 ] },
						"west": { "texture": "#material", "uv": [ 0.0, 0.0, 2.0, 1.0 ] },
						"up": { "texture": "#material", "uv": [ 0.0, 0.0, 2.0, 2.0 ] },
						"down": { "texture": "#material", "uv": [ 0.0, 0.0, 2.0, 2.0 ] }
					},
					"children": [
						{
							"name": "Cube5",
							"from": [ 14.0, 0.0, 0.0 ], 
							"to": [ 16.0, 1.0, 2.0 ], 
							"rotationOrigin": [ 14.0, 0.0, 0.0 ],
							"faces": {
								"north": { "texture": "#material", "uv": [ 0.0, 0.0, 2.0, 1.0 ] },
								"east": { "texture": "#material", "uv": [ 0.0, 0.0, 2.0, 1.0 ] },
								"south": { "texture": "#material", "uv": [ 0.0, 0.0, 2.0, 1.0 ] },
								"west": { "texture": "#material", "uv": [ 0.0, 0.0, 2.0, 1.0 ] },
								"up": { "texture": "#material", "uv": [ 0.0, 0.0, 2.0, 2.0 ] },
								"down": { "texture": "#material", "uv": [ 0.0, 0.0, 2.0, 2.0 ] }
							}
						}
					]
				}
			]
		}
	],
	"animations": [
		{
			"name": "skidsup",
			"code": "skidsup",
			"quantityframes": 30,
			"onActivityStopped": "Rewind",
			"onAnimationEnd": "Hold",
			"keyframes": [

			]
		},

		{
			"name": "poweredon",
			"code": "poweredon",
			"quantityframes": 30,
			"onActivityStopped": "Rewind",
			"onAnimationEnd": "Repeat",
			"keyframes": [

			]
		}
	]
}