{
	"editor": {
		"allAngles": false,
		"entityTextureMode": false
	},
	"textureWidth": 16,
	"textureHeight": 16,
	"textureSizes": {
	},
	"textures": {
	},
	"elements": [
		{
			"name": "_origin-outer",
			"from": [ 0.0, 0.0, 0.0 ], 
			"to": [ 0.0, 0.0, 0.0 ], 
			"rotationOrigin": [ 8.0, 0.0, 8.0 ],
			"faces": {
				"north": { "texture": "#default", "uv": [ 0.0, 0.0, 0.5, 0.5 ] },
				"east": { "texture": "#default", "uv": [ 0.0, 0.0, 0.5, 0.5 ] },
				"south": { "texture": "#default", "uv": [ 0.0, 0.0, 0.5, 0.5 ] },
				"west": { "texture": "#default", "uv": [ 0.0, 0.0, 0.5, 0.5 ] },
				"up": { "texture": "#default", "uv": [ 0.0, 0.0, 0.5, 0.5 ] },
				"down": { "texture": "#default", "uv": [ 0.0, 0.0, 0.5, 0.5 ] }
			},
			"children": [
				{
					"name": "outerframe-2-1",
					"from": [ 0.0, 13.0, 0.0 ], 
					"to": [ 16.0, 16.0, 3.0 ], 
					"rotationOrigin": [ 8.0, 13.0, 8.0 ],
					"faces": {
						"north": { "texture": "#stoneside", "uv": [ 0.0, 0.0, 16.0, 3.0 ] },
						"east": { "texture": "#stoneside", "uv": [ 13.0, 0.0, 16.0, 3.0 ] },
						"south": { "texture": "#stoneside", "uv": [ 0.0, 0.0, 16.0, 3.0 ] },
						"west": { "texture": "#stoneside", "uv": [ 0.0, 0.0, 3.0, 3.0 ] },
						"up": { "texture": "#stoneside", "uv": [ 0.0, 0.0, 16.0, 3.0 ] },
						"down": { "texture": "#stoneside", "uv": [ 0.0, 0.0, 16.0, 3.0 ] }
					},
					"children": [
						{
							"name": "outerframe-2-3",
							"from": [ 13.0, -10.0, 0.0 ], 
							"to": [ 16.0, 0.0, 3.0 ], 
							"rotationOrigin": [ 13.0, -10.0, 0.0 ],
							"faces": {
								"north": { "texture": "#stoneside", "uv": [ 0.0, 3.0, 3.0, 13.0 ] },
								"east": { "texture": "#stoneside", "uv": [ 13.0, 3.0, 16.0, 13.0 ] },
								"south": { "texture": "#stoneside", "uv": [ 0.0, 3.0, 3.0, 13.0 ] },
								"west": { "texture": "#stoneside", "uv": [ 0.0, 3.0, 3.0, 13.0 ] },
								"up": { "texture": "#stoneside", "uv": [ 0.0, 0.0, 3.0, 3.0 ] },
								"down": { "texture": "#stoneside", "uv": [ 0.0, 0.0, 3.0, 3.0 ] }
							}
						},
						{
							"name": "outerframe-2-2",
							"from": [ 0.0, -13.0, 0.0 ], 
							"to": [ 16.0, -10.0, 3.0 ], 
							"rotationOrigin": [ 8.0, -13.0, 8.0 ],
							"faces": {
								"north": { "texture": "#stoneside", "uv": [ 0.0, 13.0, 16.0, 16.0 ] },
								"east": { "texture": "#stoneside", "uv": [ 13.0, 13.0, 16.0, 16.0 ] },
								"south": { "texture": "#stoneside", "uv": [ 0.0, 0.0, 16.0, 3.0 ] },
								"west": { "texture": "#stoneside", "uv": [ 0.0, 13.0, 3.0, 16.0 ] },
								"up": { "texture": "#stoneside", "uv": [ 0.0, 0.0, 3.0, 16.0 ], "rotation": 90 },
								"down": { "texture": "#stoneside", "uv": [ 0.0, 0.0, 16.0, 3.0 ] }
							}
						},
						{
							"name": "outerframe-2-4",
							"from": [ 0.0, -10.0, 0.0 ], 
							"to": [ 3.0, 0.0, 3.0 ], 
							"rotationOrigin": [ 0.0, -10.0, 0.0 ],
							"faces": {
								"north": { "texture": "#stoneside", "uv": [ 13.0, 3.0, 16.0, 13.0 ] },
								"east": { "texture": "#stoneside", "uv": [ 0.0, 3.0, 3.0, 13.0 ] },
								"south": { "texture": "#stoneside", "uv": [ 0.0, 3.0, 3.0, 13.0 ] },
								"west": { "texture": "#stoneside", "uv": [ 0.0, 3.0, 3.0, 13.0 ] },
								"up": { "texture": "#stoneside", "uv": [ 0.0, 0.0, 3.0, 3.0 ] },
								"down": { "texture": "#stoneside", "uv": [ 0.0, 0.0, 3.0, 3.0 ] }
							}
						}
					]
				},
				{
					"name": "outerframe-1-1",
					"from": [ 0.0, 0.0, 13.0 ], 
					"to": [ 16.0, 3.0, 16.0 ], 
					"rotationOrigin": [ 8.0, 0.0, 21.0 ],
					"faces": {
						"north": { "texture": "#stoneside", "uv": [ 0.0, 13.0, 16.0, 16.0 ] },
						"east": { "texture": "#stoneside", "uv": [ 0.0, 13.0, 3.0, 16.0 ] },
						"south": { "texture": "#stoneside", "uv": [ 0.0, 13.0, 16.0, 16.0 ] },
						"west": { "texture": "#stoneside", "uv": [ 13.0, 13.0, 16.0, 16.0 ] },
						"up": { "texture": "#stoneside", "uv": [ 0.0, 13.0, 16.0, 16.0 ] },
						"down": { "texture": "#stoneside", "uv": [ 0.0, 13.0, 16.0, 16.0 ] }
					},
					"children": [
						{
							"name": "outerframe-1-3",
							"from": [ 0.0, 3.0, 0.0 ], 
							"to": [ 3.0, 13.0, 3.0 ], 
							"rotationOrigin": [ 0.0, 3.0, 0.0 ],
							"faces": {
								"north": { "texture": "#stoneside", "uv": [ 0.0, 3.0, 3.0, 13.0 ] },
								"east": { "texture": "#stoneside", "uv": [ 0.0, 3.0, 3.0, 13.0 ] },
								"south": { "texture": "#stoneside", "uv": [ 0.0, 3.0, 3.0, 13.0 ] },
								"west": { "texture": "#stoneside", "uv": [ 13.0, 3.0, 16.0, 13.0 ] },
								"up": { "texture": "#stoneside", "uv": [ 0.0, 0.0, 3.0, 3.0 ] },
								"down": { "texture": "#stoneside", "uv": [ 0.0, 0.0, 3.0, 3.0 ] }
							}
						},
						{
							"name": "outerframe-1-2",
							"from": [ 0.0, 13.0, 0.0 ], 
							"to": [ 16.0, 16.0, 3.0 ], 
							"rotationOrigin": [ 8.0, 13.0, 8.0 ],
							"faces": {
								"north": { "texture": "#stoneside", "uv": [ 0.0, 0.0, 16.0, 3.0 ] },
								"east": { "texture": "#stoneside", "uv": [ 0.0, 0.0, 3.0, 3.0 ] },
								"south": { "texture": "#stoneside", "uv": [ 0.0, 0.0, 16.0, 3.0 ] },
								"west": { "texture": "#stoneside", "uv": [ 13.0, 0.0, 16.0, 3.0 ] },
								"up": { "texture": "#stoneside", "uv": [ 0.0, 13.0, 16.0, 16.0 ] },
								"down": { "texture": "#stoneside", "uv": [ 0.0, 0.0, 16.0, 3.0 ] }
							}
						},
						{
							"name": "outerframe-1-4",
							"from": [ 13.0, 3.0, 0.0 ], 
							"to": [ 16.0, 13.0, 3.0 ], 
							"rotationOrigin": [ 13.0, 3.0, 0.0 ],
							"faces": {
								"north": { "texture": "#stoneside", "uv": [ 0.0, 3.0, 3.0, 13.0 ] },
								"east": { "texture": "#stoneside", "uv": [ 0.0, 3.0, 3.0, 13.0 ] },
								"south": { "texture": "#stoneside", "uv": [ 13.0, 3.0, 16.0, 13.0 ] },
								"west": { "texture": "#stoneside", "uv": [ 0.0, 3.0, 3.0, 13.0 ] },
								"up": { "texture": "#stoneside", "uv": [ 0.0, 0.0, 3.0, 3.0 ] },
								"down": { "texture": "#stoneside", "uv": [ 0.0, 0.0, 3.0, 3.0 ] }
							}
						}
					]
				},
				{
					"name": "outerframe-3-1",
					"from": [ 0.0, 0.0, 3.0 ], 
					"to": [ 13.0, 3.0, 13.0 ], 
					"rotationOrigin": [ 0.0, 0.0, 3.0 ],
					"faces": {
						"north": { "texture": "#stoneside", "uv": [ 0.0, 0.0, 13.0, 3.0 ] },
						"east": { "texture": "#stoneside", "uv": [ 3.0, 0.0, 13.0, 3.0 ] },
						"south": { "texture": "#stoneside", "uv": [ 0.0, 0.0, 13.0, 3.0 ] },
						"west": { "texture": "#stoneside", "uv": [ 3.0, 13.0, 13.0, 16.0 ] },
						"up": { "texture": "#stoneside", "uv": [ 1.5, 3.0, 14.5, 13.0 ] },
						"down": { "texture": "#stoneside", "uv": [ 3.0, 3.0, 16.0, 13.0 ] }
					},
					"children": [
						{
							"name": "outerframe-3-2",
							"from": [ 0.0, 13.0, 0.0 ], 
							"to": [ 3.0, 16.0, 10.0 ], 
							"rotationOrigin": [ 0.0, 13.0, 0.0 ],
							"faces": {
								"north": { "texture": "#stoneside", "uv": [ 0.0, 0.0, 3.0, 3.0 ] },
								"east": { "texture": "#stoneside", "uv": [ 2.5, 0.0, 12.5, 3.0 ] },
								"south": { "texture": "#stoneside", "uv": [ 0.0, 0.0, 3.0, 3.0 ] },
								"west": { "texture": "#stoneside", "uv": [ 3.0, 0.0, 13.0, 3.0 ] },
								"up": { "texture": "#stoneside", "uv": [ 0.0, 2.5, 3.0, 12.5 ] },
								"down": { "texture": "#stoneside", "uv": [ 0.0, 3.0, 3.0, 13.0 ] }
							}
						},
						{
							"name": "outerframe-3-4",
							"from": [ 13.0, 13.0, 0.0 ], 
							"to": [ 16.0, 16.0, 10.0 ], 
							"rotationOrigin": [ 13.0, 13.0, 0.0 ],
							"faces": {
								"north": { "texture": "#stoneside", "uv": [ 0.0, 0.0, 3.0, 3.0 ] },
								"east": { "texture": "#stoneside", "uv": [ 3.0, 0.0, 13.0, 3.0 ] },
								"south": { "texture": "#stoneside", "uv": [ 0.0, 0.0, 3.0, 3.0 ] },
								"west": { "texture": "#stoneside", "uv": [ 3.0, 0.0, 13.0, 3.0 ] },
								"up": { "texture": "#stoneside", "uv": [ 13.0, 3.0, 16.0, 13.0 ] },
								"down": { "texture": "#stoneside", "uv": [ 0.0, 3.0, 3.0, 13.0 ] }
							}
						},
						{
							"name": "outerframe-3-3",
							"from": [ 13.0, 0.0, 0.0 ], 
							"to": [ 16.0, 3.0, 10.0 ], 
							"rotationOrigin": [ 13.0, 0.0, 0.0 ],
							"faces": {
								"north": { "texture": "#stoneside", "uv": [ 0.0, 0.0, 3.0, 3.0 ] },
								"east": { "texture": "#stoneside", "uv": [ 3.0, 13.0, 13.0, 16.0 ] },
								"south": { "texture": "#stoneside", "uv": [ 0.0, 0.0, 3.0, 3.0 ] },
								"west": { "texture": "#stoneside", "uv": [ 3.0, 0.0, 13.0, 3.0 ] },
								"up": { "texture": "#stoneside", "uv": [ 3.0, 0.0, 13.0, 3.0 ], "rotation": 90 },
								"down": { "texture": "#stoneside", "uv": [ 13.0, 3.0, 16.0, 13.0 ] }
							}
						}
					]
				}
			]
		},
		{
			"name": "inner-energy",
			"from": [ 0.5, 0.5, 0.5 ], 
			"to": [ 15.5, 15.5, 15.5 ], 
			"rotationOrigin": [ 0.5, 0.5, 0.5 ],
			"faces": {
				"north": { "texture": "#energyaura", "uv": [ 0.5, 0.5, 15.5, 15.5 ], "glow": 10, "autoUv": false },
				"east": { "texture": "#energyaura", "uv": [ 0.5, 0.5, 15.5, 15.5 ], "glow": 10, "autoUv": false },
				"south": { "texture": "#energyaura", "uv": [ 0.5, 0.5, 15.5, 15.5 ], "glow": 10, "autoUv": false },
				"west": { "texture": "#energyaura", "uv": [ 0.5, 0.5, 15.5, 15.5 ], "glow": 10, "autoUv": false },
				"up": { "texture": "#energyaura", "uv": [ 0.5, 0.5, 15.5, 15.5 ], "glow": 10, "autoUv": false },
				"down": { "texture": "#energyaura", "uv": [ 0.5, 0.5, 15.5, 15.5 ], "autoUv": false }
			}
		},
		{
			"name": "Cube2",
			"from": [ 0.0, 0.0, 0.0 ], 
			"to": [ 0.0, 0.0, 0.0 ], 
			"rotationOrigin": [ 8.0, 0.0, 8.0 ],
			"faces": {
				"north": { "texture": "#null", "uv": [ 0.0, 0.0, 0.5, 0.5 ] },
				"east": { "texture": "#null", "uv": [ 0.0, 0.0, 0.5, 0.5 ] },
				"south": { "texture": "#null", "uv": [ 0.0, 0.0, 0.5, 0.5 ] },
				"west": { "texture": "#null", "uv": [ 0.0, 0.0, 0.5, 0.5 ] },
				"up": { "texture": "#null", "uv": [ 0.0, 0.0, 0.5, 0.5 ] },
				"down": { "texture": "#null", "uv": [ 0.0, 0.0, 0.5, 0.5 ] }
			},
			"children": [
				{
					"name": "barbrace-5",
					"from": [ -1.0, 15.0, -1.0 ], 
					"to": [ 1.0, 16.75, 1.0 ], 
					"rotationOrigin": [ -1.0, 15.0, -1.0 ],
					"faces": {
						"north": { "texture": "#material1", "uv": [ 0.0, 0.0, 2.0, 1.5 ] },
						"east": { "texture": "#material1", "uv": [ 0.0, 0.0, 2.0, 1.5 ] },
						"south": { "texture": "#material1", "uv": [ 0.0, 0.0, 2.0, 1.5 ] },
						"west": { "texture": "#material1", "uv": [ 0.0, 0.0, 2.0, 1.5 ] },
						"up": { "texture": "#material1", "uv": [ 0.0, 0.0, 2.0, 2.0 ] },
						"down": { "texture": "#material1", "uv": [ 0.0, 0.0, 2.0, 2.0 ] }
					}
				},
				{
					"name": "Cube3",
					"from": [ -0.0028, 0.0, 0.0028 ], 
					"to": [ -0.0028, 0.0, 0.0028 ], 
					"rotationOrigin": [ 8.0, 0.0, 8.0 ],
					"rotationY": 89.98,
					"faces": {
						"north": { "texture": "#null", "uv": [ 0.0, 0.0, 0.5, 0.5 ] },
						"east": { "texture": "#null", "uv": [ 0.0, 0.0, 0.5, 0.5 ] },
						"south": { "texture": "#null", "uv": [ 0.0, 0.0, 0.5, 0.5 ] },
						"west": { "texture": "#null", "uv": [ 0.0, 0.0, 0.5, 0.5 ] },
						"up": { "texture": "#null", "uv": [ 0.0, 0.0, 0.5, 0.5 ] },
						"down": { "texture": "#null", "uv": [ 0.0, 0.0, 0.5, 0.5 ] }
					},
					"children": [
						{
							"name": "barbrace-13",
							"from": [ -1.0, 15.0, -1.0 ], 
							"to": [ 1.0, 16.75, 1.0 ], 
							"rotationOrigin": [ -1.0, 15.0, -1.0 ],
							"faces": {
								"north": { "texture": "#material1", "uv": [ 0.0, 0.0, 2.0, 1.5 ] },
								"east": { "texture": "#material1", "uv": [ 0.0, 0.0, 2.0, 1.5 ] },
								"south": { "texture": "#material1", "uv": [ 0.0, 0.0, 2.0, 1.5 ] },
								"west": { "texture": "#material1", "uv": [ 0.0, 0.0, 2.0, 1.5 ] },
								"up": { "texture": "#material1", "uv": [ 0.0, 0.0, 2.0, 2.0 ] },
								"down": { "texture": "#material1", "uv": [ 0.0, 0.0, 2.0, 2.0 ] }
							}
						},
						{
							"name": "baranchor-13",
							"from": [ -0.5, 16.0, -0.5 ], 
							"to": [ 0.5, 17.25, 0.5 ], 
							"rotationOrigin": [ 0.0, 16.0, 0.0 ],
							"rotationY": 45.0,
							"faces": {
								"north": { "texture": "#material1", "uv": [ 0.0, 0.0, 1.0, 1.0 ] },
								"east": { "texture": "#material1", "uv": [ 0.0, 0.0, 1.0, 1.0 ] },
								"south": { "texture": "#material1", "uv": [ 0.0, 0.0, 1.0, 1.0 ] },
								"west": { "texture": "#material1", "uv": [ 0.0, 0.0, 1.0, 1.0 ] },
								"up": { "texture": "#material1", "uv": [ 0.0, 0.0, 1.0, 1.0 ] },
								"down": { "texture": "#material1", "uv": [ 0.0, 0.0, 1.0, 1.0 ] }
							}
						},
						{
							"name": "manastonebar-7",
							"from": [ 0.0, 15.55, -0.3 ], 
							"to": [ 8.0, 16.55, 0.7 ], 
							"rotationOrigin": [ 0.0, 16.25, 0.0 ],
							"rotationX": 45.0,
							"faces": {
								"north": { "texture": "#manastone", "uv": [ 0.0, 0.0, 8.0, 1.0 ] },
								"east": { "texture": "#manastone", "uv": [ 0.0, 0.0, 1.0, 1.0 ] },
								"south": { "texture": "#manastone", "uv": [ 0.0, 0.0, 8.0, 1.0 ] },
								"west": { "texture": "#manastone", "uv": [ 0.0, 0.0, 1.0, 1.0 ] },
								"up": { "texture": "#manastone", "uv": [ 0.0, 0.0, 8.0, 1.0 ] },
								"down": { "texture": "#manastone", "uv": [ 0.0, 0.0, 8.0, 1.0 ] }
							}
						},
						{
							"name": "manastonebar-14",
							"from": [ 8.0, 15.55, -0.3 ], 
							"to": [ 16.0, 16.55, 0.7 ], 
							"rotationOrigin": [ 8.0, 16.25, 0.0 ],
							"rotationX": 45.0,
							"faces": {
								"north": { "texture": "#manastone", "uv": [ 0.0, 0.0, 8.0, 1.0 ] },
								"east": { "texture": "#manastone", "uv": [ 0.0, 0.0, 1.0, 1.0 ] },
								"south": { "texture": "#manastone", "uv": [ 0.0, 0.0, 8.0, 1.0 ] },
								"west": { "texture": "#manastone", "uv": [ 0.0, 0.0, 1.0, 1.0 ] },
								"up": { "texture": "#manastone", "uv": [ 0.0, 0.0, 8.0, 1.0 ] },
								"down": { "texture": "#manastone", "uv": [ 0.0, 0.0, 8.0, 1.0 ] }
							}
						}
					]
				},
				{
					"name": "baranchor-5",
					"from": [ -0.5, 16.0, -0.5 ], 
					"to": [ 0.5, 17.25, 0.5 ], 
					"rotationOrigin": [ 0.0, 16.0, 0.0 ],
					"rotationY": 45.0,
					"faces": {
						"north": { "texture": "#material1", "uv": [ 0.0, 0.0, 1.0, 1.0 ] },
						"east": { "texture": "#material1", "uv": [ 0.0, 0.0, 1.0, 1.0 ] },
						"south": { "texture": "#material1", "uv": [ 0.0, 0.0, 1.0, 1.0 ] },
						"west": { "texture": "#material1", "uv": [ 0.0, 0.0, 1.0, 1.0 ] },
						"up": { "texture": "#material1", "uv": [ 0.0, 0.0, 1.0, 1.0 ] },
						"down": { "texture": "#material1", "uv": [ 0.0, 0.0, 1.0, 1.0 ] }
					}
				},
				{
					"name": "manastonebar-5",
					"from": [ 0.0, 15.55, -0.3 ], 
					"to": [ 8.0, 16.55, 0.7 ], 
					"rotationOrigin": [ 0.0, 16.25, 0.0 ],
					"rotationX": 45.0,
					"faces": {
						"north": { "texture": "#manastone", "uv": [ 0.0, 0.0, 8.0, 1.0 ] },
						"east": { "texture": "#manastone", "uv": [ 0.0, 0.0, 1.0, 1.0 ] },
						"south": { "texture": "#manastone", "uv": [ 0.0, 0.0, 8.0, 1.0 ] },
						"west": { "texture": "#manastone", "uv": [ 0.0, 0.0, 1.0, 1.0 ] },
						"up": { "texture": "#manastone", "uv": [ 0.0, 0.0, 8.0, 1.0 ] },
						"down": { "texture": "#manastone", "uv": [ 0.0, 0.0, 8.0, 1.0 ] }
					}
				},
				{
					"name": "manastonebar-13",
					"from": [ 8.0, 15.55, -0.3 ], 
					"to": [ 16.0, 16.55, 0.7 ], 
					"rotationOrigin": [ 8.0, 16.25, 0.0 ],
					"rotationX": 45.0,
					"faces": {
						"north": { "texture": "#manastone", "uv": [ 0.0, 0.0, 8.0, 1.0 ] },
						"east": { "texture": "#manastone", "uv": [ 0.0, 0.0, 1.0, 1.0 ] },
						"south": { "texture": "#manastone", "uv": [ 0.0, 0.0, 8.0, 1.0 ] },
						"west": { "texture": "#manastone", "uv": [ 0.0, 0.0, 1.0, 1.0 ] },
						"up": { "texture": "#manastone", "uv": [ 0.0, 0.0, 8.0, 1.0 ] },
						"down": { "texture": "#manastone", "uv": [ 0.0, 0.0, 8.0, 1.0 ] }
					}
				},
				{
					"name": "Cube4",
					"from": [ 0.0, 0.0, 0.0 ], 
					"to": [ 0.0, 0.0, 0.0 ], 
					"rotationOrigin": [ 8.0, 0.0, 8.0 ],
					"rotationX": -180.0,
					"rotationZ": -180.0,
					"faces": {
						"north": { "texture": "#null", "uv": [ 0.0, 0.0, 0.5, 0.5 ] },
						"east": { "texture": "#null", "uv": [ 0.0, 0.0, 0.5, 0.5 ] },
						"south": { "texture": "#null", "uv": [ 0.0, 0.0, 0.5, 0.5 ] },
						"west": { "texture": "#null", "uv": [ 0.0, 0.0, 0.5, 0.5 ] },
						"up": { "texture": "#null", "uv": [ 0.0, 0.0, 0.5, 0.5 ] },
						"down": { "texture": "#null", "uv": [ 0.0, 0.0, 0.5, 0.5 ] }
					},
					"children": [
						{
							"name": "barbrace-14",
							"from": [ -1.0, 15.0, -1.0 ], 
							"to": [ 1.0, 16.75, 1.0 ], 
							"rotationOrigin": [ -1.0, 15.0, -1.0 ],
							"faces": {
								"north": { "texture": "#material1", "uv": [ 0.0, 0.0, 2.0, 1.5 ] },
								"east": { "texture": "#material1", "uv": [ 0.0, 0.0, 2.0, 1.5 ] },
								"south": { "texture": "#material1", "uv": [ 0.0, 0.0, 2.0, 1.5 ] },
								"west": { "texture": "#material1", "uv": [ 0.0, 0.0, 2.0, 1.5 ] },
								"up": { "texture": "#material1", "uv": [ 0.0, 0.0, 2.0, 2.0 ] },
								"down": { "texture": "#material1", "uv": [ 0.0, 0.0, 2.0, 2.0 ] }
							}
						},
						{
							"name": "Cube5",
							"from": [ -0.0028, 0.0, 0.0028 ], 
							"to": [ -0.0028, 0.0, 0.0028 ], 
							"rotationOrigin": [ 8.0, 0.0, 8.0 ],
							"rotationY": 89.98,
							"faces": {
								"north": { "texture": "#null", "uv": [ 0.0, 0.0, 0.5, 0.5 ] },
								"east": { "texture": "#null", "uv": [ 0.0, 0.0, 0.5, 0.5 ] },
								"south": { "texture": "#null", "uv": [ 0.0, 0.0, 0.5, 0.5 ] },
								"west": { "texture": "#null", "uv": [ 0.0, 0.0, 0.5, 0.5 ] },
								"up": { "texture": "#null", "uv": [ 0.0, 0.0, 0.5, 0.5 ] },
								"down": { "texture": "#null", "uv": [ 0.0, 0.0, 0.5, 0.5 ] }
							},
							"children": [
								{
									"name": "barbrace-15",
									"from": [ -1.0, 15.0, -1.0 ], 
									"to": [ 1.0, 16.75, 1.0 ], 
									"rotationOrigin": [ -1.0, 15.0, -1.0 ],
									"faces": {
										"north": { "texture": "#material1", "uv": [ 0.0, 0.0, 2.0, 1.5 ] },
										"east": { "texture": "#material1", "uv": [ 0.0, 0.0, 2.0, 1.5 ] },
										"south": { "texture": "#material1", "uv": [ 0.0, 0.0, 2.0, 1.5 ] },
										"west": { "texture": "#material1", "uv": [ 0.0, 0.0, 2.0, 1.5 ] },
										"up": { "texture": "#material1", "uv": [ 0.0, 0.0, 2.0, 2.0 ] },
										"down": { "texture": "#material1", "uv": [ 0.0, 0.0, 2.0, 2.0 ] }
									}
								},
								{
									"name": "baranchor-15",
									"from": [ -0.5, 16.0, -0.5 ], 
									"to": [ 0.5, 17.25, 0.5 ], 
									"rotationOrigin": [ 0.0, 16.0, 0.0 ],
									"rotationY": 45.0,
									"faces": {
										"north": { "texture": "#material1", "uv": [ 0.0, 0.0, 1.0, 1.0 ] },
										"east": { "texture": "#material1", "uv": [ 0.0, 0.0, 1.0, 1.0 ] },
										"south": { "texture": "#material1", "uv": [ 0.0, 0.0, 1.0, 1.0 ] },
										"west": { "texture": "#material1", "uv": [ 0.0, 0.0, 1.0, 1.0 ] },
										"up": { "texture": "#material1", "uv": [ 0.0, 0.0, 1.0, 1.0 ] },
										"down": { "texture": "#material1", "uv": [ 0.0, 0.0, 1.0, 1.0 ] }
									}
								},
								{
									"name": "manastonebar-17",
									"from": [ 0.0, 15.55, -0.3 ], 
									"to": [ 8.0, 16.55, 0.7 ], 
									"rotationOrigin": [ 0.0, 16.25, 0.0 ],
									"rotationX": 45.0,
									"faces": {
										"north": { "texture": "#manastone", "uv": [ 0.0, 0.0, 8.0, 1.0 ] },
										"east": { "texture": "#manastone", "uv": [ 0.0, 0.0, 1.0, 1.0 ] },
										"south": { "texture": "#manastone", "uv": [ 0.0, 0.0, 8.0, 1.0 ] },
										"west": { "texture": "#manastone", "uv": [ 0.0, 0.0, 1.0, 1.0 ] },
										"up": { "texture": "#manastone", "uv": [ 0.0, 0.0, 8.0, 1.0 ] },
										"down": { "texture": "#manastone", "uv": [ 0.0, 0.0, 8.0, 1.0 ] }
									}
								},
								{
									"name": "manastonebar-18",
									"from": [ 8.0, 15.55, -0.3 ], 
									"to": [ 16.0, 16.55, 0.7 ], 
									"rotationOrigin": [ 8.0, 16.25, 0.0 ],
									"rotationX": 45.0,
									"faces": {
										"north": { "texture": "#manastone", "uv": [ 0.0, 0.0, 8.0, 1.0 ] },
										"east": { "texture": "#manastone", "uv": [ 0.0, 0.0, 1.0, 1.0 ] },
										"south": { "texture": "#manastone", "uv": [ 0.0, 0.0, 8.0, 1.0 ] },
										"west": { "texture": "#manastone", "uv": [ 0.0, 0.0, 1.0, 1.0 ] },
										"up": { "texture": "#manastone", "uv": [ 0.0, 0.0, 8.0, 1.0 ] },
										"down": { "texture": "#manastone", "uv": [ 0.0, 0.0, 8.0, 1.0 ] }
									}
								}
							]
						},
						{
							"name": "baranchor-14",
							"from": [ -0.5, 16.0, -0.5 ], 
							"to": [ 0.5, 17.25, 0.5 ], 
							"rotationOrigin": [ 0.0, 16.0, 0.0 ],
							"rotationY": 45.0,
							"faces": {
								"north": { "texture": "#material1", "uv": [ 0.0, 0.0, 1.0, 1.0 ] },
								"east": { "texture": "#material1", "uv": [ 0.0, 0.0, 1.0, 1.0 ] },
								"south": { "texture": "#material1", "uv": [ 0.0, 0.0, 1.0, 1.0 ] },
								"west": { "texture": "#material1", "uv": [ 0.0, 0.0, 1.0, 1.0 ] },
								"up": { "texture": "#material1", "uv": [ 0.0, 0.0, 1.0, 1.0 ] },
								"down": { "texture": "#material1", "uv": [ 0.0, 0.0, 1.0, 1.0 ] }
							}
						},
						{
							"name": "manastonebar-15",
							"from": [ 0.0, 15.55, -0.3 ], 
							"to": [ 8.0, 16.55, 0.7 ], 
							"rotationOrigin": [ 0.0, 16.25, 0.0 ],
							"rotationX": 45.0,
							"faces": {
								"north": { "texture": "#manastone", "uv": [ 0.0, 0.0, 8.0, 1.0 ] },
								"east": { "texture": "#manastone", "uv": [ 0.0, 0.0, 1.0, 1.0 ] },
								"south": { "texture": "#manastone", "uv": [ 0.0, 0.0, 8.0, 1.0 ] },
								"west": { "texture": "#manastone", "uv": [ 0.0, 0.0, 1.0, 1.0 ] },
								"up": { "texture": "#manastone", "uv": [ 0.0, 0.0, 8.0, 1.0 ] },
								"down": { "texture": "#manastone", "uv": [ 0.0, 0.0, 8.0, 1.0 ] }
							}
						},
						{
							"name": "manastonebar-16",
							"from": [ 8.0, 15.55, -0.3 ], 
							"to": [ 16.0, 16.55, 0.7 ], 
							"rotationOrigin": [ 8.0, 16.25, 0.0 ],
							"rotationX": 45.0,
							"faces": {
								"north": { "texture": "#manastone", "uv": [ 0.0, 0.0, 8.0, 1.0 ] },
								"east": { "texture": "#manastone", "uv": [ 0.0, 0.0, 1.0, 1.0 ] },
								"south": { "texture": "#manastone", "uv": [ 0.0, 0.0, 8.0, 1.0 ] },
								"west": { "texture": "#manastone", "uv": [ 0.0, 0.0, 1.0, 1.0 ] },
								"up": { "texture": "#manastone", "uv": [ 0.0, 0.0, 8.0, 1.0 ] },
								"down": { "texture": "#manastone", "uv": [ 0.0, 0.0, 8.0, 1.0 ] }
							}
						}
					]
				}
			]
		},
		{
			"name": "_innerbraceside50",
			"from": [ 0.55, 1.4, 1.5 ], 
			"to": [ 0.55, 1.4, 1.5 ], 
			"rotationOrigin": [ 8.0, 7.9, 8.0 ],
			"faces": {
				"north": { "texture": "#default", "uv": [ 0.0, 0.0, 16.0, 16.0 ], "glow": 100, "autoUv": false },
				"east": { "texture": "#default", "uv": [ 0.0, 0.0, 16.0, 16.0 ], "glow": 100, "autoUv": false },
				"south": { "texture": "#default", "uv": [ 0.0, 0.0, 16.0, 16.0 ], "glow": 100, "autoUv": false },
				"west": { "texture": "#default", "uv": [ 0.0, 0.0, 16.0, 16.0 ], "glow": 100, "autoUv": false },
				"up": { "texture": "#default", "uv": [ 0.0, 0.0, 16.0, 16.0 ], "glow": 100, "autoUv": false },
				"down": { "texture": "#default", "uv": [ 0.0, 0.0, 16.0, 16.0 ], "glow": 100, "autoUv": false }
			},
			"children": [
				{
					"name": "_innerbrace51",
					"from": [ 0.0, 0.0, 0.0 ], 
					"to": [ 0.0, 0.0, 0.0 ], 
					"rotationOrigin": [ 6.5, 6.5, 6.5 ],
					"rotationX": 90.0,
					"faces": {
						"north": { "texture": "#default", "uv": [ 0.0, 0.0, 16.0, 16.0 ], "glow": 100, "autoUv": false },
						"east": { "texture": "#default", "uv": [ 0.0, 0.0, 16.0, 16.0 ], "glow": 100, "autoUv": false },
						"south": { "texture": "#default", "uv": [ 0.0, 0.0, 16.0, 16.0 ], "glow": 100, "autoUv": false },
						"west": { "texture": "#default", "uv": [ 0.0, 0.0, 16.0, 16.0 ], "glow": 100, "autoUv": false },
						"up": { "texture": "#default", "uv": [ 0.0, 0.0, 16.0, 16.0 ], "glow": 100, "autoUv": false },
						"down": { "texture": "#default", "uv": [ 0.0, 0.0, 16.0, 16.0 ], "glow": 100, "autoUv": false }
					},
					"children": [
						{
							"name": "innerbrace1-54",
							"from": [ -0.51, 1.5, 1.9 ], 
							"to": [ 0.49, 3.5, 2.9 ], 
							"rotationOrigin": [ -0.5, 1.5, 2.9 ],
							"rotationX": -45.0,
							"faces": {
								"north": { "texture": "#material3", "uv": [ 11.0, 7.5, 12.0, 9.5 ] },
								"east": { "texture": "#material3", "uv": [ 11.5, 12.5, 12.5, 14.5 ] },
								"south": { "texture": "#material3", "uv": [ 9.0, 8.0, 10.0, 10.0 ] },
								"west": { "texture": "#material3", "uv": [ 8.5, 8.5, 9.5, 10.5 ] },
								"up": { "texture": "#material3", "uv": [ 7.0, 2.0, 8.0, 3.0 ] },
								"down": { "texture": "#material3", "uv": [ 4.0, 3.0, 5.0, 4.0 ] }
							},
							"children": [
								{
									"name": "innerbrace1-55",
									"from": [ 0.15, 0.5, 1.0 ], 
									"to": [ 1.15, 1.5, 7.0 ], 
									"rotationOrigin": [ 0.11, 0.5, 2.0 ],
									"faces": {
										"north": { "texture": "#material4", "uv": [ 5.5, 12.5, 6.5, 13.5 ] },
										"east": { "texture": "#material4", "uv": [ 6.0, 6.0, 12.0, 7.0 ] },
										"south": { "texture": "#material4", "uv": [ 12.5, 1.0, 13.5, 2.0 ] },
										"west": { "texture": "#material4", "uv": [ 4.5, 8.5, 10.5, 9.5 ] },
										"up": { "texture": "#material4", "uv": [ 2.5, 1.0, 3.5, 7.0 ] },
										"down": { "texture": "#material4", "uv": [ 8.5, 10.0, 9.5, 16.0 ] }
									}
								},
								{
									"name": "innerbrace1-59",
									"from": [ 0.25, 0.25, 1.0 ], 
									"to": [ 1.25, 1.75, 7.0 ], 
									"rotationOrigin": [ 0.21, 0.2, 2.0 ],
									"faces": {
										"north": { "texture": "#material6", "uv": [ 5.5, 12.5, 6.5, 14.0 ] },
										"east": { "texture": "#material6", "uv": [ 6.0, 6.0, 12.0, 7.5 ] },
										"south": { "texture": "#material6", "uv": [ 12.5, 1.0, 13.5, 2.5 ] },
										"west": { "texture": "#material6", "uv": [ 4.5, 8.5, 10.5, 10.0 ] },
										"up": { "texture": "#material6", "uv": [ 2.5, 1.0, 3.5, 7.0 ] },
										"down": { "texture": "#material6", "uv": [ 8.5, 10.0, 9.5, 16.0 ] }
									}
								}
							]
						}
					]
				},
				{
					"name": "innerbrace-cap55",
					"from": [ -0.61, 5.06, 6.5056 ], 
					"to": [ 1.39, 7.06, 8.5056 ], 
					"rotationOrigin": [ -0.56, 5.0556, 6.4556 ],
					"rotationX": -45.0,
					"faces": {
						"north": { "texture": "#material5", "uv": [ 10.5, 0.0, 12.5, 2.0 ] },
						"east": { "texture": "#material5", "uv": [ 9.5, 1.5, 11.5, 3.5 ] },
						"south": { "texture": "#material5", "uv": [ 12.5, 13.0, 14.5, 15.0 ] },
						"west": { "texture": "#material5", "uv": [ 1.0, 9.0, 3.0, 11.0 ] },
						"up": { "texture": "#material5", "uv": [ 6.0, 11.5, 8.0, 13.5 ] },
						"down": { "texture": "#material5", "uv": [ 6.5, 5.0, 8.5, 7.0 ] }
					}
				},
				{
					"name": "_innerbrace56",
					"from": [ 0.0, 0.0, 0.0 ], 
					"to": [ 0.0, 0.0, 0.0 ], 
					"rotationOrigin": [ 6.5, 6.5, 6.5 ],
					"rotationX": 180.0,
					"faces": {
						"north": { "texture": "#default", "uv": [ 0.0, 0.0, 16.0, 16.0 ], "glow": 100, "autoUv": false },
						"east": { "texture": "#default", "uv": [ 0.0, 0.0, 16.0, 16.0 ], "glow": 100, "autoUv": false },
						"south": { "texture": "#default", "uv": [ 0.0, 0.0, 16.0, 16.0 ], "glow": 100, "autoUv": false },
						"west": { "texture": "#default", "uv": [ 0.0, 0.0, 16.0, 16.0 ], "glow": 100, "autoUv": false },
						"up": { "texture": "#default", "uv": [ 0.0, 0.0, 16.0, 16.0 ], "glow": 100, "autoUv": false },
						"down": { "texture": "#default", "uv": [ 0.0, 0.0, 16.0, 16.0 ], "glow": 100, "autoUv": false }
					},
					"children": [
						{
							"name": "innerbrace1-63",
							"from": [ -0.51, 1.5, 1.9 ], 
							"to": [ 0.49, 3.5, 2.9 ], 
							"rotationOrigin": [ -0.5, 1.5, 2.9 ],
							"rotationX": -45.0,
							"faces": {
								"north": { "texture": "#material3", "uv": [ 11.0, 7.5, 12.0, 9.5 ] },
								"east": { "texture": "#material3", "uv": [ 11.5, 12.5, 12.5, 14.5 ] },
								"south": { "texture": "#material3", "uv": [ 9.0, 8.0, 10.0, 10.0 ] },
								"west": { "texture": "#material3", "uv": [ 8.5, 8.5, 9.5, 10.5 ] },
								"up": { "texture": "#material3", "uv": [ 7.0, 2.0, 8.0, 3.0 ] },
								"down": { "texture": "#material3", "uv": [ 4.0, 3.0, 5.0, 4.0 ] }
							},
							"children": [
								{
									"name": "innerbrace1-67",
									"from": [ 0.15, 0.5, 1.0 ], 
									"to": [ 1.15, 1.5, 7.0 ], 
									"rotationOrigin": [ 0.11, 0.5, 2.0 ],
									"faces": {
										"north": { "texture": "#material4", "uv": [ 5.5, 12.5, 6.5, 13.5 ] },
										"east": { "texture": "#material4", "uv": [ 6.0, 6.0, 12.0, 7.0 ] },
										"south": { "texture": "#material4", "uv": [ 12.5, 1.0, 13.5, 2.0 ] },
										"west": { "texture": "#material4", "uv": [ 4.5, 8.5, 10.5, 9.5 ] },
										"up": { "texture": "#material4", "uv": [ 2.5, 1.0, 3.5, 7.0 ] },
										"down": { "texture": "#material4", "uv": [ 8.5, 10.0, 9.5, 16.0 ] }
									}
								},
								{
									"name": "innerbrace1-68",
									"from": [ 0.25, 0.25, 1.0 ], 
									"to": [ 1.25, 1.75, 7.0 ], 
									"rotationOrigin": [ 0.21, 0.2, 2.0 ],
									"faces": {
										"north": { "texture": "#material6", "uv": [ 5.5, 12.5, 6.5, 14.0 ] },
										"east": { "texture": "#material6", "uv": [ 6.0, 6.0, 12.0, 7.5 ] },
										"south": { "texture": "#material6", "uv": [ 12.5, 1.0, 13.5, 2.5 ] },
										"west": { "texture": "#material6", "uv": [ 4.5, 8.5, 10.5, 10.0 ] },
										"up": { "texture": "#material6", "uv": [ 2.5, 1.0, 3.5, 7.0 ] },
										"down": { "texture": "#material6", "uv": [ 8.5, 10.0, 9.5, 16.0 ] }
									}
								}
							]
						}
					]
				},
				{
					"name": "_innerbrace60",
					"from": [ 0.0, 0.0, 0.0 ], 
					"to": [ 0.0, 0.0, 0.0 ], 
					"rotationOrigin": [ 6.5, 6.5, 6.5 ],
					"rotationX": -90.0,
					"faces": {
						"north": { "texture": "#default", "uv": [ 0.0, 0.0, 16.0, 16.0 ], "glow": 100, "autoUv": false },
						"east": { "texture": "#default", "uv": [ 0.0, 0.0, 16.0, 16.0 ], "glow": 100, "autoUv": false },
						"south": { "texture": "#default", "uv": [ 0.0, 0.0, 16.0, 16.0 ], "glow": 100, "autoUv": false },
						"west": { "texture": "#default", "uv": [ 0.0, 0.0, 16.0, 16.0 ], "glow": 100, "autoUv": false },
						"up": { "texture": "#default", "uv": [ 0.0, 0.0, 16.0, 16.0 ], "glow": 100, "autoUv": false },
						"down": { "texture": "#default", "uv": [ 0.0, 0.0, 16.0, 16.0 ], "glow": 100, "autoUv": false }
					},
					"children": [
						{
							"name": "innerbrace1-69",
							"from": [ -0.51, 1.5, 1.9 ], 
							"to": [ 0.49, 3.5, 2.9 ], 
							"rotationOrigin": [ -0.5, 1.5, 2.9 ],
							"rotationX": -45.0,
							"faces": {
								"north": { "texture": "#material3", "uv": [ 11.0, 7.5, 12.0, 9.5 ] },
								"east": { "texture": "#material3", "uv": [ 11.5, 12.5, 12.5, 14.5 ] },
								"south": { "texture": "#material3", "uv": [ 9.0, 8.0, 10.0, 10.0 ] },
								"west": { "texture": "#material3", "uv": [ 8.5, 8.5, 9.5, 10.5 ] },
								"up": { "texture": "#material3", "uv": [ 7.0, 2.0, 8.0, 3.0 ] },
								"down": { "texture": "#material3", "uv": [ 4.0, 3.0, 5.0, 4.0 ] }
							},
							"children": [
								{
									"name": "innerbrace1-70",
									"from": [ 0.15, 0.5, 1.0 ], 
									"to": [ 1.15, 1.5, 7.0 ], 
									"rotationOrigin": [ 0.11, 0.5, 2.0 ],
									"faces": {
										"north": { "texture": "#material4", "uv": [ 5.5, 12.5, 6.5, 13.5 ] },
										"east": { "texture": "#material4", "uv": [ 6.0, 6.0, 12.0, 7.0 ] },
										"south": { "texture": "#material4", "uv": [ 12.5, 1.0, 13.5, 2.0 ] },
										"west": { "texture": "#material4", "uv": [ 4.5, 8.5, 10.5, 9.5 ] },
										"up": { "texture": "#material4", "uv": [ 2.5, 1.0, 3.5, 7.0 ] },
										"down": { "texture": "#material4", "uv": [ 8.5, 10.0, 9.5, 16.0 ] }
									}
								},
								{
									"name": "innerbrace1-71",
									"from": [ 0.25, 0.25, 1.0 ], 
									"to": [ 1.25, 1.75, 7.0 ], 
									"rotationOrigin": [ 0.21, 0.2, 2.0 ],
									"faces": {
										"north": { "texture": "#material6", "uv": [ 5.5, 12.5, 6.5, 14.0 ] },
										"east": { "texture": "#material6", "uv": [ 6.0, 6.0, 12.0, 7.5 ] },
										"south": { "texture": "#material6", "uv": [ 12.5, 1.0, 13.5, 2.5 ] },
										"west": { "texture": "#material6", "uv": [ 4.5, 8.5, 10.5, 10.0 ] },
										"up": { "texture": "#material6", "uv": [ 2.5, 1.0, 3.5, 7.0 ] },
										"down": { "texture": "#material6", "uv": [ 8.5, 10.0, 9.5, 16.0 ] }
									}
								}
							]
						}
					]
				},
				{
					"name": "_innerbrace64",
					"from": [ 0.0, 0.0, 0.0 ], 
					"to": [ 0.0, 0.0, 0.0 ], 
					"rotationOrigin": [ 6.5, 6.5, 6.5 ],
					"faces": {
						"north": { "texture": "#default", "uv": [ 0.0, 0.0, 0.5, 0.5 ] },
						"east": { "texture": "#default", "uv": [ 0.0, 0.0, 0.5, 0.5 ] },
						"south": { "texture": "#default", "uv": [ 0.0, 0.0, 0.5, 0.5 ] },
						"west": { "texture": "#default", "uv": [ 0.0, 0.0, 0.5, 0.5 ] },
						"up": { "texture": "#default", "uv": [ 0.0, 0.0, 0.5, 0.5 ] },
						"down": { "texture": "#default", "uv": [ 0.0, 0.0, 0.5, 0.5 ] }
					},
					"children": [
						{
							"name": "innerbrace1-72",
							"from": [ -0.51, 1.5, 1.9 ], 
							"to": [ 0.49, 3.5, 2.9 ], 
							"rotationOrigin": [ -0.5, 1.5, 2.9 ],
							"rotationX": -45.0,
							"faces": {
								"north": { "texture": "#material3", "uv": [ 10.5, 5.0, 11.5, 7.0 ] },
								"east": { "texture": "#material3", "uv": [ 3.0, 7.0, 4.0, 9.0 ] },
								"south": { "texture": "#material3", "uv": [ 6.5, 8.5, 7.5, 10.5 ] },
								"west": { "texture": "#material3", "uv": [ 0.0, 4.5, 1.0, 6.5 ] },
								"up": { "texture": "#material3", "uv": [ 14.0, 8.5, 15.0, 9.5 ] },
								"down": { "texture": "#material3", "uv": [ 5.0, 3.5, 6.0, 4.5 ] }
							},
							"children": [
								{
									"name": "innerbrace1-73",
									"from": [ 0.15, 0.5, 1.0 ], 
									"to": [ 1.15, 1.5, 7.0 ], 
									"rotationOrigin": [ 0.11, 0.5, 2.0 ],
									"faces": {
										"north": { "texture": "#material4", "uv": [ 7.0, 14.0, 8.0, 15.0 ] },
										"east": { "texture": "#material4", "uv": [ 11.0, 9.5, 17.0, 10.5 ] },
										"south": { "texture": "#material4", "uv": [ 3.0, 5.0, 4.0, 6.0 ] },
										"west": { "texture": "#material4", "uv": [ 4.0, 1.0, 10.0, 2.0 ] },
										"up": { "texture": "#material4", "uv": [ 3.5, 12.5, 4.5, 18.5 ] },
										"down": { "texture": "#material4", "uv": [ 13.5, 5.5, 14.5, 11.5 ] }
									}
								},
								{
									"name": "innerbrace1-74",
									"from": [ 0.25, 0.25, 1.0 ], 
									"to": [ 1.25, 1.75, 7.0 ], 
									"rotationOrigin": [ 0.21, 0.2, 2.0 ],
									"faces": {
										"north": { "texture": "#material6", "uv": [ 7.0, 14.0, 8.0, 15.5 ] },
										"east": { "texture": "#material6", "uv": [ 11.0, 9.5, 17.0, 11.0 ] },
										"south": { "texture": "#material6", "uv": [ 3.0, 5.0, 4.0, 6.5 ] },
										"west": { "texture": "#material6", "uv": [ 4.0, 1.0, 10.0, 2.5 ] },
										"up": { "texture": "#material6", "uv": [ 3.5, 12.5, 4.5, 18.5 ] },
										"down": { "texture": "#material6", "uv": [ 13.5, 5.5, 14.5, 11.5 ] }
									}
								}
							]
						}
					]
				},
				{
					"name": "_innerbraceside49",
					"from": [ -0.0017, 0.0, 0.0024 ], 
					"to": [ -0.0017, 0.0, 0.0024 ], 
					"rotationOrigin": [ 7.45, 6.5, 6.5 ],
					"rotationY": 89.98,
					"faces": {
						"north": { "texture": "#default", "uv": [ 0.0, 0.0, 16.0, 16.0 ], "glow": 100, "autoUv": false },
						"east": { "texture": "#default", "uv": [ 0.0, 0.0, 16.0, 16.0 ], "glow": 100, "autoUv": false },
						"south": { "texture": "#default", "uv": [ 0.0, 0.0, 16.0, 16.0 ], "glow": 100, "autoUv": false },
						"west": { "texture": "#default", "uv": [ 0.0, 0.0, 16.0, 16.0 ], "glow": 100, "autoUv": false },
						"up": { "texture": "#default", "uv": [ 0.0, 0.0, 16.0, 16.0 ], "glow": 100, "autoUv": false },
						"down": { "texture": "#default", "uv": [ 0.0, 0.0, 16.0, 16.0 ], "glow": 100, "autoUv": false }
					},
					"children": [
						{
							"name": "_innerbrace50",
							"from": [ 0.0, 0.0, 0.0 ], 
							"to": [ 0.0, 0.0, 0.0 ], 
							"rotationOrigin": [ 6.5, 6.5, 6.5 ],
							"rotationX": 90.0,
							"faces": {
								"north": { "texture": "#default", "uv": [ 0.0, 0.0, 16.0, 16.0 ], "glow": 100, "autoUv": false },
								"east": { "texture": "#default", "uv": [ 0.0, 0.0, 16.0, 16.0 ], "glow": 100, "autoUv": false },
								"south": { "texture": "#default", "uv": [ 0.0, 0.0, 16.0, 16.0 ], "glow": 100, "autoUv": false },
								"west": { "texture": "#default", "uv": [ 0.0, 0.0, 16.0, 16.0 ], "glow": 100, "autoUv": false },
								"up": { "texture": "#default", "uv": [ 0.0, 0.0, 16.0, 16.0 ], "glow": 100, "autoUv": false },
								"down": { "texture": "#default", "uv": [ 0.0, 0.0, 16.0, 16.0 ], "glow": 100, "autoUv": false }
							},
							"children": [
								{
									"name": "innerbrace1-51",
									"from": [ -0.51, 1.5, 1.9 ], 
									"to": [ 0.49, 3.5, 2.9 ], 
									"rotationOrigin": [ -0.5, 1.5, 2.9 ],
									"rotationX": -45.0,
									"faces": {
										"north": { "texture": "#material3", "uv": [ 11.0, 7.5, 12.0, 9.5 ] },
										"east": { "texture": "#material3", "uv": [ 11.5, 12.5, 12.5, 14.5 ] },
										"south": { "texture": "#material3", "uv": [ 9.0, 8.0, 10.0, 10.0 ] },
										"west": { "texture": "#material3", "uv": [ 8.5, 8.5, 9.5, 10.5 ] },
										"up": { "texture": "#material3", "uv": [ 7.0, 2.0, 8.0, 3.0 ] },
										"down": { "texture": "#material3", "uv": [ 4.0, 3.0, 5.0, 4.0 ] }
									},
									"children": [
										{
											"name": "innerbrace1-52",
											"from": [ 0.15, 0.5, 1.0 ], 
											"to": [ 1.15, 1.5, 7.0 ], 
											"rotationOrigin": [ 0.11, 0.5, 2.0 ],
											"faces": {
												"north": { "texture": "#material4", "uv": [ 5.5, 12.5, 6.5, 13.5 ] },
												"east": { "texture": "#material4", "uv": [ 6.0, 6.0, 12.0, 7.0 ] },
												"south": { "texture": "#material4", "uv": [ 12.5, 1.0, 13.5, 2.0 ] },
												"west": { "texture": "#material4", "uv": [ 4.5, 8.5, 10.5, 9.5 ] },
												"up": { "texture": "#material4", "uv": [ 2.5, 1.0, 3.5, 7.0 ] },
												"down": { "texture": "#material4", "uv": [ 8.5, 10.0, 9.5, 16.0 ] }
											}
										},
										{
											"name": "innerbrace1-53",
											"from": [ 0.25, 0.25, 1.0 ], 
											"to": [ 1.25, 1.75, 7.0 ], 
											"rotationOrigin": [ 0.21, 0.2, 2.0 ],
											"faces": {
												"north": { "texture": "#material6", "uv": [ 5.5, 12.5, 6.5, 14.0 ] },
												"east": { "texture": "#material6", "uv": [ 6.0, 6.0, 12.0, 7.5 ] },
												"south": { "texture": "#material6", "uv": [ 12.5, 1.0, 13.5, 2.5 ] },
												"west": { "texture": "#material6", "uv": [ 4.5, 8.5, 10.5, 10.0 ] },
												"up": { "texture": "#material6", "uv": [ 2.5, 1.0, 3.5, 7.0 ] },
												"down": { "texture": "#material6", "uv": [ 8.5, 10.0, 9.5, 16.0 ] }
											}
										}
									]
								}
							]
						},
						{
							"name": "innerbrace-cap54",
							"from": [ -0.61, 5.06, 6.5056 ], 
							"to": [ 1.39, 7.06, 8.5056 ], 
							"rotationOrigin": [ -0.56, 5.0556, 6.4556 ],
							"rotationX": -45.0,
							"faces": {
								"north": { "texture": "#material5", "uv": [ 10.5, 0.0, 12.5, 2.0 ] },
								"east": { "texture": "#material5", "uv": [ 9.5, 1.5, 11.5, 3.5 ] },
								"south": { "texture": "#material5", "uv": [ 12.5, 13.0, 14.5, 15.0 ] },
								"west": { "texture": "#material5", "uv": [ 1.0, 9.0, 3.0, 11.0 ] },
								"up": { "texture": "#material5", "uv": [ 6.0, 11.5, 8.0, 13.5 ] },
								"down": { "texture": "#material5", "uv": [ 6.5, 5.0, 8.5, 7.0 ] }
							}
						},
						{
							"name": "_innerbrace55",
							"from": [ 0.0, 0.0, 0.0 ], 
							"to": [ 0.0, 0.0, 0.0 ], 
							"rotationOrigin": [ 6.5, 6.5, 6.5 ],
							"rotationX": 180.0,
							"faces": {
								"north": { "texture": "#default", "uv": [ 0.0, 0.0, 16.0, 16.0 ], "glow": 100, "autoUv": false },
								"east": { "texture": "#default", "uv": [ 0.0, 0.0, 16.0, 16.0 ], "glow": 100, "autoUv": false },
								"south": { "texture": "#default", "uv": [ 0.0, 0.0, 16.0, 16.0 ], "glow": 100, "autoUv": false },
								"west": { "texture": "#default", "uv": [ 0.0, 0.0, 16.0, 16.0 ], "glow": 100, "autoUv": false },
								"up": { "texture": "#default", "uv": [ 0.0, 0.0, 16.0, 16.0 ], "glow": 100, "autoUv": false },
								"down": { "texture": "#default", "uv": [ 0.0, 0.0, 16.0, 16.0 ], "glow": 100, "autoUv": false }
							},
							"children": [
								{
									"name": "innerbrace1-56",
									"from": [ -0.51, 1.5, 1.9 ], 
									"to": [ 0.49, 3.5, 2.9 ], 
									"rotationOrigin": [ -0.5, 1.5, 2.9 ],
									"rotationX": -45.0,
									"faces": {
										"north": { "texture": "#material3", "uv": [ 11.0, 7.5, 12.0, 9.5 ] },
										"east": { "texture": "#material3", "uv": [ 11.5, 12.5, 12.5, 14.5 ] },
										"south": { "texture": "#material3", "uv": [ 9.0, 8.0, 10.0, 10.0 ] },
										"west": { "texture": "#material3", "uv": [ 8.5, 8.5, 9.5, 10.5 ] },
										"up": { "texture": "#material3", "uv": [ 7.0, 2.0, 8.0, 3.0 ] },
										"down": { "texture": "#material3", "uv": [ 4.0, 3.0, 5.0, 4.0 ] }
									},
									"children": [
										{
											"name": "innerbrace1-57",
											"from": [ 0.15, 0.5, 1.0 ], 
											"to": [ 1.15, 1.5, 7.0 ], 
											"rotationOrigin": [ 0.11, 0.5, 2.0 ],
											"faces": {
												"north": { "texture": "#material4", "uv": [ 5.5, 12.5, 6.5, 13.5 ] },
												"east": { "texture": "#material4", "uv": [ 6.0, 6.0, 12.0, 7.0 ] },
												"south": { "texture": "#material4", "uv": [ 12.5, 1.0, 13.5, 2.0 ] },
												"west": { "texture": "#material4", "uv": [ 4.5, 8.5, 10.5, 9.5 ] },
												"up": { "texture": "#material4", "uv": [ 2.5, 1.0, 3.5, 7.0 ] },
												"down": { "texture": "#material4", "uv": [ 8.5, 10.0, 9.5, 16.0 ] }
											}
										},
										{
											"name": "innerbrace1-58",
											"from": [ 0.25, 0.25, 1.0 ], 
											"to": [ 1.25, 1.75, 7.0 ], 
											"rotationOrigin": [ 0.21, 0.2, 2.0 ],
											"faces": {
												"north": { "texture": "#material6", "uv": [ 5.5, 12.5, 6.5, 14.0 ] },
												"east": { "texture": "#material6", "uv": [ 6.0, 6.0, 12.0, 7.5 ] },
												"south": { "texture": "#material6", "uv": [ 12.5, 1.0, 13.5, 2.5 ] },
												"west": { "texture": "#material6", "uv": [ 4.5, 8.5, 10.5, 10.0 ] },
												"up": { "texture": "#material6", "uv": [ 2.5, 1.0, 3.5, 7.0 ] },
												"down": { "texture": "#material6", "uv": [ 8.5, 10.0, 9.5, 16.0 ] }
											}
										}
									]
								}
							]
						},
						{
							"name": "_innerbrace59",
							"from": [ 0.0, 0.0, 0.0 ], 
							"to": [ 0.0, 0.0, 0.0 ], 
							"rotationOrigin": [ 6.5, 6.5, 6.5 ],
							"rotationX": -90.0,
							"faces": {
								"north": { "texture": "#default", "uv": [ 0.0, 0.0, 16.0, 16.0 ], "glow": 100, "autoUv": false },
								"east": { "texture": "#default", "uv": [ 0.0, 0.0, 16.0, 16.0 ], "glow": 100, "autoUv": false },
								"south": { "texture": "#default", "uv": [ 0.0, 0.0, 16.0, 16.0 ], "glow": 100, "autoUv": false },
								"west": { "texture": "#default", "uv": [ 0.0, 0.0, 16.0, 16.0 ], "glow": 100, "autoUv": false },
								"up": { "texture": "#default", "uv": [ 0.0, 0.0, 16.0, 16.0 ], "glow": 100, "autoUv": false },
								"down": { "texture": "#default", "uv": [ 0.0, 0.0, 16.0, 16.0 ], "glow": 100, "autoUv": false }
							},
							"children": [
								{
									"name": "innerbrace1-60",
									"from": [ -0.51, 1.5, 1.9 ], 
									"to": [ 0.49, 3.5, 2.9 ], 
									"rotationOrigin": [ -0.5, 1.5, 2.9 ],
									"rotationX": -45.0,
									"faces": {
										"north": { "texture": "#material3", "uv": [ 11.0, 7.5, 12.0, 9.5 ] },
										"east": { "texture": "#material3", "uv": [ 11.5, 12.5, 12.5, 14.5 ] },
										"south": { "texture": "#material3", "uv": [ 9.0, 8.0, 10.0, 10.0 ] },
										"west": { "texture": "#material3", "uv": [ 8.5, 8.5, 9.5, 10.5 ] },
										"up": { "texture": "#material3", "uv": [ 7.0, 2.0, 8.0, 3.0 ] },
										"down": { "texture": "#material3", "uv": [ 4.0, 3.0, 5.0, 4.0 ] }
									},
									"children": [
										{
											"name": "innerbrace1-61",
											"from": [ 0.15, 0.5, 1.0 ], 
											"to": [ 1.15, 1.5, 7.0 ], 
											"rotationOrigin": [ 0.11, 0.5, 2.0 ],
											"faces": {
												"north": { "texture": "#material4", "uv": [ 5.5, 12.5, 6.5, 13.5 ] },
												"east": { "texture": "#material4", "uv": [ 6.0, 6.0, 12.0, 7.0 ] },
												"south": { "texture": "#material4", "uv": [ 12.5, 1.0, 13.5, 2.0 ] },
												"west": { "texture": "#material4", "uv": [ 4.5, 8.5, 10.5, 9.5 ] },
												"up": { "texture": "#material4", "uv": [ 2.5, 1.0, 3.5, 7.0 ] },
												"down": { "texture": "#material4", "uv": [ 8.5, 10.0, 9.5, 16.0 ] }
											}
										},
										{
											"name": "innerbrace1-62",
											"from": [ 0.25, 0.25, 1.0 ], 
											"to": [ 1.25, 1.75, 7.0 ], 
											"rotationOrigin": [ 0.21, 0.2, 2.0 ],
											"faces": {
												"north": { "texture": "#material6", "uv": [ 5.5, 12.5, 6.5, 14.0 ] },
												"east": { "texture": "#material6", "uv": [ 6.0, 6.0, 12.0, 7.5 ] },
												"south": { "texture": "#material6", "uv": [ 12.5, 1.0, 13.5, 2.5 ] },
												"west": { "texture": "#material6", "uv": [ 4.5, 8.5, 10.5, 10.0 ] },
												"up": { "texture": "#material6", "uv": [ 2.5, 1.0, 3.5, 7.0 ] },
												"down": { "texture": "#material6", "uv": [ 8.5, 10.0, 9.5, 16.0 ] }
											}
										}
									]
								}
							]
						},
						{
							"name": "_innerbrace63",
							"from": [ 0.0, 0.0, 0.0 ], 
							"to": [ 0.0, 0.0, 0.0 ], 
							"rotationOrigin": [ 6.5, 6.5, 6.5 ],
							"faces": {
								"north": { "texture": "#default", "uv": [ 0.0, 0.0, 0.5, 0.5 ] },
								"east": { "texture": "#default", "uv": [ 0.0, 0.0, 0.5, 0.5 ] },
								"south": { "texture": "#default", "uv": [ 0.0, 0.0, 0.5, 0.5 ] },
								"west": { "texture": "#default", "uv": [ 0.0, 0.0, 0.5, 0.5 ] },
								"up": { "texture": "#default", "uv": [ 0.0, 0.0, 0.5, 0.5 ] },
								"down": { "texture": "#default", "uv": [ 0.0, 0.0, 0.5, 0.5 ] }
							},
							"children": [
								{
									"name": "innerbrace1-64",
									"from": [ -0.51, 1.5, 1.9 ], 
									"to": [ 0.49, 3.5, 2.9 ], 
									"rotationOrigin": [ -0.5, 1.5, 2.9 ],
									"rotationX": -45.0,
									"faces": {
										"north": { "texture": "#material3", "uv": [ 10.5, 5.0, 11.5, 7.0 ] },
										"east": { "texture": "#material3", "uv": [ 3.0, 7.0, 4.0, 9.0 ] },
										"south": { "texture": "#material3", "uv": [ 6.5, 8.5, 7.5, 10.5 ] },
										"west": { "texture": "#material3", "uv": [ 0.0, 4.5, 1.0, 6.5 ] },
										"up": { "texture": "#material3", "uv": [ 14.0, 8.5, 15.0, 9.5 ] },
										"down": { "texture": "#material3", "uv": [ 5.0, 3.5, 6.0, 4.5 ] }
									},
									"children": [
										{
											"name": "innerbrace1-65",
											"from": [ 0.15, 0.5, 1.0 ], 
											"to": [ 1.15, 1.5, 7.0 ], 
											"rotationOrigin": [ 0.11, 0.5, 2.0 ],
											"faces": {
												"north": { "texture": "#material4", "uv": [ 7.0, 14.0, 8.0, 15.0 ] },
												"east": { "texture": "#material4", "uv": [ 11.0, 9.5, 17.0, 10.5 ] },
												"south": { "texture": "#material4", "uv": [ 3.0, 5.0, 4.0, 6.0 ] },
												"west": { "texture": "#material4", "uv": [ 4.0, 1.0, 10.0, 2.0 ] },
												"up": { "texture": "#material4", "uv": [ 3.5, 12.5, 4.5, 18.5 ] },
												"down": { "texture": "#material4", "uv": [ 13.5, 5.5, 14.5, 11.5 ] }
											}
										},
										{
											"name": "innerbrace1-66",
											"from": [ 0.25, 0.25, 1.0 ], 
											"to": [ 1.25, 1.75, 7.0 ], 
											"rotationOrigin": [ 0.21, 0.2, 2.0 ],
											"faces": {
												"north": { "texture": "#material6", "uv": [ 7.0, 14.0, 8.0, 15.5 ] },
												"east": { "texture": "#material6", "uv": [ 11.0, 9.5, 17.0, 11.0 ] },
												"south": { "texture": "#material6", "uv": [ 3.0, 5.0, 4.0, 6.5 ] },
												"west": { "texture": "#material6", "uv": [ 4.0, 1.0, 10.0, 2.5 ] },
												"up": { "texture": "#material6", "uv": [ 3.5, 12.5, 4.5, 18.5 ] },
												"down": { "texture": "#material6", "uv": [ 13.5, 5.5, 14.5, 11.5 ] }
											}
										}
									]
								}
							]
						}
					]
				},
				{
					"name": "_innerbraceside51",
					"from": [ 0.0, 0.0, 0.0 ], 
					"to": [ 0.0, 0.0, 0.0 ], 
					"rotationOrigin": [ 7.45, 6.5, 6.5 ],
					"rotationX": -180.0,
					"rotationZ": -180.0,
					"faces": {
						"north": { "texture": "#default", "uv": [ 0.0, 0.0, 16.0, 16.0 ], "glow": 100, "autoUv": false },
						"east": { "texture": "#default", "uv": [ 0.0, 0.0, 16.0, 16.0 ], "glow": 100, "autoUv": false },
						"south": { "texture": "#default", "uv": [ 0.0, 0.0, 16.0, 16.0 ], "glow": 100, "autoUv": false },
						"west": { "texture": "#default", "uv": [ 0.0, 0.0, 16.0, 16.0 ], "glow": 100, "autoUv": false },
						"up": { "texture": "#default", "uv": [ 0.0, 0.0, 16.0, 16.0 ], "glow": 100, "autoUv": false },
						"down": { "texture": "#default", "uv": [ 0.0, 0.0, 16.0, 16.0 ], "glow": 100, "autoUv": false }
					},
					"children": [
						{
							"name": "_innerbrace52",
							"from": [ 0.0, 0.0, 0.0 ], 
							"to": [ 0.0, 0.0, 0.0 ], 
							"rotationOrigin": [ 6.5, 6.5, 6.5 ],
							"rotationX": 90.0,
							"faces": {
								"north": { "texture": "#default", "uv": [ 0.0, 0.0, 16.0, 16.0 ], "glow": 100, "autoUv": false },
								"east": { "texture": "#default", "uv": [ 0.0, 0.0, 16.0, 16.0 ], "glow": 100, "autoUv": false },
								"south": { "texture": "#default", "uv": [ 0.0, 0.0, 16.0, 16.0 ], "glow": 100, "autoUv": false },
								"west": { "texture": "#default", "uv": [ 0.0, 0.0, 16.0, 16.0 ], "glow": 100, "autoUv": false },
								"up": { "texture": "#default", "uv": [ 0.0, 0.0, 16.0, 16.0 ], "glow": 100, "autoUv": false },
								"down": { "texture": "#default", "uv": [ 0.0, 0.0, 16.0, 16.0 ], "glow": 100, "autoUv": false }
							},
							"children": [
								{
									"name": "innerbrace1-75",
									"from": [ -0.51, 1.5, 1.9 ], 
									"to": [ 0.49, 3.5, 2.9 ], 
									"rotationOrigin": [ -0.5, 1.5, 2.9 ],
									"rotationX": -45.0,
									"faces": {
										"north": { "texture": "#material3", "uv": [ 11.0, 7.5, 12.0, 9.5 ] },
										"east": { "texture": "#material3", "uv": [ 11.5, 12.5, 12.5, 14.5 ] },
										"south": { "texture": "#material3", "uv": [ 9.0, 8.0, 10.0, 10.0 ] },
										"west": { "texture": "#material3", "uv": [ 8.5, 8.5, 9.5, 10.5 ] },
										"up": { "texture": "#material3", "uv": [ 7.0, 2.0, 8.0, 3.0 ] },
										"down": { "texture": "#material3", "uv": [ 4.0, 3.0, 5.0, 4.0 ] }
									},
									"children": [
										{
											"name": "innerbrace1-76",
											"from": [ 0.15, 0.5, 1.0 ], 
											"to": [ 1.15, 1.5, 7.0 ], 
											"rotationOrigin": [ 0.11, 0.5, 2.0 ],
											"faces": {
												"north": { "texture": "#material4", "uv": [ 5.5, 12.5, 6.5, 13.5 ] },
												"east": { "texture": "#material4", "uv": [ 6.0, 6.0, 12.0, 7.0 ] },
												"south": { "texture": "#material4", "uv": [ 12.5, 1.0, 13.5, 2.0 ] },
												"west": { "texture": "#material4", "uv": [ 4.5, 8.5, 10.5, 9.5 ] },
												"up": { "texture": "#material4", "uv": [ 2.5, 1.0, 3.5, 7.0 ] },
												"down": { "texture": "#material4", "uv": [ 8.5, 10.0, 9.5, 16.0 ] }
											}
										},
										{
											"name": "innerbrace1-77",
											"from": [ 0.25, 0.25, 1.0 ], 
											"to": [ 1.25, 1.75, 7.0 ], 
											"rotationOrigin": [ 0.21, 0.2, 2.0 ],
											"faces": {
												"north": { "texture": "#material6", "uv": [ 5.5, 12.5, 6.5, 14.0 ] },
												"east": { "texture": "#material6", "uv": [ 6.0, 6.0, 12.0, 7.5 ] },
												"south": { "texture": "#material6", "uv": [ 12.5, 1.0, 13.5, 2.5 ] },
												"west": { "texture": "#material6", "uv": [ 4.5, 8.5, 10.5, 10.0 ] },
												"up": { "texture": "#material6", "uv": [ 2.5, 1.0, 3.5, 7.0 ] },
												"down": { "texture": "#material6", "uv": [ 8.5, 10.0, 9.5, 16.0 ] }
											}
										}
									]
								}
							]
						},
						{
							"name": "innerbrace-cap56",
							"from": [ -0.61, 5.06, 6.5056 ], 
							"to": [ 1.39, 7.06, 8.5056 ], 
							"rotationOrigin": [ -0.56, 5.0556, 6.4556 ],
							"rotationX": -45.0,
							"faces": {
								"north": { "texture": "#material5", "uv": [ 10.5, 0.0, 12.5, 2.0 ] },
								"east": { "texture": "#material5", "uv": [ 9.5, 1.5, 11.5, 3.5 ] },
								"south": { "texture": "#material5", "uv": [ 12.5, 13.0, 14.5, 15.0 ] },
								"west": { "texture": "#material5", "uv": [ 1.0, 9.0, 3.0, 11.0 ] },
								"up": { "texture": "#material5", "uv": [ 6.0, 11.5, 8.0, 13.5 ] },
								"down": { "texture": "#material5", "uv": [ 6.5, 5.0, 8.5, 7.0 ] }
							}
						},
						{
							"name": "_innerbrace57",
							"from": [ 0.0, 0.0, 0.0 ], 
							"to": [ 0.0, 0.0, 0.0 ], 
							"rotationOrigin": [ 6.5, 6.5, 6.5 ],
							"rotationX": 180.0,
							"faces": {
								"north": { "texture": "#default", "uv": [ 0.0, 0.0, 16.0, 16.0 ], "glow": 100, "autoUv": false },
								"east": { "texture": "#default", "uv": [ 0.0, 0.0, 16.0, 16.0 ], "glow": 100, "autoUv": false },
								"south": { "texture": "#default", "uv": [ 0.0, 0.0, 16.0, 16.0 ], "glow": 100, "autoUv": false },
								"west": { "texture": "#default", "uv": [ 0.0, 0.0, 16.0, 16.0 ], "glow": 100, "autoUv": false },
								"up": { "texture": "#default", "uv": [ 0.0, 0.0, 16.0, 16.0 ], "glow": 100, "autoUv": false },
								"down": { "texture": "#default", "uv": [ 0.0, 0.0, 16.0, 16.0 ], "glow": 100, "autoUv": false }
							},
							"children": [
								{
									"name": "innerbrace1-78",
									"from": [ -0.51, 1.5, 1.9 ], 
									"to": [ 0.49, 3.5, 2.9 ], 
									"rotationOrigin": [ -0.5, 1.5, 2.9 ],
									"rotationX": -45.0,
									"faces": {
										"north": { "texture": "#material3", "uv": [ 11.0, 7.5, 12.0, 9.5 ] },
										"east": { "texture": "#material3", "uv": [ 11.5, 12.5, 12.5, 14.5 ] },
										"south": { "texture": "#material3", "uv": [ 9.0, 8.0, 10.0, 10.0 ] },
										"west": { "texture": "#material3", "uv": [ 8.5, 8.5, 9.5, 10.5 ] },
										"up": { "texture": "#material3", "uv": [ 7.0, 2.0, 8.0, 3.0 ] },
										"down": { "texture": "#material3", "uv": [ 4.0, 3.0, 5.0, 4.0 ] }
									},
									"children": [
										{
											"name": "innerbrace1-79",
											"from": [ 0.15, 0.5, 1.0 ], 
											"to": [ 1.15, 1.5, 7.0 ], 
											"rotationOrigin": [ 0.11, 0.5, 2.0 ],
											"faces": {
												"north": { "texture": "#material4", "uv": [ 5.5, 12.5, 6.5, 13.5 ] },
												"east": { "texture": "#material4", "uv": [ 6.0, 6.0, 12.0, 7.0 ] },
												"south": { "texture": "#material4", "uv": [ 12.5, 1.0, 13.5, 2.0 ] },
												"west": { "texture": "#material4", "uv": [ 4.5, 8.5, 10.5, 9.5 ] },
												"up": { "texture": "#material4", "uv": [ 2.5, 1.0, 3.5, 7.0 ] },
												"down": { "texture": "#material4", "uv": [ 8.5, 10.0, 9.5, 16.0 ] }
											}
										},
										{
											"name": "innerbrace1-80",
											"from": [ 0.25, 0.25, 1.0 ], 
											"to": [ 1.25, 1.75, 7.0 ], 
											"rotationOrigin": [ 0.21, 0.2, 2.0 ],
											"faces": {
												"north": { "texture": "#material6", "uv": [ 5.5, 12.5, 6.5, 14.0 ] },
												"east": { "texture": "#material6", "uv": [ 6.0, 6.0, 12.0, 7.5 ] },
												"south": { "texture": "#material6", "uv": [ 12.5, 1.0, 13.5, 2.5 ] },
												"west": { "texture": "#material6", "uv": [ 4.5, 8.5, 10.5, 10.0 ] },
												"up": { "texture": "#material6", "uv": [ 2.5, 1.0, 3.5, 7.0 ] },
												"down": { "texture": "#material6", "uv": [ 8.5, 10.0, 9.5, 16.0 ] }
											}
										}
									]
								}
							]
						},
						{
							"name": "_innerbrace61",
							"from": [ 0.0, 0.0, 0.0 ], 
							"to": [ 0.0, 0.0, 0.0 ], 
							"rotationOrigin": [ 6.5, 6.5, 6.5 ],
							"rotationX": -90.0,
							"faces": {
								"north": { "texture": "#default", "uv": [ 0.0, 0.0, 16.0, 16.0 ], "glow": 100, "autoUv": false },
								"east": { "texture": "#default", "uv": [ 0.0, 0.0, 16.0, 16.0 ], "glow": 100, "autoUv": false },
								"south": { "texture": "#default", "uv": [ 0.0, 0.0, 16.0, 16.0 ], "glow": 100, "autoUv": false },
								"west": { "texture": "#default", "uv": [ 0.0, 0.0, 16.0, 16.0 ], "glow": 100, "autoUv": false },
								"up": { "texture": "#default", "uv": [ 0.0, 0.0, 16.0, 16.0 ], "glow": 100, "autoUv": false },
								"down": { "texture": "#default", "uv": [ 0.0, 0.0, 16.0, 16.0 ], "glow": 100, "autoUv": false }
							},
							"children": [
								{
									"name": "innerbrace1-81",
									"from": [ -0.51, 1.5, 1.9 ], 
									"to": [ 0.49, 3.5, 2.9 ], 
									"rotationOrigin": [ -0.5, 1.5, 2.9 ],
									"rotationX": -45.0,
									"faces": {
										"north": { "texture": "#material3", "uv": [ 11.0, 7.5, 12.0, 9.5 ] },
										"east": { "texture": "#material3", "uv": [ 11.5, 12.5, 12.5, 14.5 ] },
										"south": { "texture": "#material3", "uv": [ 9.0, 8.0, 10.0, 10.0 ] },
										"west": { "texture": "#material3", "uv": [ 8.5, 8.5, 9.5, 10.5 ] },
										"up": { "texture": "#material3", "uv": [ 7.0, 2.0, 8.0, 3.0 ] },
										"down": { "texture": "#material3", "uv": [ 4.0, 3.0, 5.0, 4.0 ] }
									},
									"children": [
										{
											"name": "innerbrace1-82",
											"from": [ 0.15, 0.5, 1.0 ], 
											"to": [ 1.15, 1.5, 7.0 ], 
											"rotationOrigin": [ 0.11, 0.5, 2.0 ],
											"faces": {
												"north": { "texture": "#material4", "uv": [ 5.5, 12.5, 6.5, 13.5 ] },
												"east": { "texture": "#material4", "uv": [ 6.0, 6.0, 12.0, 7.0 ] },
												"south": { "texture": "#material4", "uv": [ 12.5, 1.0, 13.5, 2.0 ] },
												"west": { "texture": "#material4", "uv": [ 4.5, 8.5, 10.5, 9.5 ] },
												"up": { "texture": "#material4", "uv": [ 2.5, 1.0, 3.5, 7.0 ] },
												"down": { "texture": "#material4", "uv": [ 8.5, 10.0, 9.5, 16.0 ] }
											}
										},
										{
											"name": "innerbrace1-83",
											"from": [ 0.25, 0.25, 1.0 ], 
											"to": [ 1.25, 1.75, 7.0 ], 
											"rotationOrigin": [ 0.21, 0.2, 2.0 ],
											"faces": {
												"north": { "texture": "#material6", "uv": [ 5.5, 12.5, 6.5, 14.0 ] },
												"east": { "texture": "#material6", "uv": [ 6.0, 6.0, 12.0, 7.5 ] },
												"south": { "texture": "#material6", "uv": [ 12.5, 1.0, 13.5, 2.5 ] },
												"west": { "texture": "#material6", "uv": [ 4.5, 8.5, 10.5, 10.0 ] },
												"up": { "texture": "#material6", "uv": [ 2.5, 1.0, 3.5, 7.0 ] },
												"down": { "texture": "#material6", "uv": [ 8.5, 10.0, 9.5, 16.0 ] }
											}
										}
									]
								}
							]
						},
						{
							"name": "_innerbrace65",
							"from": [ 0.0, 0.0, 0.0 ], 
							"to": [ 0.0, 0.0, 0.0 ], 
							"rotationOrigin": [ 6.5, 6.5, 6.5 ],
							"faces": {
								"north": { "texture": "#default", "uv": [ 0.0, 0.0, 0.5, 0.5 ] },
								"east": { "texture": "#default", "uv": [ 0.0, 0.0, 0.5, 0.5 ] },
								"south": { "texture": "#default", "uv": [ 0.0, 0.0, 0.5, 0.5 ] },
								"west": { "texture": "#default", "uv": [ 0.0, 0.0, 0.5, 0.5 ] },
								"up": { "texture": "#default", "uv": [ 0.0, 0.0, 0.5, 0.5 ] },
								"down": { "texture": "#default", "uv": [ 0.0, 0.0, 0.5, 0.5 ] }
							},
							"children": [
								{
									"name": "innerbrace1-84",
									"from": [ -0.51, 1.5, 1.9 ], 
									"to": [ 0.49, 3.5, 2.9 ], 
									"rotationOrigin": [ -0.5, 1.5, 2.9 ],
									"rotationX": -45.0,
									"faces": {
										"north": { "texture": "#material3", "uv": [ 10.5, 5.0, 11.5, 7.0 ] },
										"east": { "texture": "#material3", "uv": [ 3.0, 7.0, 4.0, 9.0 ] },
										"south": { "texture": "#material3", "uv": [ 6.5, 8.5, 7.5, 10.5 ] },
										"west": { "texture": "#material3", "uv": [ 0.0, 4.5, 1.0, 6.5 ] },
										"up": { "texture": "#material3", "uv": [ 14.0, 8.5, 15.0, 9.5 ] },
										"down": { "texture": "#material3", "uv": [ 5.0, 3.5, 6.0, 4.5 ] }
									},
									"children": [
										{
											"name": "innerbrace1-85",
											"from": [ 0.15, 0.5, 1.0 ], 
											"to": [ 1.15, 1.5, 7.0 ], 
											"rotationOrigin": [ 0.11, 0.5, 2.0 ],
											"faces": {
												"north": { "texture": "#material4", "uv": [ 7.0, 14.0, 8.0, 15.0 ] },
												"east": { "texture": "#material4", "uv": [ 11.0, 9.5, 17.0, 10.5 ] },
												"south": { "texture": "#material4", "uv": [ 3.0, 5.0, 4.0, 6.0 ] },
												"west": { "texture": "#material4", "uv": [ 4.0, 1.0, 10.0, 2.0 ] },
												"up": { "texture": "#material4", "uv": [ 3.5, 12.5, 4.5, 18.5 ] },
												"down": { "texture": "#material4", "uv": [ 13.5, 5.5, 14.5, 11.5 ] }
											}
										},
										{
											"name": "innerbrace1-86",
											"from": [ 0.25, 0.25, 1.0 ], 
											"to": [ 1.25, 1.75, 7.0 ], 
											"rotationOrigin": [ 0.21, 0.2, 2.0 ],
											"faces": {
												"north": { "texture": "#material6", "uv": [ 7.0, 14.0, 8.0, 15.5 ] },
												"east": { "texture": "#material6", "uv": [ 11.0, 9.5, 17.0, 11.0 ] },
												"south": { "texture": "#material6", "uv": [ 3.0, 5.0, 4.0, 6.5 ] },
												"west": { "texture": "#material6", "uv": [ 4.0, 1.0, 10.0, 2.5 ] },
												"up": { "texture": "#material6", "uv": [ 3.5, 12.5, 4.5, 18.5 ] },
												"down": { "texture": "#material6", "uv": [ 13.5, 5.5, 14.5, 11.5 ] }
											}
										}
									]
								}
							]
						},
						{
							"name": "_innerbraceside52",
							"from": [ -0.0017, 0.0, 0.0024 ], 
							"to": [ -0.0017, 0.0, 0.0024 ], 
							"rotationOrigin": [ 7.45, 6.5, 6.5 ],
							"rotationY": 89.98,
							"faces": {
								"north": { "texture": "#default", "uv": [ 0.0, 0.0, 16.0, 16.0 ], "glow": 100, "autoUv": false },
								"east": { "texture": "#default", "uv": [ 0.0, 0.0, 16.0, 16.0 ], "glow": 100, "autoUv": false },
								"south": { "texture": "#default", "uv": [ 0.0, 0.0, 16.0, 16.0 ], "glow": 100, "autoUv": false },
								"west": { "texture": "#default", "uv": [ 0.0, 0.0, 16.0, 16.0 ], "glow": 100, "autoUv": false },
								"up": { "texture": "#default", "uv": [ 0.0, 0.0, 16.0, 16.0 ], "glow": 100, "autoUv": false },
								"down": { "texture": "#default", "uv": [ 0.0, 0.0, 16.0, 16.0 ], "glow": 100, "autoUv": false }
							},
							"children": [
								{
									"name": "_innerbrace53",
									"from": [ 0.0, 0.0, 0.0 ], 
									"to": [ 0.0, 0.0, 0.0 ], 
									"rotationOrigin": [ 6.5, 6.5, 6.5 ],
									"rotationX": 90.0,
									"faces": {
										"north": { "texture": "#default", "uv": [ 0.0, 0.0, 16.0, 16.0 ], "glow": 100, "autoUv": false },
										"east": { "texture": "#default", "uv": [ 0.0, 0.0, 16.0, 16.0 ], "glow": 100, "autoUv": false },
										"south": { "texture": "#default", "uv": [ 0.0, 0.0, 16.0, 16.0 ], "glow": 100, "autoUv": false },
										"west": { "texture": "#default", "uv": [ 0.0, 0.0, 16.0, 16.0 ], "glow": 100, "autoUv": false },
										"up": { "texture": "#default", "uv": [ 0.0, 0.0, 16.0, 16.0 ], "glow": 100, "autoUv": false },
										"down": { "texture": "#default", "uv": [ 0.0, 0.0, 16.0, 16.0 ], "glow": 100, "autoUv": false }
									},
									"children": [
										{
											"name": "innerbrace1-87",
											"from": [ -0.51, 1.5, 1.9 ], 
											"to": [ 0.49, 3.5, 2.9 ], 
											"rotationOrigin": [ -0.5, 1.5, 2.9 ],
											"rotationX": -45.0,
											"faces": {
												"north": { "texture": "#material3", "uv": [ 11.0, 7.5, 12.0, 9.5 ] },
												"east": { "texture": "#material3", "uv": [ 11.5, 12.5, 12.5, 14.5 ] },
												"south": { "texture": "#material3", "uv": [ 9.0, 8.0, 10.0, 10.0 ] },
												"west": { "texture": "#material3", "uv": [ 8.5, 8.5, 9.5, 10.5 ] },
												"up": { "texture": "#material3", "uv": [ 7.0, 2.0, 8.0, 3.0 ] },
												"down": { "texture": "#material3", "uv": [ 4.0, 3.0, 5.0, 4.0 ] }
											},
											"children": [
												{
													"name": "innerbrace1-88",
													"from": [ 0.15, 0.5, 1.0 ], 
													"to": [ 1.15, 1.5, 7.0 ], 
													"rotationOrigin": [ 0.11, 0.5, 2.0 ],
													"faces": {
														"north": { "texture": "#material4", "uv": [ 5.5, 12.5, 6.5, 13.5 ] },
														"east": { "texture": "#material4", "uv": [ 6.0, 6.0, 12.0, 7.0 ] },
														"south": { "texture": "#material4", "uv": [ 12.5, 1.0, 13.5, 2.0 ] },
														"west": { "texture": "#material4", "uv": [ 4.5, 8.5, 10.5, 9.5 ] },
														"up": { "texture": "#material4", "uv": [ 2.5, 1.0, 3.5, 7.0 ] },
														"down": { "texture": "#material4", "uv": [ 8.5, 10.0, 9.5, 16.0 ] }
													}
												},
												{
													"name": "innerbrace1-89",
													"from": [ 0.25, 0.25, 1.0 ], 
													"to": [ 1.25, 1.75, 7.0 ], 
													"rotationOrigin": [ 0.21, 0.2, 2.0 ],
													"faces": {
														"north": { "texture": "#material6", "uv": [ 5.5, 12.5, 6.5, 14.0 ] },
														"east": { "texture": "#material6", "uv": [ 6.0, 6.0, 12.0, 7.5 ] },
														"south": { "texture": "#material6", "uv": [ 12.5, 1.0, 13.5, 2.5 ] },
														"west": { "texture": "#material6", "uv": [ 4.5, 8.5, 10.5, 10.0 ] },
														"up": { "texture": "#material6", "uv": [ 2.5, 1.0, 3.5, 7.0 ] },
														"down": { "texture": "#material6", "uv": [ 8.5, 10.0, 9.5, 16.0 ] }
													}
												}
											]
										}
									]
								},
								{
									"name": "innerbrace-cap57",
									"from": [ -0.61, 5.06, 6.5056 ], 
									"to": [ 1.39, 7.06, 8.5056 ], 
									"rotationOrigin": [ -0.56, 5.0556, 6.4556 ],
									"rotationX": -45.0,
									"faces": {
										"north": { "texture": "#material5", "uv": [ 10.5, 0.0, 12.5, 2.0 ] },
										"east": { "texture": "#material5", "uv": [ 9.5, 1.5, 11.5, 3.5 ] },
										"south": { "texture": "#material5", "uv": [ 12.5, 13.0, 14.5, 15.0 ] },
										"west": { "texture": "#material5", "uv": [ 1.0, 9.0, 3.0, 11.0 ] },
										"up": { "texture": "#material5", "uv": [ 6.0, 11.5, 8.0, 13.5 ] },
										"down": { "texture": "#material5", "uv": [ 6.5, 5.0, 8.5, 7.0 ] }
									}
								},
								{
									"name": "_innerbrace58",
									"from": [ 0.0, 0.0, 0.0 ], 
									"to": [ 0.0, 0.0, 0.0 ], 
									"rotationOrigin": [ 6.5, 6.5, 6.5 ],
									"rotationX": 180.0,
									"faces": {
										"north": { "texture": "#default", "uv": [ 0.0, 0.0, 16.0, 16.0 ], "glow": 100, "autoUv": false },
										"east": { "texture": "#default", "uv": [ 0.0, 0.0, 16.0, 16.0 ], "glow": 100, "autoUv": false },
										"south": { "texture": "#default", "uv": [ 0.0, 0.0, 16.0, 16.0 ], "glow": 100, "autoUv": false },
										"west": { "texture": "#default", "uv": [ 0.0, 0.0, 16.0, 16.0 ], "glow": 100, "autoUv": false },
										"up": { "texture": "#default", "uv": [ 0.0, 0.0, 16.0, 16.0 ], "glow": 100, "autoUv": false },
										"down": { "texture": "#default", "uv": [ 0.0, 0.0, 16.0, 16.0 ], "glow": 100, "autoUv": false }
									},
									"children": [
										{
											"name": "innerbrace1-90",
											"from": [ -0.51, 1.5, 1.9 ], 
											"to": [ 0.49, 3.5, 2.9 ], 
											"rotationOrigin": [ -0.5, 1.5, 2.9 ],
											"rotationX": -45.0,
											"faces": {
												"north": { "texture": "#material3", "uv": [ 11.0, 7.5, 12.0, 9.5 ] },
												"east": { "texture": "#material3", "uv": [ 11.5, 12.5, 12.5, 14.5 ] },
												"south": { "texture": "#material3", "uv": [ 9.0, 8.0, 10.0, 10.0 ] },
												"west": { "texture": "#material3", "uv": [ 8.5, 8.5, 9.5, 10.5 ] },
												"up": { "texture": "#material3", "uv": [ 7.0, 2.0, 8.0, 3.0 ] },
												"down": { "texture": "#material3", "uv": [ 4.0, 3.0, 5.0, 4.0 ] }
											},
											"children": [
												{
													"name": "innerbrace1-91",
													"from": [ 0.15, 0.5, 1.0 ], 
													"to": [ 1.15, 1.5, 7.0 ], 
													"rotationOrigin": [ 0.11, 0.5, 2.0 ],
													"faces": {
														"north": { "texture": "#material4", "uv": [ 5.5, 12.5, 6.5, 13.5 ] },
														"east": { "texture": "#material4", "uv": [ 6.0, 6.0, 12.0, 7.0 ] },
														"south": { "texture": "#material4", "uv": [ 12.5, 1.0, 13.5, 2.0 ] },
														"west": { "texture": "#material4", "uv": [ 4.5, 8.5, 10.5, 9.5 ] },
														"up": { "texture": "#material4", "uv": [ 2.5, 1.0, 3.5, 7.0 ] },
														"down": { "texture": "#material4", "uv": [ 8.5, 10.0, 9.5, 16.0 ] }
													}
												},
												{
													"name": "innerbrace1-92",
													"from": [ 0.25, 0.25, 1.0 ], 
													"to": [ 1.25, 1.75, 7.0 ], 
													"rotationOrigin": [ 0.21, 0.2, 2.0 ],
													"faces": {
														"north": { "texture": "#material6", "uv": [ 5.5, 12.5, 6.5, 14.0 ] },
														"east": { "texture": "#material6", "uv": [ 6.0, 6.0, 12.0, 7.5 ] },
														"south": { "texture": "#material6", "uv": [ 12.5, 1.0, 13.5, 2.5 ] },
														"west": { "texture": "#material6", "uv": [ 4.5, 8.5, 10.5, 10.0 ] },
														"up": { "texture": "#material6", "uv": [ 2.5, 1.0, 3.5, 7.0 ] },
														"down": { "texture": "#material6", "uv": [ 8.5, 10.0, 9.5, 16.0 ] }
													}
												}
											]
										}
									]
								},
								{
									"name": "_innerbrace62",
									"from": [ 0.0, 0.0, 0.0 ], 
									"to": [ 0.0, 0.0, 0.0 ], 
									"rotationOrigin": [ 6.5, 6.5, 6.5 ],
									"rotationX": -90.0,
									"faces": {
										"north": { "texture": "#default", "uv": [ 0.0, 0.0, 16.0, 16.0 ], "glow": 100, "autoUv": false },
										"east": { "texture": "#default", "uv": [ 0.0, 0.0, 16.0, 16.0 ], "glow": 100, "autoUv": false },
										"south": { "texture": "#default", "uv": [ 0.0, 0.0, 16.0, 16.0 ], "glow": 100, "autoUv": false },
										"west": { "texture": "#default", "uv": [ 0.0, 0.0, 16.0, 16.0 ], "glow": 100, "autoUv": false },
										"up": { "texture": "#default", "uv": [ 0.0, 0.0, 16.0, 16.0 ], "glow": 100, "autoUv": false },
										"down": { "texture": "#default", "uv": [ 0.0, 0.0, 16.0, 16.0 ], "glow": 100, "autoUv": false }
									},
									"children": [
										{
											"name": "innerbrace1-93",
											"from": [ -0.51, 1.5, 1.9 ], 
											"to": [ 0.49, 3.5, 2.9 ], 
											"rotationOrigin": [ -0.5, 1.5, 2.9 ],
											"rotationX": -45.0,
											"faces": {
												"north": { "texture": "#material3", "uv": [ 11.0, 7.5, 12.0, 9.5 ] },
												"east": { "texture": "#material3", "uv": [ 11.5, 12.5, 12.5, 14.5 ] },
												"south": { "texture": "#material3", "uv": [ 9.0, 8.0, 10.0, 10.0 ] },
												"west": { "texture": "#material3", "uv": [ 8.5, 8.5, 9.5, 10.5 ] },
												"up": { "texture": "#material3", "uv": [ 7.0, 2.0, 8.0, 3.0 ] },
												"down": { "texture": "#material3", "uv": [ 4.0, 3.0, 5.0, 4.0 ] }
											},
											"children": [
												{
													"name": "innerbrace1-94",
													"from": [ 0.15, 0.5, 1.0 ], 
													"to": [ 1.15, 1.5, 7.0 ], 
													"rotationOrigin": [ 0.11, 0.5, 2.0 ],
													"faces": {
														"north": { "texture": "#material4", "uv": [ 5.5, 12.5, 6.5, 13.5 ] },
														"east": { "texture": "#material4", "uv": [ 6.0, 6.0, 12.0, 7.0 ] },
														"south": { "texture": "#material4", "uv": [ 12.5, 1.0, 13.5, 2.0 ] },
														"west": { "texture": "#material4", "uv": [ 4.5, 8.5, 10.5, 9.5 ] },
														"up": { "texture": "#material4", "uv": [ 2.5, 1.0, 3.5, 7.0 ] },
														"down": { "texture": "#material4", "uv": [ 8.5, 10.0, 9.5, 16.0 ] }
													}
												},
												{
													"name": "innerbrace1-95",
													"from": [ 0.25, 0.25, 1.0 ], 
													"to": [ 1.25, 1.75, 7.0 ], 
													"rotationOrigin": [ 0.21, 0.2, 2.0 ],
													"faces": {
														"north": { "texture": "#material6", "uv": [ 5.5, 12.5, 6.5, 14.0 ] },
														"east": { "texture": "#material6", "uv": [ 6.0, 6.0, 12.0, 7.5 ] },
														"south": { "texture": "#material6", "uv": [ 12.5, 1.0, 13.5, 2.5 ] },
														"west": { "texture": "#material6", "uv": [ 4.5, 8.5, 10.5, 10.0 ] },
														"up": { "texture": "#material6", "uv": [ 2.5, 1.0, 3.5, 7.0 ] },
														"down": { "texture": "#material6", "uv": [ 8.5, 10.0, 9.5, 16.0 ] }
													}
												}
											]
										}
									]
								},
								{
									"name": "_innerbrace66",
									"from": [ 0.0, 0.0, 0.0 ], 
									"to": [ 0.0, 0.0, 0.0 ], 
									"rotationOrigin": [ 6.5, 6.5, 6.5 ],
									"faces": {
										"north": { "texture": "#default", "uv": [ 0.0, 0.0, 0.5, 0.5 ] },
										"east": { "texture": "#default", "uv": [ 0.0, 0.0, 0.5, 0.5 ] },
										"south": { "texture": "#default", "uv": [ 0.0, 0.0, 0.5, 0.5 ] },
										"west": { "texture": "#default", "uv": [ 0.0, 0.0, 0.5, 0.5 ] },
										"up": { "texture": "#default", "uv": [ 0.0, 0.0, 0.5, 0.5 ] },
										"down": { "texture": "#default", "uv": [ 0.0, 0.0, 0.5, 0.5 ] }
									},
									"children": [
										{
											"name": "innerbrace1-96",
											"from": [ -0.51, 1.5, 1.9 ], 
											"to": [ 0.49, 3.5, 2.9 ], 
											"rotationOrigin": [ -0.5, 1.5, 2.9 ],
											"rotationX": -45.0,
											"faces": {
												"north": { "texture": "#material3", "uv": [ 10.5, 5.0, 11.5, 7.0 ] },
												"east": { "texture": "#material3", "uv": [ 3.0, 7.0, 4.0, 9.0 ] },
												"south": { "texture": "#material3", "uv": [ 6.5, 8.5, 7.5, 10.5 ] },
												"west": { "texture": "#material3", "uv": [ 0.0, 4.5, 1.0, 6.5 ] },
												"up": { "texture": "#material3", "uv": [ 14.0, 8.5, 15.0, 9.5 ] },
												"down": { "texture": "#material3", "uv": [ 5.0, 3.5, 6.0, 4.5 ] }
											},
											"children": [
												{
													"name": "innerbrace1-97",
													"from": [ 0.15, 0.5, 1.0 ], 
													"to": [ 1.15, 1.5, 7.0 ], 
													"rotationOrigin": [ 0.11, 0.5, 2.0 ],
													"faces": {
														"north": { "texture": "#material4", "uv": [ 7.0, 14.0, 8.0, 15.0 ] },
														"east": { "texture": "#material4", "uv": [ 11.0, 9.5, 17.0, 10.5 ] },
														"south": { "texture": "#material4", "uv": [ 3.0, 5.0, 4.0, 6.0 ] },
														"west": { "texture": "#material4", "uv": [ 4.0, 1.0, 10.0, 2.0 ] },
														"up": { "texture": "#material4", "uv": [ 3.5, 12.5, 4.5, 18.5 ] },
														"down": { "texture": "#material4", "uv": [ 13.5, 5.5, 14.5, 11.5 ] }
													}
												},
												{
													"name": "innerbrace1-98",
													"from": [ 0.25, 0.25, 1.0 ], 
													"to": [ 1.25, 1.75, 7.0 ], 
													"rotationOrigin": [ 0.21, 0.2, 2.0 ],
													"faces": {
														"north": { "texture": "#material6", "uv": [ 7.0, 14.0, 8.0, 15.5 ] },
														"east": { "texture": "#material6", "uv": [ 11.0, 9.5, 17.0, 11.0 ] },
														"south": { "texture": "#material6", "uv": [ 3.0, 5.0, 4.0, 6.5 ] },
														"west": { "texture": "#material6", "uv": [ 4.0, 1.0, 10.0, 2.5 ] },
														"up": { "texture": "#material6", "uv": [ 3.5, 12.5, 4.5, 18.5 ] },
														"down": { "texture": "#material6", "uv": [ 13.5, 5.5, 14.5, 11.5 ] }
													}
												}
											]
										}
									]
								}
							]
						}
					]
				}
			]
		}
	],
	"animations": [
		{
			"name": "spellready",
			"code": "spellready",
			"quantityframes": 30,
			"onActivityStopped": "Rewind",
			"onAnimationEnd": "Repeat",
			"keyframes": [

			]
		}
	]
}