{
	"code": "toolprism",
	"classByType": {
		"*": "BlockToolPrismRM"
	},
	"entityclassByType": {
		"*": "BlockEntityToolPrismRM"
	},
	"enabled": false,

	"storageFlags": 131073,

	"entityBehaviors": [
		{ "name": "Animatable" }
	],
	"behaviors": [
		//{ "name": "Container" },
		{ "name": "Unstable" }
	],

	"variantgroups": [
		{
			"code": "type",
			"states": [ "emanation", "magnification", "duplication" ]
		},
		{
			"code": "state",
			"states": [ "off", "on" ]
		}
	],
	"skipVariants": [ "*-magnification-*" ],

	"creativeinventory": {
		"general": [ "*-off" ],
		"construction": [ "*-off" ],
		"rustboundmagic": [ "*-off" ]
	},

	"shapebytype": {
		"*": {
			"base": "blocks/toolprism/toolprism-{type}-{state}",
			"rotateY": 0
		}
	},

	"texturesbytype": {
		"*-emanation-off": {
			"default": { "base": "default" },
			"material": { "base": "items/rust-solid" },
			"material2": { "base": "blocks/eldrathium/normal/eldrathiumblock-none*" },
			"circletier1": { "base": "default" },
			"circletier2": { "base": "default" },
			"circletier3": { "base": "default" }
		},
		"*-emanation-on": {
			"default": { "base": "default" },
			"material": { "base": "game:block/machine/statictranslocator/rustyglow" },
			"material2": { "base": "blocks/eldrathium/normal/eldrathiumblock-none*" },
			"circletier1": { "base": "blocks/tools/prism/magiccircle1-emanation-on" },
			"circletier2": { "base": "blocks/tools/prism/magiccircle2-emanation-on" },
			"circletier3": { "base": "blocks/tools/prism/magiccircle3-emanation-on" }
		},

		"*-magnification-off": {
			"default": { "base": "default" },
			"material": { "base": "items/rust-solid" },
			"material2": { "base": "blocks/eldrathium/normal/eldrathiumblock-none*" },
			"circletier1": { "base": "default" },
			"circletier2": { "base": "default" },
			"circletier3": { "base": "default" }
		},
		"*-magnification-on": {
			"default": { "base": "default" },
			"material": { "base": "game:block/machine/statictranslocator/rustyglow" },
			"material2": { "base": "blocks/eldrathium/normal/eldrathiumblock-none*" },
			"circletier1": { "base": "blocks/tools/prism/magiccircle1-magnification-on" },
			"circletier2": { "base": "blocks/tools/prism/magiccircle2-magnification-on" },
			"circletier3": { "base": "blocks/tools/prism/magiccircle3-magnification-on" }
		},

		"*-duplication-off": {
			"default": { "base": "default" },
			"material": { "base": "items/rust-solid" },
			"material2": { "base": "blocks/eldrathium/normal/eldrathiumblock-none*" },
			"circletier1": { "base": "default" },
			"circletier2": { "base": "default" },
			"circletier3": { "base": "default" }
		},
		"*-duplication-on": {
			"default": { "base": "default" },
			"material": { "base": "game:block/machine/statictranslocator/rustyglow" },
			"material2": { "base": "blocks/eldrathium/normal/eldrathiumblock-none*" },
			"circletier1": { "base": "blocks/tools/prism/magiccircle1-duplication-on" },
			"circletier2": { "base": "blocks/tools/prism/magiccircle2-duplication-on" },
			"circletier3": { "base": "blocks/tools/prism/magiccircle3-duplication-on" }
		}
	},

	"sounds": {
		"place": "game:block/rock-hit-pickaxe",
		"walk": "game:walk/stone"
	},

	"sidesolid": {
		"all": false
	},
	"sideopaque": {
		"all": false
	},

	"rainPermeableByType": {
		"*": true
	},

	"lightAbsorption": 0,

	"lightHsvByType": {
		//"*-off": [ 0, 0, 1 ],
		"*-on": [ 32, 7, 5 ] //,
		//"*-invocation": [ 0, 50, 5 ],
		//"*-enchantment": [ 50, 20, 5 ],
		//"*-conjuration": [ 18, 50, 5 ]
	},

	"collisionbox": null,

	"selectionBox": {
		"x1": 0,
		"y1": 0,
		"z1": 0,
		"x2": 1,
		"y2": 0.0625,
		"z2": 1
	},



	"renderPassByType": {
		"*-on": "Transparent"
	},

	"faceCullMode": "MergeMaterial",
	"maxstacksize": 16,
	"blockmaterial": "Other",
	"materialDensity": 1200,
	"resistance": 0.15,

	"dropsByType": {
		"*-emanation-*": [
			{
				"type": "block",
				"code": "toolprism-emanation-off",
				"quantity": {
					"avg": 1,
					"var": 0
				}
			}
		],
		"*-magnification-*": [
			{
				"type": "block",
				"code": "toolprism-magnification-off",
				"quantity": {
					"avg": 1,
					"var": 0
				}
			}
		],
		"*-duplication-*": [
			{
				"type": "block",
				"code": "toolprism-duplication-off",
				"quantity": {
					"avg": 1,
					"var": 0
				}
			}
		]
	},

	"guiTransform": {
		"translation": {
			"x": 0,
			"y": 1,
			"z": 0
		},
		"rotation": {
			"x": -90,
			"y": 0,
			"z": 0
		},
		"origin": {
			"x": 0.5,
			"y": -0.5,
			"z": 0.5
		},
		"scale": 4
	},
	"fpHandTransform": {
		"translation": {
			"x": 0,
			"y": 1.25,
			"z": 0.5
		},
		"rotation": {
			"x": 56,
			"y": -48,
			"z": 40
		},
		"origin": {
			"x": 0.5,
			"y": -0.5,
			"z": 0.5
		},
		"scale": 1.5
	},
	"tpHandTransform": {
		"translation": {
			"x": -0.69,
			"y": -0.7,
			"z": -0.21
		},
		"rotation": {
			"x": 108,
			"y": -90,
			"z": -22
		},
		"scale": 0.75
	},
	"groundTransform": {
		"translation": {
			"x": 0,
			"y": 0,
			"z": 0
		},
		"rotation": {
			"x": 0,
			"y": -45,
			"z": 0
		},
		"origin": {
			"x": 0.5,
			"y": 0,
			"z": 0.5
		},
		"scale": 5
	}

}
