{
	code: "door",
	class: "BlockGeneric",
	entityClass: "Generic",
	"__comment": "Lockable behavior first so that it prevents subsequent Door behavior if it is locked",
	behaviors: [ 
		{ name: "Lockable" },
		{ name: "Door" }, 
		{ name: "BlockEntityInteract" }
	],
	entityBehaviors: [{ name: "Door" }],
	variantgroups: [
		{ code: "style", states: ["arch2door", "arch1door","arch3door", "arch4door"] },
        { code: "material", states: ["oak", "birch", "maple", "pine", "acacia", "kapok", "baldcypress", "larch", "redwood", "ebony", "walnut", "purpleheart", "aged"] }

	],
	attributes: {
		handbook: {
			groupBy: ["*-{material}-*"]
		},
		airtightByType: {
			"*": true,
		},
		widthByType: {

			"*": 1
		},
		heightByType: {

			"*": 2
		},
		openSoundByType: {
			
			"*-arch3door-*": "game:sounds/block/largechestopen",
			"*-arch4door-*": "game:sounds/block/largechestopen",
			"*": "game:sounds/block/door"
			
		},
		closeSoundByType: {
			
			"*-arch3door-*": "game:sounds/block/largechestclose",
			"*-arch4door-*": "game:sounds/block/largechestclose",
			"*": "game:sounds/block/door"
			
		},
		easingSpeedByType: {

			
            "*-arch1door-*": 5,
			"*-arch3door-*": 3,
			"*-arch4door-*": 3,
			"*": 6
		}
	},
    creativeinventory: { "confession": ["*"] },
	
	shape: { base: "block/wood/door/{style}" },
	texturesByType: {

		"door-*": {
			"wood": { base: "game:block/wood/debarked/{material}", rotation: 90, blendedOverlays: [{ base: "game:block/wood/door/overlay-solid", blendMode: "Overlay" }] },
            "iron": { base: "game:block/metal/sheet/iron3"}
		},

	},
	"__comment": "Needs to be no cull pass because for double doors we flip x coords, but indices don't change so i believe that inverts the winding order, making the graphics card believe the face is facing the other direction",
	renderPass: "OpaqueNoCull",
	faceCullMode: "NeverCull",
	blockmaterial: "Wood",
	sideAo: { all: false },
	heldTpIdleAnimation: "holdunderarm",
	replaceable: 500,
	resistance: 3.5,
	lightAbsorption: 0,
	sidesolid: {
		all: false
	},
	sideopaque: {
		all: false
	},
	guiTransformByType: {
		"*": {
			origin: { x: 0.49, y: 1.3, z: 0.8 },
			scale: 0.5
		},
	},
	fpHandTransform: {
		translation: { x: -0.77, y: 0.18, z: 0.92 },
		rotation: { x: 98, y: 42, z: 0 },
		origin: { x: 0.5, y: 0.7, z: 1 },
		scale: 1.11
	},
	tpHandTransformByType: {

		"*": {
			translation: { x: -0.74, y: -1.22, z: -1.5 },
			rotation: { x: 8, y: 11, z: 59 },
			origin: { x: 0.5, y: 1, z: 1 },
			scale: 0.71
		}
	},
	groundTransformByType: {

		"*": {
			translation: { x: 0, y: 0.2, z: 0 },
			rotation: { x: -90, y: 0, z: 0 },
			origin: { x: 0.5, y: 1, z: 0.85 },
			scale: 3
		}
	},
	selectionbox: { 
		x1: 0, y1: 0, z1: 0.8, x2: 1, y2: 1, z2: 0.9
	},
	collisionbox: { 
		x1: 0, y1: 0, z1: 0.8, x2: 1, y2: 1, z2: 0.9
	},
	combustibleProps: {
		burnTemperature: 600,
		burnDuration: 25,
	},
	sounds: {
		"place": "game:block/planks",
		"hit": "game:block/planks",
		"break": "game:block/planks",
		"walk": "game:walk/wood"
	},
	materialDensity: 600
}