{
	code: "weavingframe",
	behaviors: [
	{name: "HorizontalOrientable", properties: {  dropBlockFace: "east", drop: { type: "block", code: "weavingframe-{state}-east" }}},
	{ name: "Multiblock", propertiesByType: {
		"*-east": { sizex: 1, sizey: 2, sizez: 2, cposition: { x: 0, y: 0, z: 0 }},
		"*-west": { sizex: 1, sizey: 2, sizez: 2, cposition: { x: 0, y: 0, z: 0 }},
		"*-south": { sizex: 2, sizey: 2, sizez: 1, cposition: { x: 1, y: 0, z: 0 }},
		"*-north": { sizex: 2, sizey: 2, sizez: 1, cposition: { x: 1, y: 0, z: 0 }},
		},
	}
	],
	variantgroups: [
		{ code:"state", states: [
		"empty", 
		"state1",
		"state2",
		"state3",
		"state4",
		"state5",
		"state6",
		"state7",
		"state8",
		"state9",
		"state10",
		"state11",
		"state12",
		 ] },
		{ loadFromProperties: "abstract/horizontalorientation" }
		
	],
	shapeByType: { 
	"*-north": { base: "block/clutter/weavingframestates/weavingframe-{state}"},
	"*-west": { base: "block/clutter/weavingframestates/weavingframe-{state}", rotateY: 90 },
	"*-south": { base: "block/clutter/weavingframestates/weavingframe-{state}", rotateY: 180  },
	"*-east": { base: "block/clutter/weavingframestates/weavingframe-{state}", rotateY: 270 }
	},
	heldTpIdleAnimation: "holdunderarm",
	blockmaterial: "Wood",
	replaceable: 900,
	resistance: 1.5,
	lightAbsorption: 1,
	sidesolid: {
		all: false
	},	
	sideopaque: {
		all: false
	},
	sounds: {
		"place": "game:block/planks",
		"hit": "game:block/planks",
		"break": "game:block/planks",
		"walk": "game:walk/wood"
	},
	combustibleProps: {
		burnTemperature: 600,
		burnDuration: 10,
	},
	texturesByType: {
		"*": {
		"normal1": { base: "game:block/cloth/linen/normal1"},
		"basalt1": { base: "game:block/stone/cobblestone/basalt1"},
		"aged": { base: "game:block/wood/debarked/aged"},
		"kapok": { base: "game:block/wood/treetrunk/kapok"},
		"string": { base: "game:item/tool/material/string"}
		}
			
		
	},
	collisionSelectionBoxesByType: {
		"*-north": [ { x1: 0.4501, y1: 0, z1: 0.4375, x2: 0.5499, y2: 1.0315, z2: 0.5625, rotateY: 90 }, { x1: 0.4622, y1: 0.6696, z1: 0.1575, x2: 0.5562, y2: 0.7291, z2: 0.8425, rotateY: 90 } ],
		"*-west": [ { x1: 0.4501, y1: 0, z1: 0.4375, x2: 0.5499, y2: 1.0315, z2: 0.5625, rotateY: 180 }, { x1: 0.4622, y1: 0.6696, z1: 0.1575, x2: 0.5562, y2: 0.7291, z2: 0.8425, rotateY: 180 } ],
		"*-south": [ { x1: 0.4501, y1: 0, z1: 0.4375, x2: 0.5499, y2: 1.0315, z2: 0.5625, rotateY: 270 }, { x1: 0.4622, y1: 0.6696, z1: 0.1575, x2: 0.5562, y2: 0.7291, z2: 0.8425, rotateY: 270 } ],
		"*-east": [ { x1: 0.4501, y1: 0, z1: 0.4375, x2: 0.5499, y2: 1.0315, z2: 0.5625 }, { x1: 0.4622, y1: 0.6696, z1: 0.1575, x2: 0.5562, y2: 0.7291, z2: 0.8425 } ]
	},
	materialDensity: 400,
	groundTransformByType: {
	"*": {
		translation: { x: 0, y: 0.07, z: -0 },
		rotation: { x: 0, y: 0, z: -93 },
		origin: { x: 0.5, y: 0, z: 0.5 },
		scale: 3.71
		}
	},
	tpHandTransformByType: {
	"*": {
		translation: { x: -0.9, y: -0.3, z: -0.6 },
		rotation: { x: 10, y: -6, z: -13 },
		scale: 0.73
		}
	},
	fpHandTransformByType: {
	"*": {
		translation: { x: -0.4, y: 0.55, z: 1.6 },
		rotation: { x: 13, y: 30, z: 10 },
		scale: 2.16
		}
	},
	guiTransformByType: {
	"*": {
		translation: { x: 0, y: -0.7, z: -0 },
		rotation: { x: -20, y: -90, z: 9 },
		scale: 1.59
		}
	}
}