{
	"editor": {
		"allAngles": false,
		"entityTextureMode": false
	},
	"textureWidth": 16,
	"textureHeight": 16,
	"textureSizes": {
	},
	"textures": {
	},
	"elements": [
		{
			"name": "origin",
			"from": [ 8.0, 0.0, 8.0 ],
			"to": [ 8.0, 0.0, 8.0 ],
			"rotationOrigin": [ 8.0, 0.0, 8.0 ],
			"faces": {
			},
			"children": [
				{
					"name": "Main",
					"from": [ -3.0, 0.0, -3.0 ],
					"to": [ 3.0, 1.0, 3.0 ],
					"rotationOrigin": [ 0.0, 0.0, 0.0 ],
					"rotationY": 22.5,
					"faces": {
						"north": { "texture": "#goldleaf", "uv": [ 4.0, 13.5, 10.0, 14.5 ] },
						"east": { "texture": "#goldleaf", "uv": [ 8.0, 6.5, 9.0, 12.5 ], "rotation": 90 },
						"south": { "texture": "#goldleaf", "uv": [ 9.5, 9.0, 15.5, 10.0 ], "rotation": 180 },
						"west": { "texture": "#goldleaf", "uv": [ 13.0, 3.0, 14.0, 9.0 ], "rotation": 270 },
						"up": { "texture": "#goldleaf", "uv": [ 0.5, 5.0, 6.5, 11.0 ] },
						"down": { "texture": "#goldleaf", "uv": [ 1.5, 0.5, 7.5, 6.5 ] }
					},
					"children": [
						{
							"name": "Cube1",
							"from": [ 3.0, 0.1, 3.0 ],
							"to": [ 7.0, 0.6, 7.0 ],
							"rotationOrigin": [ 5.0, 0.1, 5.0 ],
							"rotationY": 45.0,
							"faces": {
								"east": { "texture": "#goldleaf", "uv": [ 6.5, 0.5, 10.5, 1.0 ] },
								"south": { "texture": "#goldleaf", "uv": [ 6.5, 14.5, 10.5, 15.0 ] },
								"west": { "texture": "#goldleaf", "uv": [ 3.5, 10.5, 7.5, 11.0 ] },
								"up": { "texture": "#goldleaf", "uv": [ 1.5, 5.0, 5.5, 9.0 ] },
								"down": { "texture": "#goldleaf", "uv": [ 11.0, 8.0, 15.0, 12.0 ] }
							}
						},
						{
							"name": "Cube3",
							"from": [ 1.0, 1.0, 1.0 ],
							"to": [ 5.0, 1.5, 5.0 ],
							"rotationOrigin": [ 2.5, 1.0, 2.5 ],
							"rotationY": -22.5,
							"faces": {
								"north": { "texture": "#goldleaf", "uv": [ 7.5, 10.0, 11.5, 10.5 ] },
								"east": { "texture": "#goldleaf", "uv": [ 9.0, 11.5, 13.0, 12.0 ] },
								"south": { "texture": "#goldleaf", "uv": [ 9.0, 6.5, 13.0, 7.0 ] },
								"west": { "texture": "#goldleaf", "uv": [ 4.0, 9.5, 8.0, 10.0 ] },
								"up": { "texture": "#goldleaf", "uv": [ 6.5, 11.5, 10.5, 15.5 ] }
							}
						},
						{
							"name": "Cube5",
							"from": [ -2.0, 0.0, -2.0 ],
							"to": [ 2.0, 0.5, 3.0 ],
							"rotationOrigin": [ -1.0, 0.0, -0.5 ],
							"rotationY": -22.5,
							"faces": {
								"north": { "texture": "#goldleaf", "uv": [ 8.0, 14.5, 12.0, 15.0 ] },
								"east": { "texture": "#goldleaf", "uv": [ 9.0, 7.5, 14.0, 8.0 ] },
								"south": { "texture": "#goldleaf", "uv": [ 11.0, 2.5, 15.0, 3.0 ] },
								"west": { "texture": "#goldleaf", "uv": [ 9.0, 7.0, 14.0, 7.5 ] },
								"up": { "texture": "#goldleaf", "uv": [ 10.5, 7.0, 14.5, 12.0 ] },
								"down": { "texture": "#goldleaf", "uv": [ 10.0, 3.5, 14.0, 8.5 ] }
							}
						},
						{
							"name": "Cube6",
							"from": [ -2.0, 0.1, 4.0 ],
							"to": [ 2.0, 0.4, 7.0 ],
							"rotationOrigin": [ 0.0, 0.1, 5.5 ],
							"rotationY": 90.0,
							"faces": {
								"north": { "texture": "#goldleaf", "uv": [ 1.0, 13.5, 5.0, 14.0 ] },
								"east": { "texture": "#goldleaf", "uv": [ 8.0, 3.5, 11.0, 4.0 ] },
								"south": { "texture": "#goldleaf", "uv": [ 5.0, 10.0, 9.0, 10.5 ] },
								"west": { "texture": "#goldleaf", "uv": [ 4.0, 0.5, 7.0, 1.0 ] },
								"up": { "texture": "#goldleaf", "uv": [ 6.5, 5.5, 10.5, 8.5 ] },
								"down": { "texture": "#goldleaf", "uv": [ 11.0, 10.0, 15.0, 13.0 ] }
							}
						},
						{
							"name": "Cube7",
							"from": [ 1.0, 0.1, -2.0 ],
							"to": [ 6.0, 0.8, 1.0 ],
							"rotationOrigin": [ 3.0, 0.1, 0.0 ],
							"rotationY": -22.5,
							"faces": {
								"north": { "texture": "#goldleaf", "uv": [ 8.5, 10.0, 13.5, 10.5 ] },
								"east": { "texture": "#goldleaf", "uv": [ 6.5, 3.0, 9.5, 3.5 ], "windMode": [-1,-1,-1,-1] },
								"south": { "texture": "#goldleaf", "uv": [ 9.0, 13.0, 14.0, 13.5 ] },
								"west": { "texture": "#goldleaf", "uv": [ 2.5, 5.5, 5.5, 6.0 ] },
								"up": { "texture": "#goldleaf", "uv": [ 10.5, 10.0, 15.5, 13.0 ] },
								"down": { "texture": "#goldleaf", "uv": [ 10.5, 4.0, 15.5, 7.0 ] }
							}
						},
						{
							"name": "Cube12",
							"from": [ 5.0, 0.0, 0.0 ],
							"to": [ 9.0, 0.3, 5.0 ],
							"rotationOrigin": [ 6.0, 0.0, 1.5 ],
							"rotationY": 22.5,
							"faces": {
								"north": { "texture": "#goldleaf", "uv": [ 2.5, 4.0, 6.5, 4.5 ] },
								"east": { "texture": "#goldleaf", "uv": [ 2.5, 9.5, 7.5, 10.0 ] },
								"south": { "texture": "#goldleaf", "uv": [ 1.5, 15.0, 5.5, 15.5 ] },
								"up": { "texture": "#goldleaf", "uv": [ 4.0, 4.5, 8.0, 9.5 ] },
								"down": { "texture": "#goldleaf", "uv": [ 8.5, 6.5, 12.5, 11.5 ] }
							}
						}
					]
				},
				{
					"name": "Cube10",
					"from": [ -1.0, 0.0, 3.0 ],
					"to": [ 4.0, 0.5, 7.0 ],
					"rotationOrigin": [ -0.5, 0.0, 3.5 ],
					"rotationY": 22.5,
					"faces": {
						"north": { "texture": "#goldleaf", "uv": [ 10.0, 0.0, 15.0, 0.5 ] },
						"east": { "texture": "#goldleaf", "uv": [ 0.5, 13.0, 4.5, 13.5 ] },
						"south": { "texture": "#goldleaf", "uv": [ 6.0, 6.0, 11.0, 6.5 ] },
						"west": { "texture": "#goldleaf", "uv": [ 11.0, 5.5, 15.0, 6.0 ] },
						"up": { "texture": "#goldleaf", "uv": [ 7.0, 0.0, 12.0, 4.0 ] },
						"down": { "texture": "#goldleaf", "uv": [ 2.5, 1.5, 7.5, 5.5 ] }
					}
				}
			]
		}
	]}