{
	"editor": {
		"allAngles": false,
		"entityTextureMode": false
	},
	"textureWidth": 16,
	"textureHeight": 16,
	"textureSizes": {
	},
	"textures": {
		"sun": "item/books/sun"
	},
	"elements": [
		{
			"name": "Box",
			"from": [ 1.0, 0.0, 5.0 ],
			"to": [ 15.0, 0.2, 8.0 ],
			"rotationOrigin": [ 1.0, 0.0, 5.0 ],
			"faces": {
				"north": { "texture": "#sun", "uv": [ 0.0, 8.0, 16.0, 8.2 ], "autoUv": false, "windMode": [-1,-1,-1,-1] },
				"east": { "texture": "#sun", "uv": [ 0.0, 8.0, 3.0, 8.2 ], "autoUv": false },
				"south": { "texture": "#sun", "uv": [ 0.0, 8.0, 16.0, 8.2 ], "autoUv": false },
				"west": { "texture": "#sun", "uv": [ 0.0, 8.0, 3.0, 8.2 ], "autoUv": false },
				"up": { "texture": "#sun", "uv": [ 0.0, 11.0, 16.0, 8.0 ], "autoUv": false },
				"down": { "texture": "#sun", "uv": [ 0.0, 8.0, 16.0, 11.0 ], "autoUv": false }
			},
			"children": [
				{
					"name": "Boxback",
					"from": [ 0.0, 0.2, 0.0 ],
					"to": [ 14.0, 2.7, 0.2 ],
					"rotationOrigin": [ 0.0, 0.2, 0.0 ],
					"faces": {
						"north": { "texture": "#sun", "uv": [ 0.0, 8.0, 16.0, 10.7 ], "autoUv": false },
						"east": { "texture": "#sun", "uv": [ 0.0, 8.25, 0.25, 10.75 ] },
						"south": { "texture": "#sun", "uv": [ 0.0, 8.0, 16.0, 10.7 ], "autoUv": false },
						"west": { "texture": "#sun", "uv": [ 0.0, 8.25, 0.25, 10.75 ] },
						"up": { "texture": "#sun", "uv": [ 0.0, 8.0, 16.0, 8.25 ], "autoUv": false },
						"down": { "texture": "#sun", "uv": [ 0.0, 8.0, 16.0, 8.25 ], "autoUv": false }
					}
				},
				{
					"name": "Boxfront",
					"from": [ 0.0, 0.2, 2.8 ],
					"to": [ 14.0, 2.7, 3.0 ],
					"rotationOrigin": [ 0.0, 0.2, 2.8 ],
					"faces": {
						"north": { "texture": "#sun", "uv": [ 0.0, 8.0, 16.0, 10.7 ], "autoUv": false },
						"east": { "texture": "#sun", "uv": [ 0.0, 8.0, 0.25, 10.5 ] },
						"south": { "texture": "#sun", "uv": [ 0.0, 8.0, 16.0, 10.7 ], "autoUv": false },
						"west": { "texture": "#sun", "uv": [ 0.0, 8.0, 0.25, 10.5 ] },
						"up": { "texture": "#sun", "uv": [ 0.0, 8.0, 16.0, 8.25 ], "autoUv": false },
						"down": { "texture": "#sun", "uv": [ 0.0, 8.0, 16.0, 8.25 ], "autoUv": false }
					}
				},
				{
					"name": "Boxright",
					"from": [ 0.0, 0.2, 0.2 ],
					"to": [ 0.2, 2.7, 2.8 ],
					"rotationOrigin": [ 0.0, 0.2, 0.2 ],
					"faces": {
						"north": { "texture": "#sun", "uv": [ 0.0, 0.0, 0.25, 2.5 ] },
						"east": { "texture": "#sun", "uv": [ 7.25, 10.75, 9.75, 13.25 ] },
						"south": { "texture": "#sun", "uv": [ 0.0, 0.0, 0.25, 2.5 ] },
						"west": { "texture": "#sun", "uv": [ 5.5, 10.75, 8.0, 13.25 ] },
						"up": { "texture": "#sun", "uv": [ 0.0, 0.0, 0.25, 2.5 ] },
						"down": { "texture": "#sun", "uv": [ 0.0, 0.0, 0.25, 2.5 ] }
					}
				},
				{
					"name": "Boxleft",
					"from": [ 13.8, 0.2, 0.2 ],
					"to": [ 14.0, 2.7, 2.8 ],
					"rotationOrigin": [ 13.8, 0.2, 0.2 ],
					"faces": {
						"north": { "texture": "#sun", "uv": [ 0.0, 0.0, 0.25, 2.5 ] },
						"east": { "texture": "#sun", "uv": [ 5.5, 10.75, 8.0, 13.25 ] },
						"south": { "texture": "#sun", "uv": [ 0.0, 0.0, 0.25, 2.5 ] },
						"west": { "texture": "#sun", "uv": [ 6.0, 10.75, 8.5, 13.25 ] },
						"up": { "texture": "#sun", "uv": [ 0.0, 0.0, 0.25, 2.5 ] },
						"down": { "texture": "#sun", "uv": [ 0.0, 0.0, 0.25, 2.5 ] }
					}
				},
				{
					"name": "Boxtop",
					"from": [ -0.3, 2.7, 0.0 ],
					"to": [ 13.7, 2.9, 3.0 ],
					"rotationOrigin": [ -0.3, 2.7, 0.0 ],
					"rotationY": 5.0,
					"faces": {
						"north": { "texture": "#sun", "uv": [ 0.0, 8.0, 16.0, 8.2 ], "autoUv": false },
						"east": { "texture": "#sun", "uv": [ 0.0, 8.0, 3.0, 8.2 ], "autoUv": false },
						"south": { "texture": "#sun", "uv": [ 0.0, 8.0, 16.0, 8.2 ], "autoUv": false },
						"west": { "texture": "#sun", "uv": [ 0.0, 8.0, 3.0, 8.2 ], "autoUv": false },
						"up": { "texture": "#sun", "uv": [ 0.0, 16.0, 16.0, 13.0 ], "autoUv": false },
						"down": { "texture": "#sun", "uv": [ 0.0, 11.0, 16.0, 8.0 ], "autoUv": false }
					}
				}
			]
		},
		{
			"name": "slice1",
			"from": [ 1.2, 0.0, 9.0 ],
			"to": [ 14.8, 0.05, 11.7 ],
			"rotationOrigin": [ 1.9, 2.7, 9.0 ],
			"rotationY": 2.0,
			"faces": {
				"north": { "texture": "#sun", "uv": [ 2.0, 13.5, 15.5, 13.75 ] },
				"east": { "texture": "#sun", "uv": [ 4.0, 12.5, 6.5, 12.75 ] },
				"south": { "texture": "#sun", "uv": [ 2.0, 14.0, 15.5, 14.25 ] },
				"west": { "texture": "#sun", "uv": [ 5.5, 14.0, 8.0, 14.25 ] },
				"up": { "texture": "#sun", "uv": [ 0.0, 0.0, 16.0, 5.0 ], "autoUv": false },
				"down": { "texture": "#sun", "uv": [ 2.0, 13.0, 15.5, 15.0 ], "autoUv": false }
			},
			"children": [
				{
					"name": "slice2",
					"from": [ 0.3998, 0.05, 1.014 ],
					"to": [ 13.9998, 0.1, 3.714 ],
					"rotationOrigin": [ 1.0998, 2.7, 1.014 ],
					"rotationY": -2.0,
					"faces": {
						"north": { "texture": "#sun", "uv": [ 2.0, 13.5, 15.5, 13.75 ] },
						"east": { "texture": "#sun", "uv": [ 0.5, 6.25, 15.5, 6.45 ], "autoUv": false },
						"south": { "texture": "#sun", "uv": [ 1.5, 6.75, 15.0, 7.0 ] },
						"west": { "texture": "#sun", "uv": [ 3.5, 12.5, 6.0, 12.75 ] },
						"up": { "texture": "#sun", "uv": [ 0.0, 5.25, 16.0, 2.45 ], "autoUv": false },
						"down": { "texture": "#sun", "uv": [ 0.0, 0.0, 13.5, 2.5 ] }
					}
				},
				{
					"name": "slice3",
					"from": [ -0.1894, 0.1, -0.3068 ],
					"to": [ 13.4106, 0.15, 2.3932 ],
					"rotationOrigin": [ 0.5106, 2.8, -0.3068 ],
					"rotationY": -4.0,
					"faces": {
						"north": { "texture": "#sun", "uv": [ 0.25, 6.75, 16.25, 7.0 ], "autoUv": false },
						"east": { "texture": "#sun", "uv": [ 5.0, 6.5, 7.5, 6.75 ] },
						"south": { "texture": "#sun", "uv": [ 1.5, 6.75, 15.0, 7.0 ] },
						"west": { "texture": "#sun", "uv": [ 4.5, 6.75, 7.0, 7.0 ] },
						"up": { "texture": "#sun", "uv": [ 0.0, 0.0, 16.0, 2.2 ], "autoUv": false },
						"down": { "texture": "#sun", "uv": [ 1.25, 4.25, 14.75, 6.75 ] }
					}
				},
				{
					"name": "slice4",
					"from": [ 0.14, 1.3, -3.9 ],
					"to": [ 13.74, 1.35, -1.2 ],
					"rotationOrigin": [ 0.8362, 4.0, -3.9046 ],
					"rotationY": -2.0,
					"faces": {
						"north": { "texture": "#sun", "uv": [ 0.0, 0.0, 13.5, 0.25 ] },
						"east": { "texture": "#sun", "uv": [ 0.0, 0.0, 2.5, 0.25 ] },
						"south": { "texture": "#sun", "uv": [ 0.0, 0.0, 13.5, 0.25 ] },
						"west": { "texture": "#sun", "uv": [ 0.0, 0.0, 2.5, 0.25 ] },
						"up": { "texture": "#sun", "uv": [ 0.0, 3.0, 16.0, 0.2 ], "autoUv": false },
						"down": { "texture": "#sun", "uv": [ 0.0, 0.0, 13.5, 2.5 ] }
					}
				}
			]
		}
	]}