{
	"editor": {
		"allAngles": false,
		"entityTextureMode": false
	},
	"textureWidth": 16,
	"textureHeight": 16,
	"textureSizes": {
	},
	"textures": {
		"acacia": "game:block/wood/debarked/acacia",
		"opened-normal": "game:item/lore/opened-normal",
		"scroll": "game:item/lore/scroll"
	},
	"elements": [
		{
			"name": "wood",
			"from": [ 8.0, 0.0, 6.9 ],
			"to": [ 8.0, 0.0, 6.9 ],
			"rotationOrigin": [ 8.0, 0.0, 6.9 ],
			"faces": {
			},
			"children": [
				{
					"name": "handle1",
					"from": [ -8.0, 0.5, -0.6 ],
					"to": [ -5.0, 1.5, 0.4 ],
					"rotationOrigin": [ -8.0, 0.5, -0.6 ],
					"faces": {
						"north": { "texture": "#acacia", "uv": [ 0.0, 0.0, 8.0, 2.5 ], "autoUv": false },
						"east": { "texture": "#acacia", "uv": [ 0.0, 0.0, 1.0, 1.0 ] },
						"south": { "texture": "#acacia", "uv": [ 1.5, 10.0, 9.5, 12.5 ], "autoUv": false },
						"west": { "texture": "#acacia", "uv": [ 0.0, 0.0, 2.5, 2.5 ], "autoUv": false },
						"up": { "texture": "#acacia", "uv": [ 6.0, 5.0, 14.0, 7.5 ], "autoUv": false },
						"down": { "texture": "#acacia", "uv": [ 0.5, 11.0, 8.5, 13.5 ], "autoUv": false }
					},
					"children": [
						{
							"name": "handle1.1",
							"from": [ 2.2, -0.6, -0.6 ],
							"to": [ 2.5, 1.6, 1.6 ],
							"rotationOrigin": [ 2.2, -0.6, -0.6 ],
							"faces": {
								"north": { "texture": "#acacia", "uv": [ 0.0, 0.0, 1.0, 5.0 ], "autoUv": false },
								"east": { "texture": "#acacia", "uv": [ 0.0, 0.0, 5.0, 5.0 ], "autoUv": false },
								"south": { "texture": "#acacia", "uv": [ 0.0, 0.0, 1.0, 5.0 ], "autoUv": false },
								"west": { "texture": "#acacia", "uv": [ 8.5, 7.0, 13.5, 12.0 ], "autoUv": false },
								"up": { "texture": "#acacia", "uv": [ 0.0, 0.0, 1.0, 5.0 ], "autoUv": false },
								"down": { "texture": "#acacia", "uv": [ 0.0, 0.0, 1.0, 5.0 ], "autoUv": false }
							}
						},
						{
							"name": "handle1.2",
							"from": [ 13.5, -0.6, -0.6 ],
							"to": [ 13.8, 1.6, 1.6 ],
							"rotationOrigin": [ 13.5, -0.6, -0.6 ],
							"faces": {
								"north": { "texture": "#acacia", "uv": [ 0.0, 0.0, 1.0, 5.0 ], "autoUv": false },
								"east": { "texture": "#acacia", "uv": [ 9.0, 7.0, 14.0, 12.0 ], "autoUv": false },
								"south": { "texture": "#acacia", "uv": [ 0.0, 0.0, 1.0, 5.0 ], "autoUv": false },
								"west": { "texture": "#acacia", "uv": [ 0.0, 0.0, 5.0, 5.0 ], "autoUv": false },
								"up": { "texture": "#acacia", "uv": [ 0.0, 0.0, 1.0, 5.0 ], "autoUv": false },
								"down": { "texture": "#acacia", "uv": [ 0.0, 0.0, 1.0, 5.0 ], "autoUv": false }
							}
						},
						{
							"name": "handle1.3",
							"from": [ 16.0, 0.0, 1.0 ],
							"to": [ 19.0, 1.0, 2.0 ],
							"rotationOrigin": [ 16.0, 0.0, 1.0 ],
							"rotationY": 180.0,
							"faces": {
								"north": { "texture": "#acacia", "uv": [ 6.0, 6.5, 14.0, 9.0 ], "autoUv": false },
								"east": { "texture": "#acacia", "uv": [ 0.0, 0.0, 1.0, 1.0 ] },
								"south": { "texture": "#acacia", "uv": [ 2.0, 3.5, 10.0, 6.0 ], "autoUv": false },
								"west": { "texture": "#acacia", "uv": [ 1.5, 4.0, 4.0, 6.5 ], "autoUv": false },
								"up": { "texture": "#acacia", "uv": [ 7.0, 1.5, 15.0, 4.0 ], "autoUv": false },
								"down": { "texture": "#acacia", "uv": [ 2.5, 9.0, 10.5, 11.5 ], "autoUv": false }
							}
						}
					]
				},
				{
					"name": "handle2",
					"from": [ -8.0, 0.5, 1.8 ],
					"to": [ -5.0, 1.5, 2.8 ],
					"rotationOrigin": [ -8.0, 0.5, 1.8 ],
					"faces": {
						"north": { "texture": "#acacia", "uv": [ 1.0, 6.5, 9.0, 9.0 ], "autoUv": false },
						"east": { "texture": "#acacia", "uv": [ 5.0, 6.0, 7.5, 8.5 ], "autoUv": false },
						"south": { "texture": "#acacia", "uv": [ 0.5, 3.0, 8.5, 5.5 ], "autoUv": false },
						"west": { "texture": "#acacia", "uv": [ 10.5, 8.0, 13.0, 10.5 ], "autoUv": false },
						"up": { "texture": "#acacia", "uv": [ 0.5, 4.0, 8.5, 6.5 ], "autoUv": false },
						"down": { "texture": "#acacia", "uv": [ 1.0, 5.0, 9.0, 7.5 ], "autoUv": false }
					},
					"children": [
						{
							"name": "hande2.1",
							"from": [ 2.2, -0.6, -0.6 ],
							"to": [ 2.5, 1.6, 1.6 ],
							"rotationOrigin": [ 2.2, -0.6, -0.6 ],
							"faces": {
								"north": { "texture": "#acacia", "uv": [ 1.0, 3.0, 2.0, 8.0 ], "autoUv": false },
								"east": { "texture": "#acacia", "uv": [ 2.5, 1.5, 7.5, 6.5 ], "autoUv": false },
								"south": { "texture": "#acacia", "uv": [ 1.5, 2.5, 2.5, 7.5 ], "autoUv": false },
								"west": { "texture": "#acacia", "uv": [ 5.5, 3.5, 10.5, 8.5 ], "autoUv": false },
								"up": { "texture": "#acacia", "uv": [ 1.0, 4.5, 2.0, 9.5 ], "autoUv": false },
								"down": { "texture": "#acacia", "uv": [ 1.0, 5.0, 2.0, 10.0 ], "autoUv": false }
							}
						},
						{
							"name": "hande2.2",
							"from": [ 13.5, -0.6, -0.6 ],
							"to": [ 13.8, 1.6, 1.6 ],
							"rotationOrigin": [ 2.2, -0.6, -0.6 ],
							"faces": {
								"north": { "texture": "#acacia", "uv": [ 2.5, 2.5, 3.5, 7.5 ], "autoUv": false },
								"east": { "texture": "#acacia", "uv": [ 5.5, 4.5, 10.5, 9.5 ], "autoUv": false },
								"south": { "texture": "#acacia", "uv": [ 6.0, 4.0, 7.0, 9.0 ], "autoUv": false },
								"west": { "texture": "#acacia", "uv": [ 1.5, 3.0, 6.5, 8.0 ], "autoUv": false },
								"up": { "texture": "#acacia", "uv": [ 1.0, 4.5, 2.0, 9.5 ], "autoUv": false },
								"down": { "texture": "#acacia", "uv": [ 3.0, 3.0, 4.0, 8.0 ], "autoUv": false }
							}
						},
						{
							"name": "handle2.3",
							"from": [ 16.0, 0.0, 1.0 ],
							"to": [ 19.0, 1.0, 2.0 ],
							"rotationOrigin": [ 16.0, 0.0, 1.0 ],
							"rotationX": -180.0,
							"rotationY": 0.0,
							"rotationZ": -180.0,
							"faces": {
								"north": { "texture": "#acacia", "uv": [ 0.0, 3.0, 8.0, 5.5 ], "autoUv": false },
								"east": { "texture": "#acacia", "uv": [ 0.0, 0.0, 1.0, 1.0 ] },
								"south": { "texture": "#acacia", "uv": [ 0.0, 2.5, 8.0, 5.0 ], "autoUv": false },
								"west": { "texture": "#acacia", "uv": [ 0.5, 2.5, 3.0, 5.0 ], "autoUv": false },
								"up": { "texture": "#acacia", "uv": [ 0.0, 3.5, 8.0, 6.0 ], "autoUv": false },
								"down": { "texture": "#acacia", "uv": [ 0.0, 3.0, 8.0, 5.5 ], "autoUv": false }
							}
						}
					]
				}
			]
		},
		{
			"name": "scroll",
			"from": [ 8.0, 0.0, 9.2 ],
			"to": [ 8.0, 0.0, 9.2 ],
			"rotationOrigin": [ 8.0, 0.0, 9.2 ],
			"faces": {
			},
			"children": [
				{
					"name": "n2",
					"from": [ -5.5, 0.5, -1.0 ],
					"to": [ 5.5, 1.5, -0.5 ],
					"rotationOrigin": [ 0.5, 1.5, 0.1 ],
					"faces": {
						"north": { "texture": "#scroll", "uv": [ 0.0, 13.0, 11.0, 14.0 ] },
						"east": { "texture": "#scroll", "uv": [ 0.0, 0.0, 0.5, 1.0 ] },
						"south": { "texture": "#scroll", "uv": [ 0.0, 14.0, 11.0, 15.0 ] },
						"west": { "texture": "#scroll", "uv": [ 1.5, 9.0, 2.0, 10.0 ] },
						"down": { "texture": "#scroll", "uv": [ 0.0, 11.0, 11.0, 11.5 ] }
					}
				},
				{
					"name": "u2",
					"from": [ -5.5, 1.5, -1.0 ],
					"to": [ 5.5, 2.0, 0.5 ],
					"rotationOrigin": [ 0.5, 1.5, 0.0 ],
					"faces": {
						"north": { "texture": "#opened-normal", "uv": [ 4.0, 4.0, 4.5, 15.0 ], "rotation": 90 },
						"east": { "texture": "#opened-normal", "uv": [ 10.0, 3.5, 11.5, 4.0 ] },
						"west": { "texture": "#opened-normal", "uv": [ 0.0, 14.0, 1.5, 14.5 ] },
						"up": { "texture": "#opened-normal", "uv": [ 5.0, 2.0, 6.5, 13.0 ], "rotation": 90 },
						"down": { "texture": "#opened-normal", "uv": [ 0.0, 10.0, 11.0, 11.5 ] }
					}
				},
				{
					"name": "s2",
					"from": [ -5.5, 0.5, 0.5 ],
					"to": [ 5.5, 2.0, 1.0 ],
					"rotationOrigin": [ 0.5, 0.5, 0.0 ],
					"faces": {
						"north": { "texture": "#scroll", "uv": [ 0.0, 11.0, 11.0, 12.5 ] },
						"east": { "texture": "#scroll", "uv": [ 11.0, 9.0, 11.5, 10.5 ] },
						"south": { "texture": "#scroll", "uv": [ 2.0, 1.5, 3.5, 12.5 ], "rotation": 90 },
						"west": { "texture": "#scroll", "uv": [ 0.0, 0.0, 0.5, 1.5 ] },
						"up": { "texture": "#scroll", "uv": [ 7.0, 0.5, 7.5, 11.5 ], "rotation": 90 }
					}
				},
				{
					"name": "d",
					"from": [ -5.5, 0.0, -2.9 ],
					"to": [ 5.5, 0.5, 1.0 ],
					"rotationOrigin": [ 0.5, 0.0, -2.4 ],
					"faces": {
						"east": { "texture": "#scroll", "uv": [ 9.5, 14.5, 13.0, 15.0 ] },
						"south": { "texture": "#scroll", "uv": [ 1.0, 8.5, 12.0, 9.0 ] },
						"west": { "texture": "#scroll", "uv": [ 0.0, 7.0, 0.5, 10.5 ], "rotation": 90 },
						"up": { "texture": "#opened-normal", "uv": [ 3.0, 3.0, 6.5, 14.0 ], "rotation": 90, "autoUv": false },
						"down": { "texture": "#scroll", "uv": [ 1.5, 5.0, 5.0, 16.0 ], "rotation": 90 }
					}
				},
				{
					"name": "n",
					"from": [ -5.5, 0.0, -3.4 ],
					"to": [ 5.5, 1.5, -2.9 ],
					"rotationOrigin": [ 0.5, 1.0, -2.3 ],
					"faces": {
						"north": { "texture": "#scroll", "uv": [ 5.0, 3.0, 6.5, 14.0 ], "rotation": 90 },
						"east": { "texture": "#scroll", "uv": [ 2.5, 6.0, 3.0, 7.5 ], "windMode": [-1,-1,-1,-1] },
						"south": { "texture": "#scroll", "uv": [ 0.5, 13.5, 11.5, 15.0 ] },
						"west": { "texture": "#scroll", "uv": [ 1.5, 9.0, 2.0, 10.5 ] },
						"down": { "texture": "#scroll", "uv": [ 1.0, 3.0, 1.5, 14.0 ], "rotation": 90 }
					}
				},
				{
					"name": "u",
					"from": [ -5.5, 1.5, -3.4 ],
					"to": [ 5.5, 2.0, -1.9 ],
					"rotationOrigin": [ 0.5, 1.5, -2.4 ],
					"faces": {
						"north": { "texture": "#opened-normal", "uv": [ 0.0, 7.0, 11.0, 7.5 ] },
						"east": { "texture": "#opened-normal", "uv": [ 10.0, 3.5, 11.5, 4.0 ] },
						"west": { "texture": "#opened-normal", "uv": [ 0.0, 14.0, 1.5, 14.5 ] },
						"up": { "texture": "#opened-normal", "uv": [ 8.5, 1.0, 10.0, 12.0 ], "rotation": 90 },
						"down": { "texture": "#opened-normal", "uv": [ 0.0, 10.0, 11.0, 11.5 ] }
					}
				},
				{
					"name": "s",
					"from": [ -5.5, 0.5, -1.9 ],
					"to": [ 5.5, 2.0, -1.4 ],
					"rotationOrigin": [ 0.5, 0.5, -2.4 ],
					"faces": {
						"north": { "texture": "#opened-normal", "uv": [ 0.0, 11.0, 11.0, 12.5 ] },
						"east": { "texture": "#opened-normal", "uv": [ 11.0, 9.0, 11.5, 10.5 ] },
						"south": { "texture": "#opened-normal", "uv": [ 10.0, 0.0, 11.5, 11.0 ], "rotation": 90 },
						"west": { "texture": "#opened-normal", "uv": [ 0.0, 0.0, 0.5, 1.5 ] },
						"up": { "texture": "#opened-normal", "uv": [ 9.5, 1.0, 10.0, 12.0 ], "rotation": 90 }
					}
				}
			]
		}
	]}