{
	"editor": {
		"allAngles": false,
		"entityTextureMode": false
	},
	"textureWidth": 16,
	"textureHeight": 16,
	"textureSizes": {
	},
	"textures": {
	},
	"elements": [
		{
			"name": "shingle1",
			"from": [ 6.1, 0.0, 5.0 ],
			"to": [ 6.5, 0.4, 9.0 ],
			"rotationOrigin": [ 6.1, 0.0, 5.0 ],
			"faces": {
				"north": { "texture": "#aged", "uv": [ 8.0, 9.5, 8.5, 10.0 ] },
				"east": { "texture": "#aged", "uv": [ 3.5, 5.5, 7.5, 6.0 ] },
				"south": { "texture": "#aged", "uv": [ 0.5, 10.0, 1.0, 10.5 ] },
				"west": { "texture": "#aged", "uv": [ 3.0, 3.0, 7.0, 3.5 ] },
				"up": { "texture": "#aged", "uv": [ 6.0, 1.0, 10.0, 1.5 ], "rotation": 90 },
				"down": { "texture": "#aged", "uv": [ 0.5, 6.0, 4.5, 6.5 ], "rotation": 90 }
			},
			"children": [
				{
					"name": "shingle2",
					"from": [ 1.7, 0.0, -0.4 ],
					"to": [ 2.1, 0.4, 3.6 ],
					"rotationOrigin": [ 1.7, 0.4, -0.4 ],
					"rotationY": -10.0,
					"faces": {
						"north": { "texture": "#aged", "uv": [ 11.5, 8.5, 12.0, 9.0 ] },
						"east": { "texture": "#aged", "uv": [ 4.0, 0.0, 8.0, 0.5 ] },
						"south": { "texture": "#aged", "uv": [ 5.5, 10.5, 6.0, 11.0 ] },
						"west": { "texture": "#aged", "uv": [ 3.0, 9.5, 7.0, 10.0 ] },
						"up": { "texture": "#aged", "uv": [ 0.0, 6.5, 4.0, 7.0 ], "rotation": 90 },
						"down": { "texture": "#aged", "uv": [ 6.5, 9.0, 10.5, 9.5 ], "rotation": 90 }
					}
				},
				{
					"name": "shingle3",
					"from": [ -0.9, 0.0, -0.8 ],
					"to": [ -0.5, 0.4, 3.2 ],
					"rotationOrigin": [ -0.9, 0.3, -0.8 ],
					"rotationY": 5.0,
					"faces": {
						"north": { "texture": "#aged", "uv": [ 4.5, 3.0, 5.0, 3.5 ] },
						"east": { "texture": "#aged", "uv": [ 5.5, 2.0, 9.5, 2.5 ] },
						"south": { "texture": "#aged", "uv": [ 4.5, 12.0, 5.0, 12.5 ] },
						"west": { "texture": "#aged", "uv": [ 8.5, 8.0, 12.5, 8.5 ] },
						"up": { "texture": "#aged", "uv": [ 1.5, 6.0, 5.5, 6.5 ], "rotation": 90 },
						"down": { "texture": "#aged", "uv": [ 6.5, 11.5, 10.5, 12.0 ], "rotation": 90 }
					}
				},
				{
					"name": "shingle4",
					"from": [ 0.9, 0.0, -0.4 ],
					"to": [ 1.3, 0.4, 3.6 ],
					"rotationOrigin": [ 0.9, 0.4, -0.4 ],
					"rotationY": -6.0,
					"faces": {
						"north": { "texture": "#aged", "uv": [ 11.5, 8.5, 12.0, 9.0 ] },
						"east": { "texture": "#aged", "uv": [ 4.0, 0.0, 8.0, 0.5 ] },
						"south": { "texture": "#aged", "uv": [ 5.5, 10.5, 6.0, 11.0 ] },
						"west": { "texture": "#aged", "uv": [ 3.0, 9.5, 7.0, 10.0 ] },
						"up": { "texture": "#aged", "uv": [ 0.0, 6.5, 4.0, 7.0 ], "rotation": 90 },
						"down": { "texture": "#aged", "uv": [ 6.5, 9.0, 10.5, 9.5 ], "rotation": 90 }
					}
				}
			]
		}
	]}