{
	"editor": {
		"allAngles": false,
		"entityTextureMode": false
	},
	"textureWidth": 16,
	"textureHeight": 16,
	"textureSizes": {
	},
	"textures": {
		"aged": "game:block/wood/debarked/aged"
	},
	"elements": [
		{
			"name": "shingle1",
			"from": [ 6.0, 0.0, 5.0 ],
			"to": [ 10.0, 0.4, 12.0 ],
			"rotationOrigin": [ 6.0, 0.0, 5.0 ],
			"faces": {
				"north": { "texture": "#aged", "uv": [ 8.0, 9.5, 12.0, 10.0 ] },
				"east": { "texture": "#aged", "uv": [ 3.5, 5.5, 10.5, 6.0 ] },
				"south": { "texture": "#aged", "uv": [ 0.5, 10.0, 4.5, 10.5 ] },
				"west": { "texture": "#aged", "uv": [ 3.0, 3.0, 10.0, 3.5 ] },
				"up": { "texture": "#aged", "uv": [ 6.0, 1.0, 13.0, 5.0 ], "rotation": 90 },
				"down": { "texture": "#aged", "uv": [ 0.5, 6.0, 7.5, 10.0 ], "rotation": 90 }
			},
			"children": [
				{
					"name": "shingle2",
					"from": [ 0.8, 0.4, -0.4 ],
					"to": [ 4.8, 0.8, 6.6 ],
					"rotationOrigin": [ 0.8, 0.4, -0.4 ],
					"rotationY": -10.0,
					"faces": {
						"north": { "texture": "#aged", "uv": [ 11.5, 8.5, 15.5, 9.0 ] },
						"east": { "texture": "#aged", "uv": [ 4.0, 0.0, 11.0, 0.5 ] },
						"south": { "texture": "#aged", "uv": [ 5.5, 10.5, 9.5, 11.0 ] },
						"west": { "texture": "#aged", "uv": [ 3.0, 9.5, 10.0, 10.0 ] },
						"up": { "texture": "#aged", "uv": [ 0.0, 6.5, 7.0, 10.5 ], "rotation": 90 },
						"down": { "texture": "#aged", "uv": [ 6.5, 9.0, 13.5, 13.0 ], "rotation": 90 }
					}
				},
				{
					"name": "shingle3",
					"from": [ -0.3, 0.8, -0.4 ],
					"to": [ 3.7, 1.2, 6.6 ],
					"rotationOrigin": [ -0.3, 0.4, -0.4 ],
					"rotationY": 5.0,
					"faces": {
						"north": { "texture": "#aged", "uv": [ 4.5, 3.0, 8.5, 3.5 ] },
						"east": { "texture": "#aged", "uv": [ 5.5, 2.0, 12.5, 2.5 ] },
						"south": { "texture": "#aged", "uv": [ 4.5, 12.0, 8.5, 12.5 ] },
						"west": { "texture": "#aged", "uv": [ 8.5, 8.0, 15.5, 8.5 ] },
						"up": { "texture": "#aged", "uv": [ 1.5, 6.0, 8.5, 10.0 ], "rotation": 90 },
						"down": { "texture": "#aged", "uv": [ 6.5, 11.5, 13.5, 15.5 ], "rotation": 90 }
					}
				}
			]
		}
	]}