﻿[
  {
    "file": "expandedfoods:recipes/simmering/moreanimals/boiledegg.json",
    op: "add", 
    path: "/0/enabled", 
    value: "false",
    side: "server",
    dependsOn: [{ "modid": "moreanimals", "invert": true }]
  },
  {
    "file": "expandedfoods:recipes/simmering/moreanimals/boiledegg.json",
    op: "add", 
    path: "/1/enabled", 
    value: "false",
    side: "server",
    dependsOn: [{ "modid": "moreanimals", "invert": true }]
  },
  {
    "file": "expandedfoods:recipes/simmering/moreanimals/boiledegg.json",
    op: "add", 
    path: "/2/enabled", 
    value: "false",
    side: "server",
    dependsOn: [{ "modid": "moreanimals", "invert": true }]
  },
  {
    "file": "expandedfoods:recipes/simmering/moreanimals/boiledegg.json",
    op: "add", 
    path: "/3/enabled", 
    value: "false",
    side: "server",
    dependsOn: [{ "modid": "moreanimals", "invert": true }]
  },
  {
    "file": "expandedfoods:recipes/simmering/moreanimals/boiledegg.json",
    op: "add", 
    path: "/4/enabled", 
    value: "false",
    side: "server",
    dependsOn: [{ "modid": "moreanimals", "invert": true }]
  },
  {
    "file": "expandedfoods:recipes/simmering/moreanimals/boiledegg.json",
    op: "add", 
    path: "/5/enabled", 
    value: "false",
    side: "server",
    dependsOn: [{ "modid": "moreanimals", "invert": true }]
  },
  {
    "file": "expandedfoods:recipes/simmering/moreanimals/boiledegg.json",
    op: "add", 
    path: "/6/enabled", 
    value: "false",
    side: "server",
    dependsOn: [{ "modid": "moreanimals", "invert": true }]
  },
  {
    "file": "expandedfoods:recipes/simmering/moreanimals/boiledegg.json",
    op: "add", 
    path: "/7/enabled", 
    value: "false",
    side: "server",
    dependsOn: [{ "modid": "moreanimals", "invert": true }]
  },
]