﻿[
    {
        "op": "addeach",
        "path": "/ingredients/4/validStacks/-",
        "value": [
            {
                "type": "item",
                "code": "ancienttools:saltedmeat-redmeat-partbaked",
                "shapeElement": "bowl/red meat/*",
                "texturemapping": [
                    "meat",
                    "group2"
                ],
            },
            {
                "type": "item",
                "code": "ancienttools:saltedmeat-bushmeat-partbaked",
                "shapeElement": "bowl/red meat/*",
                "texturemapping": [
                    "meat",
                    "group7"
                ],
            },
            {
                "type": "item",
                "code": "ancienttools:saltedmeat-poultry-partbaked",
                "shapeElement": "bowl/red meat/*",
                "texturemapping": [
                    "meat",
                    "group3"
                ],
            },
            {
                "type": "item",
                "code": "ancienttools:saltedmeat-redmeat-cooked",
                "shapeElement": "bowl/red meat/*",
                "texturemapping": [
                    "meat",
                    "group2"
                ],
            },
            {
                "type": "item",
                "code": "ancienttools:saltedmeat-bushmeat-cooked",
                "shapeElement": "bowl/red meat/*",
                "texturemapping": [
                    "meat",
                    "group7"
                ],
            },
            {
                "type": "item",
                "code": "ancienttools:saltedmeat-poultry-cooked",
                "shapeElement": "bowl/red meat/*",
                "texturemapping": [
                    "meat",
                    "group3"
                ],
            },
            {
                "type": "item",
                "code": "ancienttools:saltedmeat-redmeat-charred",
                "shapeElement": "bowl/red meat/*",
                "texturemapping": [
                    "meat",
                    "group2"
                ],
            },
            {
                "type": "item",
                "code": "ancienttools:saltedmeat-bushmeat-charred",
                "shapeElement": "bowl/red meat/*",
                "texturemapping": [
                    "meat",
                    "group7"
                ],
            },
            {
                "type": "item",
                "code": "ancienttools:saltedmeat-poultry-charred",
                "shapeElement": "bowl/red meat/*",
                "texturemapping": [
                    "meat",
                    "group3"
                ],
            },
            {
                "type": "item",
                "code": "expandedfoods:saltedmeatnugget-redmeat-cookedpartbaked",
                "shapeElement": "bowl/meatnugget 1/*",
                "texturemapping": [
                    "meatnugget",
                    "redmeat-raw"
                ],
            },
            {
                "type": "item",
                "code": "expandedfoods:saltedmeatnugget-bushmeat-cookedpartbaked",
                "shapeElement": "bowl/meatnugget 1/*",
                "texturemapping": [
                    "meatnugget",
                    "bushmeat-raw"
                ],
            },
            {
                "type": "item",
                "code": "expandedfoods:saltedmeatnugget-poultry-cookedpartbaked",
                "shapeElement": "bowl/meatnugget 1/*",
                "texturemapping": [
                    "meatnugget",
                    "poultry-raw"
                ],
            },
            {
                "type": "item",
                "code": "expandedfoods:saltedmeatnugget-redmeat-cooked",
                "shapeElement": "bowl/meatnugget 1/*",
                "texturemapping": [
                    "meatnugget",
                    "redmeat-raw"
                ],
            },
            {
                "type": "item",
                "code": "expandedfoods:saltedmeatnugget-bushmeat-cooked",
                "shapeElement": "bowl/meatnugget 1/*",
                "texturemapping": [
                    "meatnugget",
                    "bushmeat-raw"
                ],
            },
            {
                "type": "item",
                "code": "expandedfoods:saltedmeatnugget-poultry-cooked",
                "shapeElement": "bowl/meatnugget 1/*",
                "texturemapping": [
                    "meatnugget",
                    "poultry-raw"
                ],
            },
            {
                "type": "item",
                "code": "expandedfoods:saltedmeatnugget-redmeat-cookedcharred",
                "shapeElement": "bowl/meatnugget 1/*",
                "texturemapping": [
                    "meatnugget",
                    "redmeat-raw"
                ],
            },
            {
                "type": "item",
                "code": "expandedfoods:saltedmeatnugget-bushmeat-cookedcharred",
                "shapeElement": "bowl/meatnugget 1/*",
                "texturemapping": [
                    "meatnugget",
                    "bushmeat-raw"
                ],
            },
            {
                "type": "item",
                "code": "expandedfoods:saltedmeatnugget-poultry-cookedcharred",
                "shapeElement": "bowl/meatnugget 1/*",
                "texturemapping": [
                    "meatnugget",
                    "poultry-raw"
                ],
            },
            {
                "type": "item",
                "code": "expandedfoods:saltedmeatnugget-redmeat-tenderpartbaked",
                "shapeElement": "bowl/red meat/*",
                "texturemapping": [
                    "meat",
                    "group2"
                ],
            },
            {
                "type": "item",
                "code": "expandedfoods:saltedmeatnugget-bushmeat-tenderpartbaked",
                "shapeElement": "bowl/red meat/*",
                "texturemapping": [
                    "meat",
                    "group7"
                ],
            },
            {
                "type": "item",
                "code": "expandedfoods:saltedmeatnugget-poultry-tenderpartbaked",
                "shapeElement": "bowl/red meat/*",
                "texturemapping": [
                    "meat",
                    "group3"
                ],
            },
            {
                "type": "item",
                "code": "expandedfoods:saltedmeatnugget-redmeat-tender",
                "shapeElement": "bowl/red meat/*",
                "texturemapping": [
                    "meat",
                    "group2"
                ],
            },
            {
                "type": "item",
                "code": "expandedfoods:saltedmeatnugget-bushmeat-tender",
                "shapeElement": "bowl/red meat/*",
                "texturemapping": [
                    "meat",
                    "group7"
                ],
            },
            {
                "type": "item",
                "code": "expandedfoods:saltedmeatnugget-poultry-tender",
                "shapeElement": "bowl/red meat/*",
                "texturemapping": [
                    "meat",
                    "group3"
                ],
            },
            {
                "type": "item",
                "code": "expandedfoods:saltedmeatnugget-redmeat-tendercharred",
                "shapeElement": "bowl/red meat/*",
                "texturemapping": [
                    "meat",
                    "group2"
                ],
            },
            {
                "type": "item",
                "code": "expandedfoods:saltedmeatnugget-bushmeat-tendercharred",
                "shapeElement": "bowl/red meat/*",
                "texturemapping": [
                    "meat",
                    "group7"
                ],
            },
            {
                "type": "item",
                "code": "expandedfoods:saltedmeatnugget-poultry-tendercharred",
                "shapeElement": "bowl/red meat/*",
                "texturemapping": [
                    "meat",
                    "group3"
                ],
            },
        ],
    "file": "recipes/mixing/pastacold.json",
    "side": "server",
    dependsOn: [{ "modid": "ancienttools" }]
  },
    {
        "op": "addeach",
        "path": "/ingredients/5/validStacks/-",
        "value": [
            {
                "type": "item",
                "code": "ancienttools:saltedmeat-redmeat-partbaked",
                "shapeElement": "bowl/red meat 2/*",
                "texturemapping": [
                    "meat",
                    "group2"
                ],
            },
            {
                "type": "item",
                "code": "ancienttools:saltedmeat-bushmeat-partbaked",
                "shapeElement": "bowl/red meat 2/*",
                "texturemapping": [
                    "meat",
                    "group7"
                ],
            },
            {
                "type": "item",
                "code": "ancienttools:saltedmeat-poultry-partbaked",
                "shapeElement": "bowl/red meat 2/*",
                "texturemapping": [
                    "meat",
                    "group3"
                ],
            },
            {
                "type": "item",
                "code": "ancienttools:saltedmeat-redmeat-cooked",
                "shapeElement": "bowl/red meat 2/*",
                "texturemapping": [
                    "meat",
                    "group2"
                ],
            },
            {
                "type": "item",
                "code": "ancienttools:saltedmeat-bushmeat-cooked",
                "shapeElement": "bowl/red meat 2/*",
                "texturemapping": [
                    "meat",
                    "group7"
                ],
            },
            {
                "type": "item",
                "code": "ancienttools:saltedmeat-poultry-cooked",
                "shapeElement": "bowl/red meat 2/*",
                "texturemapping": [
                    "meat",
                    "group3"
                ],
            },
            {
                "type": "item",
                "code": "ancienttools:saltedmeat-redmeat-charred",
                "shapeElement": "bowl/red meat 2/*",
                "texturemapping": [
                    "meat",
                    "group2"
                ],
            },
            {
                "type": "item",
                "code": "ancienttools:saltedmeat-bushmeat-charred",
                "shapeElement": "bowl/red meat 2/*",
                "texturemapping": [
                    "meat",
                    "group7"
                ],
            },
            {
                "type": "item",
                "code": "ancienttools:saltedmeat-poultry-charred",
                "shapeElement": "bowl/red meat 2/*",
                "texturemapping": [
                    "meat",
                    "group3"
                ],
            },
            {
                "type": "item",
                "code": "expandedfoods:saltedmeatnugget-redmeat-cookedpartbaked",
                "shapeElement": "bowl/meatnugget 2/*",
                "texturemapping": [
                    "meatnugget",
                    "redmeat-raw"
                ],
            },
            {
                "type": "item",
                "code": "expandedfoods:saltedmeatnugget-bushmeat-cookedpartbaked",
                "shapeElement": "bowl/meatnugget 2/*",
                "texturemapping": [
                    "meatnugget",
                    "bushmeat-raw"
                ],
            },
            {
                "type": "item",
                "code": "expandedfoods:saltedmeatnugget-poultry-cookedpartbaked",
                "shapeElement": "bowl/meatnugget 2/*",
                "texturemapping": [
                    "meatnugget",
                    "poultry-raw"
                ],
            },
            {
                "type": "item",
                "code": "expandedfoods:saltedmeatnugget-redmeat-cooked",
                "shapeElement": "bowl/meatnugget 2/*",
                "texturemapping": [
                    "meatnugget",
                    "redmeat-raw"
                ],
            },
            {
                "type": "item",
                "code": "expandedfoods:saltedmeatnugget-bushmeat-cooked",
                "shapeElement": "bowl/meatnugget 2/*",
                "texturemapping": [
                    "meatnugget",
                    "bushmeat-raw"
                ],
            },
            {
                "type": "item",
                "code": "expandedfoods:saltedmeatnugget-poultry-cooked",
                "shapeElement": "bowl/meatnugget 2/*",
                "texturemapping": [
                    "meatnugget",
                    "poultry-raw"
                ],
            },
            {
                "type": "item",
                "code": "expandedfoods:saltedmeatnugget-redmeat-cookedcharred",
                "shapeElement": "bowl/meatnugget 2/*",
                "texturemapping": [
                    "meatnugget",
                    "redmeat-raw"
                ],
            },
            {
                "type": "item",
                "code": "expandedfoods:saltedmeatnugget-bushmeat-cookedcharred",
                "shapeElement": "bowl/meatnugget 2/*",
                "texturemapping": [
                    "meatnugget",
                    "bushmeat-raw"
                ],
            },
            {
                "type": "item",
                "code": "expandedfoods:saltedmeatnugget-poultry-cookedcharred",
                "shapeElement": "bowl/meatnugget 2/*",
                "texturemapping": [
                    "meatnugget",
                    "poultry-raw"
                ],
            },
            {
                "type": "item",
                "code": "expandedfoods:saltedmeatnugget-redmeat-tenderpartbaked",
                "shapeElement": "bowl/red meat 2/*",
                "texturemapping": [
                    "meat",
                    "group2"
                ],
            },
            {
                "type": "item",
                "code": "expandedfoods:saltedmeatnugget-bushmeat-tenderpartbaked",
                "shapeElement": "bowl/red meat 2/*",
                "texturemapping": [
                    "meat",
                    "group7"
                ],
            },
            {
                "type": "item",
                "code": "expandedfoods:saltedmeatnugget-poultry-tenderpartbaked",
                "shapeElement": "bowl/red meat 2/*",
                "texturemapping": [
                    "meat",
                    "group3"
                ],
            },
            {
                "type": "item",
                "code": "expandedfoods:saltedmeatnugget-redmeat-tender",
                "shapeElement": "bowl/red meat 2/*",
                "texturemapping": [
                    "meat",
                    "group2"
                ],
            },
            {
                "type": "item",
                "code": "expandedfoods:saltedmeatnugget-bushmeat-tender",
                "shapeElement": "bowl/red meat 2/*",
                "texturemapping": [
                    "meat",
                    "group7"
                ],
            },
            {
                "type": "item",
                "code": "expandedfoods:saltedmeatnugget-poultry-tender",
                "shapeElement": "bowl/red meat 2/*",
                "texturemapping": [
                    "meat",
                    "group3"
                ],
            },
            {
                "type": "item",
                "code": "expandedfoods:saltedmeatnugget-redmeat-tendercharred",
                "shapeElement": "bowl/red meat 2/*",
                "texturemapping": [
                    "meat",
                    "group2"
                ],
            },
            {
                "type": "item",
                "code": "expandedfoods:saltedmeatnugget-bushmeat-tendercharred",
                "shapeElement": "bowl/red meat 2/*",
                "texturemapping": [
                    "meat",
                    "group7"
                ],
            },
            {
                "type": "item",
                "code": "expandedfoods:saltedmeatnugget-poultry-tendercharred",
                "shapeElement": "bowl/red meat 2/*",
                "texturemapping": [
                    "meat",
                    "group3"
                ],
            },
        ],
    "file": "recipes/mixing/pastacold.json",
    "side": "server",
    dependsOn: [{ "modid": "ancienttools" }]
  },
]