{
  "code": "magicwardblock",
  "class": "BlockUtilityMagicWardRM",
  "entityClassByType": {
    "magicwardblock-*": "BlockEntityUtilityMagicWardRM"
  },
  "enabled": true,

  //"storageFlags": 32769,
  "variantgroups": [
    {
      "code": "state",
      "states": [ "off", "active" ]
    },
    {
      "code": "side",
      "loadFromProperties": "game:abstract/horizontalorientation"
    }
  ],
  //"skipVariants": [ "*-raw-light-*", "*-burned-light-*", "*-raw-dark-*", "*-burned-dark-*", "*-raw-conduit-*", "*-burned-conduit-*" ],

  //"entityBehaviors": [ { "name": "Animatable" } ],
  "behaviors": [
    { "name": "HorizontalOrientable" },
    { "name": "Unstable" },
    { "name": "Container" }
  ],
  "attributes": {
    //"displaycaseable": true,
    //"shelvable": true,
    "canChisel": false,
    "handbook": {
      "groupByByType": {
        "*": [ "magicwardblock-*" ]
      },
      "extraSections": [
        {
          "title": "game:Created by",
          "text": "rustboundmagic:handbook-synthesistier2-text"
        },
        {
          "title": "rustboundmagic:handbook-utilityblock-title",
          "text": "rustboundmagic:handbook-utilityblock-text"
        },
        {
          "title": "rustboundmagic:handbook-runestoneeffects-title",
          "text": "rustboundmagic:handbook-runestoneeffectsmagicwardblock-text"
        },
        {
          "title": "rustboundmagic:handbook-magicrechargable-title",
          "text": "rustboundmagic:handbook-magicrechargable-text"
        }
      ]
    },
    "transientPropsByType": {
      "magicwardblock-active-north": {
        "convertFrom": "magicwardblock-active-north",
        "convertTo": "magicwardblock-off-north",
        "inGameHours": "2",
        "resetBelowTemperature": -999,
        "stopBelowTemperature": -999
      },
      "magicwardblock-active-south": {
        "convertFrom": "magicwardblock-active-south",
        "convertTo": "magicwardblock-off-south",
        "inGameHours": "2",
        "resetBelowTemperature": -999,
        "stopBelowTemperature": -999
      },
      "magicwardblock-active-east": {
        "convertFrom": "magicwardblock-active-east",
        "convertTo": "magicwardblock-off-east",
        "inGameHours": "2",
        "resetBelowTemperature": -999,
        "stopBelowTemperature": -999
      },
      "magicwardblock-active-west": {
        "convertFrom": "magicwardblock-active-west",
        "convertTo": "magicwardblock-off-west",
        "inGameHours": "2",
        "resetBelowTemperature": -999,
        "stopBelowTemperature": -999
      }
    }
  },

  "creativeinventory": {
    "general": [ "*-off-north" ],
    "terrain": [ "*-off-north" ],
    "rustboundmagic": [ "*-off-north" ]
  },

  //"drawtypeByType": {
  //  "*-free": "JSON",
  //  "*-snow": "JSONAndSnowLayer"
  //},
  "shapeBytype": {
    "*-north": {
      "base": "blocks/utilities/magicward",
      "rotateY": 0
    },
    "*-south": {
      "base": "blocks/utilities/magicward",
      "rotateY": 180
    },
    "*-east": {
      "base": "blocks/utilities/magicward",
      "rotateY": 270
    },
    "*-west": {
      "base": "blocks/utilities/magicward",
      "rotateY": 90
    }
  },
  "texturesByType": {
    "*-off-*": {
      "default": { "base": "default" },
      "eldrathium": { "base": "blocks/eldrathium/normal/eldrathiumblock-none*" },
      "lead": { "base": "game:block/metal/plate/lead" },
      "lead1": { "base": "default" },
      "rustyglow": { "base": "blocks/arcanus/arcanusblock-inert" },
      "energy": { "base": "blocks/arcanus/arcanusblock-inert" }
    },
    "*-active-*": {
      "default": { "base": "default" },
      "eldrathium": { "base": "blocks/eldrathium/normal/eldrathiumblock-none*" },
      "lead": { "base": "game:block/metal/plate/lead" },
      "lead1": { "base": "default" },
      "rustyglow": { "base": "game:block/machine/statictranslocator/rustyglow" },
      "energy": { "base": "blocks/stations/oculus-energyaura" }
    }
  },

  "sideopaque": {
    "all": false
  },
  "sidesolid": {
    "all": false
  },

  "maxstacksize": 8,
  "blockmaterial": "Metal",
  "materialDensity": 8960,
  "replaceable": 300,
  "resistance": 3,
  "lightAbsorption": 0,
  "heldTpIdleAnimation": "holdbothhands",
  "heldTpUseAnimation": "twohandplaceblock",
  "drawtype": "json",
  //"randomizeRotations": false,
  //"rainPermeable": false,
  //"renderPass": "Transparent",
  //"faceCullMode": "MergeMaterial",

  "lightHsvbyType": {
    "*-active-*": [ 32, 7, 5 ]
  },

  "dropsByType": {
    "*": [
      {
        "type": "block",
        "code": "magicwardblock-off-north",
        "quantity": {
          "avg": 1,
          "var": 0
        }
      }
    ]
  },

  "sounds": {
    "place": "game:block/rock-hit-pickaxe",
    "break": "game:block/rock-hit-pickaxe",
    "hit": "game:walk/stone",
    "walk": "game:walk/stone"
  },

  "selectionBoxByType": {
    "*-off-*": {
      "x1": 0,
      "y1": 0,
      "z1": 0,
      "x2": 1,
      "y2": 0.125,
      "z2": 1
    },
    "*-active-*": {
      "x1": 0,
      "y1": 0,
      "z1": 0,
      "x2": 1,
      "y2": 1,
      "z2": 1
    }
  },
  "collisionboxByType": {
    "*-off-*": {
      "x1": 0,
      "y1": 0,
      "z1": 0,
      "x2": 1,
      "y2": 0,
      "z2": 1
    },
    "*-active-*": {
      "x1": 0,
      "y1": 0,
      "z1": 0,
      "x2": 1,
      "y2": 1,
      "z2": 1
    }
  },

  "tpHandTransform": {
    "translation": {
      "x": -1.23,
      "y": -0.91,
      "z": -0.8
    },
    "rotation": {
      "x": -2,
      "y": 25,
      "z": -78
    },
    "scale": 0.4
  }
}
