{
  "code": "utilityframe",
  "classByType": {
    "*-burned": "BlockGenericRM"
  },
  "enabled": true,

  //"storageFlags": 32769,
  "variantgroups": [
    {
      "code": "stage",
      "states": [ "raw", "burned" ]
    }
  ],
  //"skipVariants": [ "*-raw-light-*", "*-burned-light-*", "*-raw-dark-*", "*-burned-dark-*", "*-raw-conduit-*", "*-burned-conduit-*" ],

  //"entityBehaviors": [ { "name": "Animatable" } ],
  "behaviorsByType": {
    "*-raw": [
      {
        "name": "GroundStorable",
        "properties": { "layout": "SingleCenter" }
      },
      {
        "name": "Unplaceable",
        "__comment": "The ground storable obsoletes this being a block. Should be an item, but is kept a block for backwards compatibility"
      },
      { "name": "RightClickPickup" }
    ]
  },
  "combustiblePropsByType": {
    "*-raw": {
      "meltingPoint": 600,
      "meltingDuration": 45,
      "smeltedRatio": 1,
      "smeltingType": "fire",
      "smeltedStack": {
        "type": "block",
        "code": "utilityframe-burned",
        "attributes": { "type": "normal" }
      },
      "requiresContainer": false
    }
  },
  "attributesByType": {
    "*-raw": {
      "handbook": {
        "groupBy": [ "utilityframe-*" ]
      }
    },
    "*-burned": {
      "handbook": {
        "groupBy": [ "utilityframe-*" ],
        "extraSections": [
          {
            "title": "game:Created by",
            "text": "game:itemdesc-fireinkiln"
          }
        ]
      }
    }
  },


  "creativeinventory": {
    "general": [ "*" ],
    "items": [ "*" ],
    "rustboundmagic": [ "*" ]
  },

  "shapebytype": {
    "*": {
      "base": "blocks/utilities/utilityframe-rawburned"
    }
  },
  "texturesByType": {
    "*-raw": {
      "default": { "base": "default" },
      "material": { "base": "game:block/clay/blueclay" }
    },
    "*-burned": {
      "default": { "base": "default" },
      "material": { "base": "game:block/clay/ceramic" }
    }
  },

  "sidesolid": {
    "all": "false"
  },
  "sideopaque": {
    "all": "false"
  },


  "maxstacksize": 16,
  "blockmaterial": "Other",
  "materialDensity": 1200,
  "replaceable": 300,
  "resistance": 3,
  "lightAbsorption": 0,
  "heldTpIdleAnimation": "holdbothhands",

  "selectionBox": {
    "x1": 0,
    "y1": 0,
    "z1": 0,
    "x2": 1,
    "y2": 0.0625,
    "z2": 1
  },

  "collisionBox": {
    "x1": 0,
    "y1": 0,
    "z1": 0,
    "x2": 1,
    "y2": 0.0625,
    "z2": 1
  },


  "guiTransform": {
    "rotation": {
      "x": -22.6,
      "y": 135,
      "z": 0
    }
  },
  "fpHandTransform": {
    "translation": {
      "x": 0,
      "y": 0.1,
      "z": 0.5
    },
    "rotation": {
      "x": -2,
      "y": -118,
      "z": 12
    },
    "origin": {
      "x": 0.5,
      "y": 0.6,
      "z": 0.5
    },
    "scale": 0.5
  },
  "tpHandTransform": {
    "translation": {
      "x": 0,
      "y": 0.4,
      "z": -0.82
    },
    "rotation": {
      "x": 90,
      "y": 4,
      "z": -82
    },
    "origin": {
      "x": 0.05,
      "y": -0.1,
      "z": 0.25
    },
    "scale": 0.25
  },
  "groundTransform": {
    "translation": {
      "x": 0,
      "y": 0,
      "z": 0
    },
    "rotation": {
      "x": 90,
      "y": 0,
      "z": 0
    },
    "origin": {
      "x": 0.5,
      "y": 0.5,
      "z": 1
    },
    "scale": 2
  }
}
