{
	"editor": {
		"collapsedPaths": "Root/Origin/Origin2,Root/Front,Root/insideorigin,Root/Origin/viewblocker,Root/plaster1,Root/plaster11",
		"allAngles": false,
		"entityTextureMode": false
	},
	"textureWidth": 16,
	"textureHeight": 16,
	"textureSizes": {
		"acacia2": [16,32],
		"iron": [16,16]
	},
	
	"elements": [
		{
			"name": "origin",
			"from": [ 8.0, 0.0, 3.0 ],
			"to": [ 8.0, 0.0, 3.0 ],
			"rotationOrigin": [ 1.0, 0.0, 10.0 ],
			"faces": {
			},
			"children": [
				{
					"name": "Bottom-board1",
					"from": [ -8.0, 0.0, 6.0 ],
					"to": [ -4.0, 16.0, 8.0 ],
					"rotationOrigin": [ -8.0, 16.0, 7.0 ],
					"faces": {
						"north": { "texture": "#wood", "uv": [ 8.0, 0.0, 12.0, 16.0 ], "rotation": 180 },
						"east": { "texture": "#wood", "uv": [ 12.0, 0.0, 14.0, 16.0 ] },
						"south": { "texture": "#wood", "uv": [ 0.0, 0.0, 4.0, 16.0 ], "rotation": 180 },
						"west": { "texture": "#wood", "uv": [ 13.0, 0.0, 15.0, 16.0 ], "windMode": [-1,-1,-1,-1], "windData": [0,0,2,2] },
						"down": { "texture": "#wood", "uv": [ 0.0, 7.0, 4.0, 9.0 ], "windMode": [-1,-1,-1,-1] }
					},
					"children": [
						{
							"name": "bottom-board2",
							"from": [ 4.0, 0.0, 0.2 ],
							"to": [ 8.0, 16.0, 2.2 ],
							"rotationOrigin": [ 6.0, 0.0, 1.2 ],
							"faces": {
								"north": { "texture": "#wood", "uv": [ 4.0, 0.0, 8.0, 16.0 ], "rotation": 180 },
								"east": { "texture": "#wood", "uv": [ 14.0, 0.0, 16.0, 16.0 ] },
								"south": { "texture": "#wood", "uv": [ 4.0, 0.0, 8.0, 16.0 ], "rotation": 180 },
								"west": { "texture": "#wood", "uv": [ 12.0, 0.0, 14.0, 16.0 ], "windMode": [-1,-1,-1,-1], "windData": [0,0,2,2] },
								"down": { "texture": "#wood", "uv": [ 4.0, 8.0, 8.0, 10.0 ] }
							},
							"children": [
								{
									"name": "nail3",
									"from": [ 1.05, 1.05, -0.1 ],
									"to": [ 1.45, 1.45, 2.1 ],
									"rotationOrigin": [ 1.25, 1.25, 0.0 ],
									"faces": {
										"north": { "texture": "#iron", "uv": [ 10.5, 2.0, 11.0, 2.5 ] },
										"east": { "texture": "#iron", "uv": [ 6.5, 2.5, 8.5, 3.0 ] },
										"south": { "texture": "#iron", "uv": [ 0.5, 14.5, 1.0, 15.0 ] },
										"west": { "texture": "#iron", "uv": [ 4.0, 12.0, 6.0, 12.5 ] },
										"up": { "texture": "#iron", "uv": [ 1.0, 8.0, 1.5, 10.0 ] },
										"down": { "texture": "#iron", "uv": [ 5.0, 13.5, 5.5, 15.5 ] }
									}
								},
								{
									"name": "nail4",
									"from": [ 2.55, 1.05, -0.1 ],
									"to": [ 2.95, 1.45, 2.1 ],
									"rotationOrigin": [ 2.75, 1.25, 0.0 ],
									"faces": {
										"north": { "texture": "#iron", "uv": [ 5.5, 1.0, 6.0, 1.5 ] },
										"east": { "texture": "#iron", "uv": [ 2.5, 0.0, 4.5, 0.5 ] },
										"south": { "texture": "#iron", "uv": [ 7.5, 4.5, 8.0, 5.0 ] },
										"west": { "texture": "#iron", "uv": [ 12.0, 5.5, 14.0, 6.0 ] },
										"up": { "texture": "#iron", "uv": [ 13.0, 10.0, 13.5, 12.0 ] },
										"down": { "texture": "#iron", "uv": [ 8.5, 0.0, 9.0, 2.0 ] }
									}
								},
								{
									"name": "nail15",
									"from": [ 1.05, 14.55, -0.1 ],
									"to": [ 1.45, 14.95, 2.1 ],
									"rotationOrigin": [ 1.25, 14.75, 0.0 ],
									"faces": {
										"north": { "texture": "#iron", "uv": [ 2.0, 12.5, 2.5, 13.0 ] },
										"east": { "texture": "#iron", "uv": [ 10.0, 10.5, 12.0, 11.0 ] },
										"south": { "texture": "#iron", "uv": [ 8.5, 2.0, 9.0, 2.5 ] },
										"west": { "texture": "#iron", "uv": [ 13.5, 1.5, 15.5, 2.0 ] },
										"up": { "texture": "#iron", "uv": [ 6.5, 6.5, 7.0, 8.5 ] },
										"down": { "texture": "#iron", "uv": [ 4.0, 12.5, 4.5, 14.5 ] }
									}
								},
								{
									"name": "nail16",
									"from": [ 2.55, 14.55, -0.1 ],
									"to": [ 2.95, 14.95, 2.1 ],
									"rotationOrigin": [ 2.75, 14.75, 0.0 ],
									"faces": {
										"north": { "texture": "#iron", "uv": [ 14.5, 7.5, 15.0, 8.0 ] },
										"east": { "texture": "#iron", "uv": [ 9.5, 7.0, 11.5, 7.5 ] },
										"south": { "texture": "#iron", "uv": [ 7.5, 7.0, 8.0, 7.5 ] },
										"west": { "texture": "#iron", "uv": [ 9.0, 2.5, 11.0, 3.0 ] },
										"up": { "texture": "#iron", "uv": [ 7.5, 6.0, 8.0, 8.0 ] },
										"down": { "texture": "#iron", "uv": [ 4.0, 3.5, 4.5, 5.5 ] }
									}
								},
								{
									"name": "nail17",
									"from": [ 2.55, 17.05, -0.1 ],
									"to": [ 2.95, 17.45, 2.1 ],
									"rotationOrigin": [ 2.75, 17.25, 0.0 ],
									"faces": {
										"north": { "texture": "#iron", "uv": [ 12.0, 5.5, 12.5, 6.0 ] },
										"east": { "texture": "#iron", "uv": [ 13.5, 10.5, 15.5, 11.0 ] },
										"south": { "texture": "#iron", "uv": [ 10.5, 7.5, 11.0, 8.0 ] },
										"west": { "texture": "#iron", "uv": [ 3.0, 8.0, 5.0, 8.5 ] },
										"up": { "texture": "#iron", "uv": [ 2.5, 11.0, 3.0, 13.0 ] },
										"down": { "texture": "#iron", "uv": [ 6.5, 1.0, 7.0, 3.0 ] }
									}
								},
								{
									"name": "nail18",
									"from": [ 1.05, 17.05, -0.1 ],
									"to": [ 1.45, 17.45, 2.1 ],
									"rotationOrigin": [ 1.25, 17.25, 0.0 ],
									"faces": {
										"north": { "texture": "#iron", "uv": [ 6.5, 0.0, 7.0, 0.5 ] },
										"east": { "texture": "#iron", "uv": [ 12.0, 12.5, 14.0, 13.0 ] },
										"south": { "texture": "#iron", "uv": [ 11.0, 6.0, 11.5, 6.5 ] },
										"west": { "texture": "#iron", "uv": [ 0.5, 1.0, 2.5, 1.5 ] },
										"up": { "texture": "#iron", "uv": [ 10.5, 9.0, 11.0, 11.0 ] },
										"down": { "texture": "#iron", "uv": [ 2.0, 3.5, 2.5, 5.5 ] }
									}
								},
								{
									"name": "nail19",
									"from": [ 1.05, 30.55, -0.1 ],
									"to": [ 1.45, 30.95, 2.1 ],
									"rotationOrigin": [ 1.25, 30.75, 0.0 ],
									"faces": {
										"north": { "texture": "#iron", "uv": [ 8.5, 0.0, 9.0, 0.5 ] },
										"east": { "texture": "#iron", "uv": [ 6.5, 6.5, 8.5, 7.0 ] },
										"south": { "texture": "#iron", "uv": [ 11.0, 12.0, 11.5, 12.5 ] },
										"west": { "texture": "#iron", "uv": [ 3.5, 8.0, 5.5, 8.5 ] },
										"up": { "texture": "#iron", "uv": [ 12.0, 10.5, 12.5, 12.5 ] },
										"down": { "texture": "#iron", "uv": [ 1.5, 5.5, 2.0, 7.5 ] }
									}
								},
								{
									"name": "nail20",
									"from": [ 2.55, 30.55, -0.1 ],
									"to": [ 2.95, 30.95, 2.1 ],
									"rotationOrigin": [ 2.75, 30.75, 0.0 ],
									"faces": {
										"north": { "texture": "#iron", "uv": [ 14.5, 5.0, 15.0, 5.5 ] },
										"east": { "texture": "#iron", "uv": [ 6.5, 6.5, 8.5, 7.0 ] },
										"south": { "texture": "#iron", "uv": [ 6.5, 9.0, 7.0, 9.5 ] },
										"west": { "texture": "#iron", "uv": [ 0.5, 2.5, 2.5, 3.0 ] },
										"up": { "texture": "#iron", "uv": [ 11.5, 5.0, 12.0, 7.0 ] },
										"down": { "texture": "#iron", "uv": [ 7.5, 0.0, 8.0, 2.0 ] }
									}
								},
								{
									"name": "top-board2",
									"from": [ 0.0, 16.0, 0.0 ],
									"to": [ 4.0, 32.0, 2.0 ],
									"rotationOrigin": [ 2.0, 16.0, 1.0 ],
									"faces": {
										"north": { "texture": "#wood", "uv": [ 8.0, 0.0, 12.0, 16.0 ] },
										"east": { "texture": "#wood", "uv": [ 14.0, 0.0, 16.0, 16.0 ] },
										"south": { "texture": "#wood", "uv": [ 8.0, 0.0, 12.0, 16.0 ] },
										"west": { "texture": "#wood", "uv": [ 12.5, 0.0, 14.5, 16.0 ] }
									},
									"children": [
										{
											"name": "top-hinge2",
											"from": [ 0.0, 11.0, -0.2 ],
											"to": [ 2.0, 12.0, 2.2 ],
											"rotationOrigin": [ 0.0, 11.0, 0.0 ],
											"faces": {
												"north": { "texture": "#iron", "uv": [ 13.0, 0.5, 15.0, 1.5 ] },
												"east": { "texture": "#iron", "uv": [ 3.5, 8.0, 5.5, 9.0 ] },
												"south": { "texture": "#iron", "uv": [ 12.0, 13.0, 14.0, 14.0 ] },
												"west": { "texture": "#iron", "uv": [ 10.0, 11.0, 12.0, 12.0 ] },
												"up": { "texture": "#iron", "uv": [ 10.5, 0.5, 12.5, 2.5 ] },
												"down": { "texture": "#iron", "uv": [ 13.0, 2.0, 15.0, 4.0 ] }
											},
											"children": [
												{
													"name": "top-hingewood",
													"from": [ 0.5, 1.0, 0.0 ],
													"to": [ 1.5, 1.5, 2.4 ],
													"rotationOrigin": [ 1.0, 1.0, 1.0 ],
													"faces": {
														"north": { "texture": "#iron", "uv": [ 6.5, 7.0, 7.5, 7.5 ] },
														"east": { "texture": "#iron", "uv": [ 7.0, 9.0, 9.0, 9.5 ], "autoUv": false, "windMode": [-1,-1,-1,-1], "windData": [1,1,1,1] },
														"south": { "texture": "#iron", "uv": [ 2.0, 14.5, 3.0, 15.0 ], "windMode": [-1,-1,-1,-1], "windData": [1,1,1,1] },
														"west": { "texture": "#iron", "uv": [ 4.5, 10.0, 6.5, 10.5 ], "windMode": [-1,-1,-1,-1], "windData": [1,1,1,1] },
														"up": { "texture": "#iron", "uv": [ 8.5, 0.5, 9.5, 2.5 ], "windMode": [-1,-1,-1,-1], "windData": [1,1,1,1] }
													}
												},
												{
													"name": "top-hingeB",
													"from": [ 0.5, -0.5, 0.0 ],
													"to": [ 1.5, 0.0, 2.4 ],
													"rotationOrigin": [ 1.0, -0.5, 1.0 ],
													"faces": {
														"north": { "texture": "#iron", "uv": [ 8.0, 5.0, 9.0, 5.5 ] },
														"east": { "texture": "#iron", "uv": [ 2.5, 1.5, 4.5, 2.0 ] },
														"south": { "texture": "#iron", "uv": [ 14.5, 1.5, 15.5, 2.0 ] },
														"west": { "texture": "#iron", "uv": [ 8.5, 7.5, 10.5, 8.0 ] },
														"down": { "texture": "#iron", "uv": [ 6.5, 6.0, 7.5, 8.25 ], "windMode": [-1,-1,-1,-1], "windData": [1,1,1,1] }
													}
												}
											]
										}
									]
								},
								{
									"name": "bottom-hinge2",
									"from": [ 0.0, 4.0, -0.2 ],
									"to": [ 2.0, 5.0, 2.2 ],
									"rotationOrigin": [ 1.0, 4.5, 0.0 ],
									"faces": {
										"north": { "texture": "#iron", "uv": [ 0.0, 3.5, 2.0, 4.5 ] },
										"east": { "texture": "#iron", "uv": [ 12.5, 6.0, 14.5, 7.0 ] },
										"south": { "texture": "#iron", "uv": [ 12.5, 14.5, 14.5, 15.5 ] },
										"west": { "texture": "#iron", "uv": [ 12.0, 13.0, 14.0, 14.0 ] },
										"up": { "texture": "#iron", "uv": [ 4.0, 1.5, 6.0, 3.5 ] },
										"down": { "texture": "#iron", "uv": [ 0.5, 7.0, 2.5, 9.0 ] }
									},
									"children": [
										{
											"name": "bottom-hingewood",
											"from": [ 0.5, 1.0, 0.0 ],
											"to": [ 1.5, 1.5, 2.4 ],
											"rotationOrigin": [ 0.5, 1.0, 0.0 ],
											"faces": {
												"north": { "texture": "#iron", "uv": [ 9.0, 14.5, 10.0, 15.0 ] },
												"east": { "texture": "#iron", "uv": [ 5.0, 1.5, 7.0, 2.0 ] },
												"south": { "texture": "#iron", "uv": [ 14.5, 13.0, 15.5, 13.5 ] },
												"west": { "texture": "#iron", "uv": [ 10.0, 8.0, 12.0, 8.5 ] },
												"up": { "texture": "#iron", "uv": [ 3.0, 2.0, 4.0, 4.0 ] }
											}
										},
										{
											"name": "bottom-hingeB",
											"from": [ 0.5, -0.5, 0.0 ],
											"to": [ 1.5, 0.0, 2.4 ],
											"rotationOrigin": [ 0.5, -0.5, 0.0 ],
											"faces": {
												"north": { "texture": "#iron", "uv": [ 2.5, 13.5, 3.5, 14.0 ] },
												"east": { "texture": "#iron", "uv": [ 2.5, 6.5, 4.5, 7.0 ] },
												"south": { "texture": "#iron", "uv": [ 2.0, 13.5, 3.0, 14.0 ] },
												"west": { "texture": "#iron", "uv": [ 11.5, 10.0, 13.5, 10.5 ] },
												"down": { "texture": "#iron", "uv": [ 7.5, 13.0, 8.5, 15.0 ] }
											}
										}
									]
								},
								{
									"name": "top-board11",
									"from": [ 0.0, 32.0, 0.0 ],
									"to": [ 2.0, 46.0, 2.0 ],
									"rotationOrigin": [ 2.0, 32.0, 1.0 ],
									"faces": {
										"north": { "texture": "#wood", "uv": [ 10.0, 2.0, 12.0, 16.0 ] },
										"south": { "texture": "#wood", "uv": [ 4.0, 2.0, 6.0, 16.0 ] },
										"west": { "texture": "#wood", "uv": [ 4.0, 2.0, 6.0, 16.0 ] },
										"up": { "texture": "#wood", "uv": [ 10.0, 8.0, 12.0, 10.0 ], "windMode": [-1,-1,-1,-1], "windData": [3,3,3,3] }
									}
								},
								{
									"name": "top-board12",
									"from": [ 2.0, 32.0, 0.0 ],
									"to": [ 4.0, 46.5, 2.0 ],
									"rotationOrigin": [ 4.0, 32.0, 1.0 ],
									"faces": {
										"north": { "texture": "#wood", "uv": [ 8.0, 1.5, 10.0, 16.0 ] },
										"east": { "texture": "#wood", "uv": [ 12.0, 1.5, 14.0, 16.0 ] },
										"south": { "texture": "#wood", "uv": [ 6.0, 1.5, 8.0, 16.0 ] },
										"west": { "texture": "#wood", "uv": [ 10.0, 1.5, 12.0, 16.0 ] },
										"up": { "texture": "#wood", "uv": [ 8.0, 8.0, 10.0, 10.0 ] }
									}
								},
								{
									"name": "nail31",
									"from": [ 2.55, 33.05, -0.1 ],
									"to": [ 2.95, 33.45, 2.1 ],
									"rotationOrigin": [ 2.75, 30.75, 0.0 ],
									"faces": {
										"north": { "texture": "#iron", "uv": [ 14.5, 5.0, 15.0, 5.5 ] },
										"east": { "texture": "#iron", "uv": [ 6.5, 6.5, 8.5, 7.0 ] },
										"south": { "texture": "#iron", "uv": [ 6.5, 9.0, 7.0, 9.5 ] },
										"west": { "texture": "#iron", "uv": [ 0.5, 2.5, 2.5, 3.0 ] },
										"up": { "texture": "#iron", "uv": [ 11.5, 5.0, 12.0, 7.0 ] },
										"down": { "texture": "#iron", "uv": [ 7.5, 0.0, 8.0, 2.0 ] }
									}
								},
								{
									"name": "nail32",
									"from": [ 1.05, 33.05, -0.1 ],
									"to": [ 1.45, 33.45, 2.1 ],
									"rotationOrigin": [ 1.25, 30.75, 0.0 ],
									"faces": {
										"north": { "texture": "#iron", "uv": [ 8.5, 0.0, 9.0, 0.5 ] },
										"east": { "texture": "#iron", "uv": [ 6.5, 6.5, 8.5, 7.0 ] },
										"south": { "texture": "#iron", "uv": [ 11.0, 12.0, 11.5, 12.5 ] },
										"west": { "texture": "#iron", "uv": [ 3.5, 8.0, 5.5, 8.5 ] },
										"up": { "texture": "#iron", "uv": [ 12.0, 10.5, 12.5, 12.5 ] },
										"down": { "texture": "#iron", "uv": [ 1.5, 5.5, 2.0, 7.5 ] }
									}
								}
							]
						},
						{
							"name": "bottom-board3",
							"from": [ 8.0, 0.0, -0.2 ],
							"to": [ 12.0, 16.0, 1.8 ],
							"rotationOrigin": [ 10.0, 0.0, 0.8 ],
							"faces": {
								"north": { "texture": "#wood", "uv": [ 8.0, 0.0, 12.0, 16.0 ], "rotation": 180 },
								"east": { "texture": "#wood", "uv": [ 13.0, 0.0, 15.0, 16.0 ] },
								"south": { "texture": "#wood", "uv": [ 8.0, 0.0, 12.0, 16.0 ], "rotation": 180 },
								"west": { "texture": "#wood", "uv": [ 12.0, 0.0, 14.0, 16.0 ], "windMode": [-1,-1,-1,-1], "windData": [0,0,2,2] },
								"down": { "texture": "#wood", "uv": [ 8.0, 8.0, 12.0, 10.0 ] }
							},
							"children": [
								{
									"name": "nail5",
									"from": [ 1.05, 1.05, -0.1 ],
									"to": [ 1.45, 1.45, 2.1 ],
									"rotationOrigin": [ 1.25, 1.25, 0.0 ],
									"faces": {
										"north": { "texture": "#iron", "uv": [ 6.5, 9.5, 7.0, 10.0 ] },
										"east": { "texture": "#iron", "uv": [ 2.5, 0.5, 4.5, 1.0 ] },
										"south": { "texture": "#iron", "uv": [ 12.5, 1.0, 13.0, 1.5 ] },
										"west": { "texture": "#iron", "uv": [ 3.5, 12.5, 5.5, 13.0 ] },
										"up": { "texture": "#iron", "uv": [ 11.5, 11.0, 12.0, 13.0 ] },
										"down": { "texture": "#iron", "uv": [ 9.0, 6.5, 9.5, 8.5 ] }
									}
								},
								{
									"name": "nail6",
									"from": [ 2.55, 1.05, -0.1 ],
									"to": [ 2.95, 1.45, 2.1 ],
									"rotationOrigin": [ 2.75, 1.25, 0.0 ],
									"faces": {
										"north": { "texture": "#iron", "uv": [ 3.5, 12.0, 4.0, 12.5 ] },
										"east": { "texture": "#iron", "uv": [ 7.5, 11.0, 9.5, 11.5 ] },
										"south": { "texture": "#iron", "uv": [ 9.0, 11.0, 9.5, 11.5 ] },
										"west": { "texture": "#iron", "uv": [ 13.5, 8.0, 15.5, 8.5 ] },
										"up": { "texture": "#iron", "uv": [ 7.5, 13.5, 8.0, 15.5 ] },
										"down": { "texture": "#iron", "uv": [ 12.0, 11.5, 12.5, 13.5 ] }
									}
								},
								{
									"name": "nail21",
									"from": [ 1.05, 14.55, -0.1 ],
									"to": [ 1.45, 14.95, 2.1 ],
									"rotationOrigin": [ 1.25, 14.75, 0.0 ],
									"faces": {
										"north": { "texture": "#iron", "uv": [ 13.5, 4.0, 14.0, 4.5 ] },
										"east": { "texture": "#iron", "uv": [ 4.5, 14.5, 6.5, 15.0 ] },
										"south": { "texture": "#iron", "uv": [ 8.5, 10.5, 9.0, 11.0 ] },
										"west": { "texture": "#iron", "uv": [ 13.5, 5.0, 15.5, 5.5 ] },
										"up": { "texture": "#iron", "uv": [ 10.0, 6.5, 10.5, 8.5 ] },
										"down": { "texture": "#iron", "uv": [ 2.5, 13.0, 3.0, 15.0 ] }
									}
								},
								{
									"name": "nail22",
									"from": [ 2.55, 14.55, -0.1 ],
									"to": [ 2.95, 14.95, 2.1 ],
									"rotationOrigin": [ 2.75, 14.75, 0.0 ],
									"faces": {
										"north": { "texture": "#iron", "uv": [ 9.0, 6.5, 9.5, 7.0 ] },
										"east": { "texture": "#iron", "uv": [ 1.5, 9.5, 3.5, 10.0 ] },
										"south": { "texture": "#iron", "uv": [ 9.0, 7.5, 9.5, 8.0 ] },
										"west": { "texture": "#iron", "uv": [ 9.5, 1.5, 11.5, 2.0 ] },
										"up": { "texture": "#iron", "uv": [ 11.0, 12.5, 11.5, 14.5 ] },
										"down": { "texture": "#iron", "uv": [ 15.0, 7.0, 15.5, 9.0 ] }
									}
								},
								{
									"name": "nail23",
									"from": [ 2.55, 17.05, -0.1 ],
									"to": [ 2.95, 17.45, 2.1 ],
									"rotationOrigin": [ 2.75, 17.25, 0.0 ],
									"faces": {
										"north": { "texture": "#iron", "uv": [ 3.5, 11.0, 4.0, 11.5 ] },
										"east": { "texture": "#iron", "uv": [ 7.5, 0.5, 9.5, 1.0 ] },
										"south": { "texture": "#iron", "uv": [ 10.0, 0.5, 10.5, 1.0 ] },
										"west": { "texture": "#iron", "uv": [ 4.5, 4.5, 6.5, 5.0 ] },
										"up": { "texture": "#iron", "uv": [ 7.5, 12.0, 8.0, 14.0 ] },
										"down": { "texture": "#iron", "uv": [ 3.0, 13.0, 3.5, 15.0 ] }
									}
								},
								{
									"name": "nail24",
									"from": [ 1.05, 17.05, -0.1 ],
									"to": [ 1.45, 17.45, 2.1 ],
									"rotationOrigin": [ 1.25, 17.25, 0.0 ],
									"faces": {
										"north": { "texture": "#iron", "uv": [ 7.0, 3.5, 7.5, 4.0 ] },
										"east": { "texture": "#iron", "uv": [ 4.0, 7.5, 6.0, 8.0 ] },
										"south": { "texture": "#iron", "uv": [ 13.5, 1.5, 14.0, 2.0 ] },
										"west": { "texture": "#iron", "uv": [ 10.0, 4.5, 12.0, 5.0 ] },
										"up": { "texture": "#iron", "uv": [ 6.5, 13.0, 7.0, 15.0 ] },
										"down": { "texture": "#iron", "uv": [ 10.0, 12.0, 10.5, 14.0 ] }
									}
								},
								{
									"name": "nail25",
									"from": [ 1.05, 30.55, -0.1 ],
									"to": [ 1.45, 30.95, 2.1 ],
									"rotationOrigin": [ 1.25, 30.75, 0.0 ],
									"faces": {
										"north": { "texture": "#iron", "uv": [ 4.0, 1.0, 4.5, 1.5 ] },
										"east": { "texture": "#iron", "uv": [ 10.5, 5.5, 12.5, 6.0 ] },
										"south": { "texture": "#iron", "uv": [ 12.0, 14.0, 12.5, 14.5 ] },
										"west": { "texture": "#iron", "uv": [ 3.5, 12.0, 5.5, 12.5 ] },
										"up": { "texture": "#iron", "uv": [ 4.5, 9.5, 5.0, 11.5 ] },
										"down": { "texture": "#iron", "uv": [ 7.5, 8.5, 8.0, 10.5 ] }
									}
								},
								{
									"name": "nail26",
									"from": [ 2.55, 30.55, -0.1 ],
									"to": [ 2.95, 30.95, 2.1 ],
									"rotationOrigin": [ 2.75, 30.75, 0.0 ],
									"faces": {
										"north": { "texture": "#iron", "uv": [ 12.0, 13.0, 12.5, 13.5 ] },
										"east": { "texture": "#iron", "uv": [ 10.5, 4.0, 12.5, 4.5 ] },
										"south": { "texture": "#iron", "uv": [ 2.0, 5.5, 2.5, 6.0 ] },
										"west": { "texture": "#iron", "uv": [ 13.5, 6.5, 15.5, 7.0 ] },
										"up": { "texture": "#iron", "uv": [ 11.0, 3.5, 11.5, 5.5 ] },
										"down": { "texture": "#iron", "uv": [ 0.5, 8.0, 1.0, 10.0 ] }
									}
								},
								{
									"name": "top-board3",
									"from": [ 0.0, 16.0, 0.0 ],
									"to": [ 4.0, 32.0, 2.0 ],
									"rotationOrigin": [ 2.0, 16.0, 1.0 ],
									"faces": {
										"north": { "texture": "#wood", "uv": [ 0.0, 0.0, 4.0, 16.0 ] },
										"east": { "texture": "#wood", "uv": [ 12.0, 0.0, 14.0, 16.0 ] },
										"south": { "texture": "#wood", "uv": [ 0.0, 0.0, 4.0, 16.0 ] },
										"west": { "texture": "#wood", "uv": [ 14.0, 0.0, 16.0, 16.0 ] }
									}
								},
								{
									"name": "top-board5",
									"from": [ 0.0, 32.0, 0.0 ],
									"to": [ 2.0, 46.5, 2.0 ],
									"rotationOrigin": [ 2.0, 32.0, 1.0 ],
									"faces": {
										"north": { "texture": "#wood", "uv": [ 6.0, 1.5, 8.0, 16.0 ], "windMode": [-1,-1,-1,-1], "windData": [2,2,2,2] },
										"east": { "texture": "#wood", "uv": [ 8.0, 1.0, 10.0, 15.5 ], "windMode": [-1,-1,-1,-1], "windData": [2,2,2,2] },
										"south": { "texture": "#wood", "uv": [ 8.0, 1.5, 10.0, 16.0 ], "windMode": [-1,-1,-1,-1], "windData": [2,2,2,2] },
										"west": { "texture": "#wood", "uv": [ 14.0, 1.5, 16.0, 16.0 ], "windMode": [-1,-1,-1,-1], "windData": [2,2,2,2] },
										"up": { "texture": "#wood", "uv": [ 8.0, 10.0, 10.0, 12.0 ] }
									}
								},
								{
									"name": "top-board6",
									"from": [ 2.0, 32.0, 0.0 ],
									"to": [ 4.0, 46.1, 2.0 ],
									"rotationOrigin": [ 4.0, 32.0, 1.0 ],
									"faces": {
										"north": { "texture": "#wood", "uv": [ 8.0, 2.0, 10.0, 16.0 ] },
										"east": { "texture": "#wood", "uv": [ 6.0, 2.0, 8.0, 16.0 ] },
										"south": { "texture": "#wood", "uv": [ 10.0, 2.0, 12.0, 16.0 ] },
										"up": { "texture": "#wood", "uv": [ 8.0, 6.0, 10.0, 8.0 ] }
									}
								},
								{
									"name": "nail29",
									"from": [ 2.55, 33.05, -0.1 ],
									"to": [ 2.95, 33.45, 2.1 ],
									"rotationOrigin": [ 2.75, 30.75, 0.0 ],
									"faces": {
										"north": { "texture": "#iron", "uv": [ 12.0, 13.0, 12.5, 13.5 ] },
										"east": { "texture": "#iron", "uv": [ 10.5, 4.0, 12.5, 4.5 ] },
										"south": { "texture": "#iron", "uv": [ 2.0, 5.5, 2.5, 6.0 ] },
										"west": { "texture": "#iron", "uv": [ 13.5, 6.5, 15.5, 7.0 ] },
										"up": { "texture": "#iron", "uv": [ 11.0, 3.5, 11.5, 5.5 ] },
										"down": { "texture": "#iron", "uv": [ 0.5, 8.0, 1.0, 10.0 ] }
									}
								},
								{
									"name": "nail30",
									"from": [ 1.05, 33.05, -0.1 ],
									"to": [ 1.45, 33.45, 2.1 ],
									"rotationOrigin": [ 1.25, 30.75, 0.0 ],
									"faces": {
										"north": { "texture": "#iron", "uv": [ 4.0, 1.0, 4.5, 1.5 ] },
										"east": { "texture": "#iron", "uv": [ 10.5, 5.5, 12.5, 6.0 ] },
										"south": { "texture": "#iron", "uv": [ 12.0, 14.0, 12.5, 14.5 ] },
										"west": { "texture": "#iron", "uv": [ 3.5, 12.0, 5.5, 12.5 ] },
										"up": { "texture": "#iron", "uv": [ 4.5, 9.5, 5.0, 11.5 ] },
										"down": { "texture": "#iron", "uv": [ 7.5, 8.5, 8.0, 10.5 ] }
									}
								}
							]
						},
						{
							"name": "bottom-board4",
							"from": [ 12.0, 0.0, 0.0 ],
							"to": [ 16.0, 16.0, 2.0 ],
							"rotationOrigin": [ 14.0, 0.0, 1.0 ],
							"faces": {
								"north": { "texture": "#wood", "uv": [ 4.0, 0.0, 8.0, 16.0 ], "rotation": 180 },
								"east": { "texture": "#wood", "uv": [ 12.0, 0.0, 14.0, 16.0 ] },
								"south": { "texture": "#wood", "uv": [ 0.0, 0.0, 4.0, 16.0 ], "rotation": 180 },
								"west": { "texture": "#wood", "uv": [ 13.0, 0.0, 15.0, 16.0 ], "windMode": [-1,-1,-1,-1], "windData": [0,0,2,2] },
								"down": { "texture": "#wood", "uv": [ 4.0, 7.0, 8.0, 9.0 ], "windMode": [-1,-1,-1,-1] }
							},
							"children": [
								{
									"name": "nail7",
									"from": [ 1.05, 1.05, -0.1 ],
									"to": [ 1.45, 1.45, 2.1 ],
									"rotationOrigin": [ 1.25, 1.25, 0.0 ],
									"faces": {
										"north": { "texture": "#iron", "uv": [ 10.0, 3.5, 10.5, 4.0 ] },
										"east": { "texture": "#iron", "uv": [ 1.0, 5.0, 3.0, 5.5 ] },
										"south": { "texture": "#iron", "uv": [ 13.0, 7.0, 13.5, 7.5 ] },
										"west": { "texture": "#iron", "uv": [ 11.0, 15.0, 13.0, 15.5 ] },
										"up": { "texture": "#iron", "uv": [ 0.5, 11.0, 1.0, 13.0 ] },
										"down": { "texture": "#iron", "uv": [ 5.5, 4.0, 6.0, 6.0 ] }
									}
								},
								{
									"name": "nail8",
									"from": [ 2.55, 1.05, -0.1 ],
									"to": [ 2.95, 1.45, 2.1 ],
									"rotationOrigin": [ 2.75, 1.25, 0.0 ],
									"faces": {
										"north": { "texture": "#iron", "uv": [ 2.0, 12.5, 2.5, 13.0 ] },
										"east": { "texture": "#iron", "uv": [ 6.0, 11.5, 8.0, 12.0 ] },
										"south": { "texture": "#iron", "uv": [ 7.5, 4.0, 8.0, 4.5 ] },
										"west": { "texture": "#iron", "uv": [ 10.0, 0.5, 12.0, 1.0 ] },
										"up": { "texture": "#iron", "uv": [ 4.5, 5.0, 5.0, 7.0 ] },
										"down": { "texture": "#iron", "uv": [ 8.5, 10.5, 9.0, 12.5 ] }
									}
								},
								{
									"name": "bottom-handleplate",
									"from": [ 1.0, 12.0, -0.2 ],
									"to": [ 3.0, 20.0, 2.2 ],
									"rotationOrigin": [ 2.0, 16.0, 1.0 ],
									"faces": {
										"north": { "texture": "#wood", "uv": [ 5.0, 2.5, 7.0, 10.5 ] },
										"east": { "texture": "#wood", "uv": [ 12.5, 5.5, 14.5, 13.5 ] },
										"south": { "texture": "#wood", "uv": [ 9.5, 5.5, 11.5, 13.5 ] },
										"west": { "texture": "#wood", "uv": [ 12.5, 4.0, 14.5, 12.0 ] },
										"up": { "texture": "#wood", "uv": [ 9.0, 4.0, 11.0, 6.0 ] },
										"down": { "texture": "#wood", "uv": [ 9.0, 4.5, 11.0, 6.5 ] }
									},
									"children": [
										{
											"name": "bottom-handle1",
											"from": [ 0.5, 0.5, -1.7 ],
											"to": [ 1.5, 1.5, 4.3 ],
											"rotationOrigin": [ 1.0, 1.0, 1.3 ],
											"faces": {
												"north": { "texture": "#wood", "uv": [ 4.0, 10.0, 5.0, 11.0 ] },
												"east": { "texture": "#wood", "uv": [ 4.0, 0.5, 5.0, 6.5 ], "rotation": 90 },
												"south": { "texture": "#wood", "uv": [ 5.0, 2.0, 6.0, 3.0 ] },
												"west": { "texture": "#wood", "uv": [ 3.5, 8.5, 4.5, 14.5 ], "rotation": 90 },
												"up": { "texture": "#wood", "uv": [ 7.5, 5.5, 8.5, 11.5 ] },
												"down": { "texture": "#wood", "uv": [ 7.5, 4.5, 8.5, 10.5 ] }
											}
										},
										{
											"name": "bottom-handle2A",
											"from": [ 0.5, 1.5, 3.3 ],
											"to": [ 1.5, 6.5, 4.3 ],
											"rotationOrigin": [ 1.1, 1.0, 3.8 ],
											"faces": {
												"north": { "texture": "#wood", "uv": [ 7.5, 4.5, 8.5, 9.5 ] },
												"east": { "texture": "#wood", "uv": [ 3.5, 6.5, 4.5, 11.5 ] },
												"south": { "texture": "#wood", "uv": [ 3.5, 7.0, 4.5, 12.0 ] },
												"west": { "texture": "#wood", "uv": [ 3.5, 5.5, 4.5, 10.5 ] }
											}
										},
										{
											"name": "bottom-handle2B",
											"from": [ 0.5, 1.6, -1.7 ],
											"to": [ 1.5, 6.6, -0.7 ],
											"rotationOrigin": [ 1.1, 1.0, -1.2 ],
											"faces": {
												"north": { "texture": "#wood", "uv": [ 7.5, 8.5, 8.5, 13.5 ] },
												"east": { "texture": "#wood", "uv": [ 4.0, 5.0, 5.0, 10.0 ] },
												"south": { "texture": "#wood", "uv": [ 4.0, 1.5, 5.0, 6.5 ] },
												"west": { "texture": "#wood", "uv": [ 7.5, 5.5, 8.5, 10.5 ] }
											}
										},
										{
											"name": "top-handle",
											"from": [ 0.5, 6.5, -1.7 ],
											"to": [ 1.5, 7.5, 4.3 ],
											"rotationOrigin": [ 1.0, 7.0, 1.3 ],
											"faces": {
												"north": { "texture": "#wood", "uv": [ 8.0, 8.5, 9.0, 9.5 ] },
												"east": { "texture": "#wood", "uv": [ 3.0, 10.0, 4.0, 16.0 ], "rotation": 90 },
												"south": { "texture": "#wood", "uv": [ 7.5, 7.0, 8.5, 8.0 ] },
												"west": { "texture": "#wood", "uv": [ 7.0, 6.5, 8.0, 12.5 ], "rotation": 90 },
												"up": { "texture": "#wood", "uv": [ 7.0, 0.5, 8.0, 6.5 ] },
												"down": { "texture": "#wood", "uv": [ 3.5, 4.0, 4.5, 10.0 ] }
											}
										}
									]
								},
								{
									"name": "nail27",
									"from": [ 1.05, 30.55, -0.1 ],
									"to": [ 1.45, 30.95, 2.1 ],
									"rotationOrigin": [ 1.25, 30.75, 0.0 ],
									"faces": {
										"north": { "texture": "#iron", "uv": [ 4.0, 10.5, 4.5, 11.0 ] },
										"east": { "texture": "#iron", "uv": [ 4.0, 1.5, 6.0, 2.0 ] },
										"south": { "texture": "#iron", "uv": [ 4.0, 5.5, 4.5, 6.0 ] },
										"west": { "texture": "#iron", "uv": [ 10.5, 12.5, 12.5, 13.0 ] },
										"up": { "texture": "#iron", "uv": [ 9.5, 9.0, 10.0, 11.0 ] },
										"down": { "texture": "#iron", "uv": [ 1.0, 1.5, 1.5, 3.5 ] }
									}
								},
								{
									"name": "nail28",
									"from": [ 2.55, 30.55, -0.1 ],
									"to": [ 2.95, 30.95, 2.1 ],
									"rotationOrigin": [ 2.75, 30.75, 0.0 ],
									"faces": {
										"north": { "texture": "#iron", "uv": [ 14.5, 7.5, 15.0, 8.0 ] },
										"east": { "texture": "#iron", "uv": [ 1.0, 14.0, 3.0, 14.5 ] },
										"south": { "texture": "#iron", "uv": [ 0.0, 2.0, 0.5, 2.5 ] },
										"west": { "texture": "#iron", "uv": [ 11.5, 0.0, 13.5, 0.5 ] },
										"up": { "texture": "#iron", "uv": [ 14.0, 13.0, 14.5, 15.0 ] },
										"down": { "texture": "#iron", "uv": [ 2.5, 5.5, 3.0, 7.5 ] }
									}
								},
								{
									"name": "top-board4",
									"from": [ 0.0, 16.0, 0.0 ],
									"to": [ 4.0, 32.0, 2.0 ],
									"rotationOrigin": [ 2.0, 16.0, 1.0 ],
									"faces": {
										"north": { "texture": "#wood", "uv": [ 4.0, 0.0, 8.0, 16.0 ] },
										"east": { "texture": "#wood", "uv": [ 13.0, 0.0, 15.0, 16.0 ] },
										"south": { "texture": "#wood", "uv": [ 0.0, 0.0, 4.0, 16.0 ] },
										"west": { "texture": "#wood", "uv": [ 13.0, 0.0, 15.0, 16.0 ] }
									}
								},
								{
									"name": "top-board7",
									"from": [ 0.0, 32.0, 0.0 ],
									"to": [ 2.0, 44.0, 2.0 ],
									"rotationOrigin": [ 2.0, 32.0, 1.0 ],
									"faces": {
										"north": { "texture": "#wood", "uv": [ 2.0, 4.0, 4.0, 16.0 ], "windMode": [-1,-1,-1,-1], "windData": [2,2,2,2] },
										"east": { "texture": "#wood", "uv": [ 6.0, 4.0, 8.0, 16.0 ], "windMode": [-1,-1,-1,-1], "windData": [2,2,2,2] },
										"south": { "texture": "#wood", "uv": [ 12.0, 4.0, 14.0, 16.0 ], "windMode": [-1,-1,-1,-1], "windData": [2,2,2,2] },
										"west": { "texture": "#wood", "uv": [ 12.0, 4.0, 14.0, 16.0 ], "windMode": [-1,-1,-1,-1], "windData": [2,2,2,2] },
										"up": { "texture": "#wood", "uv": [ 6.0, 8.0, 8.0, 10.0 ] }
									}
								},
								{
									"name": "top-board8",
									"from": [ 2.0, 32.0, 0.0 ],
									"to": [ 4.0, 41.5, 2.0 ],
									"rotationOrigin": [ 4.0, 32.0, 1.0 ],
									"faces": {
										"north": { "texture": "#wood", "uv": [ 0.0, 6.5, 2.0, 16.0 ] },
										"east": { "texture": "#wood", "uv": [ 13.0, 6.5, 15.0, 16.0 ] },
										"south": { "texture": "#wood", "uv": [ 14.0, 6.5, 16.0, 16.0 ] },
										"west": { "texture": "#wood", "uv": [ 10.0, 6.25, 12.0, 15.75 ] },
										"up": { "texture": "#wood", "uv": [ 8.0, 10.0, 10.0, 12.0 ] }
									}
								},
								{
									"name": "nail33",
									"from": [ 1.05, 33.05, -0.1 ],
									"to": [ 1.45, 33.45, 2.1 ],
									"rotationOrigin": [ 1.25, 30.75, 0.0 ],
									"faces": {
										"north": { "texture": "#iron", "uv": [ 4.0, 10.5, 4.5, 11.0 ] },
										"east": { "texture": "#iron", "uv": [ 4.0, 1.5, 6.0, 2.0 ] },
										"south": { "texture": "#iron", "uv": [ 4.0, 5.5, 4.5, 6.0 ] },
										"west": { "texture": "#iron", "uv": [ 10.5, 12.5, 12.5, 13.0 ] },
										"up": { "texture": "#iron", "uv": [ 9.5, 9.0, 10.0, 11.0 ] },
										"down": { "texture": "#iron", "uv": [ 1.0, 1.5, 1.5, 3.5 ] }
									}
								},
								{
									"name": "nail34",
									"from": [ 2.55, 33.05, -0.1 ],
									"to": [ 2.95, 33.45, 2.1 ],
									"rotationOrigin": [ 2.75, 30.75, 0.0 ],
									"faces": {
										"north": { "texture": "#iron", "uv": [ 14.5, 7.5, 15.0, 8.0 ] },
										"east": { "texture": "#iron", "uv": [ 1.0, 14.0, 3.0, 14.5 ] },
										"south": { "texture": "#iron", "uv": [ 0.0, 2.0, 0.5, 2.5 ] },
										"west": { "texture": "#iron", "uv": [ 11.5, 0.0, 13.5, 0.5 ] },
										"up": { "texture": "#iron", "uv": [ 14.0, 13.0, 14.5, 15.0 ] },
										"down": { "texture": "#iron", "uv": [ 2.5, 5.5, 3.0, 7.5 ] }
									}
								}
							]
						},
						{
							"name": "nail1",
							"from": [ 1.05, 1.05, -0.1 ],
							"to": [ 1.45, 1.45, 2.1 ],
							"rotationOrigin": [ 1.25, 1.25, 1.0 ],
							"faces": {
								"north": { "texture": "#iron", "uv": [ 1.5, 5.5, 2.0, 6.0 ] },
								"east": { "texture": "#iron", "uv": [ 11.5, 13.0, 13.5, 13.5 ] },
								"south": { "texture": "#iron", "uv": [ 10.0, 6.0, 10.5, 6.5 ] },
								"west": { "texture": "#iron", "uv": [ 9.5, 11.5, 11.5, 12.0 ] },
								"up": { "texture": "#iron", "uv": [ 3.5, 12.5, 4.0, 14.5 ] },
								"down": { "texture": "#iron", "uv": [ 10.0, 7.5, 10.5, 9.5 ] }
							}
						},
						{
							"name": "nail2",
							"from": [ 2.55, 1.05, -0.1 ],
							"to": [ 2.95, 1.45, 2.1 ],
							"rotationOrigin": [ 2.75, 1.25, 1.0 ],
							"faces": {
								"north": { "texture": "#iron", "uv": [ 0.0, 1.0, 0.5, 1.5 ] },
								"east": { "texture": "#iron", "uv": [ 11.0, 0.0, 13.0, 0.5 ] },
								"south": { "texture": "#iron", "uv": [ 12.0, 11.0, 12.5, 11.5 ] },
								"west": { "texture": "#iron", "uv": [ 13.5, 15.0, 15.5, 15.5 ] },
								"up": { "texture": "#iron", "uv": [ 1.0, 3.5, 1.5, 5.5 ] },
								"down": { "texture": "#iron", "uv": [ 0.0, 10.0, 0.5, 12.0 ] }
							}
						},
						{
							"name": "nail9",
							"from": [ 1.05, 14.55, -0.1 ],
							"to": [ 1.45, 14.95, 2.1 ],
							"rotationOrigin": [ 1.25, 14.75, 1.0 ],
							"faces": {
								"north": { "texture": "#iron", "uv": [ 0.5, 3.5, 1.0, 4.0 ] },
								"east": { "texture": "#iron", "uv": [ 12.0, 8.0, 14.0, 8.5 ] },
								"south": { "texture": "#iron", "uv": [ 5.0, 8.0, 5.5, 8.5 ] },
								"west": { "texture": "#iron", "uv": [ 10.0, 13.5, 12.0, 14.0 ] },
								"up": { "texture": "#iron", "uv": [ 13.5, 5.5, 14.0, 7.5 ] },
								"down": { "texture": "#iron", "uv": [ 6.5, 11.0, 7.0, 13.0 ] }
							}
						},
						{
							"name": "nail10",
							"from": [ 2.55, 14.55, -0.1 ],
							"to": [ 2.95, 14.95, 2.1 ],
							"rotationOrigin": [ 2.75, 14.75, 1.0 ],
							"faces": {
								"north": { "texture": "#iron", "uv": [ 8.0, 13.0, 8.5, 13.5 ] },
								"east": { "texture": "#iron", "uv": [ 9.5, 11.0, 11.5, 11.5 ] },
								"south": { "texture": "#iron", "uv": [ 0.0, 13.5, 0.5, 14.0 ] },
								"west": { "texture": "#iron", "uv": [ 11.0, 15.0, 13.0, 15.5 ] },
								"up": { "texture": "#iron", "uv": [ 13.5, 2.5, 14.0, 4.5 ] },
								"down": { "texture": "#iron", "uv": [ 12.5, 4.0, 13.0, 6.0 ] }
							}
						},
						{
							"name": "nail11",
							"from": [ 2.55, 17.05, -0.1 ],
							"to": [ 2.95, 17.45, 2.1 ],
							"rotationOrigin": [ 2.75, 17.25, 1.0 ],
							"faces": {
								"north": { "texture": "#iron", "uv": [ 5.5, 3.5, 6.0, 4.0 ] },
								"east": { "texture": "#iron", "uv": [ 2.0, 7.0, 4.0, 7.5 ] },
								"south": { "texture": "#iron", "uv": [ 13.5, 4.0, 14.0, 4.5 ] },
								"west": { "texture": "#iron", "uv": [ 5.0, 2.0, 7.0, 2.5 ] },
								"up": { "texture": "#iron", "uv": [ 4.0, 9.5, 4.5, 11.5 ] },
								"down": { "texture": "#iron", "uv": [ 11.0, 0.5, 11.5, 2.5 ] }
							}
						},
						{
							"name": "nail12",
							"from": [ 1.05, 17.05, -0.1 ],
							"to": [ 1.45, 17.45, 2.1 ],
							"rotationOrigin": [ 1.25, 17.25, 1.0 ],
							"faces": {
								"north": { "texture": "#iron", "uv": [ 2.5, 0.0, 3.0, 0.5 ] },
								"east": { "texture": "#iron", "uv": [ 2.0, 6.5, 4.0, 7.0 ] },
								"south": { "texture": "#iron", "uv": [ 4.5, 10.0, 5.0, 10.5 ] },
								"west": { "texture": "#iron", "uv": [ 9.0, 1.0, 11.0, 1.5 ] },
								"up": { "texture": "#iron", "uv": [ 8.5, 9.5, 9.0, 11.5 ] },
								"down": { "texture": "#iron", "uv": [ 14.5, 2.0, 15.0, 4.0 ] }
							}
						},
						{
							"name": "nail13",
							"from": [ 1.05, 30.55, -0.1 ],
							"to": [ 1.45, 30.95, 2.1 ],
							"rotationOrigin": [ 1.25, 30.75, 1.0 ],
							"faces": {
								"north": { "texture": "#iron", "uv": [ 11.0, 8.0, 11.5, 8.5 ] },
								"east": { "texture": "#iron", "uv": [ 0.5, 14.0, 2.5, 14.5 ] },
								"south": { "texture": "#iron", "uv": [ 6.0, 5.5, 6.5, 6.0 ] },
								"west": { "texture": "#iron", "uv": [ 12.5, 2.5, 14.5, 3.0 ] },
								"up": { "texture": "#iron", "uv": [ 0.5, 2.5, 1.0, 4.5 ] },
								"down": { "texture": "#iron", "uv": [ 2.5, 13.5, 3.0, 15.5 ] }
							}
						},
						{
							"name": "nail14",
							"from": [ 2.55, 30.55, -0.1 ],
							"to": [ 2.95, 30.95, 2.1 ],
							"rotationOrigin": [ 2.75, 30.75, 1.0 ],
							"faces": {
								"north": { "texture": "#iron", "uv": [ 15.0, 9.5, 15.5, 10.0 ] },
								"east": { "texture": "#iron", "uv": [ 10.0, 5.0, 12.0, 5.5 ] },
								"south": { "texture": "#iron", "uv": [ 12.0, 15.0, 12.5, 15.5 ] },
								"west": { "texture": "#iron", "uv": [ 11.5, 5.5, 13.5, 6.0 ] },
								"up": { "texture": "#iron", "uv": [ 2.5, 3.0, 3.0, 5.0 ] },
								"down": { "texture": "#iron", "uv": [ 14.5, 3.0, 15.0, 5.0 ] }
							}
						},
						{
							"name": "top-board1",
							"from": [ 0.0, 16.0, 0.0 ],
							"to": [ 4.0, 32.0, 2.0 ],
							"rotationOrigin": [ 2.0, 16.0, 0.0 ],
							"faces": {
								"north": { "texture": "#wood", "uv": [ 4.0, 0.0, 8.0, 16.0 ] },
								"east": { "texture": "#wood", "uv": [ 13.0, 0.0, 15.0, 16.0 ] },
								"south": { "texture": "#wood", "uv": [ 4.0, 0.0, 8.0, 16.0 ] },
								"west": { "texture": "#wood", "uv": [ 13.0, 0.0, 15.0, 16.0 ] }
							},
							"children": [
								{
									"name": "top-hinge1",
									"from": [ -0.2, 11.0, -0.2 ],
									"to": [ 4.0, 12.0, 2.2 ],
									"rotationOrigin": [ -0.2, 11.5, 1.0 ],
									"faces": {
										"north": { "texture": "#iron", "uv": [ 0.0, 0.0, 4.0, 1.0 ], "windMode": [-1,-1,-1,-1], "windData": [1,1,1,1] },
										"east": { "texture": "#iron", "uv": [ 0.0, 0.0, 2.0, 1.0 ], "autoUv": false, "windMode": [-1,-1,-1,-1], "windData": [1,1,1,1] },
										"south": { "texture": "#iron", "uv": [ 0.0, 0.0, 4.0, 1.0 ], "windMode": [-1,-1,-1,-1], "windData": [1,1,1,1] },
										"west": { "texture": "#iron", "uv": [ 0.0, 0.0, 2.25, 1.0 ], "autoUv": false, "windMode": [-1,-1,-1,-1], "windData": [1,1,1,1] },
										"up": { "texture": "#iron", "uv": [ 0.0, 0.0, 4.0, 2.0 ], "windMode": [-1,-1,-1,-1], "windData": [1,1,1,1] },
										"down": { "texture": "#iron", "uv": [ 0.0, 0.0, 4.0, 2.0 ], "windMode": [-1,-1,-1,-1], "windData": [1,1,1,1] }
									}
								},
								{
									"name": "top-board9",
									"from": [ 0.0, 16.0, 0.0 ],
									"to": [ 2.0, 25.5, 2.0 ],
									"rotationOrigin": [ 2.0, 16.0, 0.0 ],
									"faces": {
										"north": { "texture": "#wood", "uv": [ 14.0, 6.25, 16.0, 15.75 ] },
										"south": { "texture": "#wood", "uv": [ 0.0, 6.5, 2.0, 16.0 ] },
										"west": { "texture": "#wood", "uv": [ 13.0, 6.5, 15.0, 16.0 ] },
										"up": { "texture": "#wood", "uv": [ 6.5, 14.0, 8.5, 16.0 ] }
									}
								},
								{
									"name": "top-board10",
									"from": [ 2.0, 16.0, 0.0 ],
									"to": [ 4.0, 28.0, 2.0 ],
									"rotationOrigin": [ 4.0, 16.0, 0.0 ],
									"faces": {
										"north": { "texture": "#wood", "uv": [ 12.0, 4.0, 14.0, 16.0 ] },
										"east": { "texture": "#wood", "uv": [ 14.0, 4.0, 16.0, 16.0 ] },
										"south": { "texture": "#wood", "uv": [ 2.0, 4.0, 4.0, 16.0 ] },
										"west": { "texture": "#wood", "uv": [ 12.0, 4.0, 14.0, 16.0 ] },
										"up": { "texture": "#wood", "uv": [ 8.0, 14.0, 10.0, 16.0 ] }
									}
								},
								{
									"name": "top-hinge3",
									"from": [ 7.6, 19.0, -0.3 ],
									"to": [ 8.4, 30.6, 2.3 ],
									"rotationOrigin": [ 7.6, 19.5, 0.9 ],
									"faces": {
										"north": { "texture": "#iron", "uv": [ 0.0, 0.0, 0.5, 11.5 ] },
										"east": { "texture": "#iron", "uv": [ 0.0, 0.0, 2.0, 1.0 ], "autoUv": false },
										"south": { "texture": "#iron", "uv": [ 0.0, 0.0, 0.5, 11.5 ] },
										"west": { "texture": "#iron", "uv": [ 0.0, 0.0, 2.25, 1.0 ], "autoUv": false },
										"up": { "texture": "#iron", "uv": [ 0.0, 0.0, 0.5, 2.5 ] },
										"down": { "texture": "#iron", "uv": [ 0.0, 0.0, 0.5, 2.5 ] }
									}
								},
								{
									"name": "top-hinge4",
									"from": [ 0.6, 19.0, -0.3 ],
									"to": [ 15.4, 19.3, 2.3 ],
									"rotationOrigin": [ 0.6, 19.5, 0.9 ],
									"faces": {
										"north": { "texture": "#iron", "uv": [ 0.0, 0.0, 14.5, 0.5 ] },
										"east": { "texture": "#iron", "uv": [ 0.0, 0.0, 2.0, 1.0 ], "autoUv": false },
										"south": { "texture": "#iron", "uv": [ 0.0, 0.0, 14.5, 0.5 ] },
										"west": { "texture": "#iron", "uv": [ 0.0, 0.0, 2.25, 1.0 ], "autoUv": false },
										"up": { "texture": "#iron", "uv": [ 0.0, 0.0, 14.5, 2.5 ] },
										"down": { "texture": "#iron", "uv": [ 0.0, 0.0, 14.5, 2.5 ] }
									}
								}
							]
						},
						{
							"name": "bottom-hinge1",
							"from": [ -0.2, 4.0, -0.2 ],
							"to": [ 4.0, 5.0, 2.2 ],
							"rotationOrigin": [ 0.0, 4.5, 1.0 ],
							"faces": {
								"north": { "texture": "#iron", "uv": [ 1.5, 4.0, 5.5, 5.0 ] },
								"east": { "texture": "#iron", "uv": [ 8.5, 10.5, 10.5, 11.5 ] },
								"south": { "texture": "#iron", "uv": [ 1.5, 0.0, 5.5, 1.0 ] },
								"west": { "texture": "#iron", "uv": [ 4.0, 12.5, 6.0, 13.5 ] },
								"up": { "texture": "#iron", "uv": [ 5.5, 12.5, 9.5, 14.5 ] },
								"down": { "texture": "#iron", "uv": [ 4.5, 8.5, 8.5, 10.5 ] }
							}
						},
						{
							"name": "nail35",
							"from": [ 2.55, 33.05, -0.1 ],
							"to": [ 2.95, 33.45, 2.1 ],
							"rotationOrigin": [ 2.75, 30.75, 1.0 ],
							"faces": {
								"north": { "texture": "#iron", "uv": [ 15.0, 9.5, 15.5, 10.0 ] },
								"east": { "texture": "#iron", "uv": [ 10.0, 5.0, 12.0, 5.5 ] },
								"south": { "texture": "#iron", "uv": [ 12.0, 15.0, 12.5, 15.5 ] },
								"west": { "texture": "#iron", "uv": [ 11.5, 5.5, 13.5, 6.0 ] },
								"up": { "texture": "#iron", "uv": [ 2.5, 3.0, 3.0, 5.0 ] },
								"down": { "texture": "#iron", "uv": [ 14.5, 3.0, 15.0, 5.0 ] }
							}
						},
						{
							"name": "nail36",
							"from": [ 1.05, 33.05, -0.1 ],
							"to": [ 1.45, 33.45, 2.1 ],
							"rotationOrigin": [ 1.25, 30.75, 1.0 ],
							"faces": {
								"north": { "texture": "#iron", "uv": [ 11.0, 8.0, 11.5, 8.5 ] },
								"east": { "texture": "#iron", "uv": [ 0.5, 14.0, 2.5, 14.5 ] },
								"south": { "texture": "#iron", "uv": [ 6.0, 5.5, 6.5, 6.0 ] },
								"west": { "texture": "#iron", "uv": [ 12.5, 2.5, 14.5, 3.0 ] },
								"up": { "texture": "#iron", "uv": [ 0.5, 2.5, 1.0, 4.5 ] },
								"down": { "texture": "#iron", "uv": [ 2.5, 13.5, 3.0, 15.5 ] }
							}
						}
					]
				}
			]
		}
	],
	"animations": [
		{
			"name": "opened",
			"code": "opened",
			"quantityframes": 2,
			"onActivityStopped": "Rewind",
			"onAnimationEnd": "Hold",
			"keyframes": [
				{
					"frame": 0,
					"elements": {
						"origin": { "rotationX": 0.0, "rotationY": 90.0, "rotationZ": 0.0 }
					}
				}
			]
		}
	]
}