{
	"editor": {
		"collapsedPaths": "Root/centerBack2,Root/CoverCube3,Root/CoverCube9,Root/Center,Root/centerFront,Root/centerFront/RFrontRimStone10,Root/originBack/putty1,Root/center/RFrontRimStone10,Root/center/LFrontRimStone,Root/plaster21/plaster31,Root/OriginBack/BackR3,Root/plaster21,Root/OriginFront,Root/OriginBack/putty21,Root/OriginCenter,Root/OriginBack/BackL3,Root/plaster1/plaster11,Root/originBack2,Root/centerFront/LFrontRimStone/LFrontRimStone2,Root/originFront,Root/originBack2/BackL2,Root/centerBack,Root/center/RBackRimStone10,Root/originBack/BackR,Root/originBack,Root/plaster1,Root/plaster11",
		"allAngles": false,
		"entityTextureMode": false
	},
	"textureWidth": 16,
	"textureHeight": 16,
	"textureSizes": {
		"acacia2": [16,32],
		"iron": [16,16]
	},
	
	"elements": [
		{
			"name": "origin",
			"from": [ 8.0, 0.0, 3.0 ],
			"to": [ 8.0, 0.0, 3.0 ],
			"rotationOrigin": [ 1.0, 0.0, 10.0 ],
			"faces": {
			},
			"children": [
				{
					"name": "Bottom-board1",
					"from": [ -8.0, 0.0, 6.0 ],
					"to": [ -4.0, 16.0, 8.0 ],
					"rotationOrigin": [ -8.0, 16.0, 7.0 ],
					"faces": {
						"north": { "texture": "#wood", "uv": [ 8.0, 0.0, 12.0, 16.0 ], "rotation": 180 },
						"east": { "texture": "#wood", "uv": [ 12.0, 0.0, 14.0, 16.0 ] },
						"south": { "texture": "#wood", "uv": [ 0.0, 0.0, 4.0, 16.0 ], "rotation": 180 },
						"west": { "texture": "#wood", "uv": [ 13.0, 0.0, 15.0, 16.0 ], "windMode": [-1,-1,-1,-1], "windData": [0,0,2,2] },
						"down": { "texture": "#wood", "uv": [ 0.0, 7.0, 4.0, 9.0 ], "windMode": [-1,-1,-1,-1] }
					},
					"children": [
						{
							"name": "bottom-board2",
							"from": [ 4.0, 0.0, 0.2 ],
							"to": [ 8.0, 16.0, 2.2 ],
							"rotationOrigin": [ 6.0, 0.0, 1.2 ],
							"faces": {
								"north": { "texture": "#wood", "uv": [ 4.0, 0.0, 8.0, 16.0 ], "rotation": 180 },
								"east": { "texture": "#wood", "uv": [ 14.0, 0.0, 16.0, 16.0 ] },
								"south": { "texture": "#wood", "uv": [ 4.0, 0.0, 8.0, 16.0 ], "rotation": 180 },
								"west": { "texture": "#wood", "uv": [ 12.0, 0.0, 14.0, 16.0 ], "windMode": [-1,-1,-1,-1], "windData": [0,0,2,2] },
								"down": { "texture": "#wood", "uv": [ 4.0, 8.0, 8.0, 10.0 ] }
							},
							"children": [
								{
									"name": "top-board2",
									"from": [ 0.0, 16.0, 0.0 ],
									"to": [ 4.0, 32.0, 2.0 ],
									"rotationOrigin": [ 2.0, 16.0, 1.0 ],
									"faces": {
										"north": { "texture": "#wood", "uv": [ 8.0, 0.0, 12.0, 16.0 ] },
										"east": { "texture": "#wood", "uv": [ 14.0, 0.0, 16.0, 16.0 ] },
										"south": { "texture": "#wood", "uv": [ 4.0, 0.0, 8.0, 16.0 ] },
										"west": { "texture": "#wood", "uv": [ 12.5, 0.0, 14.5, 16.0 ] }
									}
								},
								{
									"name": "top-board11",
									"from": [ 0.0, 32.0, 0.0 ],
									"to": [ 2.0, 41.0, 2.0 ],
									"rotationOrigin": [ 2.0, 32.0, 1.0 ],
									"faces": {
										"north": { "texture": "#wood", "uv": [ 10.0, 7.0, 12.0, 16.0 ] },
										"south": { "texture": "#wood", "uv": [ 4.0, 7.0, 6.0, 16.0 ] },
										"west": { "texture": "#wood", "uv": [ 10.0, 7.0, 12.0, 16.0 ] },
										"up": { "texture": "#wood", "uv": [ 4.0, 8.0, 6.0, 10.0 ], "windMode": [-1,-1,-1,-1], "windData": [3,3,3,3] }
									}
								},
								{
									"name": "top-board12",
									"from": [ 2.0, 32.0, 0.0 ],
									"to": [ 4.0, 42.0, 2.0 ],
									"rotationOrigin": [ 4.0, 32.0, 1.0 ],
									"faces": {
										"north": { "texture": "#wood", "uv": [ 8.0, 6.0, 10.0, 16.0 ] },
										"east": { "texture": "#wood", "uv": [ 6.0, 6.0, 8.0, 16.0 ] },
										"south": { "texture": "#wood", "uv": [ 6.0, 6.0, 8.0, 16.0 ] },
										"west": { "texture": "#wood", "uv": [ 6.0, 6.0, 8.0, 16.0 ] },
										"up": { "texture": "#wood", "uv": [ 8.0, 8.0, 10.0, 10.0 ] }
									}
								}
							]
						},
						{
							"name": "bottom-board3",
							"from": [ 8.0, 0.0, -0.2 ],
							"to": [ 12.0, 16.0, 1.8 ],
							"rotationOrigin": [ 10.0, 0.0, 0.8 ],
							"faces": {
								"north": { "texture": "#wood", "uv": [ 8.0, 0.0, 12.0, 16.0 ], "rotation": 180 },
								"east": { "texture": "#wood", "uv": [ 13.0, 0.0, 15.0, 16.0 ] },
								"south": { "texture": "#wood", "uv": [ 8.0, 0.0, 12.0, 16.0 ], "rotation": 180 },
								"west": { "texture": "#wood", "uv": [ 12.0, 0.0, 14.0, 16.0 ], "windMode": [-1,-1,-1,-1], "windData": [0,0,2,2] },
								"down": { "texture": "#wood", "uv": [ 8.0, 8.0, 12.0, 10.0 ] }
							},
							"children": [
								{
									"name": "top-board3",
									"from": [ 0.0, 16.0, 0.0 ],
									"to": [ 4.0, 32.0, 2.0 ],
									"rotationOrigin": [ 2.0, 16.0, 1.0 ],
									"faces": {
										"north": { "texture": "#wood", "uv": [ 4.0, 0.0, 8.0, 16.0 ] },
										"east": { "texture": "#wood", "uv": [ 12.0, 0.0, 14.0, 16.0 ] },
										"south": { "texture": "#wood", "uv": [ 8.0, 0.0, 12.0, 16.0 ] },
										"west": { "texture": "#wood", "uv": [ 14.0, 0.0, 16.0, 16.0 ] }
									}
								},
								{
									"name": "top-board5",
									"from": [ 0.0, 32.0, 0.0 ],
									"to": [ 2.0, 43.0, 2.0 ],
									"rotationOrigin": [ 2.0, 32.0, 1.0 ],
									"faces": {
										"north": { "texture": "#wood", "uv": [ 6.0, 5.0, 8.0, 16.0 ], "windMode": [-1,-1,-1,-1], "windData": [2,2,2,2] },
										"south": { "texture": "#wood", "uv": [ 8.0, 5.0, 10.0, 16.0 ], "windMode": [-1,-1,-1,-1], "windData": [2,2,2,2] },
										"west": { "texture": "#wood", "uv": [ 8.0, 5.0, 10.0, 16.0 ], "windMode": [-1,-1,-1,-1], "windData": [2,2,2,2] },
										"up": { "texture": "#wood", "uv": [ 10.0, 6.0, 12.0, 8.0 ] }
									}
								},
								{
									"name": "top-board6",
									"from": [ 2.0, 32.0, 0.0 ],
									"to": [ 4.0, 44.5, 2.0 ],
									"rotationOrigin": [ 4.0, 32.0, 1.0 ],
									"faces": {
										"north": { "texture": "#wood", "uv": [ 4.0, 3.5, 6.0, 16.0 ] },
										"east": { "texture": "#wood", "uv": [ 6.0, 4.0, 8.0, 16.5 ], "windMode": [-1,-1,-1,-1], "windData": [2,2,2,2] },
										"south": { "texture": "#wood", "uv": [ 10.0, 3.5, 12.0, 16.0 ] },
										"west": { "texture": "#wood", "uv": [ 2.0, 3.5, 4.0, 16.0 ], "windMode": [-1,-1,-1,-1], "windData": [2,2,2,2] },
										"up": { "texture": "#wood", "uv": [ 6.0, 6.0, 8.0, 8.0 ] }
									}
								}
							]
						},
						{
							"name": "bottom-board4",
							"from": [ 12.0, 0.0, 0.0 ],
							"to": [ 16.0, 16.0, 2.0 ],
							"rotationOrigin": [ 14.0, 0.0, 1.0 ],
							"faces": {
								"north": { "texture": "#wood", "uv": [ 4.0, 0.0, 8.0, 16.0 ], "rotation": 180 },
								"east": { "texture": "#wood", "uv": [ 12.0, 0.0, 14.0, 16.0 ] },
								"south": { "texture": "#wood", "uv": [ 0.0, 0.0, 4.0, 16.0 ], "rotation": 180 },
								"west": { "texture": "#wood", "uv": [ 13.0, 0.0, 15.0, 16.0 ], "windMode": [-1,-1,-1,-1], "windData": [0,0,2,2] },
								"down": { "texture": "#wood", "uv": [ 4.0, 7.0, 8.0, 9.0 ], "windMode": [-1,-1,-1,-1] }
							},
							"children": [
								{
									"name": "top-board4",
									"from": [ 0.0, 16.0, 0.0 ],
									"to": [ 4.0, 32.0, 2.0 ],
									"rotationOrigin": [ 2.0, 16.0, 1.0 ],
									"faces": {
										"north": { "texture": "#wood", "uv": [ 0.0, 0.0, 4.0, 16.0 ] },
										"east": { "texture": "#wood", "uv": [ 13.0, 0.0, 15.0, 16.0 ] },
										"south": { "texture": "#wood", "uv": [ 12.0, 0.0, 16.0, 16.0 ] },
										"west": { "texture": "#wood", "uv": [ 13.0, 0.0, 15.0, 16.0 ] }
									}
								},
								{
									"name": "top-board7",
									"from": [ 0.0, 32.0, 0.0 ],
									"to": [ 2.0, 45.0, 2.0 ],
									"rotationOrigin": [ 2.0, 32.0, 1.0 ],
									"faces": {
										"north": { "texture": "#wood", "uv": [ 2.0, 3.0, 4.0, 16.0 ], "windMode": [-1,-1,-1,-1], "windData": [2,2,2,2] },
										"south": { "texture": "#wood", "uv": [ 12.0, 3.0, 14.0, 16.0 ], "windMode": [-1,-1,-1,-1], "windData": [2,2,2,2] },
										"west": { "texture": "#wood", "uv": [ 12.0, 3.0, 14.0, 16.0 ], "windMode": [-1,-1,-1,-1], "windData": [2,2,2,2] },
										"up": { "texture": "#wood", "uv": [ 10.0, 8.0, 12.0, 10.0 ] }
									}
								},
								{
									"name": "top-board8",
									"from": [ 2.0, 32.0, 0.0 ],
									"to": [ 4.0, 45.0, 2.0 ],
									"rotationOrigin": [ 4.0, 32.0, 1.0 ],
									"faces": {
										"north": { "texture": "#wood", "uv": [ 0.0, 3.0, 2.0, 16.0 ] },
										"east": { "texture": "#wood", "uv": [ 13.0, 3.0, 15.0, 16.0 ] },
										"south": { "texture": "#wood", "uv": [ 14.0, 3.0, 16.0, 16.0 ] },
										"west": { "texture": "#wood", "uv": [ 14.0, 1.0, 16.0, 14.0 ] },
										"up": { "texture": "#wood", "uv": [ 8.0, 10.0, 10.0, 12.0 ] }
									}
								}
							]
						},
						{
							"name": "top-board1",
							"from": [ 0.0, 16.0, 0.0 ],
							"to": [ 4.0, 32.0, 2.0 ],
							"rotationOrigin": [ 2.0, 16.0, 0.0 ],
							"faces": {
								"north": { "texture": "#wood", "uv": [ 12.0, 0.0, 16.0, 16.0 ] },
								"east": { "texture": "#wood", "uv": [ 13.0, 0.0, 15.0, 16.0 ] },
								"south": { "texture": "#wood", "uv": [ 0.0, 0.25, 4.0, 16.25 ] },
								"west": { "texture": "#wood", "uv": [ 13.0, 0.0, 15.0, 16.0 ] }
							},
							"children": [
								{
									"name": "top-board10",
									"from": [ 2.0, 16.0, 0.0 ],
									"to": [ 4.0, 23.0, 2.0 ],
									"rotationOrigin": [ 4.0, 16.0, 0.0 ],
									"faces": {
										"north": { "texture": "#wood", "uv": [ 12.0, 9.0, 14.0, 16.0 ] },
										"east": { "texture": "#wood", "uv": [ 12.0, 9.0, 14.0, 16.0 ] },
										"south": { "texture": "#wood", "uv": [ 2.0, 9.0, 4.0, 16.0 ] },
										"west": { "texture": "#wood", "uv": [ 10.0, 9.0, 12.0, 16.0 ] },
										"up": { "texture": "#wood", "uv": [ 8.0, 14.0, 10.0, 16.0 ] }
									}
								},
								{
									"name": "top-board13",
									"from": [ 0.0, 16.0, 0.0 ],
									"to": [ 2.0, 21.0, 2.0 ],
									"rotationOrigin": [ 2.0, 16.0, 0.0 ],
									"faces": {
										"north": { "texture": "#wood", "uv": [ 14.0, 11.0, 16.0, 16.0 ] },
										"south": { "texture": "#wood", "uv": [ 0.0, 11.0, 2.0, 16.0 ] },
										"west": { "texture": "#wood", "uv": [ 13.0, 11.0, 15.0, 16.0 ] },
										"up": { "texture": "#wood", "uv": [ 10.0, 14.0, 12.0, 16.0 ] }
									}
								}
							]
						}
					]
				},
				{
					"name": "metal",
					"from": [ 8.0, 0.0, 5.0 ],
					"to": [ 8.0, 0.0, 5.0 ],
					"rotationOrigin": [ 8.0, 0.0, 5.0 ],
					"faces": {
					},
					"children": [
						{
							"name": "bottom-hinge1",
							"from": [ -16.2, 4.0, 0.8 ],
							"to": [ -12.0, 5.0, 3.2 ],
							"rotationOrigin": [ -16.0, 4.5, 2.0 ],
							"faces": {
								"north": { "texture": "#iron", "uv": [ 1.5, 4.0, 5.5, 5.0 ] },
								"east": { "texture": "#iron", "uv": [ 8.5, 10.5, 10.5, 11.5 ] },
								"south": { "texture": "#iron", "uv": [ 1.5, 0.0, 5.5, 1.0 ] },
								"west": { "texture": "#iron", "uv": [ 4.0, 12.5, 6.0, 13.5 ] },
								"up": { "texture": "#iron", "uv": [ 5.5, 12.5, 9.5, 14.5 ] },
								"down": { "texture": "#iron", "uv": [ 4.5, 8.5, 8.5, 10.5 ] }
							},
							"children": [
								{
									"name": "bottom-hinge2",
									"from": [ 4.2, 0.0, 0.2 ],
									"to": [ 6.2, 1.0, 2.6 ],
									"rotationOrigin": [ 5.2, 0.5, 0.4 ],
									"faces": {
										"north": { "texture": "#iron", "uv": [ 0.0, 3.5, 2.0, 4.5 ] },
										"east": { "texture": "#iron", "uv": [ 12.5, 6.0, 14.5, 7.0 ] },
										"south": { "texture": "#iron", "uv": [ 12.5, 14.5, 14.5, 15.5 ] },
										"west": { "texture": "#iron", "uv": [ 12.0, 13.0, 14.0, 14.0 ] },
										"up": { "texture": "#iron", "uv": [ 4.0, 1.5, 6.0, 3.5 ] },
										"down": { "texture": "#iron", "uv": [ 0.5, 7.0, 2.5, 9.0 ] }
									}
								},
								{
									"name": "bottom-hingewood",
									"from": [ 4.7, 1.0, 0.2 ],
									"to": [ 5.7, 1.5, 2.6 ],
									"rotationOrigin": [ 4.7, 1.0, 0.2 ],
									"faces": {
										"north": { "texture": "#iron", "uv": [ 9.0, 14.5, 10.0, 15.0 ] },
										"east": { "texture": "#iron", "uv": [ 5.0, 1.5, 7.0, 2.0 ] },
										"south": { "texture": "#iron", "uv": [ 14.5, 13.0, 15.5, 13.5 ] },
										"west": { "texture": "#iron", "uv": [ 10.0, 8.0, 12.0, 8.5 ] },
										"up": { "texture": "#iron", "uv": [ 3.0, 2.0, 4.0, 4.0 ] }
									}
								},
								{
									"name": "bottom-hingeB",
									"from": [ 4.7, -0.5, 0.2 ],
									"to": [ 5.7, 0.0, 2.6 ],
									"rotationOrigin": [ 4.7, -0.5, 0.2 ],
									"faces": {
										"north": { "texture": "#iron", "uv": [ 2.5, 13.5, 3.5, 14.0 ] },
										"east": { "texture": "#iron", "uv": [ 2.5, 6.5, 4.5, 7.0 ] },
										"south": { "texture": "#iron", "uv": [ 2.0, 13.5, 3.0, 14.0 ] },
										"west": { "texture": "#iron", "uv": [ 11.5, 10.0, 13.5, 10.5 ] },
										"down": { "texture": "#iron", "uv": [ 7.5, 13.0, 8.5, 15.0 ] }
									}
								}
							]
						},
						{
							"name": "nail12",
							"from": [ -14.95, 17.05, 0.9 ],
							"to": [ -14.55, 17.45, 3.1 ],
							"rotationOrigin": [ -14.75, 17.25, 2.0 ],
							"faces": {
								"north": { "texture": "#iron", "uv": [ 2.5, 0.0, 3.0, 0.5 ] },
								"east": { "texture": "#iron", "uv": [ 2.0, 6.5, 4.0, 7.0 ] },
								"south": { "texture": "#iron", "uv": [ 4.5, 10.0, 5.0, 10.5 ] },
								"west": { "texture": "#iron", "uv": [ 9.0, 1.0, 11.0, 1.5 ] },
								"up": { "texture": "#iron", "uv": [ 8.5, 9.5, 9.0, 11.5 ] },
								"down": { "texture": "#iron", "uv": [ 14.5, 2.0, 15.0, 4.0 ] }
							},
							"children": [
								{
									"name": "nail11",
									"from": [ 1.5, 0.0, 0.0 ],
									"to": [ 1.9, 0.4, 2.2 ],
									"rotationOrigin": [ 1.7, 0.2, 1.1 ],
									"faces": {
										"north": { "texture": "#iron", "uv": [ 5.5, 3.5, 6.0, 4.0 ] },
										"east": { "texture": "#iron", "uv": [ 2.0, 7.0, 4.0, 7.5 ] },
										"south": { "texture": "#iron", "uv": [ 13.5, 4.0, 14.0, 4.5 ] },
										"west": { "texture": "#iron", "uv": [ 5.0, 2.0, 7.0, 2.5 ] },
										"up": { "texture": "#iron", "uv": [ 4.0, 9.5, 4.5, 11.5 ] },
										"down": { "texture": "#iron", "uv": [ 11.0, 0.5, 11.5, 2.5 ] }
									}
								},
								{
									"name": "nail10",
									"from": [ 1.5, -2.5, 0.0 ],
									"to": [ 1.9, -2.1, 2.2 ],
									"rotationOrigin": [ 1.7, -2.3, 1.1 ],
									"faces": {
										"north": { "texture": "#iron", "uv": [ 8.0, 13.0, 8.5, 13.5 ] },
										"east": { "texture": "#iron", "uv": [ 9.5, 11.0, 11.5, 11.5 ] },
										"south": { "texture": "#iron", "uv": [ 0.0, 13.5, 0.5, 14.0 ] },
										"west": { "texture": "#iron", "uv": [ 11.0, 15.0, 13.0, 15.5 ] },
										"up": { "texture": "#iron", "uv": [ 13.5, 2.5, 14.0, 4.5 ] },
										"down": { "texture": "#iron", "uv": [ 12.5, 4.0, 13.0, 6.0 ] }
									}
								},
								{
									"name": "nail9",
									"from": [ 0.0, -2.5, 0.0 ],
									"to": [ 0.4, -2.1, 2.2 ],
									"rotationOrigin": [ 0.2, -2.3, 1.1 ],
									"faces": {
										"north": { "texture": "#iron", "uv": [ 0.5, 3.5, 1.0, 4.0 ] },
										"east": { "texture": "#iron", "uv": [ 12.0, 8.0, 14.0, 8.5 ] },
										"south": { "texture": "#iron", "uv": [ 5.0, 8.0, 5.5, 8.5 ] },
										"west": { "texture": "#iron", "uv": [ 10.0, 13.5, 12.0, 14.0 ] },
										"up": { "texture": "#iron", "uv": [ 13.5, 5.5, 14.0, 7.5 ] },
										"down": { "texture": "#iron", "uv": [ 6.5, 11.0, 7.0, 13.0 ] }
									}
								}
							]
						},
						{
							"name": "nail2",
							"from": [ -13.45, 1.05, 0.9 ],
							"to": [ -13.05, 1.45, 3.1 ],
							"rotationOrigin": [ -13.25, 1.25, 2.0 ],
							"faces": {
								"north": { "texture": "#iron", "uv": [ 0.0, 1.0, 0.5, 1.5 ] },
								"east": { "texture": "#iron", "uv": [ 11.0, 0.0, 13.0, 0.5 ] },
								"south": { "texture": "#iron", "uv": [ 12.0, 11.0, 12.5, 11.5 ] },
								"west": { "texture": "#iron", "uv": [ 13.5, 15.0, 15.5, 15.5 ] },
								"up": { "texture": "#iron", "uv": [ 1.0, 3.5, 1.5, 5.5 ] },
								"down": { "texture": "#iron", "uv": [ 0.0, 10.0, 0.5, 12.0 ] }
							}
						},
						{
							"name": "nail1",
							"from": [ -14.95, 1.05, 0.9 ],
							"to": [ -14.55, 1.45, 3.1 ],
							"rotationOrigin": [ -14.75, 1.25, 2.0 ],
							"faces": {
								"north": { "texture": "#iron", "uv": [ 1.5, 5.5, 2.0, 6.0 ] },
								"east": { "texture": "#iron", "uv": [ 11.5, 13.0, 13.5, 13.5 ] },
								"south": { "texture": "#iron", "uv": [ 10.0, 6.0, 10.5, 6.5 ] },
								"west": { "texture": "#iron", "uv": [ 9.5, 11.5, 11.5, 12.0 ] },
								"up": { "texture": "#iron", "uv": [ 3.5, 12.5, 4.0, 14.5 ] },
								"down": { "texture": "#iron", "uv": [ 10.0, 7.5, 10.5, 9.5 ] }
							}
						},
						{
							"name": "top-hinge1",
							"from": [ -16.2, 27.0, 0.8 ],
							"to": [ -12.0, 28.0, 3.2 ],
							"rotationOrigin": [ -16.2, 27.5, 2.0 ],
							"faces": {
								"north": { "texture": "#iron", "uv": [ 0.0, 0.0, 4.0, 1.0 ], "windMode": [-1,-1,-1,-1], "windData": [1,1,1,1] },
								"east": { "texture": "#iron", "uv": [ 0.0, 0.0, 2.0, 1.0 ], "autoUv": false, "windMode": [-1,-1,-1,-1], "windData": [1,1,1,1] },
								"south": { "texture": "#iron", "uv": [ 0.0, 0.0, 4.0, 1.0 ], "windMode": [-1,-1,-1,-1], "windData": [1,1,1,1] },
								"west": { "texture": "#iron", "uv": [ 0.0, 0.0, 2.25, 1.0 ], "autoUv": false, "windMode": [-1,-1,-1,-1], "windData": [1,1,1,1] },
								"up": { "texture": "#iron", "uv": [ 0.0, 0.0, 4.0, 2.0 ], "windMode": [-1,-1,-1,-1], "windData": [1,1,1,1] },
								"down": { "texture": "#iron", "uv": [ 0.0, 0.0, 4.0, 2.0 ], "windMode": [-1,-1,-1,-1], "windData": [1,1,1,1] }
							},
							"children": [
								{
									"name": "top-hinge2",
									"from": [ 4.2, 0.0, 0.2 ],
									"to": [ 6.2, 1.0, 2.6 ],
									"rotationOrigin": [ 4.2, 0.0, 0.4 ],
									"faces": {
										"north": { "texture": "#iron", "uv": [ 13.0, 0.5, 15.0, 1.5 ] },
										"east": { "texture": "#iron", "uv": [ 3.5, 8.0, 5.5, 9.0 ] },
										"south": { "texture": "#iron", "uv": [ 12.0, 13.0, 14.0, 14.0 ] },
										"west": { "texture": "#iron", "uv": [ 10.0, 11.0, 12.0, 12.0 ] },
										"up": { "texture": "#iron", "uv": [ 10.5, 0.5, 12.5, 2.5 ] },
										"down": { "texture": "#iron", "uv": [ 13.0, 2.0, 15.0, 4.0 ] }
									}
								},
								{
									"name": "top-hingewood",
									"from": [ 4.7, 1.0, 0.2 ],
									"to": [ 5.7, 1.5, 2.6 ],
									"rotationOrigin": [ 5.2, 1.0, 1.2 ],
									"faces": {
										"north": { "texture": "#iron", "uv": [ 6.5, 7.0, 7.5, 7.5 ] },
										"east": { "texture": "#iron", "uv": [ 7.0, 9.0, 9.0, 9.5 ], "autoUv": false, "windMode": [-1,-1,-1,-1], "windData": [1,1,1,1] },
										"south": { "texture": "#iron", "uv": [ 2.0, 14.5, 3.0, 15.0 ], "windMode": [-1,-1,-1,-1], "windData": [1,1,1,1] },
										"west": { "texture": "#iron", "uv": [ 4.5, 10.0, 6.5, 10.5 ], "windMode": [-1,-1,-1,-1], "windData": [1,1,1,1] },
										"up": { "texture": "#iron", "uv": [ 8.5, 0.5, 9.5, 2.5 ], "windMode": [-1,-1,-1,-1], "windData": [1,1,1,1] }
									}
								},
								{
									"name": "top-hingeB",
									"from": [ 4.7, -0.5, 0.2 ],
									"to": [ 5.7, 0.0, 2.6 ],
									"rotationOrigin": [ 5.2, -0.5, 1.2 ],
									"faces": {
										"north": { "texture": "#iron", "uv": [ 8.0, 5.0, 9.0, 5.5 ] },
										"east": { "texture": "#iron", "uv": [ 2.5, 1.5, 4.5, 2.0 ] },
										"south": { "texture": "#iron", "uv": [ 14.5, 1.5, 15.5, 2.0 ] },
										"west": { "texture": "#iron", "uv": [ 8.5, 7.5, 10.5, 8.0 ] },
										"down": { "texture": "#iron", "uv": [ 6.5, 6.0, 7.5, 8.25 ], "windMode": [-1,-1,-1,-1], "windData": [1,1,1,1] }
									}
								}
							]
						},
						{
							"name": "nail8",
							"from": [ -1.45, 1.05, 0.9 ],
							"to": [ -1.05, 1.45, 3.1 ],
							"rotationOrigin": [ -1.25, 1.25, 1.0 ],
							"faces": {
								"north": { "texture": "#iron", "uv": [ 2.0, 12.5, 2.5, 13.0 ] },
								"east": { "texture": "#iron", "uv": [ 6.0, 11.5, 8.0, 12.0 ] },
								"south": { "texture": "#iron", "uv": [ 7.5, 4.0, 8.0, 4.5 ] },
								"west": { "texture": "#iron", "uv": [ 10.0, 0.5, 12.0, 1.0 ] },
								"up": { "texture": "#iron", "uv": [ 4.5, 5.0, 5.0, 7.0 ] },
								"down": { "texture": "#iron", "uv": [ 8.5, 10.5, 9.0, 12.5 ] }
							}
						},
						{
							"name": "nail33",
							"from": [ -2.95, 33.05, 0.9 ],
							"to": [ -2.55, 33.45, 3.1 ],
							"rotationOrigin": [ -2.75, 30.75, 1.0 ],
							"faces": {
								"north": { "texture": "#iron", "uv": [ 4.0, 10.5, 4.5, 11.0 ] },
								"east": { "texture": "#iron", "uv": [ 4.0, 1.5, 6.0, 2.0 ] },
								"south": { "texture": "#iron", "uv": [ 4.0, 5.5, 4.5, 6.0 ] },
								"west": { "texture": "#iron", "uv": [ 10.5, 12.5, 12.5, 13.0 ] },
								"up": { "texture": "#iron", "uv": [ 9.5, 9.0, 10.0, 11.0 ] },
								"down": { "texture": "#iron", "uv": [ 1.0, 1.5, 1.5, 3.5 ] }
							}
						},
						{
							"name": "nail34",
							"from": [ -1.45, 33.05, 0.9 ],
							"to": [ -1.05, 33.45, 3.1 ],
							"rotationOrigin": [ -1.25, 30.75, 1.0 ],
							"faces": {
								"north": { "texture": "#iron", "uv": [ 14.5, 7.5, 15.0, 8.0 ] },
								"east": { "texture": "#iron", "uv": [ 1.0, 14.0, 3.0, 14.5 ] },
								"south": { "texture": "#iron", "uv": [ 0.0, 2.0, 0.5, 2.5 ] },
								"west": { "texture": "#iron", "uv": [ 11.5, 0.0, 13.5, 0.5 ] },
								"up": { "texture": "#iron", "uv": [ 14.0, 13.0, 14.5, 15.0 ] },
								"down": { "texture": "#iron", "uv": [ 2.5, 5.5, 3.0, 7.5 ] }
							}
						},
						{
							"name": "nail28",
							"from": [ -1.45, 30.55, 0.9 ],
							"to": [ -1.05, 30.95, 3.1 ],
							"rotationOrigin": [ -1.25, 30.75, 1.0 ],
							"faces": {
								"north": { "texture": "#iron", "uv": [ 14.5, 7.5, 15.0, 8.0 ] },
								"east": { "texture": "#iron", "uv": [ 1.0, 14.0, 3.0, 14.5 ] },
								"south": { "texture": "#iron", "uv": [ 0.0, 2.0, 0.5, 2.5 ] },
								"west": { "texture": "#iron", "uv": [ 11.5, 0.0, 13.5, 0.5 ] },
								"up": { "texture": "#iron", "uv": [ 14.0, 13.0, 14.5, 15.0 ] },
								"down": { "texture": "#iron", "uv": [ 2.5, 5.5, 3.0, 7.5 ] }
							}
						},
						{
							"name": "nail27",
							"from": [ -2.95, 30.55, 0.9 ],
							"to": [ -2.55, 30.95, 3.1 ],
							"rotationOrigin": [ -2.75, 30.75, 1.0 ],
							"faces": {
								"north": { "texture": "#iron", "uv": [ 4.0, 10.5, 4.5, 11.0 ] },
								"east": { "texture": "#iron", "uv": [ 4.0, 1.5, 6.0, 2.0 ] },
								"south": { "texture": "#iron", "uv": [ 4.0, 5.5, 4.5, 6.0 ] },
								"west": { "texture": "#iron", "uv": [ 10.5, 12.5, 12.5, 13.0 ] },
								"up": { "texture": "#iron", "uv": [ 9.5, 9.0, 10.0, 11.0 ] },
								"down": { "texture": "#iron", "uv": [ 1.0, 1.5, 1.5, 3.5 ] }
							}
						},
						{
							"name": "nail7",
							"from": [ -2.95, 1.05, 0.9 ],
							"to": [ -2.55, 1.45, 3.1 ],
							"rotationOrigin": [ -2.75, 1.25, 1.0 ],
							"faces": {
								"north": { "texture": "#iron", "uv": [ 10.0, 3.5, 10.5, 4.0 ] },
								"east": { "texture": "#iron", "uv": [ 1.0, 5.0, 3.0, 5.5 ] },
								"south": { "texture": "#iron", "uv": [ 13.0, 7.0, 13.5, 7.5 ] },
								"west": { "texture": "#iron", "uv": [ 11.0, 15.0, 13.0, 15.5 ] },
								"up": { "texture": "#iron", "uv": [ 0.5, 11.0, 1.0, 13.0 ] },
								"down": { "texture": "#iron", "uv": [ 5.5, 4.0, 6.0, 6.0 ] }
							}
						},
						{
							"name": "nail26",
							"from": [ -5.45, 30.55, 0.7 ],
							"to": [ -5.05, 30.95, 2.9 ],
							"rotationOrigin": [ -5.25, 30.75, 0.8 ],
							"faces": {
								"north": { "texture": "#iron", "uv": [ 12.0, 13.0, 12.5, 13.5 ] },
								"east": { "texture": "#iron", "uv": [ 10.5, 4.0, 12.5, 4.5 ] },
								"south": { "texture": "#iron", "uv": [ 2.0, 5.5, 2.5, 6.0 ] },
								"west": { "texture": "#iron", "uv": [ 13.5, 6.5, 15.5, 7.0 ] },
								"up": { "texture": "#iron", "uv": [ 11.0, 3.5, 11.5, 5.5 ] },
								"down": { "texture": "#iron", "uv": [ 0.5, 8.0, 1.0, 10.0 ] }
							}
						},
						{
							"name": "nail25",
							"from": [ -6.95, 30.55, 0.7 ],
							"to": [ -6.55, 30.95, 2.9 ],
							"rotationOrigin": [ -6.75, 30.75, 0.8 ],
							"faces": {
								"north": { "texture": "#iron", "uv": [ 4.0, 1.0, 4.5, 1.5 ] },
								"east": { "texture": "#iron", "uv": [ 10.5, 5.5, 12.5, 6.0 ] },
								"south": { "texture": "#iron", "uv": [ 12.0, 14.0, 12.5, 14.5 ] },
								"west": { "texture": "#iron", "uv": [ 3.5, 12.0, 5.5, 12.5 ] },
								"up": { "texture": "#iron", "uv": [ 4.5, 9.5, 5.0, 11.5 ] },
								"down": { "texture": "#iron", "uv": [ 7.5, 8.5, 8.0, 10.5 ] }
							}
						},
						{
							"name": "nail24",
							"from": [ -6.95, 17.05, 0.7 ],
							"to": [ -6.55, 17.45, 2.9 ],
							"rotationOrigin": [ -6.75, 17.25, 0.8 ],
							"faces": {
								"north": { "texture": "#iron", "uv": [ 7.0, 3.5, 7.5, 4.0 ] },
								"east": { "texture": "#iron", "uv": [ 4.0, 7.5, 6.0, 8.0 ] },
								"south": { "texture": "#iron", "uv": [ 13.5, 1.5, 14.0, 2.0 ] },
								"west": { "texture": "#iron", "uv": [ 10.0, 4.5, 12.0, 5.0 ] },
								"up": { "texture": "#iron", "uv": [ 6.5, 13.0, 7.0, 15.0 ] },
								"down": { "texture": "#iron", "uv": [ 10.0, 12.0, 10.5, 14.0 ] }
							}
						},
						{
							"name": "nail23",
							"from": [ -5.45, 17.05, 0.7 ],
							"to": [ -5.05, 17.45, 2.9 ],
							"rotationOrigin": [ -5.25, 17.25, 0.8 ],
							"faces": {
								"north": { "texture": "#iron", "uv": [ 3.5, 11.0, 4.0, 11.5 ] },
								"east": { "texture": "#iron", "uv": [ 7.5, 0.5, 9.5, 1.0 ] },
								"south": { "texture": "#iron", "uv": [ 10.0, 0.5, 10.5, 1.0 ] },
								"west": { "texture": "#iron", "uv": [ 4.5, 4.5, 6.5, 5.0 ] },
								"up": { "texture": "#iron", "uv": [ 7.5, 12.0, 8.0, 14.0 ] },
								"down": { "texture": "#iron", "uv": [ 3.0, 13.0, 3.5, 15.0 ] }
							}
						},
						{
							"name": "nail22",
							"from": [ -5.45, 14.55, 0.7 ],
							"to": [ -5.05, 14.95, 2.9 ],
							"rotationOrigin": [ -5.25, 14.75, 0.8 ],
							"faces": {
								"north": { "texture": "#iron", "uv": [ 9.0, 6.5, 9.5, 7.0 ] },
								"east": { "texture": "#iron", "uv": [ 1.5, 9.5, 3.5, 10.0 ] },
								"south": { "texture": "#iron", "uv": [ 9.0, 7.5, 9.5, 8.0 ] },
								"west": { "texture": "#iron", "uv": [ 9.5, 1.5, 11.5, 2.0 ] },
								"up": { "texture": "#iron", "uv": [ 11.0, 12.5, 11.5, 14.5 ] },
								"down": { "texture": "#iron", "uv": [ 15.0, 7.0, 15.5, 9.0 ] }
							}
						},
						{
							"name": "nail21",
							"from": [ -6.95, 14.55, 0.7 ],
							"to": [ -6.55, 14.95, 2.9 ],
							"rotationOrigin": [ -6.75, 14.75, 0.8 ],
							"faces": {
								"north": { "texture": "#iron", "uv": [ 13.5, 4.0, 14.0, 4.5 ] },
								"east": { "texture": "#iron", "uv": [ 4.5, 14.5, 6.5, 15.0 ] },
								"south": { "texture": "#iron", "uv": [ 8.5, 10.5, 9.0, 11.0 ] },
								"west": { "texture": "#iron", "uv": [ 13.5, 5.0, 15.5, 5.5 ] },
								"up": { "texture": "#iron", "uv": [ 10.0, 6.5, 10.5, 8.5 ] },
								"down": { "texture": "#iron", "uv": [ 2.5, 13.0, 3.0, 15.0 ] }
							}
						},
						{
							"name": "nail6",
							"from": [ -5.45, 1.05, 0.7 ],
							"to": [ -5.05, 1.45, 2.9 ],
							"rotationOrigin": [ -5.25, 1.25, 0.8 ],
							"faces": {
								"north": { "texture": "#iron", "uv": [ 3.5, 12.0, 4.0, 12.5 ] },
								"east": { "texture": "#iron", "uv": [ 7.5, 11.0, 9.5, 11.5 ] },
								"south": { "texture": "#iron", "uv": [ 9.0, 11.0, 9.5, 11.5 ] },
								"west": { "texture": "#iron", "uv": [ 13.5, 8.0, 15.5, 8.5 ] },
								"up": { "texture": "#iron", "uv": [ 7.5, 13.5, 8.0, 15.5 ] },
								"down": { "texture": "#iron", "uv": [ 12.0, 11.5, 12.5, 13.5 ] }
							}
						},
						{
							"name": "nail5",
							"from": [ -6.95, 1.05, 0.7 ],
							"to": [ -6.55, 1.45, 2.9 ],
							"rotationOrigin": [ -6.75, 1.25, 0.8 ],
							"faces": {
								"north": { "texture": "#iron", "uv": [ 6.5, 9.5, 7.0, 10.0 ] },
								"east": { "texture": "#iron", "uv": [ 2.5, 0.5, 4.5, 1.0 ] },
								"south": { "texture": "#iron", "uv": [ 12.5, 1.0, 13.0, 1.5 ] },
								"west": { "texture": "#iron", "uv": [ 3.5, 12.5, 5.5, 13.0 ] },
								"up": { "texture": "#iron", "uv": [ 11.5, 11.0, 12.0, 13.0 ] },
								"down": { "texture": "#iron", "uv": [ 9.0, 6.5, 9.5, 8.5 ] }
							}
						},
						{
							"name": "nail29",
							"from": [ -5.45, 33.05, 0.7 ],
							"to": [ -5.05, 33.45, 2.9 ],
							"rotationOrigin": [ -5.25, 30.75, 0.8 ],
							"faces": {
								"north": { "texture": "#iron", "uv": [ 12.0, 13.0, 12.5, 13.5 ] },
								"east": { "texture": "#iron", "uv": [ 10.5, 4.0, 12.5, 4.5 ] },
								"south": { "texture": "#iron", "uv": [ 2.0, 5.5, 2.5, 6.0 ] },
								"west": { "texture": "#iron", "uv": [ 13.5, 6.5, 15.5, 7.0 ] },
								"up": { "texture": "#iron", "uv": [ 11.0, 3.5, 11.5, 5.5 ] },
								"down": { "texture": "#iron", "uv": [ 0.5, 8.0, 1.0, 10.0 ] }
							}
						},
						{
							"name": "nail30",
							"from": [ -6.95, 33.05, 0.7 ],
							"to": [ -6.55, 33.45, 2.9 ],
							"rotationOrigin": [ -6.75, 30.75, 0.8 ],
							"faces": {
								"north": { "texture": "#iron", "uv": [ 4.0, 1.0, 4.5, 1.5 ] },
								"east": { "texture": "#iron", "uv": [ 10.5, 5.5, 12.5, 6.0 ] },
								"south": { "texture": "#iron", "uv": [ 12.0, 14.0, 12.5, 14.5 ] },
								"west": { "texture": "#iron", "uv": [ 3.5, 12.0, 5.5, 12.5 ] },
								"up": { "texture": "#iron", "uv": [ 4.5, 9.5, 5.0, 11.5 ] },
								"down": { "texture": "#iron", "uv": [ 7.5, 8.5, 8.0, 10.5 ] }
							}
						},
						{
							"name": "nail31",
							"from": [ -9.45, 33.05, 1.1 ],
							"to": [ -9.05, 33.45, 3.3 ],
							"rotationOrigin": [ -9.25, 30.75, 1.2 ],
							"faces": {
								"north": { "texture": "#iron", "uv": [ 14.5, 5.0, 15.0, 5.5 ] },
								"east": { "texture": "#iron", "uv": [ 6.5, 6.5, 8.5, 7.0 ] },
								"south": { "texture": "#iron", "uv": [ 6.5, 9.0, 7.0, 9.5 ] },
								"west": { "texture": "#iron", "uv": [ 0.5, 2.5, 2.5, 3.0 ] },
								"up": { "texture": "#iron", "uv": [ 11.5, 5.0, 12.0, 7.0 ] },
								"down": { "texture": "#iron", "uv": [ 7.5, 0.0, 8.0, 2.0 ] }
							}
						},
						{
							"name": "nail32",
							"from": [ -10.95, 33.05, 1.1 ],
							"to": [ -10.55, 33.45, 3.3 ],
							"rotationOrigin": [ -10.75, 30.75, 1.2 ],
							"faces": {
								"north": { "texture": "#iron", "uv": [ 8.5, 0.0, 9.0, 0.5 ] },
								"east": { "texture": "#iron", "uv": [ 6.5, 6.5, 8.5, 7.0 ] },
								"south": { "texture": "#iron", "uv": [ 11.0, 12.0, 11.5, 12.5 ] },
								"west": { "texture": "#iron", "uv": [ 3.5, 8.0, 5.5, 8.5 ] },
								"up": { "texture": "#iron", "uv": [ 12.0, 10.5, 12.5, 12.5 ] },
								"down": { "texture": "#iron", "uv": [ 1.5, 5.5, 2.0, 7.5 ] }
							}
						},
						{
							"name": "nail20",
							"from": [ -9.45, 30.55, 1.1 ],
							"to": [ -9.05, 30.95, 3.3 ],
							"rotationOrigin": [ -9.25, 30.75, 1.2 ],
							"faces": {
								"north": { "texture": "#iron", "uv": [ 14.5, 5.0, 15.0, 5.5 ] },
								"east": { "texture": "#iron", "uv": [ 6.5, 6.5, 8.5, 7.0 ] },
								"south": { "texture": "#iron", "uv": [ 6.5, 9.0, 7.0, 9.5 ] },
								"west": { "texture": "#iron", "uv": [ 0.5, 2.5, 2.5, 3.0 ] },
								"up": { "texture": "#iron", "uv": [ 11.5, 5.0, 12.0, 7.0 ] },
								"down": { "texture": "#iron", "uv": [ 7.5, 0.0, 8.0, 2.0 ] }
							}
						},
						{
							"name": "nail16",
							"from": [ -9.45, 14.55, 1.1 ],
							"to": [ -9.05, 14.95, 3.3 ],
							"rotationOrigin": [ -9.25, 14.75, 1.2 ],
							"faces": {
								"north": { "texture": "#iron", "uv": [ 14.5, 7.5, 15.0, 8.0 ] },
								"east": { "texture": "#iron", "uv": [ 9.5, 7.0, 11.5, 7.5 ] },
								"south": { "texture": "#iron", "uv": [ 7.5, 7.0, 8.0, 7.5 ] },
								"west": { "texture": "#iron", "uv": [ 9.0, 2.5, 11.0, 3.0 ] },
								"up": { "texture": "#iron", "uv": [ 7.5, 6.0, 8.0, 8.0 ] },
								"down": { "texture": "#iron", "uv": [ 4.0, 3.5, 4.5, 5.5 ] }
							}
						},
						{
							"name": "nail17",
							"from": [ -9.45, 17.05, 1.1 ],
							"to": [ -9.05, 17.45, 3.3 ],
							"rotationOrigin": [ -9.25, 17.25, 1.2 ],
							"faces": {
								"north": { "texture": "#iron", "uv": [ 12.0, 5.5, 12.5, 6.0 ] },
								"east": { "texture": "#iron", "uv": [ 13.5, 10.5, 15.5, 11.0 ] },
								"south": { "texture": "#iron", "uv": [ 10.5, 7.5, 11.0, 8.0 ] },
								"west": { "texture": "#iron", "uv": [ 3.0, 8.0, 5.0, 8.5 ] },
								"up": { "texture": "#iron", "uv": [ 2.5, 11.0, 3.0, 13.0 ] },
								"down": { "texture": "#iron", "uv": [ 6.5, 1.0, 7.0, 3.0 ] }
							}
						},
						{
							"name": "nail15",
							"from": [ -10.95, 14.55, 1.1 ],
							"to": [ -10.55, 14.95, 3.3 ],
							"rotationOrigin": [ -10.75, 14.75, 1.2 ],
							"faces": {
								"north": { "texture": "#iron", "uv": [ 2.0, 12.5, 2.5, 13.0 ] },
								"east": { "texture": "#iron", "uv": [ 10.0, 10.5, 12.0, 11.0 ] },
								"south": { "texture": "#iron", "uv": [ 8.5, 2.0, 9.0, 2.5 ] },
								"west": { "texture": "#iron", "uv": [ 13.5, 1.5, 15.5, 2.0 ] },
								"up": { "texture": "#iron", "uv": [ 6.5, 6.5, 7.0, 8.5 ] },
								"down": { "texture": "#iron", "uv": [ 4.0, 12.5, 4.5, 14.5 ] }
							}
						},
						{
							"name": "nail18",
							"from": [ -10.95, 17.05, 1.1 ],
							"to": [ -10.55, 17.45, 3.3 ],
							"rotationOrigin": [ -10.75, 17.25, 1.2 ],
							"faces": {
								"north": { "texture": "#iron", "uv": [ 6.5, 0.0, 7.0, 0.5 ] },
								"east": { "texture": "#iron", "uv": [ 12.0, 12.5, 14.0, 13.0 ] },
								"south": { "texture": "#iron", "uv": [ 11.0, 6.0, 11.5, 6.5 ] },
								"west": { "texture": "#iron", "uv": [ 0.5, 1.0, 2.5, 1.5 ] },
								"up": { "texture": "#iron", "uv": [ 10.5, 9.0, 11.0, 11.0 ] },
								"down": { "texture": "#iron", "uv": [ 2.0, 3.5, 2.5, 5.5 ] }
							}
						},
						{
							"name": "nail19",
							"from": [ -10.95, 30.55, 1.1 ],
							"to": [ -10.55, 30.95, 3.3 ],
							"rotationOrigin": [ -10.75, 30.75, 1.2 ],
							"faces": {
								"north": { "texture": "#iron", "uv": [ 8.5, 0.0, 9.0, 0.5 ] },
								"east": { "texture": "#iron", "uv": [ 6.5, 6.5, 8.5, 7.0 ] },
								"south": { "texture": "#iron", "uv": [ 11.0, 12.0, 11.5, 12.5 ] },
								"west": { "texture": "#iron", "uv": [ 3.5, 8.0, 5.5, 8.5 ] },
								"up": { "texture": "#iron", "uv": [ 12.0, 10.5, 12.5, 12.5 ] },
								"down": { "texture": "#iron", "uv": [ 1.5, 5.5, 2.0, 7.5 ] }
							}
						},
						{
							"name": "nail4",
							"from": [ -9.45, 1.05, 1.1 ],
							"to": [ -9.05, 1.45, 3.3 ],
							"rotationOrigin": [ -9.25, 1.25, 1.2 ],
							"faces": {
								"north": { "texture": "#iron", "uv": [ 5.5, 1.0, 6.0, 1.5 ] },
								"east": { "texture": "#iron", "uv": [ 2.5, 0.0, 4.5, 0.5 ] },
								"south": { "texture": "#iron", "uv": [ 7.5, 4.5, 8.0, 5.0 ] },
								"west": { "texture": "#iron", "uv": [ 12.0, 5.5, 14.0, 6.0 ] },
								"up": { "texture": "#iron", "uv": [ 13.0, 10.0, 13.5, 12.0 ] },
								"down": { "texture": "#iron", "uv": [ 8.5, 0.0, 9.0, 2.0 ] }
							}
						},
						{
							"name": "nail3",
							"from": [ -10.95, 1.05, 1.1 ],
							"to": [ -10.55, 1.45, 3.3 ],
							"rotationOrigin": [ -10.75, 1.25, 1.2 ],
							"faces": {
								"north": { "texture": "#iron", "uv": [ 10.5, 2.0, 11.0, 2.5 ] },
								"east": { "texture": "#iron", "uv": [ 6.5, 2.5, 8.5, 3.0 ] },
								"south": { "texture": "#iron", "uv": [ 0.5, 14.5, 1.0, 15.0 ] },
								"west": { "texture": "#iron", "uv": [ 4.0, 12.0, 6.0, 12.5 ] },
								"up": { "texture": "#iron", "uv": [ 1.0, 8.0, 1.5, 10.0 ] },
								"down": { "texture": "#iron", "uv": [ 5.0, 13.5, 5.5, 15.5 ] }
							}
						},
						{
							"name": "middle-hinge3",
							"from": [ -16.2, 15.5, 0.8 ],
							"to": [ -12.0, 16.5, 3.2 ],
							"rotationOrigin": [ -16.2, 16.0, 2.0 ],
							"faces": {
								"north": { "texture": "#iron", "uv": [ 0.0, 0.0, 4.0, 1.0 ] },
								"east": { "texture": "#iron", "uv": [ 0.0, 0.0, 2.0, 1.0 ], "autoUv": false },
								"south": { "texture": "#iron", "uv": [ 0.0, 0.0, 4.0, 1.0 ] },
								"west": { "texture": "#iron", "uv": [ 0.0, 0.0, 2.25, 1.0 ], "autoUv": false },
								"up": { "texture": "#iron", "uv": [ 0.0, 0.0, 4.0, 2.0 ] },
								"down": { "texture": "#iron", "uv": [ 0.0, 0.0, 4.0, 2.0 ] }
							},
							"children": [
								{
									"name": "middle-hinge4",
									"from": [ 4.2, 0.0, 0.2 ],
									"to": [ 6.2, 1.0, 2.6 ],
									"rotationOrigin": [ 4.2, 0.0, 0.4 ],
									"faces": {
										"north": { "texture": "#iron", "uv": [ 13.0, 0.5, 15.0, 1.5 ] },
										"east": { "texture": "#iron", "uv": [ 3.5, 8.0, 5.5, 9.0 ] },
										"south": { "texture": "#iron", "uv": [ 12.0, 13.0, 14.0, 14.0 ] },
										"west": { "texture": "#iron", "uv": [ 10.0, 11.0, 12.0, 12.0 ] },
										"up": { "texture": "#iron", "uv": [ 10.5, 0.5, 12.5, 2.5 ] },
										"down": { "texture": "#iron", "uv": [ 13.0, 2.0, 15.0, 4.0 ] }
									}
								},
								{
									"name": "middle-hingewood2",
									"from": [ 4.7, 1.0, 0.2 ],
									"to": [ 5.7, 1.5, 2.6 ],
									"rotationOrigin": [ 5.2, 1.0, 1.2 ],
									"faces": {
										"north": { "texture": "#iron", "uv": [ 6.5, 7.0, 7.5, 7.5 ] },
										"east": { "texture": "#iron", "uv": [ 7.0, 9.0, 9.0, 9.5 ], "autoUv": false },
										"south": { "texture": "#iron", "uv": [ 2.0, 14.5, 3.0, 15.0 ] },
										"west": { "texture": "#iron", "uv": [ 4.5, 10.0, 6.5, 10.5 ] },
										"up": { "texture": "#iron", "uv": [ 8.5, 0.5, 9.5, 2.5 ] }
									}
								},
								{
									"name": "middle-hingeB2",
									"from": [ 4.7, -0.5, 0.2 ],
									"to": [ 5.7, 0.0, 2.6 ],
									"rotationOrigin": [ 5.2, -0.5, 1.2 ],
									"faces": {
										"north": { "texture": "#iron", "uv": [ 8.0, 5.0, 9.0, 5.5 ] },
										"east": { "texture": "#iron", "uv": [ 2.5, 1.5, 4.5, 2.0 ] },
										"south": { "texture": "#iron", "uv": [ 14.5, 1.5, 15.5, 2.0 ] },
										"west": { "texture": "#iron", "uv": [ 8.5, 7.5, 10.5, 8.0 ] },
										"down": { "texture": "#iron", "uv": [ 6.5, 6.0, 7.5, 8.0 ] }
									}
								}
							]
						},
						{
							"name": "metalcube",
							"from": [ -4.0, 17.0, 0.9 ],
							"to": [ -2.3, 20.0, 3.1 ],
							"rotationOrigin": [ -4.0, 17.0, 0.9 ],
							"faces": {
								"north": { "texture": "#iron", "uv": [ 10.75, 9.75, 12.25, 12.75 ] },
								"east": { "texture": "#iron", "uv": [ 3.0, 10.0, 5.0, 13.0 ] },
								"south": { "texture": "#iron", "uv": [ 0.5, 0.25, 2.0, 3.25 ] },
								"west": { "texture": "#iron", "uv": [ 9.0, 1.5, 11.0, 4.5 ] },
								"up": { "texture": "#iron", "uv": [ 9.5, 13.25, 11.0, 15.25 ] },
								"down": { "texture": "#iron", "uv": [ 7.5, 0.5, 9.0, 2.5 ] }
							},
							"children": [
								{
									"name": "metalbar",
									"from": [ 0.7, 2.2, -0.6 ],
									"to": [ 1.1, 2.9, 2.9 ],
									"rotationOrigin": [ 0.7, 2.2, -0.6 ],
									"faces": {
										"north": { "texture": "#iron", "uv": [ 4.75, 0.75, 5.25, 1.25 ] },
										"east": { "texture": "#iron", "uv": [ 1.5, 14.5, 5.0, 15.0 ] },
										"south": { "texture": "#iron", "uv": [ 9.25, 0.5, 9.75, 1.0 ] },
										"west": { "texture": "#iron", "uv": [ 12.25, 3.5, 15.75, 4.0 ] },
										"up": { "texture": "#iron", "uv": [ 2.5, 4.75, 3.0, 8.25 ] },
										"down": { "texture": "#iron", "uv": [ 13.0, 2.75, 13.5, 6.25 ] }
									}
								},
								{
									"name": "metalbar2",
									"from": [ 0.4, 2.3, 2.31 ],
									"to": [ 1.4, 2.7, 2.71 ],
									"rotationOrigin": [ 0.9, 1.5, 2.3 ],
									"faces": {
										"north": { "texture": "#iron", "uv": [ 5.75, 1.25, 6.75, 1.5 ] },
										"east": { "texture": "#iron", "uv": [ 1.25, 8.5, 1.5, 8.75 ] },
										"south": { "texture": "#iron", "uv": [ 2.25, 10.75, 3.25, 11.0 ] },
										"west": { "texture": "#iron", "uv": [ 7.5, 4.0, 7.75, 4.25 ] },
										"up": { "texture": "#iron", "uv": [ 0.25, 0.75, 1.25, 1.0 ] },
										"down": { "texture": "#iron", "uv": [ 5.0, 3.75, 6.0, 4.0 ] }
									},
									"children": [
										{
											"name": "metalbar4",
											"from": [ 0.0, 0.0, 0.0 ],
											"to": [ 1.0, 0.4, 0.4 ],
											"rotationOrigin": [ 0.5, -0.8, -0.01 ],
											"rotationZ": 90.0,
											"faces": {
												"north": { "texture": "#iron", "uv": [ 12.75, 5.0, 13.75, 5.25 ] },
												"east": { "texture": "#iron", "uv": [ 11.0, 4.5, 11.25, 4.75 ] },
												"south": { "texture": "#iron", "uv": [ 10.5, 15.25, 11.5, 15.5 ] },
												"west": { "texture": "#iron", "uv": [ 13.0, 10.75, 13.25, 11.0 ] },
												"up": { "texture": "#iron", "uv": [ 14.0, 8.75, 15.0, 9.0 ] },
												"down": { "texture": "#iron", "uv": [ 13.25, 5.25, 14.25, 5.5 ] }
											}
										},
										{
											"name": "metalbar6",
											"from": [ 0.0, 0.0, -0.01 ],
											"to": [ 1.0, 0.4, 0.39 ],
											"rotationOrigin": [ 0.5, -0.8, -0.01 ],
											"rotationZ": 45.0,
											"faces": {
												"north": { "texture": "#iron", "uv": [ 9.25, 8.75, 10.25, 9.25 ] },
												"east": { "texture": "#iron", "uv": [ 2.5, 9.75, 3.0, 10.25 ] },
												"south": { "texture": "#iron", "uv": [ 14.25, 6.0, 15.25, 6.5 ] },
												"west": { "texture": "#iron", "uv": [ 5.75, 5.0, 6.25, 5.5 ] },
												"up": { "texture": "#iron", "uv": [ 6.0, 11.25, 7.0, 11.75 ] },
												"down": { "texture": "#iron", "uv": [ 3.25, 13.5, 4.25, 14.0 ] }
											}
										},
										{
											"name": "metalbar8",
											"from": [ 0.0, 0.0, -0.01 ],
											"to": [ 1.0, 0.4, 0.39 ],
											"rotationOrigin": [ 0.5, -0.8, -0.01 ],
											"rotationZ": -45.0,
											"faces": {
												"north": { "texture": "#iron", "uv": [ 9.75, 5.0, 10.75, 5.5 ] },
												"east": { "texture": "#iron", "uv": [ 10.5, 10.0, 11.0, 10.5 ] },
												"south": { "texture": "#iron", "uv": [ 11.75, 6.5, 12.75, 7.0 ] },
												"west": { "texture": "#iron", "uv": [ 13.0, 7.75, 13.5, 8.25 ] },
												"up": { "texture": "#iron", "uv": [ 14.25, 11.5, 15.25, 12.0 ] },
												"down": { "texture": "#iron", "uv": [ 7.75, 0.0, 8.75, 0.5 ] }
											}
										},
										{
											"name": "metalbar3",
											"from": [ 0.0, -2.0, 0.0 ],
											"to": [ 1.0, -1.6, 0.4 ],
											"rotationOrigin": [ 0.0, -2.0, -0.01 ],
											"faces": {
												"north": { "texture": "#iron", "uv": [ 13.75, 2.0, 14.75, 2.25 ] },
												"east": { "texture": "#iron", "uv": [ 14.75, 14.25, 15.0, 14.5 ] },
												"south": { "texture": "#iron", "uv": [ 10.75, 8.5, 11.75, 8.75 ] },
												"west": { "texture": "#iron", "uv": [ 9.5, 13.5, 9.75, 13.75 ] },
												"up": { "texture": "#iron", "uv": [ 4.5, 8.25, 5.5, 8.5 ] },
												"down": { "texture": "#iron", "uv": [ 13.75, 12.75, 14.75, 13.0 ] }
											}
										},
										{
											"name": "metalbar5",
											"from": [ 1.7, -1.3, 0.0 ],
											"to": [ 2.7, -0.9, 0.4 ],
											"rotationOrigin": [ 1.7, -1.3, -0.01 ],
											"rotationZ": 90.0,
											"faces": {
												"north": { "texture": "#iron", "uv": [ 1.25, 8.0, 2.25, 8.25 ] },
												"east": { "texture": "#iron", "uv": [ 8.0, 6.5, 8.25, 6.75 ] },
												"south": { "texture": "#iron", "uv": [ 11.25, 5.5, 12.25, 5.75 ] },
												"west": { "texture": "#iron", "uv": [ 15.0, 1.0, 15.25, 1.25 ] },
												"up": { "texture": "#iron", "uv": [ 0.0, 5.0, 1.0, 5.25 ] },
												"down": { "texture": "#iron", "uv": [ 12.0, 5.25, 13.0, 5.5 ] }
											}
										},
										{
											"name": "metalbar7",
											"from": [ 0.995, -2.0021, -0.01 ],
											"to": [ 1.995, -1.6021, 0.39 ],
											"rotationOrigin": [ 0.995, -2.0021, -0.01 ],
											"rotationZ": 45.0,
											"faces": {
												"north": { "texture": "#iron", "uv": [ 6.25, 0.75, 7.25, 1.25 ] },
												"east": { "texture": "#iron", "uv": [ 8.0, 1.25, 8.5, 1.75 ] },
												"south": { "texture": "#iron", "uv": [ 11.25, 3.25, 12.25, 3.75 ] },
												"west": { "texture": "#iron", "uv": [ 14.5, 12.25, 15.0, 12.75 ] },
												"up": { "texture": "#iron", "uv": [ 12.5, 3.75, 13.5, 4.25 ] },
												"down": { "texture": "#iron", "uv": [ 8.5, 4.5, 9.5, 5.0 ] }
											}
										},
										{
											"name": "metalbar9",
											"from": [ -0.7021, -1.295, -0.01 ],
											"to": [ 0.2979, -0.895, 0.39 ],
											"rotationOrigin": [ -0.7021, -1.295, -0.01 ],
											"rotationZ": -45.0,
											"faces": {
												"north": { "texture": "#iron", "uv": [ 9.25, 12.0, 10.25, 12.25 ] },
												"east": { "texture": "#iron", "uv": [ 4.75, 10.75, 5.0, 11.0 ] },
												"south": { "texture": "#iron", "uv": [ 2.25, 2.75, 3.25, 3.0 ] },
												"west": { "texture": "#iron", "uv": [ 0.0, 1.5, 0.25, 1.75 ] },
												"up": { "texture": "#iron", "uv": [ 8.0, 2.0, 9.0, 2.25 ] },
												"down": { "texture": "#iron", "uv": [ 7.0, 13.0, 8.0, 13.25 ] }
											}
										}
									]
								},
								{
									"name": "metalbar10",
									"from": [ 0.4, 2.3, -0.49 ],
									"to": [ 1.4, 2.7, -0.09 ],
									"rotationOrigin": [ 0.9, 1.5, -0.5 ],
									"faces": {
										"north": { "texture": "#iron", "uv": [ 5.75, 1.25, 6.75, 1.5 ] },
										"east": { "texture": "#iron", "uv": [ 1.25, 8.5, 1.5, 8.75 ] },
										"south": { "texture": "#iron", "uv": [ 2.25, 10.75, 3.25, 11.0 ] },
										"west": { "texture": "#iron", "uv": [ 7.5, 4.0, 7.75, 4.25 ] },
										"up": { "texture": "#iron", "uv": [ 0.25, 0.75, 1.25, 1.0 ] },
										"down": { "texture": "#iron", "uv": [ 5.0, 3.75, 6.0, 4.0 ] }
									},
									"children": [
										{
											"name": "metalbar11",
											"from": [ 0.0, 0.0, 0.0 ],
											"to": [ 1.0, 0.4, 0.4 ],
											"rotationOrigin": [ 0.5, -0.8, -0.01 ],
											"rotationZ": 90.0,
											"faces": {
												"north": { "texture": "#iron", "uv": [ 12.75, 5.0, 13.75, 5.25 ] },
												"east": { "texture": "#iron", "uv": [ 11.0, 4.5, 11.25, 4.75 ] },
												"south": { "texture": "#iron", "uv": [ 10.5, 15.25, 11.5, 15.5 ] },
												"west": { "texture": "#iron", "uv": [ 13.0, 10.75, 13.25, 11.0 ] },
												"up": { "texture": "#iron", "uv": [ 14.0, 8.75, 15.0, 9.0 ] },
												"down": { "texture": "#iron", "uv": [ 13.25, 5.25, 14.25, 5.5 ] }
											}
										},
										{
											"name": "metalbar12",
											"from": [ 0.0, 0.0, -0.01 ],
											"to": [ 1.0, 0.4, 0.39 ],
											"rotationOrigin": [ 0.5, -0.8, -0.01 ],
											"rotationZ": 45.0,
											"faces": {
												"north": { "texture": "#iron", "uv": [ 9.25, 8.75, 10.25, 9.0 ] },
												"east": { "texture": "#iron", "uv": [ 2.5, 9.75, 2.75, 10.0 ] },
												"south": { "texture": "#iron", "uv": [ 14.25, 6.0, 15.25, 6.25 ] },
												"west": { "texture": "#iron", "uv": [ 5.75, 5.0, 6.0, 5.25 ] },
												"up": { "texture": "#iron", "uv": [ 6.0, 11.25, 7.0, 11.5 ] },
												"down": { "texture": "#iron", "uv": [ 3.25, 13.5, 4.25, 13.75 ] }
											}
										},
										{
											"name": "metalbar13",
											"from": [ 0.0, 0.0, -0.01 ],
											"to": [ 1.0, 0.4, 0.39 ],
											"rotationOrigin": [ 0.5, -0.8, -0.01 ],
											"rotationZ": -45.0,
											"faces": {
												"north": { "texture": "#iron", "uv": [ 9.75, 5.0, 10.75, 5.25 ] },
												"east": { "texture": "#iron", "uv": [ 10.5, 10.0, 10.75, 10.25 ] },
												"south": { "texture": "#iron", "uv": [ 11.75, 6.5, 12.75, 6.75 ] },
												"west": { "texture": "#iron", "uv": [ 13.0, 7.75, 13.25, 8.0 ] },
												"up": { "texture": "#iron", "uv": [ 14.25, 11.5, 15.25, 11.75 ] },
												"down": { "texture": "#iron", "uv": [ 7.75, 0.0, 8.75, 0.25 ] }
											}
										},
										{
											"name": "metalbar14",
											"from": [ 0.0, -2.0, 0.0 ],
											"to": [ 1.0, -1.6, 0.4 ],
											"rotationOrigin": [ 0.0, -2.0, -0.01 ],
											"faces": {
												"north": { "texture": "#iron", "uv": [ 13.75, 2.0, 14.75, 2.25 ] },
												"east": { "texture": "#iron", "uv": [ 14.75, 14.25, 15.0, 14.5 ] },
												"south": { "texture": "#iron", "uv": [ 10.75, 8.5, 11.75, 8.75 ] },
												"west": { "texture": "#iron", "uv": [ 9.5, 13.5, 9.75, 13.75 ] },
												"up": { "texture": "#iron", "uv": [ 4.5, 8.25, 5.5, 8.5 ] },
												"down": { "texture": "#iron", "uv": [ 13.75, 12.75, 14.75, 13.0 ] }
											}
										},
										{
											"name": "metalbar15",
											"from": [ 1.7, -1.3, 0.0 ],
											"to": [ 2.7, -0.9, 0.4 ],
											"rotationOrigin": [ 1.7, -1.3, -0.01 ],
											"rotationZ": 90.0,
											"faces": {
												"north": { "texture": "#iron", "uv": [ 1.25, 8.0, 2.25, 8.25 ] },
												"east": { "texture": "#iron", "uv": [ 8.0, 6.5, 8.25, 6.75 ] },
												"south": { "texture": "#iron", "uv": [ 11.25, 5.5, 12.25, 5.75 ] },
												"west": { "texture": "#iron", "uv": [ 15.0, 1.0, 15.25, 1.25 ] },
												"up": { "texture": "#iron", "uv": [ 0.0, 5.0, 1.0, 5.25 ] },
												"down": { "texture": "#iron", "uv": [ 12.0, 5.25, 13.0, 5.5 ] }
											}
										},
										{
											"name": "metalbar16",
											"from": [ 0.995, -2.0021, -0.01 ],
											"to": [ 1.995, -1.6021, 0.39 ],
											"rotationOrigin": [ 0.995, -2.0021, -0.01 ],
											"rotationZ": 45.0,
											"faces": {
												"north": { "texture": "#iron", "uv": [ 6.25, 0.75, 7.25, 1.0 ] },
												"east": { "texture": "#iron", "uv": [ 8.0, 1.25, 8.25, 1.5 ] },
												"south": { "texture": "#iron", "uv": [ 11.25, 3.25, 12.25, 3.5 ] },
												"west": { "texture": "#iron", "uv": [ 14.5, 12.25, 14.75, 12.5 ] },
												"up": { "texture": "#iron", "uv": [ 12.5, 3.75, 13.5, 4.0 ] },
												"down": { "texture": "#iron", "uv": [ 8.5, 4.5, 9.5, 4.75 ] }
											}
										},
										{
											"name": "metalbar17",
											"from": [ -0.7021, -1.295, -0.01 ],
											"to": [ 0.2979, -0.895, 0.39 ],
											"rotationOrigin": [ -0.7021, -1.295, -0.01 ],
											"rotationZ": -45.0,
											"faces": {
												"north": { "texture": "#iron", "uv": [ 9.25, 12.0, 10.25, 12.25 ] },
												"east": { "texture": "#iron", "uv": [ 4.75, 10.75, 5.0, 11.0 ] },
												"south": { "texture": "#iron", "uv": [ 2.25, 2.75, 3.25, 3.0 ] },
												"west": { "texture": "#iron", "uv": [ 0.0, 1.5, 0.25, 1.75 ] },
												"up": { "texture": "#iron", "uv": [ 8.0, 2.0, 9.0, 2.25 ] },
												"down": { "texture": "#iron", "uv": [ 7.0, 13.0, 8.0, 13.25 ] }
											}
										}
									]
								}
							]
						},
						{
							"name": "nail13",
							"from": [ -14.95, 33.05, 0.9 ],
							"to": [ -14.55, 33.45, 3.1 ],
							"rotationOrigin": [ -14.75, 33.25, 2.0 ],
							"faces": {
								"north": { "texture": "#iron", "uv": [ 2.5, 0.0, 3.0, 0.5 ] },
								"east": { "texture": "#iron", "uv": [ 2.0, 6.5, 4.0, 7.0 ] },
								"south": { "texture": "#iron", "uv": [ 4.5, 10.0, 5.0, 10.5 ] },
								"west": { "texture": "#iron", "uv": [ 9.0, 1.0, 11.0, 1.5 ] },
								"up": { "texture": "#iron", "uv": [ 8.5, 9.5, 9.0, 11.5 ] },
								"down": { "texture": "#iron", "uv": [ 14.5, 2.0, 15.0, 4.0 ] }
							},
							"children": [
								{
									"name": "nail14",
									"from": [ 1.5, 0.0, 0.0 ],
									"to": [ 1.9, 0.4, 2.2 ],
									"rotationOrigin": [ 1.7, 0.2, 1.1 ],
									"faces": {
										"north": { "texture": "#iron", "uv": [ 5.5, 3.5, 6.0, 4.0 ] },
										"east": { "texture": "#iron", "uv": [ 2.0, 7.0, 4.0, 7.5 ] },
										"south": { "texture": "#iron", "uv": [ 13.5, 4.0, 14.0, 4.5 ] },
										"west": { "texture": "#iron", "uv": [ 5.0, 2.0, 7.0, 2.5 ] },
										"up": { "texture": "#iron", "uv": [ 4.0, 9.5, 4.5, 11.5 ] },
										"down": { "texture": "#iron", "uv": [ 11.0, 0.5, 11.5, 2.5 ] }
									}
								},
								{
									"name": "nail35",
									"from": [ 1.5, -2.5, 0.0 ],
									"to": [ 1.9, -2.1, 2.2 ],
									"rotationOrigin": [ 1.7, -2.3, 1.1 ],
									"faces": {
										"north": { "texture": "#iron", "uv": [ 8.0, 13.0, 8.5, 13.5 ] },
										"east": { "texture": "#iron", "uv": [ 9.5, 11.0, 11.5, 11.5 ] },
										"south": { "texture": "#iron", "uv": [ 0.0, 13.5, 0.5, 14.0 ] },
										"west": { "texture": "#iron", "uv": [ 11.0, 15.0, 13.0, 15.5 ] },
										"up": { "texture": "#iron", "uv": [ 13.5, 2.5, 14.0, 4.5 ] },
										"down": { "texture": "#iron", "uv": [ 12.5, 4.0, 13.0, 6.0 ] }
									}
								},
								{
									"name": "nail36",
									"from": [ 0.0, -2.5, 0.0 ],
									"to": [ 0.4, -2.1, 2.2 ],
									"rotationOrigin": [ 0.2, -2.3, 1.1 ],
									"faces": {
										"north": { "texture": "#iron", "uv": [ 0.5, 3.5, 1.0, 4.0 ] },
										"east": { "texture": "#iron", "uv": [ 12.0, 8.0, 14.0, 8.5 ] },
										"south": { "texture": "#iron", "uv": [ 5.0, 8.0, 5.5, 8.5 ] },
										"west": { "texture": "#iron", "uv": [ 10.0, 13.5, 12.0, 14.0 ] },
										"up": { "texture": "#iron", "uv": [ 13.5, 5.5, 14.0, 7.5 ] },
										"down": { "texture": "#iron", "uv": [ 6.5, 11.0, 7.0, 13.0 ] }
									}
								}
							]
						}
					]
				}
			]
		}
	],
	"animations": [
		{
			"name": "opened",
			"code": "opened",
			"quantityframes": 2,
			"onActivityStopped": "Rewind",
			"onAnimationEnd": "Hold",
			"keyframes": [
				{
					"frame": 0,
					"elements": {
						"origin": { "rotationX": 0.0, "rotationY": 90.0, "rotationZ": 0.0 }
					}
				}
			]
		}
	]
}