{
	"editor": {
		"collapsedPaths": "Root/Origin/Origin2,Root/Front,Root/Origin/viewblocker",
		"allAngles": false,
		"entityTextureMode": false
	},
	"textureWidth": 16,
	"textureHeight": 16,
	"textureSizes": {
	},
	
	"elements": [
		{
			"name": "Front",
			"from": [ 8.0, 32.0, 0.0 ],
			"to": [ 8.0, 32.0, 1.0 ],
			"rotationOrigin": [ 8.0, 0.0, 0.0 ],
			"faces": {
				"north": { "texture": "#granite", "uv": [ 0.0, 0.0, 0.5, 0.5 ] },
				"east": { "texture": "#granite", "uv": [ 0.0, 0.0, 1.0, 0.5 ] },
				"south": { "texture": "#granite", "uv": [ 0.0, 0.0, 0.5, 0.5 ] },
				"west": { "texture": "#granite", "uv": [ 0.0, 0.0, 1.0, 0.5 ] },
				"up": { "texture": "#granite", "uv": [ 0.0, 0.0, 0.5, 1.0 ] },
				"down": { "texture": "#granite", "uv": [ 0.0, 0.0, 0.5, 1.0 ] }
			},
			"children": [
				{
					"name": "RightArchOrigin",
					"from": [ 8.0, 0.0, 16.0 ],
					"to": [ 8.0, 0.0, 16.0 ],
					"rotationOrigin": [ 8.0, 0.0, 16.0 ],
					"faces": {
						"north": { "texture": "#granite", "uv": [ 0.0, 0.0, 0.5, 0.5 ] },
						"east": { "texture": "#granite", "uv": [ 0.0, 0.0, 0.5, 0.5 ] },
						"south": { "texture": "#granite", "uv": [ 0.0, 0.0, 0.5, 0.5 ] },
						"west": { "texture": "#granite", "uv": [ 0.0, 0.0, 0.5, 0.5 ] },
						"up": { "texture": "#granite", "uv": [ 0.0, 0.0, 0.5, 0.5 ] },
						"down": { "texture": "#granite", "uv": [ 0.0, 0.0, 0.5, 0.5 ] }
					},
					"children": [
						{
							"name": "RA.1",
							"from": [ -1.0, -1.0, -1.0 ],
							"to": [ 2.0, 3.0, 1.0 ],
							"rotationOrigin": [ -1.0, -1.0, -1.0 ],
							"rotationZ": 2.0,
							"faces": {
								"north": { "texture": "#granite", "uv": [ 12.5, 0.0, 15.5, 4.0 ] },
								"east": { "texture": "#granite", "uv": [ 0.0, 0.0, 2.0, 4.0 ] },
								"south": { "texture": "#granite", "uv": [ 13.0, 5.0, 16.0, 9.0 ], "rotation": 180 },
								"west": { "texture": "#granite", "uv": [ 0.0, 0.0, 2.0, 4.0 ] },
								"up": { "texture": "#granite", "uv": [ 0.0, 0.0, 3.0, 2.0 ] },
								"down": { "texture": "#granite", "uv": [ 0.0, 0.0, 3.0, 2.0 ] }
							}
						},
						{
							"name": "RA.2",
							"from": [ -1.1152, 3.298, -1.0 ],
							"to": [ 1.8848, 6.298, 1.0 ],
							"rotationOrigin": [ -1.1152, 3.298, -1.0 ],
							"rotationZ": 9.0,
							"faces": {
								"north": { "texture": "#granite", "uv": [ 0.0, 0.0, 3.0, 3.0 ], "rotation": 180 },
								"east": { "texture": "#granite", "uv": [ 0.0, 0.0, 2.0, 3.0 ] },
								"south": { "texture": "#granite", "uv": [ 13.0, 3.5, 16.0, 6.5 ], "rotation": 180 },
								"west": { "texture": "#granite", "uv": [ 0.0, 0.0, 2.0, 3.0 ] },
								"up": { "texture": "#granite", "uv": [ 0.0, 0.0, 3.0, 2.0 ] },
								"down": { "texture": "#granite", "uv": [ 0.0, 0.0, 3.0, 2.0 ] }
							}
						},
						{
							"name": "RA.3",
							"from": [ -1.63, 6.4856, -1.0 ],
							"to": [ 1.37, 9.4856, 1.0 ],
							"rotationOrigin": [ -1.6267, 6.4856, -1.0 ],
							"rotationZ": 26.0,
							"faces": {
								"north": { "texture": "#granite", "uv": [ 0.0, 0.0, 3.0, 3.0 ] },
								"east": { "texture": "#granite", "uv": [ 0.0, 0.0, 2.0, 3.0 ] },
								"south": { "texture": "#granite", "uv": [ 13.0, 3.0, 16.0, 6.0 ], "rotation": 180 },
								"west": { "texture": "#granite", "uv": [ 0.0, 0.0, 2.0, 3.0 ] },
								"up": { "texture": "#granite", "uv": [ 0.0, 0.0, 3.0, 2.0 ] },
								"down": { "texture": "#granite", "uv": [ 0.0, 0.0, 3.0, 2.0 ] }
							}
						},
						{
							"name": "RA.4",
							"from": [ -3.03, 9.36, -1.0 ],
							"to": [ -0.03, 12.36, 1.0 ],
							"rotationOrigin": [ -3.0344, 9.3558, -1.0 ],
							"rotationZ": 37.0,
							"faces": {
								"north": { "texture": "#granite", "uv": [ 0.0, 0.0, 3.0, 3.0 ] },
								"east": { "texture": "#granite", "uv": [ 0.0, 0.0, 2.0, 3.0 ] },
								"south": { "texture": "#granite", "uv": [ 13.0, 7.5, 16.0, 10.5 ], "rotation": 180 },
								"west": { "texture": "#granite", "uv": [ 0.0, 0.0, 2.0, 3.0 ] },
								"up": { "texture": "#granite", "uv": [ 0.0, 0.0, 3.0, 2.0 ] },
								"down": { "texture": "#granite", "uv": [ 0.0, 0.0, 3.0, 2.0 ] }
							}
						},
						{
							"name": "RA.5",
							"from": [ -5.03, 11.96, -1.0 ],
							"to": [ -2.03, 14.96, 1.0 ],
							"rotationOrigin": [ -5.0344, 11.9558, -1.0 ],
							"rotationZ": 48.0,
							"faces": {
								"north": { "texture": "#granite", "uv": [ 0.0, 0.0, 3.0, 3.0 ] },
								"east": { "texture": "#granite", "uv": [ 0.0, 0.0, 2.0, 3.0 ] },
								"south": { "texture": "#granite", "uv": [ 13.0, 5.0, 16.0, 8.0 ], "rotation": 180 },
								"west": { "texture": "#granite", "uv": [ 0.0, 0.0, 2.0, 3.0 ] },
								"up": { "texture": "#granite", "uv": [ 0.0, 0.0, 3.0, 2.0 ] },
								"down": { "texture": "#granite", "uv": [ 0.0, 0.0, 3.0, 2.0 ] }
							}
						}
					]
				},
				{
					"name": "LeftArchOrigin",
					"from": [ -8.0, 0.0, 16.0 ],
					"to": [ -8.0, 0.0, 16.0 ],
					"rotationOrigin": [ -8.0, 0.0, 16.0 ],
					"faces": {
						"north": { "texture": "#granite", "uv": [ 0.0, 0.0, 0.5, 0.5 ] },
						"east": { "texture": "#granite", "uv": [ 0.0, 0.0, 0.5, 0.5 ] },
						"south": { "texture": "#granite", "uv": [ 0.0, 0.0, 0.5, 0.5 ] },
						"west": { "texture": "#granite", "uv": [ 0.0, 0.0, 0.5, 0.5 ] },
						"up": { "texture": "#granite", "uv": [ 0.0, 0.0, 0.5, 0.5 ] },
						"down": { "texture": "#granite", "uv": [ 0.0, 0.0, 0.5, 0.5 ] }
					},
					"children": [
						{
							"name": "LA.1",
							"from": [ -2.0, -1.0, -1.0 ],
							"to": [ 1.0, 3.0, 1.0 ],
							"rotationOrigin": [ 1.0, -1.0, -1.0 ],
							"rotationZ": -2.0,
							"faces": {
								"north": { "texture": "#granite", "uv": [ 5.0, 4.0, 8.0, 8.0 ] },
								"east": { "texture": "#granite", "uv": [ 0.0, 0.0, 2.0, 4.0 ] },
								"south": { "texture": "#granite", "uv": [ 13.0, 6.5, 16.0, 10.5 ] },
								"west": { "texture": "#granite", "uv": [ 0.0, 0.0, 2.0, 4.0 ] },
								"up": { "texture": "#granite", "uv": [ 0.0, 0.0, 3.0, 2.0 ] },
								"down": { "texture": "#granite", "uv": [ 0.0, 0.0, 3.0, 2.0 ] }
							}
						},
						{
							"name": "LA.2",
							"from": [ -1.92, 3.3, -1.0 ],
							"to": [ 1.08, 6.3, 1.0 ],
							"rotationOrigin": [ 1.0, 3.3, -1.0 ],
							"rotationZ": -8.0,
							"faces": {
								"north": { "texture": "#granite", "uv": [ 13.0, 6.0, 16.0, 9.0 ] },
								"east": { "texture": "#granite", "uv": [ 0.0, 0.0, 2.0, 3.0 ] },
								"south": { "texture": "#granite", "uv": [ 13.0, 8.5, 16.0, 11.5 ] },
								"west": { "texture": "#granite", "uv": [ 0.0, 0.0, 2.0, 3.0 ] },
								"up": { "texture": "#granite", "uv": [ 0.0, 0.0, 3.0, 2.0 ] },
								"down": { "texture": "#granite", "uv": [ 0.0, 0.0, 3.0, 2.0 ] }
							}
						},
						{
							"name": "LA.3",
							"from": [ -1.43, 6.49, -1.0 ],
							"to": [ 1.57, 9.49, 1.0 ],
							"rotationOrigin": [ 1.5, 6.4, -1.0 ],
							"rotationZ": -26.0,
							"faces": {
								"north": { "texture": "#granite", "uv": [ 3.5, 11.0, 6.5, 14.0 ] },
								"east": { "texture": "#granite", "uv": [ 0.0, 0.0, 2.0, 3.0 ] },
								"south": { "texture": "#granite", "uv": [ 13.0, 1.0, 16.0, 4.0 ] },
								"west": { "texture": "#granite", "uv": [ 0.0, 0.0, 2.0, 3.0 ] },
								"up": { "texture": "#granite", "uv": [ 0.0, 0.0, 3.0, 2.0 ] },
								"down": { "texture": "#granite", "uv": [ 0.0, 0.0, 3.0, 2.0 ] }
							}
						},
						{
							"name": "LA.4",
							"from": [ -0.03, 9.39, -1.0 ],
							"to": [ 2.97, 12.39, 1.0 ],
							"rotationOrigin": [ 2.9, 9.3, -1.0 ],
							"rotationZ": -37.0,
							"faces": {
								"north": { "texture": "#granite", "uv": [ 11.5, 3.5, 14.5, 6.5 ] },
								"east": { "texture": "#granite", "uv": [ 0.0, 0.0, 2.0, 3.0 ] },
								"south": { "texture": "#granite", "uv": [ 13.0, 3.5, 16.0, 6.5 ] },
								"west": { "texture": "#granite", "uv": [ 0.0, 0.0, 2.0, 3.0 ] },
								"up": { "texture": "#granite", "uv": [ 0.0, 0.0, 3.0, 2.0 ] },
								"down": { "texture": "#granite", "uv": [ 0.0, 0.0, 3.0, 2.0 ] }
							}
						},
						{
							"name": "LA.5",
							"from": [ 1.97, 11.99, -1.0 ],
							"to": [ 4.97, 14.99, 1.0 ],
							"rotationOrigin": [ 4.9, 11.9, -1.0 ],
							"rotationZ": -48.0,
							"faces": {
								"north": { "texture": "#granite", "uv": [ 13.5, 7.0, 16.5, 10.0 ] },
								"east": { "texture": "#granite", "uv": [ 0.0, 0.0, 2.0, 3.0 ] },
								"south": { "texture": "#granite", "uv": [ 13.0, 11.5, 16.0, 14.5 ] },
								"west": { "texture": "#granite", "uv": [ 0.0, 0.0, 2.0, 3.0 ] },
								"up": { "texture": "#granite", "uv": [ 0.0, 0.0, 3.0, 2.0 ] },
								"down": { "texture": "#granite", "uv": [ 0.0, 0.0, 3.0, 2.0 ] }
							}
						}
					]
				},
				{
					"name": "headstone",
					"from": [ -1.8, 14.7, 15.0 ],
					"to": [ 1.4, 18.0, 17.4 ],
					"rotationOrigin": [ 0.0, 16.5, 15.0 ],
					"rotationZ": 45.0,
					"faces": {
						"north": { "texture": "#granite", "uv": [ 0.0, 0.0, 3.0, 3.0 ] },
						"east": { "texture": "#granite", "uv": [ 14.0, 0.5, 16.0, 3.5 ] },
						"south": { "texture": "#granite", "uv": [ 13.0, 13.0, 16.0, 16.0 ], "rotation": 90 },
						"west": { "texture": "#granite", "uv": [ 6.5, 3.0, 8.5, 6.0 ] },
						"up": { "texture": "#granite", "uv": [ 14.0, 5.0, 16.0, 8.0 ], "rotation": 270 },
						"down": { "texture": "#granite", "uv": [ 0.0, 0.0, 3.0, 2.0 ] }
					}
				},
				{
					"name": "Back",
					"from": [ 0.0, 0.0, -16.0 ],
					"to": [ 0.0, 0.0, -15.0 ],
					"rotationOrigin": [ 0.0, 0.0, -16.0 ],
					"faces": {
						"north": { "texture": "#granite", "uv": [ 0.0, 0.0, 0.5, 0.5 ] },
						"east": { "texture": "#granite", "uv": [ 0.0, 0.0, 1.0, 0.5 ] },
						"south": { "texture": "#granite", "uv": [ 0.0, 0.0, 0.5, 0.5 ] },
						"west": { "texture": "#granite", "uv": [ 0.0, 0.0, 1.0, 0.5 ] },
						"up": { "texture": "#granite", "uv": [ 0.0, 0.0, 0.5, 1.0 ] },
						"down": { "texture": "#granite", "uv": [ 0.0, 0.0, 0.5, 1.0 ] }
					},
					"children": [
						{
							"name": "RightArchOrigin2",
							"from": [ 8.0, 0.0, 16.0 ],
							"to": [ 8.0, 0.0, 16.0 ],
							"rotationOrigin": [ 8.0, 0.0, 16.0 ],
							"faces": {
							},
							"children": [
								{
									"name": "RA.6",
									"from": [ -1.0, -1.0, -1.0 ],
									"to": [ 2.0, 3.0, 1.0 ],
									"rotationOrigin": [ -1.0, -1.0, -1.0 ],
									"rotationZ": 2.0,
									"faces": {
										"north": { "texture": "#granite", "uv": [ 13.0, 11.5, 16.0, 15.5 ] },
										"east": { "texture": "#granite", "uv": [ 0.0, 0.0, 2.0, 4.0 ] },
										"south": { "texture": "#granite", "uv": [ 13.0, 0.5, 16.0, 4.5 ] },
										"west": { "texture": "#granite", "uv": [ 0.0, 0.0, 2.0, 4.0 ] },
										"up": { "texture": "#granite", "uv": [ 0.0, 0.0, 3.0, 2.0 ] },
										"down": { "texture": "#granite", "uv": [ 0.0, 0.0, 3.0, 2.0 ] }
									}
								},
								{
									"name": "RA.7",
									"from": [ -1.1152, 3.298, -1.0 ],
									"to": [ 1.8848, 6.298, 1.0 ],
									"rotationOrigin": [ -1.1152, 3.298, -1.0 ],
									"rotationZ": 9.0,
									"faces": {
										"north": { "texture": "#granite", "uv": [ 12.5, 6.0, 15.5, 9.0 ] },
										"east": { "texture": "#granite", "uv": [ 0.0, 0.0, 2.0, 3.0 ] },
										"south": { "texture": "#granite", "uv": [ 0.5, 0.0, 3.5, 3.0 ] },
										"west": { "texture": "#granite", "uv": [ 0.0, 0.0, 2.0, 3.0 ] },
										"up": { "texture": "#granite", "uv": [ 0.0, 0.0, 3.0, 2.0 ] },
										"down": { "texture": "#granite", "uv": [ 0.0, 0.0, 3.0, 2.0 ] }
									}
								},
								{
									"name": "RA.8",
									"from": [ -1.63, 6.4856, -1.0 ],
									"to": [ 1.37, 9.4856, 1.0 ],
									"rotationOrigin": [ -1.6267, 6.4856, -1.0 ],
									"rotationZ": 26.0,
									"faces": {
										"north": { "texture": "#granite", "uv": [ 13.0, 6.5, 16.0, 9.5 ] },
										"east": { "texture": "#granite", "uv": [ 0.0, 0.0, 2.0, 3.0 ] },
										"south": { "texture": "#granite", "uv": [ 0.0, 0.0, 3.0, 3.0 ] },
										"west": { "texture": "#granite", "uv": [ 0.0, 0.0, 2.0, 3.0 ] },
										"up": { "texture": "#granite", "uv": [ 0.0, 0.0, 3.0, 2.0 ] },
										"down": { "texture": "#granite", "uv": [ 0.0, 0.0, 3.0, 2.0 ] }
									}
								},
								{
									"name": "RA.9",
									"from": [ -3.03, 9.36, -1.0 ],
									"to": [ -0.03, 12.36, 1.0 ],
									"rotationOrigin": [ -3.0344, 9.3558, -1.0 ],
									"rotationZ": 37.0,
									"faces": {
										"north": { "texture": "#granite", "uv": [ 13.0, 9.0, 16.0, 12.0 ] },
										"east": { "texture": "#granite", "uv": [ 0.0, 0.0, 2.0, 3.0 ] },
										"south": { "texture": "#granite", "uv": [ 0.0, 0.0, 3.0, 3.0 ] },
										"west": { "texture": "#granite", "uv": [ 0.0, 0.0, 2.0, 3.0 ] },
										"up": { "texture": "#granite", "uv": [ 0.0, 0.0, 3.0, 2.0 ] },
										"down": { "texture": "#granite", "uv": [ 0.0, 0.0, 3.0, 2.0 ] }
									}
								},
								{
									"name": "RA.10",
									"from": [ -5.03, 11.96, -1.0 ],
									"to": [ -2.03, 14.96, 1.0 ],
									"rotationOrigin": [ -5.0344, 11.9558, -1.0 ],
									"rotationZ": 48.0,
									"faces": {
										"north": { "texture": "#granite", "uv": [ 13.0, 12.0, 16.0, 15.0 ] },
										"east": { "texture": "#granite", "uv": [ 0.0, 0.0, 2.0, 3.0 ] },
										"south": { "texture": "#granite", "uv": [ 0.0, 0.0, 3.0, 3.0 ] },
										"west": { "texture": "#granite", "uv": [ 0.0, 0.0, 2.0, 3.0 ] },
										"up": { "texture": "#granite", "uv": [ 0.0, 0.0, 3.0, 2.0 ] },
										"down": { "texture": "#granite", "uv": [ 0.0, 0.0, 3.0, 2.0 ] }
									}
								}
							]
						},
						{
							"name": "LeftArchOrigin2",
							"from": [ -8.0, 0.0, 16.0 ],
							"to": [ -8.0, 0.0, 16.0 ],
							"rotationOrigin": [ -8.0, 0.0, 16.0 ],
							"faces": {
							},
							"children": [
								{
									"name": "LA.6",
									"from": [ -2.0, -1.0, -1.0 ],
									"to": [ 1.0, 3.0, 1.0 ],
									"rotationOrigin": [ 1.0, -1.0, -1.0 ],
									"rotationZ": -2.0,
									"faces": {
										"north": { "texture": "#granite", "uv": [ 12.0, 12.5, 16.0, 15.5 ], "rotation": 90 },
										"east": { "texture": "#granite", "uv": [ 0.0, 0.0, 2.0, 4.0 ] },
										"south": { "texture": "#granite", "uv": [ 0.0, 0.0, 3.0, 4.0 ] },
										"west": { "texture": "#granite", "uv": [ 0.0, 0.0, 2.0, 4.0 ] },
										"up": { "texture": "#granite", "uv": [ 0.0, 0.0, 3.0, 2.0 ] },
										"down": { "texture": "#granite", "uv": [ 0.0, 0.0, 3.0, 2.0 ] }
									}
								},
								{
									"name": "LA.7",
									"from": [ -1.92, 3.3, -1.0 ],
									"to": [ 1.08, 6.3, 1.0 ],
									"rotationOrigin": [ 1.0, 3.3, -1.0 ],
									"rotationZ": -8.0,
									"faces": {
										"north": { "texture": "#granite", "uv": [ 13.0, 0.5, 16.0, 3.5 ], "rotation": 180 },
										"east": { "texture": "#granite", "uv": [ 0.0, 0.0, 2.0, 3.0 ] },
										"south": { "texture": "#granite", "uv": [ 0.0, 0.0, 3.0, 3.0 ] },
										"west": { "texture": "#granite", "uv": [ 0.0, 0.0, 2.0, 3.0 ] },
										"up": { "texture": "#granite", "uv": [ 0.0, 0.0, 3.0, 2.0 ] },
										"down": { "texture": "#granite", "uv": [ 0.0, 0.0, 3.0, 2.0 ] }
									}
								},
								{
									"name": "LA.8",
									"from": [ -1.43, 6.49, -1.0 ],
									"to": [ 1.57, 9.49, 1.0 ],
									"rotationOrigin": [ 1.5, 6.4, -1.0 ],
									"rotationZ": -26.0,
									"faces": {
										"north": { "texture": "#granite", "uv": [ 13.0, 8.5, 16.0, 11.5 ], "rotation": 180 },
										"east": { "texture": "#granite", "uv": [ 0.0, 0.0, 2.0, 3.0 ] },
										"south": { "texture": "#granite", "uv": [ 0.0, 0.0, 3.0, 3.0 ] },
										"west": { "texture": "#granite", "uv": [ 0.0, 0.0, 2.0, 3.0 ] },
										"up": { "texture": "#granite", "uv": [ 0.0, 0.0, 3.0, 2.0 ] },
										"down": { "texture": "#granite", "uv": [ 0.0, 0.0, 3.0, 2.0 ] }
									}
								},
								{
									"name": "LA.9",
									"from": [ -0.03, 9.39, -1.0 ],
									"to": [ 2.97, 12.39, 1.0 ],
									"rotationOrigin": [ 2.9, 9.3, -1.0 ],
									"rotationZ": -37.0,
									"faces": {
										"north": { "texture": "#granite", "uv": [ 13.0, 7.0, 16.0, 10.0 ], "rotation": 180 },
										"east": { "texture": "#granite", "uv": [ 0.0, 0.0, 2.0, 3.0 ] },
										"south": { "texture": "#granite", "uv": [ 0.0, 0.0, 3.0, 3.0 ] },
										"west": { "texture": "#granite", "uv": [ 0.0, 0.0, 2.0, 3.0 ] },
										"up": { "texture": "#granite", "uv": [ 0.0, 0.0, 3.0, 2.0 ] },
										"down": { "texture": "#granite", "uv": [ 0.0, 0.0, 3.0, 2.0 ] }
									}
								},
								{
									"name": "LA.10",
									"from": [ 1.97, 11.99, -1.0 ],
									"to": [ 4.97, 14.99, 1.0 ],
									"rotationOrigin": [ 4.9, 11.9, -1.0 ],
									"rotationZ": -48.0,
									"faces": {
										"north": { "texture": "#granite", "uv": [ 13.0, 8.5, 16.0, 11.5 ], "rotation": 180 },
										"east": { "texture": "#granite", "uv": [ 0.0, 0.0, 2.0, 3.0 ] },
										"south": { "texture": "#granite", "uv": [ 0.0, 0.0, 3.0, 3.0 ] },
										"west": { "texture": "#granite", "uv": [ 0.0, 0.0, 2.0, 3.0 ] },
										"up": { "texture": "#granite", "uv": [ 0.0, 0.0, 3.0, 2.0 ] },
										"down": { "texture": "#granite", "uv": [ 0.0, 0.0, 3.0, 2.0 ] }
									}
								}
							]
						},
						{
							"name": "headstone2",
							"from": [ -1.8, 14.7, 15.0 ],
							"to": [ 1.4, 18.0, 17.4 ],
							"rotationOrigin": [ 0.0, 16.5, 15.0 ],
							"rotationZ": 45.0,
							"faces": {
								"north": { "texture": "#granite", "uv": [ 13.0, 12.5, 16.0, 15.5 ] },
								"east": { "texture": "#granite", "uv": [ 14.0, 2.5, 16.0, 5.5 ], "rotation": 180 },
								"south": { "texture": "#granite", "uv": [ 12.5, 9.5, 15.5, 12.5 ] },
								"west": { "texture": "#granite", "uv": [ 0.0, 0.0, 2.0, 3.0 ] },
								"up": { "texture": "#granite", "uv": [ 14.0, 2.0, 16.0, 5.0 ], "rotation": 90 },
								"down": { "texture": "#granite", "uv": [ 0.5, 0.0, 3.5, 2.0 ] }
							}
						}
					]
				},
				{
					"name": "viewblocker",
					"from": [ -8.0, 14.0, 0.0 ],
					"to": [ 8.0, 16.0, 16.0 ],
					"rotationOrigin": [ -8.0, 14.0, 0.0 ],
					"faces": {
						"north": { "texture": "#granite", "uv": [ 0.0, 0.0, 16.0, 2.0 ] },
						"south": { "texture": "#granite", "uv": [ 0.0, 0.0, 16.0, 2.0 ], "windMode": [-1,-1,-1,-1], "windData": [0,0,1,1] },
						"up": { "texture": "#granite", "uv": [ 0.0, 0.0, 16.0, 16.0 ] }
					},
					"children": [
						{
							"name": "vb1.1",
							"from": [ 0.0, -2.0, 0.0 ],
							"to": [ 4.0, 0.0, 16.0 ],
							"rotationOrigin": [ 0.0, -2.0, 0.0 ],
							"faces": {
								"north": { "texture": "#granite", "uv": [ 0.0, 2.0, 4.0, 4.0 ] },
								"south": { "texture": "#granite", "uv": [ 0.0, 2.0, 4.0, 4.0 ] }
							}
						},
						{
							"name": "vb1.2",
							"from": [ 12.0, -2.0, 0.0 ],
							"to": [ 16.0, 0.0, 16.0 ],
							"rotationOrigin": [ 12.0, -2.0, 0.0 ],
							"faces": {
								"north": { "texture": "#granite", "uv": [ 0.0, 2.0, 4.0, 4.0 ] },
								"south": { "texture": "#granite", "uv": [ 0.0, 2.0, 4.0, 4.0 ] }
							}
						},
						{
							"name": "vb.13",
							"from": [ 14.0, -6.0, 0.0 ],
							"to": [ 16.0, -2.0, 16.0 ],
							"rotationOrigin": [ 14.0, -6.0, 0.0 ],
							"faces": {
								"north": { "texture": "#granite", "uv": [ 0.0, 4.0, 2.0, 8.0 ] },
								"south": { "texture": "#granite", "uv": [ 0.0, 4.0, 2.0, 8.0 ] }
							}
						},
						{
							"name": "vb1.4",
							"from": [ 0.0, -6.0, 0.0 ],
							"to": [ 2.0, -2.0, 16.0 ],
							"rotationOrigin": [ 0.0, -6.0, 0.0 ],
							"faces": {
								"north": { "texture": "#granite", "uv": [ 0.0, 4.0, 2.0, 8.0 ] },
								"south": { "texture": "#granite", "uv": [ 0.0, 4.0, 2.0, 8.0 ] }
							}
						},
						{
							"name": "vb2",
							"from": [ 0.0, -14.0, 0.0 ],
							"to": [ 0.0, 2.0, 16.0 ],
							"rotationOrigin": [ 0.0, 2.0, 0.0 ],
							"faces": {
								"west": { "texture": "#granite", "uv": [ 0.0, 0.0, 16.0, 16.0 ] }
							}
						},
						{
							"name": "vb3",
							"from": [ 16.0, -14.0, 0.0 ],
							"to": [ 16.0, 2.0, 16.0 ],
							"rotationOrigin": [ 0.0, 2.0, 0.0 ],
							"faces": {
								"east": { "texture": "#granite", "uv": [ 0.0, 0.0, 16.0, 16.0 ] }
							}
						}
					]
				},
				{
					"name": "Inside1",
					"from": [ 8.0, 0.0, -0.05 ],
					"to": [ 10.0, 4.0, 16.05 ],
					"rotationOrigin": [ 8.0, 0.0, -0.4 ],
					"rotationZ": 3.0,
					"faces": {
						"north": { "texture": "#granite", "uv": [ 0.0, 0.0, 2.0, 4.0 ] },
						"south": { "texture": "#granite", "uv": [ 0.0, 0.0, 2.0, 4.0 ] },
						"west": { "texture": "#granite", "uv": [ 0.0, 11.5, 16.0, 15.5 ] }
					},
					"children": [
						{
							"name": "Inside2",
							"from": [ 0.0096, 4.005, 0.0 ],
							"to": [ 2.0096, 8.005, 16.1 ],
							"rotationOrigin": [ 0.0096, 4.005, -0.35 ],
							"rotationZ": 10.0,
							"faces": {
								"north": { "texture": "#granite", "uv": [ 0.0, 0.0, 2.0, 4.0 ] },
								"south": { "texture": "#granite", "uv": [ 0.0, 0.0, 2.0, 4.0 ] },
								"west": { "texture": "#granite", "uv": [ 0.0, 7.25, 16.0, 11.25 ] }
							}
						},
						{
							"name": "Inside3",
							"from": [ -0.685, 7.9467, 0.0 ],
							"to": [ 1.315, 11.9467, 16.1 ],
							"rotationOrigin": [ -0.685, 7.9467, -0.35 ],
							"rotationZ": 30.0,
							"faces": {
								"north": { "texture": "#granite", "uv": [ 0.0, 0.0, 2.0, 4.0 ] },
								"south": { "texture": "#granite", "uv": [ 0.0, 0.0, 2.0, 4.0 ] },
								"west": { "texture": "#granite", "uv": [ 0.0, 3.25, 16.0, 7.25 ] }
							}
						},
						{
							"name": "Inside4",
							"from": [ -2.7141, 11.3972, 0.0 ],
							"to": [ -0.7141, 15.3972, 16.1 ],
							"rotationOrigin": [ -2.7041, 11.4572, -0.35 ],
							"rotationZ": 42.0,
							"faces": {
								"north": { "texture": "#granite", "uv": [ 0.0, 0.0, 2.0, 4.0 ] },
								"south": { "texture": "#granite", "uv": [ 0.0, 0.0, 2.0, 4.0 ] },
								"west": { "texture": "#granite", "uv": [ 0.0, 7.25, 16.0, 11.25 ] }
							}
						},
						{
							"name": "Inside5",
							"from": [ -9.2563, 14.3995, 0.0 ],
							"to": [ -5.2563, 16.3995, 16.1 ],
							"rotationOrigin": [ -7.2563, 14.3995, -0.35 ],
							"rotationZ": -3.0,
							"faces": {
								"down": { "texture": "#granite", "uv": [ 6.0, 0.0, 10.0, 16.0 ], "rotation": 180, "windMode": [-1,-1,-1,-1] }
							}
						},
						{
							"name": "Inside6",
							"from": [ -15.9781, -3.1626, 0.0 ],
							"to": [ -13.9781, 0.8374, 16.1 ],
							"rotationOrigin": [ -15.9781, 0.8374, -0.35 ],
							"rotationZ": 174.0,
							"faces": {
								"north": { "texture": "#granite", "uv": [ 0.0, 0.0, 2.0, 4.0 ] },
								"south": { "texture": "#granite", "uv": [ 0.0, 0.0, 2.0, 4.0 ] },
								"west": { "texture": "#granite", "uv": [ 0.0, 12.0, 16.0, 16.0 ], "rotation": 180, "windMode": [-1,-1,-1,-1] }
							}
						},
						{
							"name": "Inside7",
							"from": [ -15.569, 0.8214, 0.0 ],
							"to": [ -13.569, 4.8214, 16.1 ],
							"rotationOrigin": [ -15.569, 4.8214, -0.35 ],
							"rotationZ": 164.0,
							"faces": {
								"north": { "texture": "#granite", "uv": [ 0.0, 0.0, 2.0, 4.0 ] },
								"south": { "texture": "#granite", "uv": [ 0.0, 0.0, 2.0, 4.0 ] },
								"west": { "texture": "#granite", "uv": [ 0.0, 8.0, 16.0, 12.0 ], "rotation": 180 }
							}
						},
						{
							"name": "Inside8",
							"from": [ -14.4661, 4.669, 0.0 ],
							"to": [ -12.4661, 8.669, 16.1 ],
							"rotationOrigin": [ -14.4661, 8.669, -0.35 ],
							"rotationZ": 144.0,
							"faces": {
								"north": { "texture": "#granite", "uv": [ 0.0, 0.0, 2.0, 4.0 ] },
								"south": { "texture": "#granite", "uv": [ 0.0, 0.0, 2.0, 4.0 ] },
								"west": { "texture": "#granite", "uv": [ 0.0, 4.0, 16.0, 8.0 ], "rotation": 180 }
							}
						},
						{
							"name": "Inside9",
							"from": [ -12.1963, 7.8546, 0.0 ],
							"to": [ -10.1963, 11.8546, 16.1 ],
							"rotationOrigin": [ -12.1963, 11.8546, -0.35 ],
							"rotationZ": 132.0,
							"faces": {
								"north": { "texture": "#granite", "uv": [ 0.0, 0.0, 2.0, 4.0 ] },
								"south": { "texture": "#granite", "uv": [ 0.0, 0.0, 2.0, 4.0 ] },
								"west": { "texture": "#granite", "uv": [ 0.5, 0.5, 16.5, 4.5 ], "rotation": 180 }
							}
						}
					]
				}
			]
		}
	]}