{
	"code": "stonetile",
	"class": "BlockSimpleCoating",
	"behaviors": [
		{
		"name": "Decor",
		"properties": {
			"sides": [ "north", "east", "south", "west", "up", "down" ],
			"sidedVariants": true,
			"thickness": 0.0312,
			"removable": true }
		}
	],
	"attributes": {
		"handbook": {
		       "groupBy": [ "stonetile-normal-*", "stonetile-shiny-*" ],
			"extraSections": [ { "title": "game:handbook-item-usage", "text": "handbook-item-usage-stonetile" } ]
		}
	},
	"variantgroups": [
		{ "code": "type", "states": [ "normal", "shiny" ] },
		{ "code": "rock", "states": [ "whitemarble", "greenmarble", "redmarble", "suevite", "kimberlite", "obsidian" ], "loadFromProperties": "block/rock" },
		{ "code": "side", "states": [ "north", "east", "south", "west", "up", "down" ] }
	],
	"shapeByType": {
		"stonetile-normal-*-down": { "base": "bricklayers:block/basic/layers/05voxel" },
		"stonetile-normal-*-up": { "base": "bricklayers:block/basic/layers/05voxel", "rotateX": 180 },
		"stonetile-normal-*-north": { "base": "bricklayers:block/basic/layers/05voxel", "rotateX": 90 },
		"stonetile-normal-*-east": { "base": "bricklayers:block/basic/layers/05voxel", "rotateX": 90, "rotateY": 180, "rotateZ": 270 },
		"stonetile-normal-*-west": { "base": "bricklayers:block/basic/layers/05voxel", "rotateX": 90, "rotateY": 0, "rotateZ": 270 },
		"stonetile-normal-*-south": { "base": "bricklayers:block/basic/layers/05voxel", "rotateX": 270 },
		"stonetile-shiny-*-down": { "base": "bricklayers:block/basic/layers/05voxel_shiny" },
		"stonetile-shiny-*-up": { "base": "bricklayers:block/basic/layers/05voxel_shiny", "rotateX": 180 },
		"stonetile-shiny-*-north": { "base": "bricklayers:block/basic/layers/05voxel_shiny", "rotateX": 90 },
		"stonetile-shiny-*-east": { "base": "bricklayers:block/basic/layers/05voxel_shiny", "rotateX": 90, "rotateY": 180, "rotateZ": 270 },
		"stonetile-shiny-*-west": { "base": "bricklayers:block/basic/layers/05voxel_shiny", "rotateX": 90, "rotateY": 0, "rotateZ": 270 },
		"stonetile-shiny-*-south": { "base": "bricklayers:block/basic/layers/05voxel_shiny", "rotateX": 270 }
	},
	"sidesolidByType": {
		"*-down": { "all": false, "down": true },
		"*-up": { "all": false, "up": true },
		"*-north": { "all": false, "north": true },
		"*-east": { "all": false, "east": true },
		"*-west": { "all": false, "west": true },
		"*-south": { "all": false, "south": true }
	},
	"sideopaqueByType": {
		"*-down": { "all": false, "down": true },
		"*-up": { "all": false, "up": true },
		"*-north": { "all": false, "north": true },
		"*-east": { "all": false, "east": true },
		"*-west": { "all": false, "west": true },
		"*-south": { "all": false, "south": true }
	},
	"blockmaterial": "Stone",
	"creativeinventory": { "general": ["*-down"], "decorative": ["*-down"] },
	"replaceable": 700,
	"resistance": 1,
	"lightAbsorption": 1,
	"emitSideAo": { "all": false },
	"texturesByType": {
		"*-obsidian-*": {
			"all": { "base": "bricklayers:block/stone/polishedrock/obsidian-inside" },
			"down": { "base": "bricklayers:block/stone/polishedrock/obsidian_*" },
			"up": { "base": "bricklayers:block/stone/polishedrock/obsidian_*" }
		},
		"*": {
			"all": { "base": "game:block/stone/polishedrock/{rock}-inside" },
			"down": { "base": "game:block/stone/polishedrock/{rock}" },
			"up": { "base": "game:block/stone/polishedrock/{rock}" }
		}
	},
	"vertexFlags": { "zOffset": 1 },
	"selectionbox": {
		"x1": 0, "y1": 0, "z1": 0, "x2": 1, "y2": 0.0312, "z2": 1,
		"rotateXByType": {
			"*-up": 180,
			"*-north": 90,
			"*-east": 90,
			"*-west": 90,
			"*-south": 270
		},
		"rotateYByType": {
			"*-east": 180,
			"*-west": 0
		},
		"rotateZByType": {
			"*-east": 270,
			"*-west": 270
		}
	},
	"collisionbox": {
		"x1": 0, "y1": 0, "z1": 0, "x2": 1, "y2": 0.0312, "z2": 1,
		"rotateXByType": {
			"*-up": 180,
			"*-north": 90,
			"*-east": 90,
			"*-west": 90,
			"*-south": 270
		},
		"rotateYByType": {
			"*-east": 180,
			"*-west": 0
		},
		"rotateZByType": {
			"*-east": 270,
			"*-west": 270
		}
	},
	"sounds": {
		"place": "game:block/ceramicplace",
		"break": "game:block/rock-break-pickaxe",
		"hit": "game:block/rock-hit-pickaxe",
		"walk": "game:walk/stone"
	},
	"materialDensity": 2500,
	"guiTransform": {
		"translation": { "x": 0, "y": 3, "z": 0 },
		"origin": { "x": 0.5, "y": 0.0312, "z": 0.5 }
	},
	"tpHandTransform": {
		"translation": { "x": -2, "y": -1, "z": -1.4 },
		"scale": 0.37
	}
}
