{
	"editor": {
		"collapsedPaths": "Root/_origin/origin,Root/_origin/WOOD",
		"allAngles": false,
		"entityTextureMode": false
	},
	"textureWidth": 16,
	"textureHeight": 16,
	"textureSizes": {
	},
	"textures": {
	},
	"elements": [
		{
			"name": "_origin2",
			"from": [ 0.0, 0.0, 0.0 ],
			"to": [ 0.0, 0.0, 0.0 ],
			"rotationOrigin": [ 0.0, 0.0, 0.0 ],
			"rotationY": 180.0,
			"faces": {
				"north": { "texture": "#default", "uv": [ 0.0, 0.0, 0.5, 0.5 ] },
				"east": { "texture": "#default", "uv": [ 0.0, 0.0, 0.5, 0.5 ] },
				"south": { "texture": "#default", "uv": [ 0.0, 0.0, 0.5, 0.5 ] },
				"west": { "texture": "#default", "uv": [ 0.0, 0.0, 0.5, 0.5 ] },
				"up": { "texture": "#default", "uv": [ 0.0, 0.0, 0.5, 0.5 ] },
				"down": { "texture": "#default", "uv": [ 0.0, 0.0, 0.5, 0.5 ] }
			},
			"children": [
				{
					"name": "Cube2",
					"from": [ -3.5, 0.5, -2.2 ],
					"to": [ 1.5, 1.5, -1.2 ],
					"rotationOrigin": [ -3.5, 0.5, 1.0 ],
					"faces": {
						"north": { "texture": "#material1", "uv": [ 0.0, 0.0, 10.0, 2.0 ], "autoUv": false },
						"east": { "texture": "#material1", "uv": [ 0.0, 0.0, 2.0, 2.0 ], "autoUv": false },
						"south": { "texture": "#material1", "uv": [ 0.0, 0.0, 10.0, 2.0 ], "autoUv": false },
						"west": { "texture": "#material1", "uv": [ 0.0, 0.0, 2.0, 2.0 ], "autoUv": false },
						"up": { "texture": "#material1", "uv": [ 0.0, 0.0, 10.0, 2.0 ], "autoUv": false },
						"down": { "texture": "#material1", "uv": [ 0.0, 0.0, 10.0, 2.0 ], "autoUv": false }
					},
					"children": [
						{
							"name": "Cube3",
							"from": [ 0.0, -0.1, -0.1 ],
							"to": [ 0.5, 1.1, 1.1 ],
							"rotationOrigin": [ 0.0, -0.1, 3.1 ],
							"faces": {
								"north": { "texture": "#material1", "uv": [ 0.0, 0.0, 1.0, 2.0 ], "autoUv": false },
								"east": { "texture": "#material1", "uv": [ 0.0, 0.0, 2.0, 2.0 ], "autoUv": false },
								"south": { "texture": "#material1", "uv": [ 0.0, 0.0, 1.0, 2.0 ], "autoUv": false },
								"west": { "texture": "#material1", "uv": [ 0.0, 0.0, 2.0, 2.0 ], "autoUv": false },
								"up": { "texture": "#material1", "uv": [ 0.0, 0.0, 1.0, 2.0 ], "autoUv": false },
								"down": { "texture": "#material1", "uv": [ 0.0, 0.0, 1.0, 2.0 ], "autoUv": false }
							}
						},
						{
							"name": "Cube4",
							"from": [ 4.5, -0.1, -0.1 ],
							"to": [ 5.0, 1.1, 1.1 ],
							"rotationOrigin": [ 4.5, -0.1, 3.1 ],
							"faces": {
								"north": { "texture": "#material1", "uv": [ 0.0, 0.0, 1.0, 2.0 ], "autoUv": false },
								"east": { "texture": "#material1", "uv": [ 0.0, 0.0, 2.0, 2.0 ], "autoUv": false },
								"south": { "texture": "#material1", "uv": [ 0.0, 0.0, 1.0, 2.0 ], "autoUv": false },
								"west": { "texture": "#material1", "uv": [ 0.0, 0.0, 2.0, 2.0 ], "autoUv": false },
								"up": { "texture": "#material1", "uv": [ 0.0, 0.0, 1.0, 2.0 ], "autoUv": false },
								"down": { "texture": "#material1", "uv": [ 0.0, 0.0, 1.0, 2.0 ], "autoUv": false }
							}
						}
					]
				}
			]
		},
		{
			"name": "origin3",
			"from": [ -2.3, 0.7, 0.9 ],
			"to": [ -2.3, 0.7, 0.9 ],
			"rotationOrigin": [ -1.5, 1.0, 1.8 ],
			"rotationZ": 90.0,
			"faces": {
			},
			"children": [
				{
					"name": "Center",
					"from": [ 0.3, 0.25, 0.4 ],
					"to": [ 1.3, 2.0, 1.4 ],
					"rotationOrigin": [ 0.8, 0.25, 0.9 ],
					"faces": {
						"north": { "texture": "#gemstone", "uv": [ 0.0, 0.0, 2.0, 3.0 ], "autoUv": false },
						"east": { "texture": "#gemstone", "uv": [ 0.0, 0.0, 2.0, 3.0 ], "autoUv": false },
						"south": { "texture": "#gemstone", "uv": [ 0.0, 0.0, 2.0, 3.0 ], "autoUv": false },
						"west": { "texture": "#gemstone", "uv": [ 0.0, 0.0, 2.0, 3.0 ], "autoUv": false },
						"up": { "texture": "#gemstone", "uv": [ 0.0, 0.0, 2.0, 2.0 ], "autoUv": false },
						"down": { "texture": "#gemstone", "uv": [ 0.0, 0.0, 2.0, 2.0 ], "autoUv": false }
					}
				},
				{
					"name": "E-N",
					"from": [ 0.8, 0.5, 0.2 ],
					"to": [ 1.55, 1.75, 1.2 ],
					"rotationOrigin": [ -0.45, 0.7, -0.05 ],
					"faces": {
						"north": { "texture": "#gemstone", "uv": [ 0.0, 0.0, 1.0, 2.0 ], "autoUv": false },
						"east": { "texture": "#gemstone", "uv": [ 0.0, 0.0, 2.0, 2.0 ], "autoUv": false },
						"south": { "texture": "#gemstone", "uv": [ 0.0, 0.0, 1.0, 2.0 ], "autoUv": false },
						"west": { "texture": "#gemstone", "uv": [ 0.0, 0.0, 2.0, 2.0 ], "autoUv": false },
						"up": { "texture": "#gemstone", "uv": [ 0.0, 0.0, 1.0, 2.0 ], "autoUv": false },
						"down": { "texture": "#gemstone", "uv": [ 0.0, 0.0, 1.0, 2.0 ], "autoUv": false }
					}
				},
				{
					"name": "E",
					"from": [ 1.2, 0.3, 0.45 ],
					"to": [ 1.7, 1.3, 0.95 ],
					"rotationOrigin": [ 0.7, -0.95, -0.8 ],
					"faces": {
						"north": { "texture": "#gemstone", "uv": [ 0.0, 0.0, 1.0, 2.0 ], "autoUv": false },
						"east": { "texture": "#gemstone", "uv": [ 0.0, 0.0, 1.0, 2.0 ], "autoUv": false },
						"south": { "texture": "#gemstone", "uv": [ 0.0, 0.0, 1.0, 2.0 ], "autoUv": false },
						"west": { "texture": "#gemstone", "uv": [ 0.0, 0.0, 1.0, 2.0 ], "autoUv": false },
						"up": { "texture": "#gemstone", "uv": [ 0.0, 0.0, 1.0, 1.0 ], "autoUv": false },
						"down": { "texture": "#gemstone", "uv": [ 0.0, 0.0, 1.0, 1.0 ], "autoUv": false }
					}
				},
				{
					"name": "S",
					"from": [ 0.55, 0.25, 1.2 ],
					"to": [ 1.05, 1.75, 1.55 ],
					"rotationOrigin": [ 0.55, 0.25, 1.2 ],
					"faces": {
						"east": { "texture": "#gemstone", "uv": [ 0.0, 0.0, 1.0, 3.0 ], "autoUv": false },
						"south": { "texture": "#gemstone", "uv": [ 0.0, 0.0, 1.0, 3.0 ], "autoUv": false },
						"west": { "texture": "#gemstone", "uv": [ 0.0, 0.0, 1.0, 3.0 ], "autoUv": false },
						"up": { "texture": "#gemstone", "uv": [ 0.0, 0.0, 1.0, 1.0 ], "autoUv": false },
						"down": { "texture": "#gemstone", "uv": [ 0.0, 0.0, 1.0, 1.0 ], "autoUv": false }
					}
				},
				{
					"name": "W",
					"from": [ 0.05, 0.25, 0.65 ],
					"to": [ 0.3, 1.25, 1.15 ],
					"rotationOrigin": [ 0.05, 0.5, 0.65 ],
					"faces": {
						"north": { "texture": "#gemstone", "uv": [ 0.0, 0.0, 1.0, 2.0 ], "autoUv": false },
						"south": { "texture": "#gemstone", "uv": [ 0.0, 0.0, 1.0, 2.0 ], "autoUv": false },
						"west": { "texture": "#gemstone", "uv": [ 0.0, 0.0, 1.0, 2.0 ], "autoUv": false },
						"up": { "texture": "#gemstone", "uv": [ 0.0, 0.0, 1.0, 1.0 ], "autoUv": false },
						"down": { "texture": "#gemstone", "uv": [ 0.0, 0.0, 1.0, 1.0 ], "autoUv": false }
					}
				},
				{
					"name": "S2",
					"from": [ 0.45, 0.4, 1.3 ],
					"to": [ 0.85, 1.15, 1.65 ],
					"rotationOrigin": [ 0.7, 0.4, 1.3 ],
					"faces": {
						"east": { "texture": "#gemstone", "uv": [ 0.0, 0.0, 1.0, 1.0 ], "autoUv": false },
						"south": { "texture": "#gemstone", "uv": [ 0.0, 0.0, 1.0, 1.0 ], "autoUv": false },
						"west": { "texture": "#gemstone", "uv": [ 0.0, 0.0, 1.0, 1.0 ], "autoUv": false },
						"up": { "texture": "#gemstone", "uv": [ 0.0, 0.0, 1.0, 1.0 ], "autoUv": false },
						"down": { "texture": "#gemstone", "uv": [ 0.0, 0.0, 1.0, 1.0 ], "autoUv": false }
					}
				},
				{
					"name": "N",
					"from": [ 0.5, 0.25, 0.1 ],
					"to": [ 1.0, 1.0, 0.4 ],
					"rotationOrigin": [ 0.5, 0.5, 0.1 ],
					"faces": {
						"north": { "texture": "#gemstone", "uv": [ 0.0, 0.0, 1.0, 1.0 ], "autoUv": false },
						"east": { "texture": "#gemstone", "uv": [ 0.0, 0.0, 1.0, 1.0 ], "autoUv": false },
						"west": { "texture": "#gemstone", "uv": [ 0.0, 0.0, 1.0, 1.0 ], "autoUv": false },
						"up": { "texture": "#gemstone", "uv": [ 0.0, 0.0, 1.0, 1.0 ], "autoUv": false },
						"down": { "texture": "#gemstone", "uv": [ 0.0, 0.0, 1.0, 1.0 ], "autoUv": false }
					}
				}
			]
		},
		{
			"name": "Cube5",
			"from": [ 0.0, 0.0, 0.0 ],
			"to": [ 0.0, 0.0, 0.0 ],
			"rotationOrigin": [ 0.0, 0.0, 1.8 ],
			"faces": {
				"north": { "texture": "#null", "uv": [ 0.0, 0.0, 0.5, 0.5 ] },
				"east": { "texture": "#null", "uv": [ 0.0, 0.0, 0.5, 0.5 ] },
				"south": { "texture": "#null", "uv": [ 0.0, 0.0, 0.5, 0.5 ] },
				"west": { "texture": "#null", "uv": [ 0.0, 0.0, 0.5, 0.5 ] },
				"up": { "texture": "#null", "uv": [ 0.0, 0.0, 0.5, 0.5 ] },
				"down": { "texture": "#null", "uv": [ 0.0, 0.0, 0.5, 0.5 ] }
			},
			"children": [
				{
					"name": "fiber1",
					"from": [ -1.0, 0.3, 0.9 ],
					"to": [ -0.8, 1.7, 1.1 ],
					"rotationOrigin": [ -0.9, 0.3, 1.1 ],
					"rotationX": -180.0,
					"rotationY": 29.5,
					"rotationZ": -180.0,
					"faces": {
						"north": { "texture": "#fiber", "uv": [ 0.0, 0.0, 0.5, 1.0 ] },
						"east": { "texture": "#fiber", "uv": [ 0.0, 0.0, 0.5, 1.0 ] },
						"south": { "texture": "#fiber", "uv": [ 0.0, 0.0, 0.5, 1.0 ] },
						"west": { "texture": "#fiber", "uv": [ 0.0, 0.0, 0.5, 1.0 ] },
						"up": { "texture": "#fiber", "uv": [ 0.0, 0.0, 0.5, 0.5 ] },
						"down": { "texture": "#fiber", "uv": [ 0.0, 0.0, 0.5, 0.5 ] }
					},
					"children": [
						{
							"name": "fiber2",
							"from": [ 0.0, 1.4, 0.0 ],
							"to": [ 0.2, 2.6, 0.2 ],
							"rotationOrigin": [ 0.1, 1.4, 0.2 ],
							"rotationX": -86.0,
							"faces": {
								"north": { "texture": "#fiber", "uv": [ 0.0, 0.0, 0.5, 1.0 ] },
								"east": { "texture": "#fiber", "uv": [ 0.0, 0.0, 0.5, 1.0 ] },
								"south": { "texture": "#fiber", "uv": [ 0.0, 0.0, 0.5, 1.0 ] },
								"west": { "texture": "#fiber", "uv": [ 0.0, 0.0, 0.5, 1.0 ] },
								"up": { "texture": "#fiber", "uv": [ 0.0, 0.0, 0.5, 0.5 ] },
								"down": { "texture": "#fiber", "uv": [ 0.0, 0.0, 0.5, 0.5 ] }
							},
							"children": [
								{
									"name": "fiber3",
									"from": [ 0.0, 1.2, 0.0 ],
									"to": [ 0.2, 2.2, 0.2 ],
									"rotationOrigin": [ 0.1, 1.2, 0.2 ],
									"rotationX": -51.0,
									"faces": {
										"north": { "texture": "#fiber", "uv": [ 0.0, 0.0, 0.5, 1.0 ] },
										"east": { "texture": "#fiber", "uv": [ 0.0, 0.0, 0.5, 1.0 ] },
										"south": { "texture": "#fiber", "uv": [ 0.0, 0.0, 0.5, 1.0 ] },
										"west": { "texture": "#fiber", "uv": [ 0.0, 0.0, 0.5, 1.0 ] },
										"up": { "texture": "#fiber", "uv": [ 0.0, 0.0, 0.5, 0.5 ] },
										"down": { "texture": "#fiber", "uv": [ 0.0, 0.0, 0.5, 0.5 ] }
									},
									"children": [
										{
											"name": "fiber4",
											"from": [ 0.0, 1.0, 0.0 ],
											"to": [ 0.2, 1.6, 0.2 ],
											"rotationOrigin": [ 0.1, 1.0, 0.2 ],
											"rotationX": -55.0,
											"faces": {
												"north": { "texture": "#fiber", "uv": [ 0.0, 0.0, 0.5, 0.5 ] },
												"east": { "texture": "#fiber", "uv": [ 0.0, 0.0, 0.5, 0.5 ] },
												"south": { "texture": "#fiber", "uv": [ 0.0, 0.0, 0.5, 0.5 ] },
												"west": { "texture": "#fiber", "uv": [ 0.0, 0.0, 0.5, 0.5 ] },
												"up": { "texture": "#fiber", "uv": [ 0.0, 0.0, 0.5, 0.5 ] },
												"down": { "texture": "#fiber", "uv": [ 0.0, 0.0, 0.5, 0.5 ] }
											},
											"children": [
												{
													"name": "fiber5",
													"from": [ 0.0, 0.6, 0.0 ],
													"to": [ 0.2, 1.6, 0.2 ],
													"rotationOrigin": [ 0.1, 0.6, 0.2 ],
													"rotationX": -53.0,
													"faces": {
														"north": { "texture": "#fiber", "uv": [ 0.0, 0.0, 0.5, 1.0 ] },
														"east": { "texture": "#fiber", "uv": [ 0.0, 0.0, 0.5, 1.0 ] },
														"south": { "texture": "#fiber", "uv": [ 0.0, 0.0, 0.5, 1.0 ] },
														"west": { "texture": "#fiber", "uv": [ 0.0, 0.0, 0.5, 1.0 ] },
														"up": { "texture": "#fiber", "uv": [ 0.0, 0.0, 0.5, 0.5 ] },
														"down": { "texture": "#fiber", "uv": [ 0.0, 0.0, 0.5, 0.5 ] }
													},
													"children": [
														{
															"name": "fiber6",
															"from": [ 0.0, 1.0, 0.0 ],
															"to": [ 0.2, 1.9, 0.2 ],
															"rotationOrigin": [ 0.1, 1.0, 0.2 ],
															"rotationX": -42.0,
															"faces": {
																"north": { "texture": "#fiber", "uv": [ 0.0, 0.0, 0.5, 0.5 ] },
																"east": { "texture": "#fiber", "uv": [ 0.0, 0.0, 0.5, 0.5 ] },
																"south": { "texture": "#fiber", "uv": [ 0.0, 0.0, 0.5, 0.5 ] },
																"west": { "texture": "#fiber", "uv": [ 0.0, 0.0, 0.5, 0.5 ] },
																"up": { "texture": "#fiber", "uv": [ 0.0, 0.0, 0.5, 0.5 ] },
																"down": { "texture": "#fiber", "uv": [ 0.0, 0.0, 0.5, 0.5 ] }
															}
														}
													]
												}
											]
										}
									]
								}
							]
						}
					]
				}
			]
		},
		{
			"name": "Cube6",
			"from": [ -2.0, 0.01, 0.9 ],
			"to": [ -2.0, 0.01, 0.9 ],
			"rotationOrigin": [ -2.0, 0.0, 2.7 ],
			"rotationY": -122.0,
			"faces": {
				"north": { "texture": "#null", "uv": [ 0.0, 0.0, 0.5, 0.5 ] },
				"east": { "texture": "#null", "uv": [ 0.0, 0.0, 0.5, 0.5 ] },
				"south": { "texture": "#null", "uv": [ 0.0, 0.0, 0.5, 0.5 ] },
				"west": { "texture": "#null", "uv": [ 0.0, 0.0, 0.5, 0.5 ] },
				"up": { "texture": "#null", "uv": [ 0.0, 0.0, 0.5, 0.5 ] },
				"down": { "texture": "#null", "uv": [ 0.0, 0.0, 0.5, 0.5 ] }
			},
			"children": [
				{
					"name": "fiber7",
					"from": [ -1.0, 0.3, 0.9 ],
					"to": [ -0.8, 1.7, 1.1 ],
					"rotationOrigin": [ -0.9, 0.3, 1.1 ],
					"rotationX": -180.0,
					"rotationY": 29.5,
					"rotationZ": -180.0,
					"faces": {
						"north": { "texture": "#fiber", "uv": [ 0.0, 0.0, 0.5, 1.0 ] },
						"east": { "texture": "#fiber", "uv": [ 0.0, 0.0, 0.5, 1.0 ] },
						"south": { "texture": "#fiber", "uv": [ 0.0, 0.0, 0.5, 1.0 ] },
						"west": { "texture": "#fiber", "uv": [ 0.0, 0.0, 0.5, 1.0 ] },
						"up": { "texture": "#fiber", "uv": [ 0.0, 0.0, 0.5, 0.5 ] },
						"down": { "texture": "#fiber", "uv": [ 0.0, 0.0, 0.5, 0.5 ] }
					},
					"children": [
						{
							"name": "fiber8",
							"from": [ 0.0, 1.4, 0.0 ],
							"to": [ 0.2, 2.7, 0.2 ],
							"rotationOrigin": [ 0.1, 1.4, 0.2 ],
							"rotationX": -86.0,
							"faces": {
								"north": { "texture": "#fiber", "uv": [ 0.0, 0.0, 0.5, 1.0 ] },
								"east": { "texture": "#fiber", "uv": [ 0.0, 0.0, 0.5, 1.0 ] },
								"south": { "texture": "#fiber", "uv": [ 0.0, 0.0, 0.5, 1.0 ] },
								"west": { "texture": "#fiber", "uv": [ 0.0, 0.0, 0.5, 1.0 ] },
								"up": { "texture": "#fiber", "uv": [ 0.0, 0.0, 0.5, 0.5 ] },
								"down": { "texture": "#fiber", "uv": [ 0.0, 0.0, 0.5, 0.5 ] }
							},
							"children": [
								{
									"name": "fiber9",
									"from": [ 0.0, 1.3, 0.0 ],
									"to": [ 0.2, 2.1, 0.2 ],
									"rotationOrigin": [ 0.1, 1.3, 0.2 ],
									"rotationX": -63.0,
									"faces": {
										"north": { "texture": "#fiber", "uv": [ 0.0, 0.0, 0.5, 0.5 ] },
										"east": { "texture": "#fiber", "uv": [ 0.0, 0.0, 0.5, 0.5 ] },
										"south": { "texture": "#fiber", "uv": [ 0.0, 0.0, 0.5, 0.5 ] },
										"west": { "texture": "#fiber", "uv": [ 0.0, 0.0, 0.5, 0.5 ] },
										"up": { "texture": "#fiber", "uv": [ 0.0, 0.0, 0.5, 0.5 ] },
										"down": { "texture": "#fiber", "uv": [ 0.0, 0.0, 0.5, 0.5 ] }
									},
									"children": [
										{
											"name": "fiber10",
											"from": [ 0.0, 0.8, 0.0 ],
											"to": [ 0.2, 1.4, 0.2 ],
											"rotationOrigin": [ 0.1, 0.8, 0.2 ],
											"rotationX": -42.0,
											"faces": {
												"north": { "texture": "#fiber", "uv": [ 0.0, 0.0, 0.5, 0.5 ] },
												"east": { "texture": "#fiber", "uv": [ 0.0, 0.0, 0.5, 0.5 ] },
												"south": { "texture": "#fiber", "uv": [ 0.0, 0.0, 0.5, 0.5 ] },
												"west": { "texture": "#fiber", "uv": [ 0.0, 0.0, 0.5, 0.5 ] },
												"up": { "texture": "#fiber", "uv": [ 0.0, 0.0, 0.5, 0.5 ] },
												"down": { "texture": "#fiber", "uv": [ 0.0, 0.0, 0.5, 0.5 ] }
											},
											"children": [
												{
													"name": "fiber11",
													"from": [ 0.0, 0.6, 0.0 ],
													"to": [ 0.2, 1.6, 0.2 ],
													"rotationOrigin": [ 0.1, 0.6, 0.2 ],
													"rotationX": -53.0,
													"faces": {
														"north": { "texture": "#fiber", "uv": [ 0.0, 0.0, 0.5, 1.0 ] },
														"east": { "texture": "#fiber", "uv": [ 0.0, 0.0, 0.5, 1.0 ] },
														"south": { "texture": "#fiber", "uv": [ 0.0, 0.0, 0.5, 1.0 ] },
														"west": { "texture": "#fiber", "uv": [ 0.0, 0.0, 0.5, 1.0 ] },
														"up": { "texture": "#fiber", "uv": [ 0.0, 0.0, 0.5, 0.5 ] },
														"down": { "texture": "#fiber", "uv": [ 0.0, 0.0, 0.5, 0.5 ] }
													},
													"children": [
														{
															"name": "fiber12",
															"from": [ 0.0, 1.0, 0.0 ],
															"to": [ 0.2, 1.73, 0.2 ],
															"rotationOrigin": [ 0.1, 1.0, 0.2 ],
															"rotationX": -46.0,
															"faces": {
																"north": { "texture": "#fiber", "uv": [ 0.0, 0.0, 0.5, 0.5 ] },
																"east": { "texture": "#fiber", "uv": [ 0.0, 0.0, 0.5, 0.5 ] },
																"south": { "texture": "#fiber", "uv": [ 0.0, 0.0, 0.5, 0.5 ] },
																"west": { "texture": "#fiber", "uv": [ 0.0, 0.0, 0.5, 0.5 ] },
																"up": { "texture": "#fiber", "uv": [ 0.0, 0.0, 0.5, 0.5 ] },
																"down": { "texture": "#fiber", "uv": [ 0.0, 0.0, 0.5, 0.5 ] }
															}
														}
													]
												}
											]
										}
									]
								}
							]
						}
					]
				}
			]
		}
	]}