{
	"editor": {
		"collapsedPaths": "Root/_origin61,Root/_origin,Root/_thin-ring",
		"allAngles": false,
		"entityTextureMode": false
	},
	"textureWidth": 16,
	"textureHeight": 16,
	"textureSizes": {
	},
	"textures": {
	},
	"elements": [
		{
			"name": "Cube2",
			"from": [ 0.0, 1.0, 0.0 ],
			"to": [ 0.0, 1.0, 0.0 ],
			"rotationOrigin": [ 0.0, 1.0, 0.0 ],
			"faces": {
				"north": { "texture": "#null", "uv": [ 0.0, 0.0, 0.5, 0.5 ] },
				"east": { "texture": "#null", "uv": [ 0.0, 0.0, 0.5, 0.5 ] },
				"south": { "texture": "#null", "uv": [ 0.0, 0.0, 0.5, 0.5 ] },
				"west": { "texture": "#null", "uv": [ 0.0, 0.0, 0.5, 0.5 ] },
				"up": { "texture": "#null", "uv": [ 0.0, 0.0, 0.5, 0.5 ] },
				"down": { "texture": "#null", "uv": [ 0.0, 0.0, 0.5, 0.5 ] }
			},
			"children": [
				{
					"name": "_thin-ring",
					"from": [ -4.0, -1.0, -4.0 ],
					"to": [ -4.0, -1.0, -4.0 ],
					"rotationOrigin": [ 8.0, 2.75, 8.0 ],
					"faces": {
						"north": { "texture": "#obsidian1", "uv": [ 0.0, 11.5, 0.5, 12.0 ] },
						"east": { "texture": "#obsidian1", "uv": [ 10.0, 8.5, 10.5, 9.0 ] },
						"south": { "texture": "#obsidian1", "uv": [ 7.5, 7.5, 8.0, 8.0 ] },
						"west": { "texture": "#obsidian1", "uv": [ 2.0, 2.5, 2.5, 3.0 ] },
						"up": { "texture": "#obsidian1", "uv": [ 5.0, 8.5, 5.5, 9.0 ] },
						"down": { "texture": "#obsidian1", "uv": [ 1.5, 3.5, 2.0, 4.0 ] }
					},
					"children": [
						{
							"name": "_test56",
							"from": [ 11.25, 0.0, 12.0 ],
							"to": [ 11.25, 0.0, 12.0 ],
							"rotationOrigin": [ 12.0, 0.0, 12.0 ],
							"faces": {
								"north": { "texture": "#obsidian1", "uv": [ 7.5, 8.5, 8.25, 9.25 ] },
								"east": { "texture": "#obsidian1", "uv": [ 14.5, 10.0, 15.25, 10.75 ] },
								"south": { "texture": "#obsidian1", "uv": [ 8.5, 12.5, 9.25, 13.25 ] },
								"west": { "texture": "#obsidian1", "uv": [ 7.5, 6.0, 8.25, 6.75 ] },
								"up": { "texture": "#obsidian1", "uv": [ 11.5, 1.5, 12.25, 2.25 ] },
								"down": { "texture": "#obsidian1", "uv": [ 4.0, 7.0, 4.75, 7.75 ] }
							},
							"children": [
								{
									"name": "midringCube67",
									"from": [ 4.125, 3.375, 0.75 ],
									"to": [ 4.5, 4.125, 2.25 ],
									"rotationOrigin": [ 4.5, 3.75, 0.75 ],
									"rotationY": -22.5,
									"faces": {
										"east": { "texture": "#middlering", "uv": [ 11.5, 7.0, 17.5, 10.0 ], "autoUv": false },
										"west": { "texture": "#middlering", "uv": [ 3.0, 12.5, 9.0, 15.5 ], "autoUv": false },
										"up": { "texture": "#middlering", "uv": [ 6.0, 5.0, 9.0, 11.0 ], "autoUv": false },
										"down": { "texture": "#middlering", "uv": [ 5.0, 11.0, 8.0, 17.0 ], "autoUv": false }
									},
									"children": [
										{
											"name": "midringCube68",
											"from": [ 0.0, 0.015, 1.5 ],
											"to": [ 0.375, 0.735, 3.0 ],
											"rotationOrigin": [ 0.375, 0.375, 1.5 ],
											"rotationY": -22.5,
											"faces": {
												"east": { "texture": "#middlering", "uv": [ 4.0, 4.5, 10.0, 7.5 ], "autoUv": false },
												"west": { "texture": "#middlering", "uv": [ 0.0, 5.0, 6.0, 8.0 ], "autoUv": false },
												"up": { "texture": "#middlering", "uv": [ 1.0, 4.0, 4.0, 10.0 ], "autoUv": false },
												"down": { "texture": "#middlering", "uv": [ 10.5, 6.0, 13.5, 12.0 ], "autoUv": false }
											}
										},
										{
											"name": "midringCube69",
											"from": [ -0.574, 0.0, 2.8859 ],
											"to": [ -0.199, 0.75, 4.3859 ],
											"rotationOrigin": [ -0.199, 0.375, 2.8859 ],
											"rotationY": -45.0,
											"faces": {
												"east": { "texture": "#middlering", "uv": [ 2.5, 5.0, 8.5, 8.0 ], "autoUv": false },
												"west": { "texture": "#middlering", "uv": [ 9.0, 11.5, 15.0, 14.5 ], "autoUv": false },
												"up": { "texture": "#middlering", "uv": [ 8.5, 7.5, 11.5, 13.5 ], "autoUv": false },
												"down": { "texture": "#middlering", "uv": [ 13.0, 3.0, 16.0, 9.0 ], "autoUv": false }
											}
										}
									]
								},
								{
									"name": "Cube58",
									"from": [ 1.5, 0.0, -0.375 ],
									"to": [ 3.0, 0.375, 0.375 ],
									"rotationOrigin": [ 1.5, 0.0, 0.0 ],
									"rotationZ": 22.5,
									"faces": {
										"north": { "texture": "#obsidian1", "uv": [ 10.5, 10.0, 12.0, 10.75 ] },
										"south": { "texture": "#obsidian1", "uv": [ 2.5, 11.5, 4.0, 12.25 ] },
										"up": { "texture": "#obsidian1", "uv": [ 13.0, 13.0, 14.5, 13.75 ] },
										"down": { "texture": "#obsidian1", "uv": [ 8.0, 8.5, 9.5, 9.25 ] }
									},
									"children": [
										{
											"name": "Cube59",
											"from": [ 1.5, 0.0, 0.015 ],
											"to": [ 3.0, 0.375, 0.735 ],
											"rotationOrigin": [ 1.5, 0.0, 0.75 ],
											"rotationZ": 22.5,
											"faces": {
												"north": { "texture": "#obsidian1", "uv": [ 3.0, 7.0, 4.5, 7.75 ] },
												"south": { "texture": "#obsidian1", "uv": [ 9.0, 4.5, 10.5, 5.25 ] },
												"up": { "texture": "#obsidian1", "uv": [ 3.0, 12.0, 4.5, 12.75 ] },
												"down": { "texture": "#obsidian1", "uv": [ 10.5, 4.5, 12.0, 5.25 ] }
											}
										},
										{
											"name": "Cube60",
											"from": [ 2.8859, 0.574, 0.0 ],
											"to": [ 4.3859, 0.9491, 0.75 ],
											"rotationOrigin": [ 2.8859, 0.574, 0.75 ],
											"rotationZ": 45.0,
											"faces": {
												"north": { "texture": "#obsidian1", "uv": [ 12.0, 11.0, 13.5, 11.75 ] },
												"south": { "texture": "#obsidian1", "uv": [ 11.5, 10.5, 13.0, 11.25 ] },
												"up": { "texture": "#obsidian1", "uv": [ 14.0, 15.0, 15.5, 15.75 ] },
												"down": { "texture": "#obsidian1", "uv": [ 0.5, 0.5, 2.0, 1.25 ] }
											},
											"children": [
												{
													"name": "Cube61",
													"from": [ 1.5, 0.0, -0.375 ],
													"to": [ 3.0, 0.375, 1.125 ],
													"rotationOrigin": [ 1.5, 0.0, -0.75 ],
													"rotationZ": 22.5,
													"faces": {
														"north": { "texture": "#obsidian2", "uv": [ 7.5, 5.0, 13.5, 8.0 ], "autoUv": false },
														"east": { "texture": "#obsidian2", "uv": [ 10.0, 5.5, 16.0, 8.5 ], "autoUv": false },
														"south": { "texture": "#obsidian2", "uv": [ 6.5, 1.5, 12.5, 4.5 ], "autoUv": false },
														"west": { "texture": "#obsidian2", "uv": [ 6.5, 9.0, 12.5, 12.0 ], "autoUv": false },
														"up": { "texture": "#obsidian2", "uv": [ 6.5, 2.5, 12.5, 8.5 ], "autoUv": false },
														"down": { "texture": "#obsidian2", "uv": [ 5.5, 0.0, 11.5, 6.0 ], "autoUv": false }
													},
													"children": [
														{
															"name": "Cube62",
															"from": [ 1.5, 0.0, 0.375 ],
															"to": [ 3.0, 0.375, 1.125 ],
															"rotationOrigin": [ 1.5, 0.0, 0.75 ],
															"rotationZ": 22.5,
															"faces": {
																"north": { "texture": "#obsidian1", "uv": [ 13.5, 13.5, 15.0, 14.25 ] },
																"south": { "texture": "#obsidian1", "uv": [ 6.0, 6.5, 7.5, 7.25 ] },
																"up": { "texture": "#obsidian1", "uv": [ 0.0, 7.5, 1.5, 8.25 ] },
																"down": { "texture": "#obsidian1", "uv": [ 11.0, 0.0, 12.5, 0.75 ] }
															},
															"children": [
																{
																	"name": "Cube63",
																	"from": [ 1.5, 0.0, 0.015 ],
																	"to": [ 3.0, 0.375, 0.735 ],
																	"rotationOrigin": [ 1.5, 0.0, 0.75 ],
																	"rotationZ": 22.5,
																	"faces": {
																		"north": { "texture": "#obsidian1", "uv": [ 3.0, 4.0, 4.5, 4.75 ] },
																		"south": { "texture": "#obsidian1", "uv": [ 6.5, 0.0, 8.0, 0.75 ] },
																		"up": { "texture": "#obsidian1", "uv": [ 8.0, 5.5, 9.5, 6.25 ] },
																		"down": { "texture": "#obsidian1", "uv": [ 5.5, 14.0, 7.0, 14.75 ] }
																	}
																},
																{
																	"name": "Cube64",
																	"from": [ 2.8859, 0.574, 0.0 ],
																	"to": [ 4.3859, 0.9491, 0.75 ],
																	"rotationOrigin": [ 2.8859, 0.574, 0.75 ],
																	"rotationZ": 45.0,
																	"faces": {
																		"north": { "texture": "#obsidian1", "uv": [ 9.0, 9.0, 10.5, 9.75 ] },
																		"south": { "texture": "#obsidian1", "uv": [ 6.5, 10.0, 8.0, 10.75 ] },
																		"up": { "texture": "#obsidian1", "uv": [ 13.5, 4.0, 15.0, 4.75 ] },
																		"down": { "texture": "#obsidian1", "uv": [ 14.0, 5.0, 15.5, 5.75 ] }
																	}
																}
															]
														}
													]
												}
											]
										}
									]
								}
							]
						},
						{
							"name": "_test70",
							"from": [ 11.2458, 0.0, 12.0036 ],
							"to": [ 11.2458, 0.0, 12.0036 ],
							"rotationOrigin": [ 12.0, 0.0, 12.0 ],
							"rotationY": -89.98,
							"faces": {
								"north": { "texture": "#obsidian1", "uv": [ 3.5, 4.5, 4.25, 5.25 ] },
								"east": { "texture": "#obsidian1", "uv": [ 6.5, 6.5, 7.25, 7.25 ] },
								"south": { "texture": "#obsidian1", "uv": [ 0.0, 12.0, 0.75, 12.75 ] },
								"west": { "texture": "#obsidian1", "uv": [ 8.0, 14.5, 8.75, 15.25 ] },
								"up": { "texture": "#obsidian1", "uv": [ 2.0, 5.5, 2.75, 6.25 ] },
								"down": { "texture": "#obsidian1", "uv": [ 4.5, 5.0, 5.25, 5.75 ] }
							},
							"children": [
								{
									"name": "midringCube80",
									"from": [ 4.125, 3.375, 0.75 ],
									"to": [ 4.5, 4.125, 2.25 ],
									"rotationOrigin": [ 4.5, 3.75, 0.75 ],
									"rotationY": -22.5,
									"faces": {
										"east": { "texture": "#middlering", "uv": [ 7.5, 4.0, 13.5, 7.0 ], "autoUv": false },
										"west": { "texture": "#middlering", "uv": [ 2.0, 5.5, 8.0, 8.5 ], "autoUv": false },
										"up": { "texture": "#middlering", "uv": [ 1.0, 2.5, 4.0, 8.5 ], "autoUv": false },
										"down": { "texture": "#middlering", "uv": [ 0.5, 11.0, 3.5, 17.0 ], "autoUv": false }
									},
									"children": [
										{
											"name": "midringCube81",
											"from": [ 0.0, 0.015, 1.5 ],
											"to": [ 0.375, 0.735, 3.0 ],
											"rotationOrigin": [ 0.375, 0.375, 1.5 ],
											"rotationY": -22.5,
											"faces": {
												"east": { "texture": "#middlering", "uv": [ 0.5, 13.5, 6.5, 16.5 ], "autoUv": false },
												"west": { "texture": "#middlering", "uv": [ 11.0, 7.5, 17.0, 10.5 ], "autoUv": false },
												"up": { "texture": "#middlering", "uv": [ 9.0, 11.5, 12.0, 17.5 ], "autoUv": false },
												"down": { "texture": "#middlering", "uv": [ 5.5, 8.0, 8.5, 14.0 ], "autoUv": false }
											}
										},
										{
											"name": "midringCube82",
											"from": [ -0.574, 0.0, 2.8859 ],
											"to": [ -0.199, 0.75, 4.3859 ],
											"rotationOrigin": [ -0.199, 0.375, 2.8859 ],
											"rotationY": -45.0,
											"faces": {
												"east": { "texture": "#middlering", "uv": [ 2.0, 8.0, 8.0, 11.0 ], "autoUv": false },
												"west": { "texture": "#middlering", "uv": [ 6.5, 11.0, 12.5, 14.0 ], "autoUv": false },
												"up": { "texture": "#middlering", "uv": [ 7.0, 7.5, 10.0, 13.5 ], "autoUv": false },
												"down": { "texture": "#middlering", "uv": [ 8.0, 11.5, 11.0, 17.5 ], "autoUv": false }
											}
										}
									]
								},
								{
									"name": "Cube72",
									"from": [ 1.5, 0.0, -0.375 ],
									"to": [ 3.0, 0.375, 0.375 ],
									"rotationOrigin": [ 1.5, 0.0, 0.0 ],
									"rotationZ": 22.5,
									"faces": {
										"north": { "texture": "#obsidian1", "uv": [ 4.0, 4.5, 5.5, 5.25 ] },
										"south": { "texture": "#obsidian1", "uv": [ 11.0, 8.5, 12.5, 9.25 ] },
										"up": { "texture": "#obsidian1", "uv": [ 3.0, 10.5, 4.5, 11.25 ] },
										"down": { "texture": "#obsidian1", "uv": [ 8.0, 0.5, 9.5, 1.25 ] }
									},
									"children": [
										{
											"name": "Cube73",
											"from": [ 1.5, 0.0, 0.015 ],
											"to": [ 3.0, 0.375, 0.735 ],
											"rotationOrigin": [ 1.5, 0.0, 0.75 ],
											"rotationZ": 22.5,
											"faces": {
												"north": { "texture": "#obsidian1", "uv": [ 9.0, 3.5, 10.5, 4.25 ] },
												"south": { "texture": "#obsidian1", "uv": [ 3.0, 12.5, 4.5, 13.25 ] },
												"up": { "texture": "#obsidian1", "uv": [ 12.0, 2.0, 13.5, 2.75 ] },
												"down": { "texture": "#obsidian1", "uv": [ 3.0, 12.0, 4.5, 12.75 ] }
											}
										},
										{
											"name": "Cube74",
											"from": [ 2.8859, 0.574, 0.0 ],
											"to": [ 4.3859, 0.9491, 0.75 ],
											"rotationOrigin": [ 2.8859, 0.574, 0.75 ],
											"rotationZ": 45.0,
											"faces": {
												"north": { "texture": "#obsidian1", "uv": [ 1.0, 7.0, 2.5, 7.75 ] },
												"south": { "texture": "#obsidian1", "uv": [ 12.5, 5.5, 14.0, 6.25 ] },
												"west": { "texture": "#obsidian1", "uv": [ 14.5, 12.5, 15.25, 13.25 ] },
												"up": { "texture": "#obsidian1", "uv": [ 5.0, 15.0, 6.5, 15.75 ] },
												"down": { "texture": "#obsidian1", "uv": [ 0.5, 14.5, 2.0, 15.25 ] }
											},
											"children": [
												{
													"name": "Cube75",
													"from": [ 1.5, 0.0, -0.375 ],
													"to": [ 3.0, 0.375, 1.125 ],
													"rotationOrigin": [ 1.5, 0.0, -0.75 ],
													"rotationZ": 22.5,
													"faces": {
														"north": { "texture": "#obsidian2", "uv": [ 7.5, 4.0, 13.5, 7.0 ], "autoUv": false },
														"east": { "texture": "#obsidian2", "uv": [ 9.0, 8.0, 15.0, 11.0 ], "autoUv": false },
														"south": { "texture": "#obsidian2", "uv": [ 1.0, 7.0, 7.0, 10.0 ], "autoUv": false },
														"west": { "texture": "#obsidian2", "uv": [ 11.5, 4.5, 17.5, 7.5 ], "autoUv": false },
														"up": { "texture": "#obsidian2", "uv": [ 5.0, 9.5, 11.0, 15.5 ], "autoUv": false },
														"down": { "texture": "#obsidian2", "uv": [ 8.5, 4.0, 14.5, 10.0 ], "autoUv": false }
													},
													"children": [
														{
															"name": "Cube76",
															"from": [ 1.5, 0.0, 0.375 ],
															"to": [ 3.0, 0.375, 1.125 ],
															"rotationOrigin": [ 1.5, 0.0, 0.75 ],
															"rotationZ": 22.5,
															"faces": {
																"north": { "texture": "#obsidian1", "uv": [ 13.5, 11.5, 15.0, 12.25 ] },
																"south": { "texture": "#obsidian1", "uv": [ 1.0, 1.5, 2.5, 2.25 ] },
																"up": { "texture": "#obsidian1", "uv": [ 13.0, 0.0, 14.5, 0.75 ] },
																"down": { "texture": "#obsidian1", "uv": [ 2.5, 10.5, 4.0, 11.25 ] }
															},
															"children": [
																{
																	"name": "Cube77",
																	"from": [ 1.5, 0.0, 0.015 ],
																	"to": [ 3.0, 0.375, 0.735 ],
																	"rotationOrigin": [ 1.5, 0.0, 0.75 ],
																	"rotationZ": 22.5,
																	"faces": {
																		"north": { "texture": "#obsidian1", "uv": [ 9.0, 7.5, 10.5, 8.25 ] },
																		"south": { "texture": "#obsidian1", "uv": [ 3.0, 14.0, 4.5, 14.75 ] },
																		"up": { "texture": "#obsidian1", "uv": [ 4.5, 1.0, 6.0, 1.75 ] },
																		"down": { "texture": "#obsidian1", "uv": [ 3.0, 15.0, 4.5, 15.75 ] }
																	}
																},
																{
																	"name": "Cube78",
																	"from": [ 2.8859, 0.574, 0.0 ],
																	"to": [ 4.3859, 0.9491, 0.75 ],
																	"rotationOrigin": [ 2.8859, 0.574, 0.75 ],
																	"rotationZ": 45.0,
																	"faces": {
																		"north": { "texture": "#obsidian1", "uv": [ 1.0, 11.5, 2.5, 12.25 ] },
																		"south": { "texture": "#obsidian1", "uv": [ 10.5, 11.0, 12.0, 11.75 ] },
																		"up": { "texture": "#obsidian1", "uv": [ 2.5, 12.5, 4.0, 13.25 ] },
																		"down": { "texture": "#obsidian1", "uv": [ 12.0, 5.5, 13.5, 6.25 ] }
																	}
																}
															]
														}
													]
												}
											]
										}
									]
								}
							]
						},
						{
							"name": "_thin-ring84",
							"from": [ 0.0, 0.0, 0.0 ],
							"to": [ 0.0, 0.0, 0.0 ],
							"rotationOrigin": [ 12.0, 3.75, 12.0 ],
							"rotationX": -180.0,
							"rotationZ": -180.0,
							"faces": {
								"north": { "texture": "#obsidian1", "uv": [ 9.5, 2.0, 10.25, 2.75 ] },
								"east": { "texture": "#obsidian1", "uv": [ 11.5, 5.0, 12.25, 5.75 ] },
								"south": { "texture": "#obsidian1", "uv": [ 5.0, 13.5, 5.75, 14.25 ] },
								"west": { "texture": "#obsidian1", "uv": [ 4.0, 4.0, 4.75, 4.75 ] },
								"up": { "texture": "#obsidian1", "uv": [ 7.5, 13.5, 8.25, 14.25 ] },
								"down": { "texture": "#obsidian1", "uv": [ 11.0, 14.0, 11.75, 14.75 ] }
							},
							"children": [
								{
									"name": "_test85",
									"from": [ 11.25, 0.0, 12.0 ],
									"to": [ 11.25, 0.0, 12.0 ],
									"rotationOrigin": [ 12.0, 0.0, 12.0 ],
									"faces": {
										"north": { "texture": "#obsidian1", "uv": [ 2.5, 4.0, 3.25, 4.75 ] },
										"east": { "texture": "#obsidian1", "uv": [ 15.0, 8.0, 15.75, 8.75 ] },
										"south": { "texture": "#obsidian1", "uv": [ 6.0, 6.5, 6.75, 7.25 ] },
										"west": { "texture": "#obsidian1", "uv": [ 10.0, 11.0, 10.75, 11.75 ] },
										"up": { "texture": "#obsidian1", "uv": [ 2.0, 9.5, 2.75, 10.25 ] },
										"down": { "texture": "#obsidian1", "uv": [ 12.0, 11.5, 12.75, 12.25 ] }
									},
									"children": [
										{
											"name": "Cube86",
											"from": [ 0.0, 0.0, -0.75 ],
											"to": [ 1.5, 0.375, 0.75 ],
											"faces": {
												"north": { "texture": "#obsidian3", "uv": [ 1.5, 4.0, 3.0, 4.75 ] },
												"east": { "texture": "#obsidian3", "uv": [ 12.5, 5.0, 14.0, 5.75 ] },
												"south": { "texture": "#obsidian3", "uv": [ 2.5, 4.5, 4.0, 5.25 ] },
												"west": { "texture": "#obsidian3", "uv": [ 12.0, 11.0, 13.5, 11.75 ] },
												"up": { "texture": "#obsidian3", "uv": [ 13.5, 6.0, 15.0, 7.5 ] },
												"down": { "texture": "#obsidian3", "uv": [ 13.5, 12.5, 15.0, 14.0 ] }
											},
											"children": [
												{
													"name": "Cube87",
													"from": [ 1.5, 0.0, 0.375 ],
													"to": [ 3.0, 0.375, 1.125 ],
													"rotationOrigin": [ 1.5, 0.0, 0.75 ],
													"rotationZ": 22.5,
													"faces": {
														"north": { "texture": "#obsidian1", "uv": [ 10.5, 9.5, 12.0, 10.25 ] },
														"south": { "texture": "#obsidian1", "uv": [ 0.0, 12.0, 1.5, 12.75 ] },
														"up": { "texture": "#obsidian1", "uv": [ 8.5, 0.0, 10.0, 0.75 ] },
														"down": { "texture": "#obsidian1", "uv": [ 13.5, 7.0, 15.0, 7.75 ] }
													},
													"children": [
														{
															"name": "Cube88",
															"from": [ 1.5, 0.0, 0.015 ],
															"to": [ 3.0, 0.375, 0.735 ],
															"rotationOrigin": [ 1.5, 0.0, 0.75 ],
															"rotationZ": 22.5,
															"faces": {
																"north": { "texture": "#obsidian1", "uv": [ 3.0, 2.5, 4.5, 3.25 ] },
																"south": { "texture": "#obsidian1", "uv": [ 2.5, 7.0, 4.0, 7.75 ] },
																"up": { "texture": "#obsidian1", "uv": [ 12.0, 12.0, 13.5, 12.75 ] },
																"down": { "texture": "#obsidian1", "uv": [ 10.0, 12.5, 11.5, 13.25 ] }
															}
														},
														{
															"name": "Cube89",
															"from": [ 2.8859, 0.574, 0.0 ],
															"to": [ 4.3859, 0.9491, 0.75 ],
															"rotationOrigin": [ 2.8859, 0.574, 0.75 ],
															"rotationZ": 45.0,
															"faces": {
																"north": { "texture": "#obsidian1", "uv": [ 4.5, 8.0, 6.0, 8.75 ] },
																"south": { "texture": "#obsidian1", "uv": [ 8.5, 5.5, 10.0, 6.25 ] },
																"up": { "texture": "#obsidian1", "uv": [ 12.5, 6.0, 14.0, 6.75 ] },
																"down": { "texture": "#obsidian1", "uv": [ 14.0, 1.5, 15.5, 2.25 ] }
															},
															"children": [
																{
																	"name": "Cube90",
																	"from": [ 1.5, 0.0, -0.375 ],
																	"to": [ 3.0, 0.375, 1.125 ],
																	"rotationOrigin": [ 1.5, 0.0, -0.75 ],
																	"rotationZ": 22.5,
																	"faces": {
																		"north": { "texture": "#obsidian2", "uv": [ 0.5, 11.0, 6.5, 14.0 ], "autoUv": false },
																		"east": { "texture": "#obsidian2", "uv": [ 11.0, 12.0, 17.0, 15.0 ], "autoUv": false },
																		"south": { "texture": "#obsidian2", "uv": [ 9.5, 0.0, 15.5, 3.0 ], "autoUv": false },
																		"west": { "texture": "#obsidian2", "uv": [ 5.0, 12.0, 11.0, 15.0 ], "autoUv": false },
																		"up": { "texture": "#obsidian2", "uv": [ 4.5, 8.5, 10.5, 14.5 ], "autoUv": false },
																		"down": { "texture": "#obsidian2", "uv": [ 4.0, 2.5, 10.0, 8.5 ], "autoUv": false }
																	},
																	"children": [
																		{
																			"name": "Cube91",
																			"from": [ 1.5, 0.0, 0.375 ],
																			"to": [ 3.0, 0.375, 1.125 ],
																			"rotationOrigin": [ 1.5, 0.0, 0.75 ],
																			"rotationZ": 22.5,
																			"faces": {
																				"north": { "texture": "#obsidian1", "uv": [ 10.5, 8.5, 12.0, 9.25 ] },
																				"south": { "texture": "#obsidian1", "uv": [ 3.5, 3.0, 5.0, 3.75 ] },
																				"up": { "texture": "#obsidian1", "uv": [ 2.0, 7.0, 3.5, 7.75 ] },
																				"down": { "texture": "#obsidian1", "uv": [ 12.0, 3.0, 13.5, 3.75 ] }
																			},
																			"children": [
																				{
																					"name": "Cube92",
																					"from": [ 1.5, 0.0, 0.015 ],
																					"to": [ 3.0, 0.375, 0.735 ],
																					"rotationOrigin": [ 1.5, 0.0, 0.75 ],
																					"rotationZ": 22.5,
																					"faces": {
																						"north": { "texture": "#obsidian1", "uv": [ 10.0, 2.0, 11.5, 2.75 ] },
																						"south": { "texture": "#obsidian1", "uv": [ 7.0, 14.0, 8.5, 14.75 ] },
																						"up": { "texture": "#obsidian1", "uv": [ 8.5, 4.0, 10.0, 4.75 ] },
																						"down": { "texture": "#obsidian1", "uv": [ 6.0, 8.0, 7.5, 8.75 ] }
																					}
																				},
																				{
																					"name": "Cube93",
																					"from": [ 2.8859, 0.574, 0.0 ],
																					"to": [ 4.3859, 0.9491, 0.75 ],
																					"rotationOrigin": [ 2.8859, 0.574, 0.75 ],
																					"rotationZ": 45.0,
																					"faces": {
																						"north": { "texture": "#obsidian1", "uv": [ 3.0, 0.0, 4.5, 0.75 ] },
																						"south": { "texture": "#obsidian1", "uv": [ 7.5, 0.0, 9.0, 0.75 ] },
																						"up": { "texture": "#obsidian1", "uv": [ 12.5, 14.0, 14.0, 14.75 ] },
																						"down": { "texture": "#obsidian1", "uv": [ 0.0, 9.0, 1.5, 9.75 ] }
																					},
																					"children": [
																						{
																							"name": "Cube94",
																							"from": [ 1.5, 0.0, -0.375 ],
																							"to": [ 3.0, 0.375, 1.125 ],
																							"rotationOrigin": [ 1.5, 0.0, 0.75 ],
																							"rotationZ": 22.5,
																							"faces": {
																								"north": { "texture": "#obsidian3", "uv": [ 5.0, 12.5, 6.5, 13.25 ] },
																								"east": { "texture": "#obsidian3", "uv": [ 9.5, 8.0, 11.0, 8.75 ] },
																								"south": { "texture": "#obsidian3", "uv": [ 2.0, 12.5, 3.5, 13.25 ] },
																								"west": { "texture": "#obsidian3", "uv": [ 11.0, 3.5, 12.5, 4.25 ] },
																								"up": { "texture": "#obsidian3", "uv": [ 13.0, 1.5, 14.5, 3.0 ] },
																								"down": { "texture": "#obsidian3", "uv": [ 10.0, 7.0, 11.5, 8.5 ] }
																							}
																						}
																					]
																				}
																			]
																		}
																	]
																}
															]
														}
													]
												}
											]
										},
										{
											"name": "midringCube95",
											"from": [ 4.125, 3.375, 0.75 ],
											"to": [ 4.5, 4.125, 2.25 ],
											"rotationOrigin": [ 4.5, 3.75, 0.75 ],
											"rotationY": -22.5,
											"faces": {
												"east": { "texture": "#middlering", "uv": [ 1.5, 6.5, 7.5, 9.5 ], "autoUv": false },
												"west": { "texture": "#middlering", "uv": [ 5.5, 8.0, 11.5, 11.0 ], "autoUv": false },
												"up": { "texture": "#middlering", "uv": [ 0.5, 3.0, 3.5, 9.0 ], "autoUv": false },
												"down": { "texture": "#middlering", "uv": [ 11.5, 0.5, 14.5, 6.5 ], "autoUv": false }
											},
											"children": [
												{
													"name": "midringCube96",
													"from": [ 0.0, 0.015, 1.5 ],
													"to": [ 0.375, 0.735, 3.0 ],
													"rotationOrigin": [ 0.375, 0.375, 1.5 ],
													"rotationY": -22.5,
													"faces": {
														"east": { "texture": "#middlering", "uv": [ 0.5, 7.0, 6.5, 10.0 ], "autoUv": false },
														"west": { "texture": "#middlering", "uv": [ 11.0, 13.5, 17.0, 16.5 ], "autoUv": false },
														"up": { "texture": "#middlering", "uv": [ 9.0, 7.0, 12.0, 13.0 ], "autoUv": false },
														"down": { "texture": "#middlering", "uv": [ 10.5, 8.5, 13.5, 14.5 ], "autoUv": false }
													}
												},
												{
													"name": "midringCube97",
													"from": [ -0.574, 0.0, 2.8859 ],
													"to": [ -0.199, 0.75, 4.3859 ],
													"rotationOrigin": [ -0.199, 0.375, 2.8859 ],
													"rotationY": -45.0,
													"faces": {
														"east": { "texture": "#middlering", "uv": [ 0.0, 9.5, 6.0, 12.5 ], "autoUv": false },
														"west": { "texture": "#middlering", "uv": [ 11.5, 12.5, 17.5, 15.5 ], "autoUv": false },
														"up": { "texture": "#middlering", "uv": [ 1.0, 1.0, 4.0, 7.0 ], "autoUv": false },
														"down": { "texture": "#middlering", "uv": [ 6.0, 10.0, 9.0, 16.0 ], "autoUv": false }
													}
												}
											]
										}
									]
								},
								{
									"name": "_test98",
									"from": [ 11.2458, 0.0, 12.0036 ],
									"to": [ 11.2458, 0.0, 12.0036 ],
									"rotationOrigin": [ 12.0, 0.0, 12.0 ],
									"rotationY": -89.98,
									"faces": {
										"north": { "texture": "#obsidian1", "uv": [ 3.5, 7.5, 4.25, 8.25 ] },
										"east": { "texture": "#obsidian1", "uv": [ 11.5, 12.5, 12.25, 13.25 ] },
										"south": { "texture": "#obsidian1", "uv": [ 9.5, 6.5, 10.25, 7.25 ] },
										"west": { "texture": "#obsidian1", "uv": [ 1.5, 12.0, 2.25, 12.75 ] },
										"up": { "texture": "#obsidian1", "uv": [ 10.5, 11.0, 11.25, 11.75 ] },
										"down": { "texture": "#obsidian1", "uv": [ 10.5, 13.0, 11.25, 13.75 ] }
									},
									"children": [
										{
											"name": "midringCube108",
											"from": [ 4.125, 3.375, 0.75 ],
											"to": [ 4.5, 4.125, 2.25 ],
											"rotationOrigin": [ 4.5, 3.75, 0.75 ],
											"rotationY": -22.5,
											"faces": {
												"east": { "texture": "#middlering", "uv": [ 3.0, 7.5, 9.0, 10.5 ], "autoUv": false },
												"west": { "texture": "#middlering", "uv": [ 3.5, 2.0, 9.5, 5.0 ], "autoUv": false },
												"up": { "texture": "#middlering", "uv": [ 11.0, 5.5, 14.0, 11.5 ], "autoUv": false },
												"down": { "texture": "#middlering", "uv": [ 10.0, 4.0, 13.0, 10.0 ], "autoUv": false }
											},
											"children": [
												{
													"name": "midringCube109",
													"from": [ 0.0, 0.015, 1.5 ],
													"to": [ 0.375, 0.735, 3.0 ],
													"rotationOrigin": [ 0.375, 0.375, 1.5 ],
													"rotationY": -22.5,
													"faces": {
														"east": { "texture": "#middlering", "uv": [ 10.0, 0.0, 16.0, 3.0 ], "autoUv": false },
														"west": { "texture": "#middlering", "uv": [ 0.0, 10.0, 6.0, 13.0 ], "autoUv": false },
														"up": { "texture": "#middlering", "uv": [ 11.5, 1.5, 14.5, 7.5 ], "autoUv": false },
														"down": { "texture": "#middlering", "uv": [ 1.5, 11.0, 4.5, 17.0 ], "autoUv": false }
													}
												},
												{
													"name": "midringCube110",
													"from": [ -0.574, 0.0, 2.8859 ],
													"to": [ -0.199, 0.75, 4.3859 ],
													"rotationOrigin": [ -0.199, 0.375, 2.8859 ],
													"rotationY": -45.0,
													"faces": {
														"east": { "texture": "#middlering", "uv": [ 2.0, 8.5, 8.0, 11.5 ], "autoUv": false },
														"west": { "texture": "#middlering", "uv": [ 11.0, 2.5, 17.0, 5.5 ], "autoUv": false },
														"up": { "texture": "#middlering", "uv": [ 9.5, 3.5, 12.5, 9.5 ], "autoUv": false },
														"down": { "texture": "#middlering", "uv": [ 3.5, 6.0, 6.5, 12.0 ], "autoUv": false }
													}
												}
											]
										},
										{
											"name": "Cube100",
											"from": [ 1.5, 0.0, -0.375 ],
											"to": [ 3.0, 0.375, 0.375 ],
											"rotationOrigin": [ 1.5, 0.0, 0.0 ],
											"rotationZ": 22.5,
											"faces": {
												"north": { "texture": "#obsidian1", "uv": [ 2.0, 11.0, 3.5, 11.75 ] },
												"south": { "texture": "#obsidian1", "uv": [ 0.0, 4.5, 1.5, 5.25 ] },
												"up": { "texture": "#obsidian1", "uv": [ 13.0, 12.0, 14.5, 12.75 ] },
												"down": { "texture": "#obsidian1", "uv": [ 13.5, 3.5, 15.0, 4.25 ] }
											},
											"children": [
												{
													"name": "Cube101",
													"from": [ 1.5, 0.0, 0.015 ],
													"to": [ 3.0, 0.375, 0.735 ],
													"rotationOrigin": [ 1.5, 0.0, 0.75 ],
													"rotationZ": 22.5,
													"faces": {
														"north": { "texture": "#obsidian1", "uv": [ 4.5, 1.0, 6.0, 1.75 ] },
														"south": { "texture": "#obsidian1", "uv": [ 8.0, 5.5, 9.5, 6.25 ] },
														"up": { "texture": "#obsidian1", "uv": [ 9.0, 7.5, 10.5, 8.25 ] },
														"down": { "texture": "#obsidian1", "uv": [ 14.5, 13.0, 16.0, 13.75 ] }
													}
												},
												{
													"name": "Cube102",
													"from": [ 2.8859, 0.574, 0.0 ],
													"to": [ 4.3859, 0.9491, 0.75 ],
													"rotationOrigin": [ 2.8859, 0.574, 0.75 ],
													"rotationZ": 45.0,
													"faces": {
														"north": { "texture": "#obsidian1", "uv": [ 7.0, 4.5, 8.5, 5.25 ] },
														"south": { "texture": "#obsidian1", "uv": [ 7.5, 7.0, 9.0, 7.75 ] },
														"up": { "texture": "#obsidian1", "uv": [ 8.5, 6.5, 10.0, 7.25 ] },
														"down": { "texture": "#obsidian1", "uv": [ 8.5, 7.0, 10.0, 7.75 ] }
													},
													"children": [
														{
															"name": "Cube103",
															"from": [ 1.5, 0.0, -0.375 ],
															"to": [ 3.0, 0.375, 1.125 ],
															"rotationOrigin": [ 1.5, 0.0, -0.75 ],
															"rotationZ": 22.5,
															"faces": {
																"north": { "texture": "#obsidian2", "uv": [ 6.5, 10.0, 12.5, 13.0 ], "autoUv": false },
																"east": { "texture": "#obsidian2", "uv": [ 10.5, 8.5, 16.5, 11.5 ], "autoUv": false },
																"south": { "texture": "#obsidian2", "uv": [ 5.5, 6.5, 11.5, 9.5 ], "autoUv": false },
																"west": { "texture": "#obsidian2", "uv": [ 11.5, 1.0, 17.5, 4.0 ], "autoUv": false },
																"up": { "texture": "#obsidian2", "uv": [ 3.0, 5.0, 9.0, 11.0 ], "autoUv": false },
																"down": { "texture": "#obsidian2", "uv": [ 5.5, 1.0, 11.5, 7.0 ], "autoUv": false }
															},
															"children": [
																{
																	"name": "Cube104",
																	"from": [ 1.5, 0.0, 0.375 ],
																	"to": [ 3.0, 0.375, 1.125 ],
																	"rotationOrigin": [ 1.5, 0.0, 0.75 ],
																	"rotationZ": 22.5,
																	"faces": {
																		"north": { "texture": "#obsidian1", "uv": [ 2.5, 9.5, 4.0, 10.25 ] },
																		"south": { "texture": "#obsidian1", "uv": [ 4.0, 8.5, 5.5, 9.25 ] },
																		"up": { "texture": "#obsidian1", "uv": [ 13.5, 12.0, 15.0, 12.75 ] },
																		"down": { "texture": "#obsidian1", "uv": [ 5.5, 13.5, 7.0, 14.25 ] }
																	},
																	"children": [
																		{
																			"name": "Cube105",
																			"from": [ 1.5, 0.0, 0.015 ],
																			"to": [ 3.0, 0.375, 0.735 ],
																			"rotationOrigin": [ 1.5, 0.0, 0.75 ],
																			"rotationZ": 22.5,
																			"faces": {
																				"north": { "texture": "#obsidian1", "uv": [ 8.0, 1.0, 9.5, 1.75 ] },
																				"south": { "texture": "#obsidian1", "uv": [ 8.5, 1.5, 10.0, 2.25 ] },
																				"up": { "texture": "#obsidian1", "uv": [ 0.5, 12.5, 2.0, 13.25 ] },
																				"down": { "texture": "#obsidian1", "uv": [ 10.5, 12.0, 12.0, 12.75 ] }
																			}
																		},
																		{
																			"name": "Cube106",
																			"from": [ 2.8859, 0.574, 0.0 ],
																			"to": [ 4.3859, 0.9491, 0.75 ],
																			"rotationOrigin": [ 2.8859, 0.574, 0.75 ],
																			"rotationZ": 45.0,
																			"faces": {
																				"north": { "texture": "#obsidian1", "uv": [ 6.0, 13.5, 7.5, 14.25 ] },
																				"south": { "texture": "#obsidian1", "uv": [ 13.0, 7.5, 14.5, 8.25 ] },
																				"up": { "texture": "#obsidian1", "uv": [ 10.0, 0.5, 11.5, 1.25 ] },
																				"down": { "texture": "#obsidian1", "uv": [ 9.5, 9.0, 11.0, 9.75 ] }
																			}
																		}
																	]
																}
															]
														}
													]
												}
											]
										}
									]
								}
							]
						},
						{
							"name": "_rune-casing-seal",
							"from": [ 0.0, 0.0, 0.0 ],
							"to": [ 0.0, 0.0, 0.0 ],
							"faces": {
								"north": { "texture": "#default", "uv": [ 0.0, 0.0, 0.75, 0.75 ] },
								"east": { "texture": "#default", "uv": [ 0.0, 0.0, 0.75, 0.75 ] },
								"south": { "texture": "#default", "uv": [ 0.0, 0.0, 0.75, 0.75 ] },
								"west": { "texture": "#default", "uv": [ 0.0, 0.0, 0.75, 0.75 ] },
								"up": { "texture": "#default", "uv": [ 0.0, 0.0, 0.75, 0.75 ] },
								"down": { "texture": "#default", "uv": [ 0.0, 0.0, 0.75, 0.75 ] }
							},
							"children": [
								{
									"name": "rune-6",
									"from": [ 12.75, -0.015, 11.25 ],
									"to": [ 14.25, 0.36, 12.75 ],
									"rotationOrigin": [ 12.75, -0.015, 12.0 ],
									"rotationX": -180.0,
									"rotationZ": -180.0,
									"faces": {
										"down": { "texture": "#runes-cruxcasing", "uv": [ 10.5, 10.5, 18.75, 18.75 ], "glow": 255, "autoUv": false }
									}
								},
								{
									"name": "rune-5",
									"from": [ 11.25, 7.556, 10.5 ],
									"to": [ 12.75, 7.931, 12.0 ],
									"rotationOrigin": [ 11.25, 7.556, 11.625 ],
									"rotationX": -180.0,
									"faces": {
										"down": { "texture": "#runes-cruxcasing", "uv": [ 10.5, 10.5, 18.75, 18.75 ], "glow": 255, "autoUv": false }
									}
								},
								{
									"name": "rune-4",
									"from": [ 8.2145, 3.0206, 13.5 ],
									"to": [ 9.7145, 3.3956, 15.0 ],
									"rotationOrigin": [ 8.2145, 3.0206, 13.125 ],
									"rotationX": -180.0,
									"rotationZ": -90.0,
									"faces": {
										"down": { "texture": "#runes-cruxcasing", "uv": [ 5.5, 5.5, 13.75, 13.75 ], "glow": 255, "autoUv": false }
									}
								},
								{
									"name": "rune-3",
									"from": [ 10.8783, 3.0182, 8.5935 ],
									"to": [ 12.3783, 3.3932, 10.0935 ],
									"rotationOrigin": [ 10.8773, 3.0206, 8.2191 ],
									"rotationX": 179.926,
									"rotationY": 89.96,
									"rotationZ": -89.891,
									"faces": {
										"down": { "texture": "#runes-cruxcasing", "uv": [ 0.0, 5.5, 8.25, 13.75 ], "glow": 255, "autoUv": false }
									}
								},
								{
									"name": "rune-2",
									"from": [ 15.7856, 3.0206, 11.25 ],
									"to": [ 17.2856, 3.3956, 12.75 ],
									"rotationOrigin": [ 15.7856, 3.0206, 10.875 ],
									"rotationZ": 90.0,
									"faces": {
										"down": { "texture": "#runes-cruxcasing", "uv": [ 5.5, 0.0, 13.75, 8.25 ], "glow": 255, "autoUv": false }
									}
								},
								{
									"name": "rune-1",
									"from": [ 13.1228, 3.0125, 16.1574 ],
									"to": [ 14.6228, 3.3875, 17.6574 ],
									"rotationOrigin": [ 13.1228, 3.0206, 15.7809 ],
									"rotationY": -90.0,
									"rotationZ": 90.0,
									"faces": {
										"down": { "texture": "#runes-cruxcasing", "uv": [ 0.0, 0.0, 8.25, 8.25 ], "glow": 255, "autoUv": false }
									}
								}
							]
						}
					]
				},
				{
					"name": "_origin",
					"from": [ 8.0, -0.1, 8.0 ],
					"to": [ 8.0, -0.1, 8.0 ],
					"rotationOrigin": [ 8.0, -0.1, 8.0 ],
					"faces": {
						"north": { "texture": "#default", "uv": [ 0.0, 0.0, 0.5, 0.5 ], "autoUv": false },
						"east": { "texture": "#default", "uv": [ 0.0, 0.0, 0.5, 0.5 ], "autoUv": false },
						"south": { "texture": "#default", "uv": [ 0.0, 0.0, 0.5, 0.5 ], "autoUv": false },
						"west": { "texture": "#default", "uv": [ 0.0, 0.0, 0.5, 0.5 ], "autoUv": false },
						"up": { "texture": "#default", "uv": [ 0.0, 0.0, 0.5, 0.5 ], "autoUv": false },
						"down": { "texture": "#default", "uv": [ 0.0, 0.0, 0.5, 0.5 ], "autoUv": false }
					},
					"children": [
						{
							"name": "_prism",
							"from": [ -1.2, 3.3, 7.0 ],
							"to": [ -1.2, 3.3, 7.0 ],
							"rotationOrigin": [ -1.2, 3.5, 6.0 ],
							"rotationX": -90.0,
							"faces": {
								"north": { "texture": "#default", "uv": [ 0.0, 13.0, 0.5, 13.5 ], "autoUv": false },
								"east": { "texture": "#default", "uv": [ 1.5, 3.0, 2.0, 3.5 ], "autoUv": false },
								"south": { "texture": "#default", "uv": [ 5.5, 7.0, 6.0, 7.5 ], "autoUv": false },
								"west": { "texture": "#default", "uv": [ 5.5, 6.5, 6.0, 7.0 ], "autoUv": false },
								"up": { "texture": "#default", "uv": [ 11.0, 1.5, 11.5, 2.0 ], "autoUv": false },
								"down": { "texture": "#default", "uv": [ 1.0, 0.0, 1.5, 0.5 ], "autoUv": false }
							},
							"children": [
								{
									"name": "_mainbody-capfront",
									"from": [ 0.0, 0.0, 0.0 ],
									"to": [ 0.0, 0.0, 0.0 ],
									"faces": {
										"north": { "texture": "#default", "uv": [ 0.0, 0.0, 0.5, 0.5 ], "autoUv": false },
										"east": { "texture": "#default", "uv": [ 0.0, 0.0, 0.5, 0.5 ], "autoUv": false },
										"south": { "texture": "#default", "uv": [ 0.0, 0.0, 0.5, 0.5 ], "autoUv": false },
										"west": { "texture": "#default", "uv": [ 0.0, 0.0, 0.5, 0.5 ], "autoUv": false },
										"up": { "texture": "#default", "uv": [ 0.0, 0.0, 0.5, 0.5 ], "autoUv": false },
										"down": { "texture": "#default", "uv": [ 0.0, 0.0, 0.5, 0.5 ], "autoUv": false }
									},
									"children": [
										{
											"name": "mainbody-capfront-1-4",
											"from": [ -0.15, 4.96, -5.6892 ],
											"to": [ 0.0, 7.36, -4.4892 ],
											"rotationOrigin": [ 0.0, 4.9606, -4.4892 ],
											"rotationX": -180.0,
											"rotationY": 60.0,
											"rotationZ": 180.0,
											"faces": {
												"east": { "texture": "#material", "uv": [ 0.0, 0.0, 0.5, 1.0 ], "glow": 10, "autoUv": false },
												"up": { "texture": "#material", "uv": [ 0.0, 0.0, 0.5, 0.5 ], "glow": 10, "autoUv": false },
												"down": { "texture": "#material", "uv": [ 0.0, 0.0, 0.5, 0.5 ], "glow": 10, "autoUv": false }
											}
										},
										{
											"name": "mainbody-capfront-1-2",
											"from": [ 2.4, 4.96, -5.6892 ],
											"to": [ 2.55, 7.36, -4.4892 ],
											"rotationOrigin": [ 2.4, 4.9606, -4.4892 ],
											"rotationX": -180.0,
											"rotationY": -60.0,
											"rotationZ": 180.0,
											"faces": {
												"west": { "texture": "#material", "uv": [ 0.0, 0.0, 0.5, 1.0 ], "glow": 10, "autoUv": false },
												"up": { "texture": "#material", "uv": [ 0.0, 0.0, 0.5, 0.5 ], "glow": 10, "autoUv": false },
												"down": { "texture": "#material", "uv": [ 0.0, 0.0, 0.5, 0.5 ], "glow": 10, "autoUv": false }
											}
										},
										{
											"name": "mainbody-capfront-1-3",
											"from": [ 3.4392, 4.96, -5.0892 ],
											"to": [ 3.5892, 7.36, -3.8892 ],
											"rotationOrigin": [ 3.4392, 4.9606, -3.8892 ],
											"rotationX": -180.0,
											"rotationY": -30.0,
											"rotationZ": 180.0,
											"faces": {
												"west": { "texture": "#material", "uv": [ 0.0, 0.0, 0.5, 1.0 ], "glow": 10, "autoUv": false },
												"up": { "texture": "#material", "uv": [ 0.0, 0.0, 0.5, 0.5 ], "glow": 10, "autoUv": false },
												"down": { "texture": "#material", "uv": [ 0.0, 0.0, 0.5, 0.5 ], "glow": 10, "autoUv": false }
											},
											"children": [
												{
													"name": "mainbody-capfront-1-50",
													"from": [ 0.0, 0.0, -2.4 ],
													"to": [ 0.15, 2.4, 0.0 ],
													"rotationOrigin": [ 0.0, 6.0E-4, 0.0 ],
													"rotationY": -30.0,
													"faces": {
														"west": { "texture": "#material", "uv": [ 0.0, 0.0, 1.0, 1.0 ], "glow": 10, "autoUv": false },
														"up": { "texture": "#material", "uv": [ 0.0, 0.0, 0.5, 1.0 ], "glow": 10, "autoUv": false },
														"down": { "texture": "#material", "uv": [ 0.0, 0.0, 0.5, 1.0 ], "glow": 10, "autoUv": false }
													}
												}
											]
										},
										{
											"name": "mainbody-capfront-1-5",
											"from": [ -1.1892, 4.96, -5.0892 ],
											"to": [ -1.0392, 7.36, -3.8892 ],
											"rotationOrigin": [ -1.0392, 4.9606, -3.8892 ],
											"rotationX": -180.0,
											"rotationY": 30.0,
											"rotationZ": 180.0,
											"faces": {
												"east": { "texture": "#material", "uv": [ 0.0, 0.0, 0.5, 1.0 ], "glow": 10, "autoUv": false },
												"up": { "texture": "#material", "uv": [ 0.0, 0.0, 0.5, 0.5 ], "glow": 10, "autoUv": false },
												"down": { "texture": "#material", "uv": [ 0.0, 0.0, 0.5, 0.5 ], "glow": 10, "autoUv": false }
											},
											"children": [
												{
													"name": "mainbody-capfront-1-49",
													"from": [ 0.0, 0.0, -2.4 ],
													"to": [ 0.15, 2.4, 0.0 ],
													"rotationOrigin": [ 0.15, 6.0E-4, 0.0 ],
													"rotationY": 30.0,
													"faces": {
														"east": { "texture": "#material", "uv": [ 0.0, 0.0, 1.0, 1.0 ], "glow": 10, "autoUv": false },
														"up": { "texture": "#material", "uv": [ 0.0, 0.0, 0.5, 1.0 ], "glow": 10, "autoUv": false },
														"down": { "texture": "#material", "uv": [ 0.0, 0.0, 0.5, 1.0 ], "glow": 10, "autoUv": false }
													}
												}
											]
										},
										{
											"name": "mainbody-capfront-2-1",
											"from": [ -1.1868, 7.1998, -5.684 ],
											"to": [ 0.0132, 7.3498, -4.484 ],
											"rotationOrigin": [ 0.0132, 7.3498, -4.4646 ],
											"rotationX": -165.048,
											"rotationY": 60.054,
											"rotationZ": 107.071,
											"faces": {
												"north": { "texture": "#material", "uv": [ 0.0, 0.0, 0.5, 0.5 ], "glow": 10, "autoUv": false },
												"west": { "texture": "#material", "uv": [ 0.0, 0.0, 0.5, 0.5 ], "glow": 10, "autoUv": false },
												"up": { "texture": "#material", "uv": [ 0.0, 0.0, 0.5, 0.5 ], "glow": 10, "autoUv": false }
											}
										},
										{
											"name": "mainbody-capfront-2-3",
											"from": [ -1.9382, 7.719, -2.8132 ],
											"to": [ -0.7382, 7.869, -1.6132 ],
											"rotationOrigin": [ -1.3382, 7.869, -2.8132 ],
											"rotationX": 163.888,
											"rotationY": 25.513,
											"rotationZ": 123.8,
											"faces": {
												"east": { "texture": "#material", "uv": [ 0.0, 0.0, 0.5, 0.5 ], "glow": 10, "autoUv": false },
												"south": { "texture": "#material", "uv": [ 0.0, 0.0, 0.5, 0.5 ], "glow": 10, "autoUv": false },
												"west": { "texture": "#material", "uv": [ 0.0, 0.0, 0.5, 0.5 ], "glow": 10, "autoUv": false },
												"up": { "texture": "#material", "uv": [ 0.0, 0.0, 0.5, 0.5 ], "glow": 10, "autoUv": false }
											}
										},
										{
											"name": "mainbody-capfront-2-2",
											"from": [ -1.1166, 8.5366, -2.8142 ],
											"to": [ 0.0834, 8.6866, -1.6142 ],
											"rotationOrigin": [ -0.5166, 8.6866, -2.8142 ],
											"rotationX": 153.454,
											"rotationY": 14.316,
											"rotationZ": 153.509,
											"faces": {
												"east": { "texture": "#material", "uv": [ 0.0, 0.0, 0.5, 0.5 ], "glow": 10, "autoUv": false },
												"south": { "texture": "#material", "uv": [ 0.0, 0.0, 0.5, 0.5 ], "glow": 10, "autoUv": false },
												"west": { "texture": "#material", "uv": [ 0.0, 0.0, 0.5, 0.5 ], "glow": 10, "autoUv": false },
												"up": { "texture": "#material", "uv": [ 0.0, 0.0, 0.5, 0.5 ], "glow": 10, "autoUv": false }
											}
										},
										{
											"name": "mainbody-capfront-5-1",
											"from": [ 1.2, 7.194, -5.684 ],
											"to": [ 2.4, 7.344, -4.484 ],
											"rotationOrigin": [ 2.4, 7.344, -4.4646 ],
											"rotationX": 119.1,
											"rotationY": 7.4,
											"rotationZ": -149.9,
											"faces": {
												"north": { "texture": "#material", "uv": [ 0.0, 0.0, 0.5, 0.5 ], "glow": 10, "autoUv": false },
												"west": { "texture": "#material", "uv": [ 0.0, 0.0, 0.5, 0.5 ], "glow": 10, "autoUv": false },
												"up": { "texture": "#material", "uv": [ 0.0, 0.0, 0.5, 0.5 ], "glow": 10, "autoUv": false }
											}
										},
										{
											"name": "mainbody-capfront-5-3",
											"from": [ 2.3192, 8.5454, -2.8132 ],
											"to": [ 3.5192, 8.6954, -1.6132 ],
											"rotationOrigin": [ 2.9192, 8.6954, -2.8132 ],
											"rotationX": 153.583,
											"rotationY": -14.504,
											"rotationZ": -153.292,
											"faces": {
												"east": { "texture": "#material", "uv": [ 6.0, 0.5, 6.5, 1.0 ], "glow": 10, "autoUv": false },
												"south": { "texture": "#material", "uv": [ 5.5, 0.5, 6.0, 1.0 ], "glow": 10, "autoUv": false },
												"west": { "texture": "#material", "uv": [ 2.0, 6.5, 2.5, 7.0 ], "glow": 10, "autoUv": false },
												"up": { "texture": "#material", "uv": [ 2.0, 1.5, 2.5, 2.0 ], "glow": 10, "autoUv": false }
											}
										},
										{
											"name": "mainbody-capfront-5-2",
											"from": [ 3.137, 7.7238, -2.8142 ],
											"to": [ 4.337, 7.8738, -1.6142 ],
											"rotationOrigin": [ 3.737, 7.8738, -2.8142 ],
											"rotationX": 164.078,
											"rotationY": -25.66,
											"rotationZ": -123.533,
											"faces": {
												"east": { "texture": "#material", "uv": [ 0.0, 0.0, 0.5, 0.5 ], "glow": 10, "autoUv": false },
												"south": { "texture": "#material", "uv": [ 0.0, 0.0, 0.5, 0.5 ], "glow": 10, "autoUv": false },
												"west": { "texture": "#material", "uv": [ 0.0, 0.0, 0.5, 0.5 ], "glow": 10, "autoUv": false },
												"up": { "texture": "#material", "uv": [ 0.0, 0.0, 0.5, 0.5 ], "glow": 10, "autoUv": false }
											}
										},
										{
											"name": "mainbody-capfront-1-7",
											"from": [ 2.3986, 8.8498, -2.85 ],
											"to": [ 4.8016, 8.9998, -1.65 ],
											"rotationOrigin": [ 2.4, 8.9998, -2.85 ],
											"rotationX": 150.0,
											"rotationZ": -180.0,
											"faces": {
												"east": { "texture": "#material", "uv": [ 0.0, 0.0, 0.5, 0.5 ], "glow": 10, "autoUv": false },
												"west": { "texture": "#material", "uv": [ 0.0, 0.0, 0.5, 0.5 ], "glow": 10, "autoUv": false },
												"up": { "texture": "#material", "uv": [ 0.0, 0.0, 1.0, 0.5 ], "glow": 10, "autoUv": false }
											},
											"children": [
												{
													"name": "mainbody-capfront-1-51",
													"from": [ 0.0, 0.0, -2.4 ],
													"to": [ 2.403, 0.15, 0.0 ],
													"rotationOrigin": [ 0.0014, 0.15, 0.0 ],
													"rotationX": -30.0,
													"faces": {
														"east": { "texture": "#material", "uv": [ 0.0, 0.0, 1.0, 0.5 ], "glow": 10, "autoUv": false },
														"west": { "texture": "#material", "uv": [ 0.0, 0.0, 1.0, 0.5 ], "glow": 10, "autoUv": false },
														"up": { "texture": "#material", "uv": [ 0.0, 0.0, 1.0, 1.0 ], "glow": 10, "autoUv": false }
													}
												}
											]
										},
										{
											"name": "mainbody-capfront-1-6",
											"from": [ 2.4, 8.2498, -3.8892 ],
											"to": [ 4.8, 8.3998, -2.6892 ],
											"rotationOrigin": [ 2.4, 8.3998, -3.8892 ],
											"rotationX": 120.0,
											"rotationZ": -180.0,
											"faces": {
												"east": { "texture": "#material", "uv": [ 0.0, 0.0, 0.5, 0.5 ], "glow": 10, "autoUv": false },
												"west": { "texture": "#material", "uv": [ 0.0, 0.0, 0.5, 0.5 ], "glow": 10, "autoUv": false },
												"up": { "texture": "#material", "uv": [ 0.0, 0.0, 1.0, 0.5 ], "glow": 10, "autoUv": false }
											}
										},
										{
											"name": "mainbody-capfront-1-1",
											"from": [ 2.4, 7.2108, -4.489 ],
											"to": [ 4.8, 7.3608, -2.089 ],
											"rotationOrigin": [ 2.4, 7.3608, -4.4892 ],
											"rotationX": 90.0,
											"rotationZ": -180.0,
											"faces": {
												"up": { "texture": "#material", "uv": [ 0.0, 0.0, 1.0, 1.0 ], "glow": 10, "autoUv": false }
											}
										},
										{
											"name": "Cube48",
											"from": [ 2.4, -1.2, -5.72 ],
											"to": [ 2.4, -1.2, -5.72 ],
											"rotationOrigin": [ 2.4, 0.0, -5.72 ],
											"rotationX": 180.0,
											"rotationZ": 180.0,
											"faces": {
												"north": { "texture": "#default", "uv": [ 0.0, 0.0, 0.5, 0.5 ], "autoUv": false },
												"east": { "texture": "#default", "uv": [ 0.0, 0.0, 0.5, 0.5 ], "autoUv": false },
												"south": { "texture": "#default", "uv": [ 0.0, 0.0, 0.5, 0.5 ], "autoUv": false },
												"west": { "texture": "#default", "uv": [ 0.0, 0.0, 0.5, 0.5 ], "autoUv": false },
												"up": { "texture": "#default", "uv": [ 0.0, 0.0, 0.5, 0.5 ], "autoUv": false },
												"down": { "texture": "#default", "uv": [ 0.0, 0.0, 0.5, 0.5 ], "autoUv": false }
											},
											"children": [
												{
													"name": "mainbody-capfront-3-57",
													"from": [ 1.2, 6.0354, -2.4748 ],
													"to": [ 2.4, 6.1854, -1.2748 ],
													"rotationOrigin": [ 2.4, 6.1854, -1.2554 ],
													"rotationX": -60.9,
													"rotationY": 7.4,
													"rotationZ": -149.9,
													"faces": {
														"north": { "texture": "#material", "uv": [ 0.0, 0.0, 0.5, 0.5 ], "glow": 10, "autoUv": false },
														"west": { "texture": "#material", "uv": [ 0.0, 0.0, 0.5, 0.5 ], "glow": 10, "autoUv": false },
														"up": { "texture": "#material", "uv": [ 0.0, 0.0, 0.5, 0.5 ], "glow": 10, "autoUv": false }
													}
												},
												{
													"name": "mainbody-capfront-3-58",
													"from": [ 2.3192, 4.684, -2.9068 ],
													"to": [ 3.5192, 4.834, -1.7068 ],
													"rotationOrigin": [ 2.9192, 4.834, -2.9068 ],
													"rotationX": -26.417,
													"rotationY": -14.504,
													"rotationZ": -153.292,
													"faces": {
														"east": { "texture": "#material", "uv": [ 0.0, 0.0, 0.5, 0.5 ], "glow": 10, "autoUv": false },
														"south": { "texture": "#material", "uv": [ 0.0, 0.0, 0.5, 0.5 ], "glow": 10, "autoUv": false },
														"west": { "texture": "#material", "uv": [ 0.0, 0.0, 0.5, 0.5 ], "glow": 10, "autoUv": false },
														"up": { "texture": "#material", "uv": [ 0.0, 0.0, 0.5, 0.5 ], "glow": 10, "autoUv": false }
													}
												},
												{
													"name": "mainbody-capfront-3-59",
													"from": [ 3.1368, 5.5056, -2.9058 ],
													"to": [ 4.3368, 5.6556, -1.7058 ],
													"rotationOrigin": [ 3.7368, 5.6556, -2.9058 ],
													"rotationX": -15.922,
													"rotationY": -25.66,
													"rotationZ": -123.533,
													"faces": {
														"east": { "texture": "#material", "uv": [ 0.0, 0.0, 0.5, 0.5 ], "glow": 10, "autoUv": false },
														"south": { "texture": "#material", "uv": [ 0.0, 0.0, 0.5, 0.5 ], "glow": 10, "autoUv": false },
														"west": { "texture": "#material", "uv": [ 0.0, 0.0, 0.5, 0.5 ], "glow": 10, "autoUv": false },
														"up": { "texture": "#material", "uv": [ 0.0, 0.0, 0.5, 0.5 ], "glow": 10, "autoUv": false }
													}
												},
												{
													"name": "mainbody-capfront-4-60",
													"from": [ -1.1868, 6.0298, -2.4748 ],
													"to": [ 0.0132, 6.1798, -1.2748 ],
													"rotationOrigin": [ 0.0132, 6.1798, -1.2554 ],
													"rotationX": 14.952,
													"rotationY": 60.054,
													"rotationZ": 107.071,
													"faces": {
														"north": { "texture": "#material", "uv": [ 0.0, 0.0, 0.5, 0.5 ], "glow": 10, "autoUv": false },
														"west": { "texture": "#material", "uv": [ 0.0, 0.0, 0.5, 0.5 ], "glow": 10, "autoUv": false },
														"up": { "texture": "#material", "uv": [ 0.0, 0.0, 0.5, 0.5 ], "glow": 10, "autoUv": false }
													}
												},
												{
													"name": "mainbody-capfront-4-61",
													"from": [ -1.9382, 5.5106, -2.9068 ],
													"to": [ -0.7382, 5.6606, -1.7068 ],
													"rotationOrigin": [ -1.3382, 5.6606, -2.9068 ],
													"rotationX": -16.112,
													"rotationY": 25.513,
													"rotationZ": 123.8,
													"faces": {
														"east": { "texture": "#material", "uv": [ 0.0, 0.0, 0.5, 0.5 ], "glow": 10, "autoUv": false },
														"south": { "texture": "#material", "uv": [ 0.0, 0.0, 0.5, 0.5 ], "glow": 10, "autoUv": false },
														"west": { "texture": "#material", "uv": [ 0.0, 0.0, 0.5, 0.5 ], "glow": 10, "autoUv": false },
														"up": { "texture": "#material", "uv": [ 0.0, 0.0, 0.5, 0.5 ], "glow": 10, "autoUv": false }
													}
												},
												{
													"name": "mainbody-capfront-4-62",
													"from": [ -1.1166, 4.6928, -2.9058 ],
													"to": [ 0.0834, 4.8428, -1.7058 ],
													"rotationOrigin": [ -0.5166, 4.8428, -2.9058 ],
													"rotationX": -26.545,
													"rotationY": 14.316,
													"rotationZ": 153.509,
													"faces": {
														"east": { "texture": "#material", "uv": [ 0.0, 0.0, 0.5, 0.5 ], "glow": 10, "autoUv": false },
														"south": { "texture": "#material", "uv": [ 0.0, 0.0, 0.5, 0.5 ], "glow": 10, "autoUv": false },
														"west": { "texture": "#material", "uv": [ 0.0, 0.0, 0.5, 0.5 ], "glow": 10, "autoUv": false },
														"up": { "texture": "#material", "uv": [ 0.0, 0.0, 0.5, 0.5 ], "glow": 10, "autoUv": false }
													}
												},
												{
													"name": "mainbody-capfront-1-63",
													"from": [ -0.0014, 4.9712, -1.8308 ],
													"to": [ 2.4016, 5.1212, -0.6308 ],
													"rotationOrigin": [ 0.0, 5.1212, -1.8308 ],
													"rotationX": 150.0,
													"faces": {
														"east": { "texture": "#material", "uv": [ 0.0, 0.0, 0.5, 0.5 ], "glow": 10, "autoUv": false },
														"west": { "texture": "#material", "uv": [ 0.0, 0.0, 0.5, 0.5 ], "glow": 10, "autoUv": false },
														"up": { "texture": "#material", "uv": [ 0.0, 0.0, 1.0, 0.5 ], "glow": 10, "autoUv": false }
													},
													"children": [
														{
															"name": "mainbody-capfront-1-52",
															"from": [ 0.0, 0.0, 1.2 ],
															"to": [ 2.403, 0.15, 3.6 ],
															"rotationOrigin": [ 0.0014, 0.15, 1.2 ],
															"rotationX": 30.0,
															"faces": {
																"east": { "texture": "#material", "uv": [ 0.0, 0.0, 1.0, 0.5 ], "glow": 10, "autoUv": false },
																"west": { "texture": "#material", "uv": [ 0.0, 0.0, 1.0, 0.5 ], "glow": 10, "autoUv": false },
																"up": { "texture": "#material", "uv": [ 0.0, 0.0, 1.0, 1.0 ], "glow": 10, "autoUv": false }
															}
														}
													]
												},
												{
													"name": "mainbody-capfront-1-64",
													"from": [ 0.0, 6.0104, -1.2308 ],
													"to": [ 2.4, 6.1604, -0.0308 ],
													"rotationOrigin": [ 0.3, 6.1606, -1.2308 ],
													"rotationX": 120.0,
													"faces": {
														"east": { "texture": "#material", "uv": [ 0.0, 0.0, 0.5, 0.5 ], "glow": 10, "autoUv": false },
														"west": { "texture": "#material", "uv": [ 0.0, 0.0, 0.5, 0.5 ], "glow": 10, "autoUv": false },
														"up": { "texture": "#material", "uv": [ 0.0, 0.0, 1.0, 0.5 ], "glow": 10, "autoUv": false }
													}
												}
											]
										}
									]
								},
								{
									"name": "_mainbody-capback",
									"from": [ -2.4, 0.0, 8.12 ],
									"to": [ -2.4, 0.0, 8.12 ],
									"rotationOrigin": [ 0.0, 0.0, 2.4 ],
									"rotationY": 180.0,
									"faces": {
										"north": { "texture": "#default", "uv": [ 0.0, 0.0, 0.5, 0.5 ], "autoUv": false },
										"east": { "texture": "#default", "uv": [ 0.0, 0.0, 0.5, 0.5 ], "autoUv": false },
										"south": { "texture": "#default", "uv": [ 0.0, 0.0, 0.5, 0.5 ], "autoUv": false },
										"west": { "texture": "#default", "uv": [ 0.0, 0.0, 0.5, 0.5 ], "autoUv": false },
										"up": { "texture": "#default", "uv": [ 0.0, 0.0, 0.5, 0.5 ], "autoUv": false },
										"down": { "texture": "#default", "uv": [ 0.0, 0.0, 0.5, 0.5 ], "autoUv": false }
									},
									"children": [
										{
											"name": "mainbody-capback-1-4",
											"from": [ -0.15, 4.96, -5.6892 ],
											"to": [ 0.0, 7.36, -4.4892 ],
											"rotationOrigin": [ 0.0, 4.9606, -4.4892 ],
											"rotationX": -180.0,
											"rotationY": 60.0,
											"rotationZ": 180.0,
											"faces": {
												"east": { "texture": "#material", "uv": [ 0.0, 0.0, 0.5, 1.0 ], "glow": 10, "autoUv": false },
												"up": { "texture": "#material", "uv": [ 0.0, 0.0, 0.5, 0.5 ], "glow": 10, "autoUv": false },
												"down": { "texture": "#material", "uv": [ 0.0, 0.0, 0.5, 0.5 ], "glow": 10, "autoUv": false }
											}
										},
										{
											"name": "mainbody-capback-1-2",
											"from": [ 2.4, 4.96, -5.6892 ],
											"to": [ 2.55, 7.36, -4.4892 ],
											"rotationOrigin": [ 2.4, 4.9606, -4.4892 ],
											"rotationX": -180.0,
											"rotationY": -60.0,
											"rotationZ": 180.0,
											"faces": {
												"west": { "texture": "#material", "uv": [ 0.0, 0.0, 0.5, 1.0 ], "glow": 10, "autoUv": false },
												"up": { "texture": "#material", "uv": [ 0.0, 0.0, 0.5, 0.5 ], "glow": 10, "autoUv": false },
												"down": { "texture": "#material", "uv": [ 0.0, 0.0, 0.5, 0.5 ], "glow": 10, "autoUv": false }
											}
										},
										{
											"name": "mainbody-capback-1-3",
											"from": [ 3.4392, 4.96, -5.0892 ],
											"to": [ 3.5892, 7.36, -3.8892 ],
											"rotationOrigin": [ 3.4392, 4.9606, -3.8892 ],
											"rotationX": -180.0,
											"rotationY": -30.0,
											"rotationZ": 180.0,
											"faces": {
												"west": { "texture": "#material", "uv": [ 0.0, 0.0, 0.5, 1.0 ], "glow": 10, "autoUv": false },
												"up": { "texture": "#material", "uv": [ 0.0, 0.0, 0.5, 0.5 ], "glow": 10, "autoUv": false },
												"down": { "texture": "#material", "uv": [ 0.0, 0.0, 0.5, 0.5 ], "glow": 10, "autoUv": false }
											}
										},
										{
											"name": "mainbody-capback-1-5",
											"from": [ -1.1892, 4.96, -5.0892 ],
											"to": [ -1.0392, 7.36, -3.8892 ],
											"rotationOrigin": [ -1.0392, 4.9606, -3.8892 ],
											"rotationX": -180.0,
											"rotationY": 30.0,
											"rotationZ": 180.0,
											"faces": {
												"east": { "texture": "#material", "uv": [ 0.0, 0.0, 0.5, 1.0 ], "glow": 10, "autoUv": false },
												"up": { "texture": "#material", "uv": [ 0.0, 0.0, 0.5, 0.5 ], "glow": 10, "autoUv": false },
												"down": { "texture": "#material", "uv": [ 0.0, 0.0, 0.5, 0.5 ], "glow": 10, "autoUv": false }
											}
										},
										{
											"name": "mainbody-capback-2-1",
											"from": [ -1.1868, 7.1998, -5.684 ],
											"to": [ 0.0132, 7.3498, -4.484 ],
											"rotationOrigin": [ 0.0132, 7.3498, -4.4646 ],
											"rotationX": -165.048,
											"rotationY": 60.054,
											"rotationZ": 107.071,
											"faces": {
												"north": { "texture": "#material", "uv": [ 0.0, 0.0, 0.5, 0.5 ], "glow": 10, "autoUv": false },
												"west": { "texture": "#material", "uv": [ 0.0, 0.0, 0.5, 0.5 ], "glow": 10, "autoUv": false },
												"up": { "texture": "#material", "uv": [ 0.0, 0.0, 0.5, 0.5 ], "glow": 10, "autoUv": false }
											}
										},
										{
											"name": "mainbody-capback-2-3",
											"from": [ -1.9382, 7.719, -2.8132 ],
											"to": [ -0.7382, 7.869, -1.6132 ],
											"rotationOrigin": [ -1.3382, 7.869, -2.8132 ],
											"rotationX": 163.888,
											"rotationY": 25.513,
											"rotationZ": 123.8,
											"faces": {
												"east": { "texture": "#material", "uv": [ 0.0, 0.0, 0.5, 0.5 ], "glow": 10, "autoUv": false },
												"south": { "texture": "#material", "uv": [ 0.0, 0.0, 0.5, 0.5 ], "glow": 10, "autoUv": false },
												"west": { "texture": "#material", "uv": [ 0.0, 0.0, 0.5, 0.5 ], "glow": 10, "autoUv": false },
												"up": { "texture": "#material", "uv": [ 0.0, 0.0, 0.5, 0.5 ], "glow": 10, "autoUv": false }
											},
											"children": [
												{
													"name": "mainbody-capback-2-59",
													"from": [ 0.0, 0.0, -2.4 ],
													"to": [ 1.2, 0.15, 0.0 ],
													"rotationOrigin": [ 0.6, 0.15, 0.0 ],
													"rotationX": -30.0,
													"faces": {
														"east": { "texture": "#material", "uv": [ 0.0, 0.0, 1.0, 0.5 ], "glow": 10, "autoUv": false },
														"south": { "texture": "#material", "uv": [ 0.0, 0.0, 0.5, 0.5 ], "glow": 10, "autoUv": false },
														"west": { "texture": "#material", "uv": [ 0.0, 0.0, 1.0, 0.5 ], "glow": 10, "autoUv": false },
														"up": { "texture": "#material", "uv": [ 0.0, 0.0, 0.5, 1.0 ], "glow": 10, "autoUv": false }
													}
												}
											]
										},
										{
											"name": "mainbody-capback-2-2",
											"from": [ -1.1166, 8.5366, -2.8142 ],
											"to": [ 0.0834, 8.6866, -1.6142 ],
											"rotationOrigin": [ -0.5166, 8.6866, -2.8142 ],
											"rotationX": 153.454,
											"rotationY": 14.316,
											"rotationZ": 153.509,
											"faces": {
												"east": { "texture": "#material", "uv": [ 0.0, 0.0, 0.5, 0.5 ], "glow": 10, "autoUv": false },
												"south": { "texture": "#material", "uv": [ 0.0, 0.0, 0.5, 0.5 ], "glow": 10, "autoUv": false },
												"west": { "texture": "#material", "uv": [ 0.0, 0.0, 0.5, 0.5 ], "glow": 10, "autoUv": false },
												"up": { "texture": "#material", "uv": [ 0.0, 0.0, 0.5, 0.5 ], "glow": 10, "autoUv": false }
											},
											"children": [
												{
													"name": "mainbody-capback-2-60",
													"from": [ 0.0, 0.0, -2.4 ],
													"to": [ 1.2, 0.15, 0.0 ],
													"rotationOrigin": [ 0.6, 0.15, 0.0 ],
													"rotationX": -30.0,
													"faces": {
														"east": { "texture": "#material", "uv": [ 0.0, 0.0, 1.0, 0.5 ], "glow": 10, "autoUv": false },
														"south": { "texture": "#material", "uv": [ 0.0, 0.0, 0.5, 0.5 ], "glow": 10, "autoUv": false },
														"west": { "texture": "#material", "uv": [ 0.0, 0.0, 1.0, 0.5 ], "glow": 10, "autoUv": false },
														"up": { "texture": "#material", "uv": [ 0.0, 0.0, 0.5, 1.0 ], "glow": 10, "autoUv": false }
													}
												}
											]
										},
										{
											"name": "mainbody-capback-5-1",
											"from": [ 1.2, 7.194, -5.684 ],
											"to": [ 2.4, 7.344, -4.484 ],
											"rotationOrigin": [ 2.4, 7.344, -4.4646 ],
											"rotationX": 119.1,
											"rotationY": 7.4,
											"rotationZ": -149.9,
											"faces": {
												"north": { "texture": "#material", "uv": [ 0.0, 0.0, 0.5, 0.5 ], "glow": 10, "autoUv": false },
												"west": { "texture": "#material", "uv": [ 0.0, 0.0, 0.5, 0.5 ], "glow": 10, "autoUv": false },
												"up": { "texture": "#material", "uv": [ 0.0, 0.0, 0.5, 0.5 ], "glow": 10, "autoUv": false }
											}
										},
										{
											"name": "mainbody-capback-5-3",
											"from": [ 2.3192, 8.5454, -2.8132 ],
											"to": [ 3.5192, 8.6954, -1.6132 ],
											"rotationOrigin": [ 2.9192, 8.6954, -2.8132 ],
											"rotationX": 153.583,
											"rotationY": -14.504,
											"rotationZ": -153.292,
											"faces": {
												"east": { "texture": "#material", "uv": [ 6.0, 0.5, 6.5, 1.0 ], "glow": 10, "autoUv": false },
												"south": { "texture": "#material", "uv": [ 5.5, 0.5, 6.0, 1.0 ], "glow": 10, "autoUv": false },
												"west": { "texture": "#material", "uv": [ 2.0, 6.5, 2.5, 7.0 ], "glow": 10, "autoUv": false },
												"up": { "texture": "#material", "uv": [ 2.0, 1.5, 2.5, 2.0 ], "glow": 10, "autoUv": false }
											},
											"children": [
												{
													"name": "mainbody-capback-5-53",
													"from": [ 0.0, 0.0, -2.4 ],
													"to": [ 1.2, 0.15, 0.0 ],
													"rotationOrigin": [ 0.6, 0.15, 0.0 ],
													"rotationX": -30.0,
													"faces": {
														"east": { "texture": "#material", "uv": [ 6.0, 0.5, 7.0, 1.0 ], "glow": 10, "autoUv": false },
														"south": { "texture": "#material", "uv": [ 5.5, 0.5, 6.0, 1.0 ], "glow": 10, "autoUv": false },
														"west": { "texture": "#material", "uv": [ 2.0, 6.5, 3.0, 7.0 ], "glow": 10, "autoUv": false },
														"up": { "texture": "#material", "uv": [ 2.0, 1.5, 2.5, 2.5 ], "glow": 10, "autoUv": false }
													}
												}
											]
										},
										{
											"name": "mainbody-capback-5-2",
											"from": [ 3.137, 7.7238, -2.8142 ],
											"to": [ 4.337, 7.8738, -1.6142 ],
											"rotationOrigin": [ 3.737, 7.8738, -2.8142 ],
											"rotationX": 164.078,
											"rotationY": -25.66,
											"rotationZ": -123.533,
											"faces": {
												"east": { "texture": "#material", "uv": [ 0.0, 0.0, 0.5, 0.5 ], "glow": 10, "autoUv": false },
												"south": { "texture": "#material", "uv": [ 0.0, 0.0, 0.5, 0.5 ], "glow": 10, "autoUv": false },
												"west": { "texture": "#material", "uv": [ 0.0, 0.0, 0.5, 0.5 ], "glow": 10, "autoUv": false },
												"up": { "texture": "#material", "uv": [ 0.0, 0.0, 0.5, 0.5 ], "glow": 10, "autoUv": false }
											},
											"children": [
												{
													"name": "mainbody-capback-5-54",
													"from": [ 0.0, 0.0, -2.4 ],
													"to": [ 1.2, 0.15, 0.0 ],
													"rotationOrigin": [ 0.6, 0.15, 0.0 ],
													"rotationX": -30.0,
													"faces": {
														"east": { "texture": "#material", "uv": [ 0.0, 0.0, 1.0, 0.5 ], "glow": 10, "autoUv": false },
														"south": { "texture": "#material", "uv": [ 0.0, 0.0, 0.5, 0.5 ], "glow": 10, "autoUv": false },
														"west": { "texture": "#material", "uv": [ 0.0, 0.0, 1.0, 0.5 ], "glow": 10, "autoUv": false },
														"up": { "texture": "#material", "uv": [ 0.0, 0.0, 0.5, 1.0 ], "glow": 10, "autoUv": false }
													}
												}
											]
										},
										{
											"name": "mainbody-capback-1-7",
											"from": [ 2.3986, 8.8498, -2.85 ],
											"to": [ 4.8016, 8.9998, -1.65 ],
											"rotationOrigin": [ 2.4, 8.9998, -2.85 ],
											"rotationX": 150.0,
											"rotationZ": -180.0,
											"faces": {
												"east": { "texture": "#material", "uv": [ 0.0, 0.0, 0.5, 0.5 ], "glow": 10, "autoUv": false },
												"west": { "texture": "#material", "uv": [ 0.0, 0.0, 0.5, 0.5 ], "glow": 10, "autoUv": false },
												"up": { "texture": "#material", "uv": [ 0.0, 0.0, 1.0, 0.5 ], "glow": 10, "autoUv": false }
											}
										},
										{
											"name": "mainbody-capback-1-6",
											"from": [ 2.4, 8.2498, -3.8892 ],
											"to": [ 4.8, 8.3998, -2.6892 ],
											"rotationOrigin": [ 2.4, 8.3998, -3.8892 ],
											"rotationX": 120.0,
											"rotationZ": -180.0,
											"faces": {
												"east": { "texture": "#material", "uv": [ 0.0, 0.0, 0.5, 0.5 ], "glow": 10, "autoUv": false },
												"west": { "texture": "#material", "uv": [ 0.0, 0.0, 0.5, 0.5 ], "glow": 10, "autoUv": false },
												"up": { "texture": "#material", "uv": [ 0.0, 0.0, 1.0, 0.5 ], "glow": 10, "autoUv": false }
											}
										},
										{
											"name": "mainbody-capback-1-1",
											"from": [ 2.4, 7.2108, -4.489 ],
											"to": [ 4.8, 7.3608, -2.089 ],
											"rotationOrigin": [ 2.4, 7.3608, -4.4892 ],
											"rotationX": 90.0,
											"rotationZ": -180.0,
											"faces": {
												"up": { "texture": "#material", "uv": [ 0.0, 0.0, 1.0, 1.0 ], "glow": 10, "autoUv": false }
											}
										},
										{
											"name": "Cube1",
											"from": [ 0.0, -1.2, 0.0 ],
											"to": [ 0.0, -1.2, 0.0 ],
											"faces": {
												"north": { "texture": "#default", "uv": [ 0.0, 0.0, 0.5, 0.5 ], "autoUv": false },
												"east": { "texture": "#default", "uv": [ 0.0, 0.0, 0.5, 0.5 ], "autoUv": false },
												"south": { "texture": "#default", "uv": [ 0.0, 0.0, 0.5, 0.5 ], "autoUv": false },
												"west": { "texture": "#default", "uv": [ 0.0, 0.0, 0.5, 0.5 ], "autoUv": false },
												"up": { "texture": "#default", "uv": [ 0.0, 0.0, 0.5, 0.5 ], "autoUv": false },
												"down": { "texture": "#default", "uv": [ 0.0, 0.0, 0.5, 0.5 ], "autoUv": false }
											},
											"children": [
												{
													"name": "mainbody-capback-3-1",
													"from": [ -1.2, 6.0354, -5.684 ],
													"to": [ 0.0, 6.1854, -4.484 ],
													"rotationOrigin": [ 0.0, 6.1854, -4.4646 ],
													"rotationX": -119.1,
													"rotationY": -7.4,
													"rotationZ": 30.1,
													"faces": {
														"north": { "texture": "#material", "uv": [ 0.0, 0.0, 0.5, 0.5 ], "glow": 10, "autoUv": false },
														"west": { "texture": "#material", "uv": [ 0.0, 0.0, 0.5, 0.5 ], "glow": 10, "autoUv": false },
														"up": { "texture": "#material", "uv": [ 0.0, 0.0, 0.5, 0.5 ], "glow": 10, "autoUv": false }
													}
												},
												{
													"name": "mainbody-capback-3-3",
													"from": [ -1.1192, 4.684, -2.8132 ],
													"to": [ 0.0808, 4.834, -1.6132 ],
													"rotationOrigin": [ -0.5192, 4.834, -2.8132 ],
													"rotationX": -153.583,
													"rotationY": 14.504,
													"rotationZ": 26.708,
													"faces": {
														"east": { "texture": "#material", "uv": [ 0.0, 0.0, 0.5, 0.5 ], "glow": 10, "autoUv": false },
														"south": { "texture": "#material", "uv": [ 0.0, 0.0, 0.5, 0.5 ], "glow": 10, "autoUv": false },
														"west": { "texture": "#material", "uv": [ 0.0, 0.0, 0.5, 0.5 ], "glow": 10, "autoUv": false },
														"up": { "texture": "#material", "uv": [ 0.0, 0.0, 0.5, 0.5 ], "glow": 10, "autoUv": false }
													},
													"children": [
														{
															"name": "mainbody-capback-3-57",
															"from": [ 0.0, 0.0, -2.4 ],
															"to": [ 1.2, 0.15, 0.0 ],
															"rotationOrigin": [ 0.6, 0.15, 0.0 ],
															"rotationX": -30.0,
															"faces": {
																"east": { "texture": "#material", "uv": [ 0.0, 0.0, 1.0, 0.5 ], "glow": 10, "autoUv": false },
																"south": { "texture": "#material", "uv": [ 0.0, 0.0, 0.5, 0.5 ], "glow": 10, "autoUv": false },
																"west": { "texture": "#material", "uv": [ 0.0, 0.0, 1.0, 0.5 ], "glow": 10, "autoUv": false },
																"up": { "texture": "#material", "uv": [ 0.0, 0.0, 0.5, 1.0 ], "glow": 10, "autoUv": false }
															}
														}
													]
												},
												{
													"name": "mainbody-capback-3-2",
													"from": [ -1.9368, 5.5056, -2.8142 ],
													"to": [ -0.7368, 5.6556, -1.6142 ],
													"rotationOrigin": [ -1.3368, 5.6556, -2.8142 ],
													"rotationX": -164.078,
													"rotationY": 25.66,
													"rotationZ": 56.467,
													"faces": {
														"east": { "texture": "#material", "uv": [ 0.0, 0.0, 0.5, 0.5 ], "glow": 10, "autoUv": false },
														"south": { "texture": "#material", "uv": [ 0.0, 0.0, 0.5, 0.5 ], "glow": 10, "autoUv": false },
														"west": { "texture": "#material", "uv": [ 0.0, 0.0, 0.5, 0.5 ], "glow": 10, "autoUv": false },
														"up": { "texture": "#material", "uv": [ 0.0, 0.0, 0.5, 0.5 ], "glow": 10, "autoUv": false }
													},
													"children": [
														{
															"name": "mainbody-capback-3-58",
															"from": [ 0.0, 0.0, -2.4 ],
															"to": [ 1.2, 0.15, 0.0 ],
															"rotationOrigin": [ 0.6, 0.15, 0.0 ],
															"rotationX": -30.0,
															"faces": {
																"east": { "texture": "#material", "uv": [ 0.0, 0.0, 1.0, 0.5 ], "glow": 10, "autoUv": false },
																"south": { "texture": "#material", "uv": [ 0.0, 0.0, 0.5, 0.5 ], "glow": 10, "autoUv": false },
																"west": { "texture": "#material", "uv": [ 0.0, 0.0, 1.0, 0.5 ], "glow": 10, "autoUv": false },
																"up": { "texture": "#material", "uv": [ 0.0, 0.0, 0.5, 1.0 ], "glow": 10, "autoUv": false }
															}
														}
													]
												},
												{
													"name": "mainbody-capback-4-1",
													"from": [ 1.1868, 6.0298, -5.684 ],
													"to": [ 2.3868, 6.1798, -4.484 ],
													"rotationOrigin": [ 2.3868, 6.1798, -4.4646 ],
													"rotationX": 165.048,
													"rotationY": -60.054,
													"rotationZ": -72.929,
													"faces": {
														"north": { "texture": "#material", "uv": [ 0.0, 0.0, 0.5, 0.5 ], "glow": 10, "autoUv": false },
														"west": { "texture": "#material", "uv": [ 0.0, 0.0, 0.5, 0.5 ], "glow": 10, "autoUv": false },
														"up": { "texture": "#material", "uv": [ 0.0, 0.0, 0.5, 0.5 ], "glow": 10, "autoUv": false }
													}
												},
												{
													"name": "mainbody-capback-4-3",
													"from": [ 3.1382, 5.5106, -2.8132 ],
													"to": [ 4.3382, 5.6606, -1.6132 ],
													"rotationOrigin": [ 3.7382, 5.6606, -2.8132 ],
													"rotationX": -163.888,
													"rotationY": -25.513,
													"rotationZ": -56.2,
													"faces": {
														"east": { "texture": "#material", "uv": [ 0.0, 0.0, 0.5, 0.5 ], "glow": 10, "autoUv": false },
														"south": { "texture": "#material", "uv": [ 0.0, 0.0, 0.5, 0.5 ], "glow": 10, "autoUv": false },
														"west": { "texture": "#material", "uv": [ 0.0, 0.0, 0.5, 0.5 ], "glow": 10, "autoUv": false },
														"up": { "texture": "#material", "uv": [ 0.0, 0.0, 0.5, 0.5 ], "glow": 10, "autoUv": false }
													},
													"children": [
														{
															"name": "mainbody-capback-4-55",
															"from": [ 0.0, 0.0, -2.4 ],
															"to": [ 1.2, 0.15, 0.0 ],
															"rotationOrigin": [ 0.6, 0.15, 0.0 ],
															"rotationX": -30.0,
															"faces": {
																"east": { "texture": "#material", "uv": [ 0.0, 0.0, 1.0, 0.5 ], "glow": 10, "autoUv": false },
																"south": { "texture": "#material", "uv": [ 0.0, 0.0, 0.5, 0.5 ], "glow": 10, "autoUv": false },
																"west": { "texture": "#material", "uv": [ 0.0, 0.0, 1.0, 0.5 ], "glow": 10, "autoUv": false },
																"up": { "texture": "#material", "uv": [ 0.0, 0.0, 0.5, 1.0 ], "glow": 10, "autoUv": false }
															}
														}
													]
												},
												{
													"name": "mainbody-capback-4-2",
													"from": [ 2.3166, 4.6928, -2.8142 ],
													"to": [ 3.5166, 4.8428, -1.6142 ],
													"rotationOrigin": [ 2.9166, 4.8428, -2.8142 ],
													"rotationX": -153.455,
													"rotationY": -14.316,
													"rotationZ": -26.491,
													"faces": {
														"east": { "texture": "#material", "uv": [ 0.0, 0.0, 0.5, 0.5 ], "glow": 10, "autoUv": false },
														"south": { "texture": "#material", "uv": [ 0.0, 0.0, 0.5, 0.5 ], "glow": 10, "autoUv": false },
														"west": { "texture": "#material", "uv": [ 0.0, 0.0, 0.5, 0.5 ], "glow": 10, "autoUv": false },
														"up": { "texture": "#material", "uv": [ 0.0, 0.0, 0.5, 0.5 ], "glow": 10, "autoUv": false }
													},
													"children": [
														{
															"name": "mainbody-capback-4-56",
															"from": [ 0.0, 0.0, -2.4 ],
															"to": [ 1.2, 0.15, 0.0 ],
															"rotationOrigin": [ 0.6, 0.15, 0.0 ],
															"rotationX": -30.0,
															"faces": {
																"east": { "texture": "#material", "uv": [ 0.0, 0.0, 1.0, 0.5 ], "glow": 10, "autoUv": false },
																"south": { "texture": "#material", "uv": [ 0.0, 0.0, 0.5, 0.5 ], "glow": 10, "autoUv": false },
																"west": { "texture": "#material", "uv": [ 0.0, 0.0, 1.0, 0.5 ], "glow": 10, "autoUv": false },
																"up": { "texture": "#material", "uv": [ 0.0, 0.0, 0.5, 1.0 ], "glow": 10, "autoUv": false }
															}
														}
													]
												},
												{
													"name": "mainbody-capback-1-9",
													"from": [ 2.3986, 4.9712, -3.8892 ],
													"to": [ 4.8016, 5.1212, -2.6892 ],
													"rotationOrigin": [ 2.4, 5.1212, -3.8892 ],
													"rotationX": 30.0,
													"rotationZ": 180.0,
													"faces": {
														"east": { "texture": "#material", "uv": [ 0.0, 0.0, 0.5, 0.5 ], "glow": 10, "autoUv": false },
														"west": { "texture": "#material", "uv": [ 0.0, 0.0, 0.5, 0.5 ], "glow": 10, "autoUv": false },
														"up": { "texture": "#material", "uv": [ 0.0, 0.0, 1.0, 0.5 ], "glow": 10, "autoUv": false }
													}
												},
												{
													"name": "mainbody-capback-1-8",
													"from": [ 1.8, 6.0104, -4.4892 ],
													"to": [ 4.2, 6.1604, -3.2892 ],
													"rotationOrigin": [ 2.1, 6.1606, -4.4892 ],
													"rotationX": 60.0,
													"rotationZ": 180.0,
													"faces": {
														"east": { "texture": "#material", "uv": [ 0.0, 0.0, 0.5, 0.5 ], "glow": 10, "autoUv": false },
														"west": { "texture": "#material", "uv": [ 0.0, 0.0, 0.5, 0.5 ], "glow": 10, "autoUv": false },
														"up": { "texture": "#material", "uv": [ 0.0, 0.0, 1.0, 0.5 ], "glow": 10, "autoUv": false }
													}
												}
											]
										}
									]
								}
							]
						}
					]
				}
			]
		}
	],
	"animations": [
		{
			"name": "skidsup",
			"code": "skidsup",
			"quantityframes": 30,
			"onActivityStopped": "Rewind",
			"onAnimationEnd": "Hold",
			"keyframes": [

			]
		},

		{
			"name": "poweredon",
			"code": "poweredon",
			"quantityframes": 30,
			"onActivityStopped": "Rewind",
			"onAnimationEnd": "Repeat",
			"keyframes": [

			]
		},

		{
			"name": "rim-spin",
			"code": "rim-spin",
			"quantityframes": 40,
			"onActivityStopped": "PlayTillEnd",
			"onAnimationEnd": "Repeat",
			"keyframes": [

			]
		},

		{
			"name": "skidsup",
			"code": "skidsup",
			"quantityframes": 30,
			"onActivityStopped": "Rewind",
			"onAnimationEnd": "Hold",
			"keyframes": [

			]
		},

		{
			"name": "poweredon",
			"code": "poweredon",
			"quantityframes": 30,
			"onActivityStopped": "Rewind",
			"onAnimationEnd": "Repeat",
			"keyframes": [

			]
		}
	]
}