{
	"editor": {
		"allAngles": false,
		"entityTextureMode": false
	},
	"textureWidth": 16,
	"textureHeight": 16,
	"textureSizes": {
	},
	"textures": {
	},
	"elements": [
		{
			"name": "_origin",
			"from": [ 0.0, 0.0, -0.25 ],
			"to": [ 0.0, 0.0, -0.25 ],
			"rotationOrigin": [ 8.0, 0.0, 7.8 ],
			"faces": {
				"north": {
					"texture": "#default",
					"uv": [ 0.0, 0.0, 0.5, 0.5 ]
				},
				"east": {
					"texture": "#default",
					"uv": [ 0.0, 0.0, 0.5, 0.5 ],
					"rotation": 270
				},
				"south": {
					"texture": "#default",
					"uv": [ 0.0, 0.0, 0.5, 0.5 ],
					"rotation": 180
				},
				"west": {
					"texture": "#default",
					"uv": [ 0.0, 0.0, 0.5, 0.5 ],
					"rotation": 90
				},
				"up": {
					"texture": "#default",
					"uv": [ 0.0, 0.0, 0.5, 0.5 ],
					"rotation": 180
				},
				"down": {
					"texture": "#default",
					"uv": [ 0.0, 0.0, 0.5, 0.5 ]
				}
			},
			"children": [
				{
					"name": "_base",
					"from": [ 0.0, 0.0, 0.0 ],
					"to": [ 0.0, 0.0, 0.0 ],
					"faces": {
						"north": {
							"texture": "#default",
							"uv": [ 0.0, 0.0, 0.5, 0.5 ]
						},
						"east": {
							"texture": "#default",
							"uv": [ 0.0, 0.0, 0.5, 0.5 ]
						},
						"south": {
							"texture": "#default",
							"uv": [ 0.0, 0.0, 0.5, 0.5 ]
						},
						"west": {
							"texture": "#default",
							"uv": [ 0.0, 0.0, 0.5, 0.5 ]
						},
						"up": {
							"texture": "#default",
							"uv": [ 0.0, 0.0, 0.5, 0.5 ]
						},
						"down": {
							"texture": "#default",
							"uv": [ 0.0, 0.0, 0.5, 0.5 ]
						}
					},
					"children": [
						{
							"name": "pages",
							"from": [ 7.5, 0.2, 6.0 ],
							"to": [ 8.6, 5.8, 10.5 ],
							"rotationOrigin": [ 8.0, 0.2, 8.0 ],
							"faces": {
								"north": {
									"texture": "#pages",
									"uv": [ 0.0, 0.0, 11.0, 6.0 ],
									"rotation": 90,
									"autoUv": false,
									"windMode": [ -1, -1, -1, -1 ]
								},
								"east": {
									"texture": "#pages",
									"uv": [ 4.5, 9.0, 9.0, 14.5 ],
									"enabled": false
								},
								"south": {
									"texture": "#pages",
									"uv": [ 4.5, 8.0, 10.0, 9.0 ],
									"rotation": 270,
									"enabled": false
								},
								"west": {
									"texture": "#pages",
									"uv": [ 4.5, 8.0, 9.0, 13.5 ],
									"rotation": 180,
									"enabled": false
								},
								"up": {
									"texture": "#pages",
									"uv": [ 0.0, 0.0, 8.0, 6.0 ],
									"rotation": 270,
									"autoUv": false
								},
								"down": {
									"texture": "#pages",
									"uv": [ 0.0, 0.0, 8.0, 6.0 ],
									"rotation": 90,
									"autoUv": false
								}
							},
							"children": [
								{
									"name": "gold-coveredge-front15",
									"from": [ 1.08, 5.35, -0.25 ],
									"to": [ 1.58, 5.85, 0.75 ],
									"rotationOrigin": [ 1.1, 4.9, -0.3 ],
									"faces": {
										"north": {
											"texture": "#gold",
											"uv": [ 0.0, 0.0, 1.0, 1.0 ],
											"autoUv": false
										},
										"east": {
											"texture": "#gold",
											"uv": [ 0.0, 0.0, 2.0, 1.0 ],
											"autoUv": false
										},
										"south": {
											"texture": "#gold",
											"uv": [ 0.0, 0.0, 1.0, 1.0 ],
											"autoUv": false
										},
										"west": {
											"texture": "#gold",
											"uv": [ 0.0, 0.0, 2.0, 1.0 ],
											"autoUv": false
										},
										"up": {
											"texture": "#gold",
											"uv": [ 0.0, 0.0, 1.0, 2.0 ],
											"autoUv": false
										},
										"down": {
											"texture": "#gold",
											"uv": [ 0.0, 0.0, 1.0, 2.0 ],
											"autoUv": false
										}
									},
									"children": [
										{
											"name": "gold-coveredge-front3",
											"from": [ 0.0, -0.5, 0.0 ],
											"to": [ 0.5, 0.0, 0.5 ],
											"rotationOrigin": [ 0.02, -0.55, -0.05 ],
											"faces": {
												"north": {
													"texture": "#gold",
													"uv": [ 0.0, 0.0, 1.0, 1.0 ],
													"autoUv": false
												},
												"east": {
													"texture": "#gold",
													"uv": [ 0.0, 0.0, 1.0, 1.0 ],
													"autoUv": false
												},
												"south": {
													"texture": "#gold",
													"uv": [ 0.0, 0.0, 1.0, 1.0 ],
													"autoUv": false
												},
												"west": {
													"texture": "#gold",
													"uv": [ 0.0, 0.0, 1.0, 1.0 ],
													"autoUv": false
												},
												"up": {
													"texture": "#gold",
													"uv": [ 0.0, 0.0, 1.0, 1.0 ],
													"autoUv": false
												},
												"down": {
													"texture": "#gold",
													"uv": [ 0.0, 0.0, 1.0, 1.0 ],
													"autoUv": false
												}
											}
										}
									]
								},
								{
									"name": "gold-coveredge-front16",
									"from": [ -0.47, 5.35, -0.25 ],
									"to": [ 0.03, 5.85, 0.75 ],
									"rotationOrigin": [ -0.4, 4.9, -0.3 ],
									"faces": {
										"north": {
											"texture": "#gold",
											"uv": [ 0.0, 0.0, 1.0, 1.0 ],
											"autoUv": false
										},
										"east": {
											"texture": "#gold",
											"uv": [ 0.0, 0.0, 2.0, 1.0 ],
											"autoUv": false
										},
										"south": {
											"texture": "#gold",
											"uv": [ 0.0, 0.0, 1.0, 1.0 ],
											"autoUv": false
										},
										"west": {
											"texture": "#gold",
											"uv": [ 0.0, 0.0, 2.0, 1.0 ],
											"autoUv": false
										},
										"up": {
											"texture": "#gold",
											"uv": [ 0.0, 0.0, 1.0, 2.0 ],
											"autoUv": false
										},
										"down": {
											"texture": "#gold",
											"uv": [ 0.0, 0.0, 1.0, 2.0 ],
											"autoUv": false
										}
									},
									"children": [
										{
											"name": "gold-coveredge-front17",
											"from": [ 0.0, -0.5, 0.0 ],
											"to": [ 0.5, 0.0, 0.5 ],
											"rotationOrigin": [ 0.02, -0.55, -0.05 ],
											"faces": {
												"north": {
													"texture": "#gold",
													"uv": [ 0.0, 0.0, 1.0, 1.0 ],
													"autoUv": false
												},
												"east": {
													"texture": "#gold",
													"uv": [ 0.0, 0.0, 1.0, 1.0 ],
													"autoUv": false
												},
												"south": {
													"texture": "#gold",
													"uv": [ 0.0, 0.0, 1.0, 1.0 ],
													"autoUv": false
												},
												"west": {
													"texture": "#gold",
													"uv": [ 0.0, 0.0, 1.0, 1.0 ],
													"autoUv": false
												},
												"up": {
													"texture": "#gold",
													"uv": [ 0.0, 0.0, 1.0, 1.0 ],
													"autoUv": false
												},
												"down": {
													"texture": "#gold",
													"uv": [ 0.0, 0.0, 1.0, 1.0 ],
													"autoUv": false
												}
											}
										}
									]
								},
								{
									"name": "gold-coveredge-front2",
									"from": [ -0.48, -0.25, -0.25 ],
									"to": [ 0.02, 0.25, 0.75 ],
									"rotationOrigin": [ -0.4, -0.2, -0.3 ],
									"faces": {
										"north": {
											"texture": "#gold",
											"uv": [ 0.0, 0.0, 1.0, 1.0 ],
											"autoUv": false
										},
										"east": {
											"texture": "#gold",
											"uv": [ 0.0, 0.0, 2.0, 1.0 ],
											"autoUv": false
										},
										"south": {
											"texture": "#gold",
											"uv": [ 0.0, 0.0, 1.0, 1.0 ],
											"autoUv": false
										},
										"west": {
											"texture": "#gold",
											"uv": [ 0.0, 0.0, 2.0, 1.0 ],
											"autoUv": false
										},
										"up": {
											"texture": "#gold",
											"uv": [ 0.0, 0.0, 1.0, 2.0 ],
											"autoUv": false
										},
										"down": {
											"texture": "#gold",
											"uv": [ 0.0, 0.0, 1.0, 2.0 ],
											"autoUv": false
										}
									},
									"children": [
										{
											"name": "gold-coveredge-front18",
											"from": [ 0.0, 0.5, 0.0 ],
											"to": [ 0.5, 1.0, 0.5 ],
											"rotationOrigin": [ 0.08, 0.05, -0.05 ],
											"faces": {
												"north": {
													"texture": "#gold",
													"uv": [ 0.0, 0.0, 1.0, 1.0 ],
													"autoUv": false
												},
												"east": {
													"texture": "#gold",
													"uv": [ 0.0, 0.0, 1.0, 1.0 ],
													"autoUv": false
												},
												"south": {
													"texture": "#gold",
													"uv": [ 0.0, 0.0, 1.0, 1.0 ],
													"autoUv": false
												},
												"west": {
													"texture": "#gold",
													"uv": [ 0.0, 0.0, 1.0, 1.0 ],
													"autoUv": false
												},
												"up": {
													"texture": "#gold",
													"uv": [ 0.0, 0.0, 1.0, 1.0 ],
													"autoUv": false
												},
												"down": {
													"texture": "#gold",
													"uv": [ 0.0, 0.0, 1.0, 1.0 ],
													"autoUv": false
												}
											}
										}
									]
								},
								{
									"name": "gold-coveredge-front19",
									"from": [ 1.07, -0.25, -0.25 ],
									"to": [ 1.57, 0.25, 0.75 ],
									"rotationOrigin": [ 1.1, -0.2, -0.3 ],
									"faces": {
										"north": {
											"texture": "#gold",
											"uv": [ 0.0, 0.0, 1.0, 1.0 ],
											"autoUv": false
										},
										"east": {
											"texture": "#gold",
											"uv": [ 0.0, 0.0, 2.0, 1.0 ],
											"autoUv": false
										},
										"south": {
											"texture": "#gold",
											"uv": [ 0.0, 0.0, 1.0, 1.0 ],
											"autoUv": false
										},
										"west": {
											"texture": "#gold",
											"uv": [ 0.0, 0.0, 2.0, 1.0 ],
											"autoUv": false
										},
										"up": {
											"texture": "#gold",
											"uv": [ 0.0, 0.0, 1.0, 2.0 ],
											"autoUv": false
										},
										"down": {
											"texture": "#gold",
											"uv": [ 0.0, 0.0, 1.0, 2.0 ],
											"autoUv": false
										}
									},
									"children": [
										{
											"name": "gold-coveredge-front192",
											"from": [ 0.0, 0.5, 0.0 ],
											"to": [ 0.5, 1.0, 0.5 ],
											"rotationOrigin": [ 0.08, 0.05, -0.05 ],
											"faces": {
												"north": {
													"texture": "#gold",
													"uv": [ 0.0, 0.0, 0.5, 0.5 ]
												},
												"east": {
													"texture": "#gold",
													"uv": [ 0.0, 0.0, 0.5, 0.5 ]
												},
												"south": {
													"texture": "#gold",
													"uv": [ 0.0, 0.0, 0.5, 0.5 ]
												},
												"west": {
													"texture": "#gold",
													"uv": [ 0.0, 0.0, 0.5, 0.5 ]
												},
												"up": {
													"texture": "#gold",
													"uv": [ 0.0, 0.0, 0.5, 0.5 ]
												},
												"down": {
													"texture": "#gold",
													"uv": [ 0.0, 0.0, 0.5, 0.5 ]
												}
											}
										}
									]
								}
							]
						},
						{
							"name": "cover-back",
							"from": [ 7.1, 0.0, 5.8 ],
							"to": [ 7.5, 6.0, 10.3 ],
							"rotationOrigin": [ 7.1, 0.0, 5.8 ],
							"faces": {
								"north": {
									"texture": "#coverback",
									"uv": [ 0.0, 0.0, 1.0, 12.0 ],
									"autoUv": false,
									"windMode": [ -1, -1, -1, -1 ]
								},
								"east": {
									"texture": "#coverback",
									"uv": [ 0.0, 0.0, 16.0, 16.0 ],
									"rotation": 270,
									"autoUv": false
								},
								"south": {
									"texture": "#coverback",
									"uv": [ 0.0, 0.0, 1.0, 12.0 ],
									"rotation": 180,
									"autoUv": false
								},
								"west": {
									"texture": "#coverback",
									"uv": [ 0.0, 0.0, 16.0, 16.0 ],
									"rotation": 90,
									"autoUv": false
								},
								"up": {
									"texture": "#coverback",
									"uv": [ 0.0, 0.0, 1.0, 9.0 ],
									"rotation": 180,
									"autoUv": false
								},
								"down": {
									"texture": "#coverback",
									"uv": [ 0.0, 0.0, 1.0, 9.0 ],
									"autoUv": false
								}
							},
							"children": [
								{
									"name": "cover-back-decal",
									"from": [ -0.01, 1.5, 0.8 ],
									"to": [ 0.39, 4.5, 3.8 ],
									"rotationOrigin": [ 0.0, 1.0, 0.5 ],
									"faces": {
										"north": {
											"texture": "#coverbackdecal",
											"uv": [ 0.0, 0.0, 1.0, 12.0 ],
											"enabled": false,
											"autoUv": false
										},
										"east": {
											"texture": "#coverbackdecal",
											"uv": [ 0.0, 0.0, 16.0, 16.0 ],
											"rotation": 270,
											"enabled": false,
											"autoUv": false
										},
										"south": {
											"texture": "#coverbackdecal",
											"uv": [ 0.0, 0.0, 1.0, 12.0 ],
											"rotation": 180,
											"enabled": false,
											"autoUv": false
										},
										"west": {
											"texture": "#coverbackdecal",
											"uv": [ 0.0, 0.0, 16.0, 16.0 ],
											"rotation": 90,
											"glow": 100,
											"autoUv": false,
											"windMode": [ -1, -1, -1, -1 ]
										},
										"up": {
											"texture": "#coverbackdecal",
											"uv": [ 0.0, 0.0, 1.0, 9.0 ],
											"rotation": 180,
											"enabled": false,
											"autoUv": false
										},
										"down": {
											"texture": "#coverbackdecal",
											"uv": [ 0.0, 0.0, 1.0, 9.0 ],
											"enabled": false,
											"autoUv": false
										}
									}
								}
							]
						},
						{
							"name": "cover-front",
							"from": [ 8.6, 0.0, 5.8 ],
							"to": [ 9.0, 6.0, 10.3 ],
							"rotationOrigin": [ 8.6, 0.0, 5.8 ],
							"faces": {
								"north": {
									"texture": "#coverfront",
									"uv": [ 0.0, 0.0, 1.0, 12.0 ],
									"autoUv": false
								},
								"east": {
									"texture": "#coverfront",
									"uv": [ 0.0, 0.0, 16.0, 16.0 ],
									"autoUv": false
								},
								"south": {
									"texture": "#coverfront",
									"uv": [ 0.0, 0.0, 1.0, 12.0 ],
									"autoUv": false
								},
								"west": {
									"texture": "#coverfront",
									"uv": [ 0.0, 0.0, 16.0, 16.0 ],
									"autoUv": false
								},
								"up": {
									"texture": "#coverfront",
									"uv": [ 0.0, 0.0, 1.0, 9.0 ],
									"autoUv": false
								},
								"down": {
									"texture": "#coverfront",
									"uv": [ 0.0, 0.0, 1.0, 9.0 ],
									"autoUv": false
								}
							},
							"children": [
								{
									"name": "cover-front-decal",
									"from": [ 0.01, 1.5, 0.8 ],
									"to": [ 0.41, 4.5, 3.8 ],
									"rotationOrigin": [ 0.0, 1.0, -0.5 ],
									"faces": {
										"north": {
											"texture": "#coverfrontdecal",
											"uv": [ 0.0, 0.0, 1.0, 12.0 ],
											"enabled": false,
											"autoUv": false
										},
										"east": {
											"texture": "#coverfrontdecal",
											"uv": [ 0.0, 0.0, 16.0, 16.0 ],
											"glow": 100,
											"autoUv": false
										},
										"south": {
											"texture": "#coverfrontdecal",
											"uv": [ 0.0, 0.0, 1.0, 12.0 ],
											"enabled": false,
											"autoUv": false
										},
										"west": {
											"texture": "#coverfrontdecal",
											"uv": [ 0.0, 0.0, 16.0, 16.0 ],
											"enabled": false,
											"autoUv": false
										},
										"up": {
											"texture": "#coverfrontdecal",
											"uv": [ 0.0, 0.0, 1.0, 9.0 ],
											"enabled": false,
											"autoUv": false
										},
										"down": {
											"texture": "#coverfrontdecal",
											"uv": [ 0.0, 0.0, 1.0, 9.0 ],
											"enabled": false,
											"autoUv": false
										}
									}
								}
							]
						},
						{
							"name": "backend1",
							"from": [ 7.09, -0.01, 10.3 ],
							"to": [ 9.01, 6.01, 10.5 ],
							"rotationOrigin": [ 7.1, 0.0, 10.4 ],
							"faces": {
								"north": {
									"texture": "#cover",
									"uv": [ 0.0, 0.0, 3.0, 12.0 ],
									"autoUv": false,
									"windMode": [ -1, -1, -1, -1 ]
								},
								"east": {
									"texture": "#cover",
									"uv": [ 0.0, 0.0, 1.0, 12.0 ],
									"autoUv": false
								},
								"south": {
									"texture": "#cover",
									"uv": [ 0.0, 0.0, 3.0, 12.0 ],
									"autoUv": false
								},
								"west": {
									"texture": "#cover",
									"uv": [ 0.0, 0.0, 1.0, 12.0 ],
									"autoUv": false
								},
								"up": {
									"texture": "#cover",
									"uv": [ 0.0, 0.0, 3.0, 1.0 ],
									"autoUv": false
								},
								"down": {
									"texture": "#cover",
									"uv": [ 0.0, 0.0, 3.0, 1.0 ],
									"autoUv": false
								}
							},
							"children": [
								{
									"name": "backend2",
									"from": [ 0.21, 0.01, 0.15 ],
									"to": [ 1.71, 6.01, 0.35 ],
									"rotationOrigin": [ 0.21, 0.01, 0.15 ],
									"faces": {
										"north": {
											"texture": "#cover",
											"uv": [ 0.0, 0.5, 1.5, 6.5 ],
											"enabled": false
										},
										"east": {
											"texture": "#cover",
											"uv": [ 0.0, 0.0, 1.0, 12.0 ],
											"autoUv": false
										},
										"south": {
											"texture": "#cover",
											"uv": [ 0.0, 0.0, 3.0, 12.0 ],
											"autoUv": false
										},
										"west": {
											"texture": "#cover",
											"uv": [ 0.0, 0.0, 1.0, 12.0 ],
											"autoUv": false
										},
										"up": {
											"texture": "#cover",
											"uv": [ 0.0, 0.0, 3.0, 1.0 ],
											"autoUv": false
										},
										"down": {
											"texture": "#cover",
											"uv": [ 0.0, 0.0, 3.0, 1.0 ],
											"autoUv": false
										}
									}
								},
								{
									"name": "back-decal",
									"from": [ 0.21, 0.01, 0.06 ],
									"to": [ 1.71, 6.01, 0.36 ],
									"rotationOrigin": [ 0.21, 0.01, 0.05 ],
									"faces": {
										"north": {
											"texture": "#spinedecal",
											"uv": [ 0.0, 0.5, 1.5, 6.5 ],
											"enabled": false
										},
										"east": {
											"texture": "#spinedecal",
											"uv": [ 0.0, 0.0, 1.0, 12.0 ],
											"enabled": false,
											"autoUv": false
										},
										"south": {
											"texture": "#spinedecal",
											"uv": [ 0.0, 0.0, 3.0, 12.0 ],
											"glow": 100,
											"autoUv": false
										},
										"west": {
											"texture": "#spinedecal",
											"uv": [ 0.0, 0.0, 1.0, 12.0 ],
											"enabled": false,
											"autoUv": false
										},
										"up": {
											"texture": "#spinedecal",
											"uv": [ 0.0, 0.0, 3.0, 1.0 ],
											"enabled": false,
											"autoUv": false
										},
										"down": {
											"texture": "#spinedecal",
											"uv": [ 0.0, 0.0, 3.0, 1.0 ],
											"enabled": false,
											"autoUv": false
										}
									}
								}
							]
						}
					]
				},
				{
					"name": "_tier2",
					"from": [ 0.0, 0.0, 0.01 ],
					"to": [ 0.0, 0.0, 0.01 ],
					"faces": {
						"north": {
							"texture": "#default",
							"uv": [ 0.0, 0.0, 0.5, 0.5 ]
						},
						"east": {
							"texture": "#default",
							"uv": [ 0.0, 0.0, 0.5, 0.5 ]
						},
						"south": {
							"texture": "#default",
							"uv": [ 0.0, 0.0, 0.5, 0.5 ]
						},
						"west": {
							"texture": "#default",
							"uv": [ 0.0, 0.0, 0.5, 0.5 ]
						},
						"up": {
							"texture": "#default",
							"uv": [ 0.0, 0.0, 0.5, 0.5 ]
						},
						"down": {
							"texture": "#default",
							"uv": [ 0.0, 0.0, 0.5, 0.5 ]
						}
					},
					"children": [
						{
							"name": "bracebackbottom-1",
							"from": [ 6.95, 0.21, 6.0 ],
							"to": [ 7.45, 0.71, 10.6 ],
							"rotationOrigin": [ 7.0, 0.2, 6.0 ],
							"faces": {
								"north": {
									"texture": "#manastone",
									"uv": [ 0.0, 0.0, 1.0, 1.0 ],
									"autoUv": false
								},
								"east": {
									"texture": "#manastone",
									"uv": [ 0.0, 0.0, 9.0, 1.0 ],
									"autoUv": false
								},
								"south": {
									"texture": "#manastone",
									"uv": [ 0.0, 0.0, 1.0, 1.0 ],
									"autoUv": false
								},
								"west": {
									"texture": "#manastone",
									"uv": [ 0.0, 0.0, 9.0, 1.0 ],
									"autoUv": false
								},
								"up": {
									"texture": "#manastone",
									"uv": [ 0.0, 0.0, 1.0, 9.0 ],
									"autoUv": false
								},
								"down": {
									"texture": "#manastone",
									"uv": [ 0.0, 0.0, 1.0, 9.0 ],
									"autoUv": false
								}
							},
							"children": [
								{
									"name": "bracebackbottom-2",
									"from": [ 0.0, 0.5, 3.8 ],
									"to": [ 0.5, 1.0, 4.3 ],
									"rotationOrigin": [ 0.0, 0.5, 3.8 ],
									"faces": {
										"north": {
											"texture": "#manastone",
											"uv": [ 0.0, 0.0, 1.0, 1.0 ],
											"autoUv": false
										},
										"east": {
											"texture": "#manastone",
											"uv": [ 0.0, 0.0, 1.0, 1.0 ],
											"autoUv": false
										},
										"south": {
											"texture": "#manastone",
											"uv": [ 0.0, 0.0, 1.0, 1.0 ],
											"autoUv": false
										},
										"west": {
											"texture": "#manastone",
											"uv": [ 0.0, 0.0, 1.0, 1.0 ],
											"autoUv": false
										},
										"up": {
											"texture": "#manastone",
											"uv": [ 0.0, 0.0, 1.0, 1.0 ],
											"autoUv": false
										},
										"down": {
											"texture": "#manastone",
											"uv": [ 0.0, 0.0, 1.0, 1.0 ],
											"autoUv": false
										}
									}
								},
								{
									"name": "bracebackbottom-3",
									"from": [ 0.0, 0.5, 0.0 ],
									"to": [ 0.5, 1.0, 0.5 ],
									"rotationOrigin": [ 1.7, 0.5, 0.0 ],
									"faces": {
										"north": {
											"texture": "#manastone",
											"uv": [ 0.0, 0.0, 1.0, 1.0 ],
											"autoUv": false
										},
										"east": {
											"texture": "#manastone",
											"uv": [ 0.0, 0.0, 1.0, 1.0 ],
											"autoUv": false
										},
										"south": {
											"texture": "#manastone",
											"uv": [ 0.0, 0.0, 1.0, 1.0 ],
											"autoUv": false
										},
										"west": {
											"texture": "#manastone",
											"uv": [ 0.0, 0.0, 1.0, 1.0 ],
											"autoUv": false
										},
										"up": {
											"texture": "#manastone",
											"uv": [ 0.0, 0.0, 1.0, 1.0 ],
											"autoUv": false
										},
										"down": {
											"texture": "#manastone",
											"uv": [ 0.0, 0.0, 1.0, 1.0 ],
											"autoUv": false
										}
									}
								}
							]
						},
						{
							"name": "bracebacktop-1",
							"from": [ 6.95, 5.3, 6.0 ],
							"to": [ 7.45, 5.8, 10.6 ],
							"rotationOrigin": [ 7.0, 5.3, 6.0 ],
							"faces": {
								"north": {
									"texture": "#manastone",
									"uv": [ 0.0, 0.0, 1.0, 1.0 ],
									"autoUv": false
								},
								"east": {
									"texture": "#manastone",
									"uv": [ 0.0, 0.0, 9.0, 1.0 ],
									"autoUv": false
								},
								"south": {
									"texture": "#manastone",
									"uv": [ 0.0, 0.0, 1.0, 1.0 ],
									"autoUv": false
								},
								"west": {
									"texture": "#manastone",
									"uv": [ 0.0, 0.0, 9.0, 1.0 ],
									"autoUv": false
								},
								"up": {
									"texture": "#manastone",
									"uv": [ 0.0, 0.0, 1.0, 9.0 ],
									"autoUv": false
								},
								"down": {
									"texture": "#manastone",
									"uv": [ 0.0, 0.0, 1.0, 9.0 ],
									"autoUv": false
								}
							},
							"children": [
								{
									"name": "bracebacktop-2",
									"from": [ 0.0, -0.5, 3.8 ],
									"to": [ 0.5, 0.0, 4.3 ],
									"rotationOrigin": [ 0.0, 0.0, 3.8 ],
									"faces": {
										"north": {
											"texture": "#manastone",
											"uv": [ 0.0, 0.0, 1.0, 1.0 ],
											"autoUv": false
										},
										"east": {
											"texture": "#manastone",
											"uv": [ 0.0, 0.0, 1.0, 1.0 ],
											"autoUv": false
										},
										"south": {
											"texture": "#manastone",
											"uv": [ 0.0, 0.0, 1.0, 1.0 ],
											"autoUv": false
										},
										"west": {
											"texture": "#manastone",
											"uv": [ 0.0, 0.0, 1.0, 1.0 ],
											"autoUv": false
										},
										"up": {
											"texture": "#manastone",
											"uv": [ 0.0, 0.0, 1.0, 1.0 ],
											"autoUv": false
										},
										"down": {
											"texture": "#manastone",
											"uv": [ 0.0, 0.0, 1.0, 1.0 ],
											"autoUv": false
										}
									}
								},
								{
									"name": "bracebacktop-3",
									"from": [ 0.0, -0.5, 0.0 ],
									"to": [ 0.5, 0.0, 0.5 ],
									"faces": {
										"north": {
											"texture": "#manastone",
											"uv": [ 0.0, 0.0, 1.0, 1.0 ],
											"autoUv": false
										},
										"east": {
											"texture": "#manastone",
											"uv": [ 0.0, 0.0, 1.0, 1.0 ],
											"autoUv": false
										},
										"south": {
											"texture": "#manastone",
											"uv": [ 0.0, 0.0, 1.0, 1.0 ],
											"autoUv": false
										},
										"west": {
											"texture": "#manastone",
											"uv": [ 0.0, 0.0, 1.0, 1.0 ],
											"autoUv": false
										},
										"up": {
											"texture": "#manastone",
											"uv": [ 0.0, 0.0, 1.0, 1.0 ],
											"autoUv": false
										},
										"down": {
											"texture": "#manastone",
											"uv": [ 0.0, 0.0, 1.0, 1.0 ],
											"autoUv": false
										}
									}
								}
							]
						},
						{
							"name": "bracespinesupport-1-1",
							"from": [ 7.27, 0.5, 10.48 ],
							"to": [ 7.49, 5.5, 10.68 ],
							"rotationOrigin": [ 7.4, 1.19, 10.5 ],
							"faces": {
								"north": {
									"texture": "#manastone",
									"uv": [ 0.0, 0.0, 1.0, 10.0 ],
									"autoUv": false
								},
								"east": {
									"texture": "#manastone",
									"uv": [ 0.0, 0.0, 1.0, 10.0 ],
									"autoUv": false
								},
								"south": {
									"texture": "#manastone",
									"uv": [ 0.0, 0.0, 1.0, 10.0 ],
									"autoUv": false
								},
								"west": {
									"texture": "#manastone",
									"uv": [ 0.0, 0.0, 1.0, 10.0 ],
									"autoUv": false
								},
								"up": {
									"texture": "#manastone",
									"uv": [ 0.0, 0.0, 1.0, 1.0 ],
									"autoUv": false
								},
								"down": {
									"texture": "#manastone",
									"uv": [ 0.0, 0.0, 1.0, 1.0 ],
									"autoUv": false
								}
							}
						},
						{
							"name": "bracespinetop-1",
							"from": [ 7.15, 5.31, 10.6 ],
							"to": [ 8.95, 5.79, 10.75 ],
							"rotationOrigin": [ 7.2, 5.29, 10.6 ],
							"faces": {
								"north": {
									"texture": "#manastone",
									"uv": [ 0.0, 0.0, 3.0, 1.0 ],
									"autoUv": false
								},
								"east": {
									"texture": "#manastone",
									"uv": [ 0.0, 0.0, 1.0, 1.0 ],
									"autoUv": false
								},
								"south": {
									"texture": "#manastone",
									"uv": [ 0.0, 0.0, 3.0, 1.0 ],
									"autoUv": false
								},
								"west": {
									"texture": "#manastone",
									"uv": [ 0.0, 0.0, 1.0, 1.0 ],
									"autoUv": false
								},
								"up": {
									"texture": "#manastone",
									"uv": [ 0.0, 0.0, 3.0, 1.0 ],
									"autoUv": false
								},
								"down": {
									"texture": "#manastone",
									"uv": [ 0.0, 0.0, 3.0, 1.0 ],
									"autoUv": false
								}
							}
						},
						{
							"name": "bracespinebottom-1",
							"from": [ 7.15, 0.21, 10.6 ],
							"to": [ 8.95, 0.71, 10.75 ],
							"rotationOrigin": [ 7.2, 0.21, 10.6 ],
							"faces": {
								"north": {
									"texture": "#manastone",
									"uv": [ 0.0, 0.0, 3.0, 1.0 ],
									"autoUv": false
								},
								"east": {
									"texture": "#manastone",
									"uv": [ 0.0, 0.0, 1.0, 1.0 ],
									"autoUv": false
								},
								"south": {
									"texture": "#manastone",
									"uv": [ 0.0, 0.0, 3.0, 1.0 ],
									"autoUv": false
								},
								"west": {
									"texture": "#manastone",
									"uv": [ 0.0, 0.0, 1.0, 1.0 ],
									"autoUv": false
								},
								"up": {
									"texture": "#manastone",
									"uv": [ 0.0, 0.0, 3.0, 1.0 ],
									"autoUv": false
								},
								"down": {
									"texture": "#manastone",
									"uv": [ 0.0, 0.0, 3.0, 1.0 ],
									"autoUv": false
								}
							}
						},
						{
							"name": "bracefronttop-1",
							"from": [ 8.65, 5.3, 6.0 ],
							"to": [ 9.15, 5.8, 10.6 ],
							"rotationOrigin": [ 8.7, 5.3, 6.0 ],
							"faces": {
								"north": {
									"texture": "#manastone",
									"uv": [ 0.0, 0.0, 1.0, 1.0 ],
									"autoUv": false
								},
								"east": {
									"texture": "#manastone",
									"uv": [ 0.0, 0.0, 9.0, 1.0 ],
									"autoUv": false
								},
								"south": {
									"texture": "#manastone",
									"uv": [ 0.0, 0.0, 1.0, 1.0 ],
									"autoUv": false
								},
								"west": {
									"texture": "#manastone",
									"uv": [ 0.0, 0.0, 9.0, 1.0 ],
									"autoUv": false
								},
								"up": {
									"texture": "#manastone",
									"uv": [ 0.0, 0.0, 1.0, 9.0 ],
									"autoUv": false
								},
								"down": {
									"texture": "#manastone",
									"uv": [ 0.0, 0.0, 1.0, 9.0 ],
									"autoUv": false
								}
							},
							"children": [
								{
									"name": "bracefronttop-2",
									"from": [ 0.0, -0.5, 3.8 ],
									"to": [ 0.5, 0.0, 4.3 ],
									"rotationOrigin": [ 0.0, 0.0, 3.8 ],
									"faces": {
										"north": {
											"texture": "#manastone",
											"uv": [ 0.0, 0.0, 1.0, 1.0 ],
											"autoUv": false
										},
										"east": {
											"texture": "#manastone",
											"uv": [ 0.0, 0.0, 1.0, 1.0 ],
											"autoUv": false
										},
										"south": {
											"texture": "#manastone",
											"uv": [ 0.0, 0.0, 1.0, 1.0 ],
											"autoUv": false
										},
										"west": {
											"texture": "#manastone",
											"uv": [ 0.0, 0.0, 1.0, 1.0 ],
											"autoUv": false
										},
										"up": {
											"texture": "#manastone",
											"uv": [ 0.0, 0.0, 1.0, 1.0 ],
											"autoUv": false
										},
										"down": {
											"texture": "#manastone",
											"uv": [ 0.0, 0.0, 1.0, 1.0 ],
											"autoUv": false
										}
									},
									"children": [
										{
											"name": "bracefronttop-2-2",
											"from": [ -1.65, -0.5, 0.13 ],
											"to": [ 0.45, 0.0, 0.38 ],
											"rotationOrigin": [ 0.0, 0.5, 0.0 ],
											"faces": {
												"north": {
													"texture": "#manastone",
													"uv": [ 0.0, 0.0, 4.0, 1.0 ],
													"autoUv": false
												},
												"east": {
													"texture": "#manastone",
													"uv": [ 0.0, 0.0, 1.0, 1.0 ],
													"autoUv": false
												},
												"south": {
													"texture": "#manastone",
													"uv": [ 0.0, 0.0, 4.0, 1.0 ],
													"autoUv": false
												},
												"west": {
													"texture": "#manastone",
													"uv": [ 0.0, 0.0, 1.0, 1.0 ],
													"autoUv": false
												},
												"up": {
													"texture": "#manastone",
													"uv": [ 0.0, 0.0, 4.0, 1.0 ],
													"autoUv": false
												},
												"down": {
													"texture": "#manastone",
													"uv": [ 0.0, 0.0, 4.0, 1.0 ],
													"autoUv": false
												}
											}
										}
									]
								},
								{
									"name": "bracefronttop-3",
									"from": [ 0.0, -0.5, 0.0 ],
									"to": [ 0.5, 0.0, 0.5 ],
									"faces": {
										"north": {
											"texture": "#manastone",
											"uv": [ 0.0, 0.0, 1.0, 1.0 ],
											"autoUv": false
										},
										"east": {
											"texture": "#manastone",
											"uv": [ 0.0, 0.0, 1.0, 1.0 ],
											"autoUv": false
										},
										"south": {
											"texture": "#manastone",
											"uv": [ 0.0, 0.0, 1.0, 1.0 ],
											"autoUv": false
										},
										"west": {
											"texture": "#manastone",
											"uv": [ 0.0, 0.0, 1.0, 1.0 ],
											"autoUv": false
										},
										"up": {
											"texture": "#manastone",
											"uv": [ 0.0, 0.0, 1.0, 1.0 ],
											"autoUv": false
										},
										"down": {
											"texture": "#manastone",
											"uv": [ 0.0, 0.0, 1.0, 1.0 ],
											"autoUv": false
										}
									},
									"children": [
										{
											"name": "bracefronttop-3-2",
											"from": [ -1.65, -0.5, 0.12 ],
											"to": [ 0.45, 0.0, 0.37 ],
											"rotationOrigin": [ -1.6, 0.5, 0.0 ],
											"faces": {
												"north": {
													"texture": "#manastone",
													"uv": [ 0.0, 0.0, 4.0, 1.0 ],
													"autoUv": false
												},
												"east": {
													"texture": "#manastone",
													"uv": [ 0.0, 0.0, 1.0, 1.0 ],
													"autoUv": false
												},
												"south": {
													"texture": "#manastone",
													"uv": [ 0.0, 0.0, 4.0, 1.0 ],
													"autoUv": false
												},
												"west": {
													"texture": "#manastone",
													"uv": [ 0.0, 0.0, 1.0, 1.0 ],
													"autoUv": false
												},
												"up": {
													"texture": "#manastone",
													"uv": [ 0.0, 0.0, 4.0, 1.0 ],
													"autoUv": false
												},
												"down": {
													"texture": "#manastone",
													"uv": [ 0.0, 0.0, 4.0, 1.0 ],
													"autoUv": false
												}
											}
										}
									]
								},
								{
									"name": "bracefronttop-bolt-1",
									"from": [ -1.75, 0.115, 3.9 ],
									"to": [ 0.55, 0.365, 4.15 ],
									"rotationOrigin": [ -1.8, 0.24, 4.02 ],
									"rotationX": 45.0,
									"faces": {
										"north": {
											"texture": "#bolt",
											"uv": [ 0.0, 0.0, 2.0, 0.5 ]
										},
										"east": {
											"texture": "#bolt",
											"uv": [ 0.0, 14.0, 2.0, 16.0 ],
											"glow": 100,
											"autoUv": false
										},
										"south": {
											"texture": "#bolt",
											"uv": [ 0.0, 0.0, 2.0, 0.5 ]
										},
										"west": {
											"texture": "#bolt",
											"uv": [ 0.0, 14.0, 2.0, 16.0 ],
											"autoUv": false
										},
										"up": {
											"texture": "#bolt",
											"uv": [ 0.0, 0.0, 2.0, 0.5 ]
										},
										"down": {
											"texture": "#bolt",
											"uv": [ 0.0, 0.0, 2.0, 0.5 ]
										}
									}
								},
								{
									"name": "bracefronttop-bolt-2",
									"from": [ -1.75, 0.115, 0.125 ],
									"to": [ 0.55, 0.365, 0.375 ],
									"rotationOrigin": [ -1.8, 0.24, 0.25 ],
									"rotationX": 45.0,
									"faces": {
										"north": {
											"texture": "#bolt",
											"uv": [ 0.0, 0.0, 2.0, 0.5 ]
										},
										"east": {
											"texture": "#bolt",
											"uv": [ 0.0, 14.0, 2.0, 16.0 ],
											"glow": 100,
											"autoUv": false
										},
										"south": {
											"texture": "#bolt",
											"uv": [ 0.0, 0.0, 2.0, 0.5 ]
										},
										"west": {
											"texture": "#bolt",
											"uv": [ 0.0, 14.0, 2.0, 16.0 ],
											"autoUv": false
										},
										"up": {
											"texture": "#bolt",
											"uv": [ 0.0, 0.0, 2.0, 0.5 ]
										},
										"down": {
											"texture": "#bolt",
											"uv": [ 0.0, 0.0, 2.0, 0.5 ]
										}
									}
								}
							]
						},
						{
							"name": "bracefrontbottom-1",
							"from": [ 8.65, 0.21, 6.0 ],
							"to": [ 9.15, 0.71, 10.6 ],
							"rotationOrigin": [ 7.0, 0.2, 6.0 ],
							"faces": {
								"north": {
									"texture": "#manastone",
									"uv": [ 0.0, 0.0, 1.0, 1.0 ],
									"autoUv": false
								},
								"east": {
									"texture": "#manastone",
									"uv": [ 0.0, 0.0, 9.0, 1.0 ],
									"autoUv": false
								},
								"south": {
									"texture": "#manastone",
									"uv": [ 0.0, 0.0, 1.0, 1.0 ],
									"autoUv": false
								},
								"west": {
									"texture": "#manastone",
									"uv": [ 0.0, 0.0, 9.0, 1.0 ],
									"autoUv": false
								},
								"up": {
									"texture": "#manastone",
									"uv": [ 0.0, 0.0, 1.0, 9.0 ],
									"autoUv": false
								},
								"down": {
									"texture": "#manastone",
									"uv": [ 0.0, 0.0, 1.0, 9.0 ],
									"autoUv": false
								}
							},
							"children": [
								{
									"name": "bracefrontbottom-2",
									"from": [ 0.0, 0.5, 3.8 ],
									"to": [ 0.5, 1.0, 4.3 ],
									"rotationOrigin": [ 0.0, 0.5, 3.8 ],
									"faces": {
										"north": {
											"texture": "#manastone",
											"uv": [ 0.0, 0.0, 1.0, 1.0 ],
											"autoUv": false
										},
										"east": {
											"texture": "#manastone",
											"uv": [ 0.0, 0.0, 1.0, 1.0 ],
											"autoUv": false
										},
										"south": {
											"texture": "#manastone",
											"uv": [ 0.0, 0.0, 1.0, 1.0 ],
											"autoUv": false
										},
										"west": {
											"texture": "#manastone",
											"uv": [ 0.0, 0.0, 1.0, 1.0 ],
											"autoUv": false
										},
										"up": {
											"texture": "#manastone",
											"uv": [ 0.0, 0.0, 1.0, 1.0 ],
											"autoUv": false
										},
										"down": {
											"texture": "#manastone",
											"uv": [ 0.0, 0.0, 1.0, 1.0 ],
											"autoUv": false
										}
									},
									"children": [
										{
											"name": "bracefrontbottom-2-2",
											"from": [ -1.65, 0.5, 0.13 ],
											"to": [ 0.45, 1.0, 0.38 ],
											"rotationOrigin": [ 0.0, 0.0, 0.1 ],
											"faces": {
												"north": {
													"texture": "#manastone",
													"uv": [ 0.0, 0.0, 4.0, 1.0 ],
													"autoUv": false
												},
												"east": {
													"texture": "#manastone",
													"uv": [ 0.0, 0.0, 1.0, 1.0 ],
													"autoUv": false
												},
												"south": {
													"texture": "#manastone",
													"uv": [ 0.0, 0.0, 4.0, 1.0 ],
													"autoUv": false
												},
												"west": {
													"texture": "#manastone",
													"uv": [ 0.0, 0.0, 1.0, 1.0 ],
													"autoUv": false
												},
												"up": {
													"texture": "#manastone",
													"uv": [ 0.0, 0.0, 4.0, 1.0 ],
													"autoUv": false
												},
												"down": {
													"texture": "#manastone",
													"uv": [ 0.0, 0.0, 4.0, 1.0 ],
													"autoUv": false
												}
											}
										}
									]
								},
								{
									"name": "bracefrontbottom-3",
									"from": [ 0.0, 0.5, 0.0 ],
									"to": [ 0.5, 1.0, 0.5 ],
									"rotationOrigin": [ 0.0, 0.5, 0.0 ],
									"faces": {
										"north": {
											"texture": "#manastone",
											"uv": [ 0.0, 0.0, 1.0, 1.0 ],
											"autoUv": false
										},
										"east": {
											"texture": "#manastone",
											"uv": [ 0.0, 0.0, 1.0, 1.0 ],
											"autoUv": false
										},
										"south": {
											"texture": "#manastone",
											"uv": [ 0.0, 0.0, 1.0, 1.0 ],
											"autoUv": false
										},
										"west": {
											"texture": "#manastone",
											"uv": [ 0.0, 0.0, 1.0, 1.0 ],
											"autoUv": false
										},
										"up": {
											"texture": "#manastone",
											"uv": [ 0.0, 0.0, 1.0, 1.0 ],
											"autoUv": false
										},
										"down": {
											"texture": "#manastone",
											"uv": [ 0.0, 0.0, 1.0, 1.0 ],
											"autoUv": false
										}
									},
									"children": [
										{
											"name": "bracefrontbottom-3-3",
											"from": [ -1.65, 0.5, 0.12 ],
											"to": [ 0.45, 1.0, 0.37 ],
											"faces": {
												"north": {
													"texture": "#manastone",
													"uv": [ 0.0, 0.0, 4.0, 1.0 ],
													"autoUv": false
												},
												"east": {
													"texture": "#manastone",
													"uv": [ 0.0, 0.0, 1.0, 1.0 ],
													"autoUv": false
												},
												"south": {
													"texture": "#manastone",
													"uv": [ 0.0, 0.0, 4.0, 1.0 ],
													"autoUv": false
												},
												"west": {
													"texture": "#manastone",
													"uv": [ 0.0, 0.0, 1.0, 1.0 ],
													"autoUv": false
												},
												"up": {
													"texture": "#manastone",
													"uv": [ 0.0, 0.0, 4.0, 1.0 ],
													"autoUv": false
												},
												"down": {
													"texture": "#manastone",
													"uv": [ 0.0, 0.0, 4.0, 1.0 ],
													"autoUv": false
												}
											}
										}
									]
								},
								{
									"name": "bracefrontbottom-bolt-1",
									"from": [ -1.75, 0.125, 3.9 ],
									"to": [ 0.55, 0.375, 4.15 ],
									"rotationOrigin": [ -1.8, 0.25, 4.02 ],
									"rotationX": 45.0,
									"faces": {
										"north": {
											"texture": "#bolt",
											"uv": [ 0.0, 0.0, 2.0, 0.5 ]
										},
										"east": {
											"texture": "#bolt",
											"uv": [ 0.0, 14.0, 2.0, 16.0 ],
											"glow": 100,
											"autoUv": false
										},
										"south": {
											"texture": "#bolt",
											"uv": [ 0.0, 0.0, 2.0, 0.5 ]
										},
										"west": {
											"texture": "#bolt",
											"uv": [ 0.0, 14.0, 2.0, 16.0 ],
											"autoUv": false
										},
										"up": {
											"texture": "#bolt",
											"uv": [ 0.0, 0.0, 2.0, 0.5 ]
										},
										"down": {
											"texture": "#bolt",
											"uv": [ 0.0, 0.0, 2.0, 0.5 ]
										}
									}
								},
								{
									"name": "bracefrontbottom-bolt-2",
									"from": [ -1.75, 0.125, 0.125 ],
									"to": [ 0.55, 0.375, 0.375 ],
									"rotationOrigin": [ -1.8, 0.25, 0.25 ],
									"rotationX": 45.0,
									"faces": {
										"north": {
											"texture": "#bolt",
											"uv": [ 0.0, 0.0, 2.0, 0.5 ]
										},
										"east": {
											"texture": "#bolt",
											"uv": [ 0.0, 14.0, 2.0, 16.0 ],
											"glow": 100,
											"autoUv": false
										},
										"south": {
											"texture": "#bolt",
											"uv": [ 0.0, 0.0, 2.0, 0.5 ]
										},
										"west": {
											"texture": "#bolt",
											"uv": [ 0.0, 14.0, 2.0, 16.0 ],
											"autoUv": false
										},
										"up": {
											"texture": "#bolt",
											"uv": [ 0.0, 0.0, 2.0, 0.5 ]
										},
										"down": {
											"texture": "#bolt",
											"uv": [ 0.0, 0.0, 2.0, 0.5 ]
										}
									}
								}
							]
						},
						{
							"name": "bracespinesupport-2-1",
							"from": [ 8.6, 0.5, 10.48 ],
							"to": [ 8.82, 5.5, 10.68 ],
							"rotationOrigin": [ 8.64, 1.19, 10.5 ],
							"faces": {
								"north": {
									"texture": "#manastone",
									"uv": [ 0.0, 0.0, 1.0, 10.0 ],
									"autoUv": false
								},
								"east": {
									"texture": "#manastone",
									"uv": [ 0.0, 0.0, 1.0, 10.0 ],
									"autoUv": false
								},
								"south": {
									"texture": "#manastone",
									"uv": [ 0.0, 0.0, 1.0, 10.0 ],
									"autoUv": false
								},
								"west": {
									"texture": "#manastone",
									"uv": [ 0.0, 0.0, 1.0, 10.0 ],
									"autoUv": false
								},
								"up": {
									"texture": "#manastone",
									"uv": [ 0.0, 0.0, 1.0, 1.0 ],
									"autoUv": false
								},
								"down": {
									"texture": "#manastone",
									"uv": [ 0.0, 0.0, 1.0, 1.0 ],
									"autoUv": false
								}
							},
							"children": [
								{
									"name": "bracespinesupport-2-2",
									"from": [ 0.2, 0.0, -0.13 ],
									"to": [ 0.42, 5.0, 0.02 ],
									"rotationOrigin": [ 0.24, 0.69, -0.09 ],
									"faces": {
										"north": {
											"texture": "#manastone",
											"uv": [ 0.0, 0.0, 1.0, 10.0 ],
											"autoUv": false
										},
										"east": {
											"texture": "#manastone",
											"uv": [ 0.0, 0.0, 1.0, 10.0 ],
											"autoUv": false
										},
										"south": {
											"texture": "#manastone",
											"uv": [ 0.0, 0.0, 1.0, 10.0 ],
											"autoUv": false
										},
										"west": {
											"texture": "#manastone",
											"uv": [ 0.0, 0.0, 1.0, 10.0 ],
											"autoUv": false
										},
										"up": {
											"texture": "#manastone",
											"uv": [ 0.0, 0.0, 1.0, 1.0 ],
											"autoUv": false
										},
										"down": {
											"texture": "#manastone",
											"uv": [ 0.0, 0.0, 1.0, 1.0 ],
											"autoUv": false
										}
									}
								}
							]
						},
						{
							"name": "bracespinesupport-1-2",
							"from": [ 7.07, 0.5, 10.35 ],
							"to": [ 7.29, 5.5, 10.5 ],
							"rotationOrigin": [ 7.2, 1.19, 10.29 ],
							"faces": {
								"north": {
									"texture": "#manastone",
									"uv": [ 0.0, 0.0, 1.0, 10.0 ],
									"autoUv": false
								},
								"east": {
									"texture": "#manastone",
									"uv": [ 0.0, 0.0, 1.0, 10.0 ],
									"autoUv": false
								},
								"south": {
									"texture": "#manastone",
									"uv": [ 0.0, 0.0, 1.0, 10.0 ],
									"autoUv": false
								},
								"west": {
									"texture": "#manastone",
									"uv": [ 0.0, 0.0, 1.0, 10.0 ],
									"autoUv": false
								},
								"up": {
									"texture": "#manastone",
									"uv": [ 0.0, 0.0, 1.0, 1.0 ],
									"autoUv": false
								},
								"down": {
									"texture": "#manastone",
									"uv": [ 0.0, 0.0, 1.0, 1.0 ],
									"autoUv": false
								}
							}
						}
					]
				}
			]
		}
	]
}