{
	"editor": {
		"allAngles": false,
		"entityTextureMode": false
	},
	"textureWidth": 16,
	"textureHeight": 16,
	"textureSizes": {
	},
	"textures": {
	},
	"elements": [
		{
			"name": "origin",
			"from": [ 6.4, -0.5, 6.2 ], 
			"to": [ 6.4, -0.5, 6.2 ], 
			"rotationOrigin": [ 8.0, 0.0, 8.0 ],
			"faces": {
				"north": { "texture": "#default", "uv": [ 6.0, 6.0, 6.0, 6.0 ], "enabled": false },
				"east": { "texture": "#default", "uv": [ 8.0, 8.0, 8.0, 8.0 ], "enabled": false },
				"south": { "texture": "#default", "uv": [ 5.0, 8.0, 5.0, 8.0 ], "enabled": false },
				"west": { "texture": "#default", "uv": [ 7.0, 7.0, 7.0, 7.0 ], "enabled": false },
				"up": { "texture": "#default", "uv": [ 0.0, 12.0, 0.0, 12.0 ], "enabled": false },
				"down": { "texture": "#default", "uv": [ 5.0, 6.0, 5.0, 6.0 ], "enabled": false }
			},
			"children": [
				{
					"name": "Center",
					"from": [ 0.6, 0.5, 0.8 ], 
					"to": [ 2.6, 4.0, 2.8 ], 
					"renderPass": 3,
					"rotationOrigin": [ 1.6, 0.5, 1.8 ],
					"faces": {
						"north": { "texture": "#quartz", "uv": [ 4.5, 9.0, 6.5, 12.5 ] },
						"east": { "texture": "#quartz", "uv": [ 5.5, 9.0, 7.5, 12.5 ] },
						"south": { "texture": "#quartz", "uv": [ 4.0, 6.0, 6.0, 9.5 ] },
						"west": { "texture": "#quartz", "uv": [ 7.0, 6.5, 9.0, 10.0 ] },
						"up": { "texture": "#quartz", "uv": [ 7.0, 1.5, 9.0, 3.5 ] },
						"down": { "texture": "#quartz", "uv": [ 5.0, 7.0, 7.0, 9.0 ] }
					}
				},
				{
					"name": "E-N",
					"from": [ 1.6, 1.0, 0.4 ], 
					"to": [ 3.1, 3.5, 2.4 ], 
					"renderPass": 3,
					"rotationOrigin": [ -0.9, 1.4, -0.1 ],
					"faces": {
						"north": { "texture": "#material1", "uv": [ 6.0, 8.0, 7.5, 10.5 ] },
						"east": { "texture": "#material1", "uv": [ 6.5, 5.5, 8.5, 8.0 ] },
						"south": { "texture": "#material1", "uv": [ 7.5, 5.5, 9.0, 8.0 ] },
						"west": { "texture": "#material1", "uv": [ 4.0, 8.0, 6.0, 10.5 ] },
						"up": { "texture": "#material1", "uv": [ 8.0, 2.5, 9.5, 4.5 ] },
						"down": { "texture": "#material1", "uv": [ 7.0, 8.0, 8.5, 10.0 ] }
					}
				},
				{
					"name": "E",
					"from": [ 2.4, 0.6, 0.9 ], 
					"to": [ 3.4, 2.6, 1.9 ], 
					"renderPass": 3,
					"rotationOrigin": [ 1.4, -1.9, -1.6 ],
					"faces": {
						"north": { "texture": "#material1", "uv": [ 5.5, 7.0, 6.5, 9.0 ] },
						"east": { "texture": "#material1", "uv": [ 7.0, 6.5, 8.0, 8.5 ] },
						"south": { "texture": "#material1", "uv": [ 7.0, 6.5, 8.0, 8.5 ] },
						"west": { "texture": "#material1", "uv": [ 6.0, 7.5, 7.0, 9.5 ] },
						"up": { "texture": "#material1", "uv": [ 7.0, 6.0, 8.0, 7.0 ] },
						"down": { "texture": "#material1", "uv": [ 7.5, 7.0, 8.5, 8.0 ] }
					}
				},
				{
					"name": "S",
					"from": [ 1.1, 0.5, 2.8 ], 
					"to": [ 2.1, 3.5, 3.3 ], 
					"renderPass": 3,
					"rotationOrigin": [ 1.1, 0.5, 2.8 ],
					"faces": {
						"north": { "texture": "#material1", "uv": [ 11.5, 7.0, 12.5, 10.0 ], "enabled": false },
						"east": { "texture": "#material1", "uv": [ 7.0, 12.0, 7.5, 15.0 ] },
						"south": { "texture": "#material1", "uv": [ 10.0, 5.0, 11.0, 8.0 ] },
						"west": { "texture": "#material1", "uv": [ 6.5, 3.0, 7.0, 6.0 ] },
						"up": { "texture": "#material1", "uv": [ 6.5, 10.0, 7.5, 10.5 ] },
						"down": { "texture": "#material1", "uv": [ 11.5, 6.0, 12.5, 6.5 ] }
					}
				},
				{
					"name": "W",
					"from": [ 0.1, 0.5, 1.3 ], 
					"to": [ 0.6, 2.5, 2.3 ], 
					"renderPass": 3,
					"rotationOrigin": [ 0.1, 1.0, 1.3 ],
					"faces": {
						"north": { "texture": "#material1", "uv": [ 8.0, 5.0, 8.5, 7.0 ] },
						"east": { "texture": "#material1", "uv": [ 6.0, 5.5, 7.0, 7.5 ], "enabled": false },
						"south": { "texture": "#material1", "uv": [ 8.5, 6.0, 9.0, 8.0 ] },
						"west": { "texture": "#material1", "uv": [ 6.0, 6.0, 7.0, 8.0 ] },
						"up": { "texture": "#material1", "uv": [ 8.5, 5.5, 9.0, 6.5 ] },
						"down": { "texture": "#material1", "uv": [ 7.0, 4.5, 7.5, 5.5 ] }
					}
				},
				{
					"name": "S2",
					"from": [ 0.9, 0.8, 2.8 ], 
					"to": [ 1.7, 2.3, 3.5 ], 
					"renderPass": 3,
					"rotationOrigin": [ 1.4, 0.8, 2.8 ],
					"faces": {
						"north": { "texture": "#material1", "uv": [ 2.5, 12.5, 3.0, 14.0 ], "enabled": false },
						"east": { "texture": "#material1", "uv": [ 7.0, 4.0, 7.5, 5.5 ] },
						"south": { "texture": "#material1", "uv": [ 7.5, 1.0, 8.0, 2.5 ] },
						"west": { "texture": "#material1", "uv": [ 0.0, 9.0, 0.5, 10.5 ] },
						"up": { "texture": "#material1", "uv": [ 2.0, 6.5, 2.5, 7.0 ] },
						"down": { "texture": "#material1", "uv": [ 6.5, 1.5, 7.0, 2.0 ] }
					}
				},
				{
					"name": "N",
					"from": [ 1.0, 0.5, 0.2 ], 
					"to": [ 2.0, 2.0, 0.8 ], 
					"renderPass": 3,
					"rotationOrigin": [ 1.0, 1.0, 0.2 ],
					"faces": {
						"north": { "texture": "#material1", "uv": [ 4.5, 9.0, 5.5, 10.5 ] },
						"east": { "texture": "#material1", "uv": [ 5.5, 9.0, 6.0, 10.5 ] },
						"south": { "texture": "#material1", "uv": [ 4.0, 6.0, 5.0, 7.5 ], "enabled": false },
						"west": { "texture": "#material1", "uv": [ 7.0, 6.5, 7.5, 8.0 ] },
						"up": { "texture": "#material1", "uv": [ 7.5, 5.5, 8.5, 6.0 ] },
						"down": { "texture": "#material1", "uv": [ 5.0, 7.0, 6.0, 7.5 ] }
					}
				}
			]
		}
	]}