{
	"editor": {
		"allAngles": false,
		"entityTextureMode": false
	},
	"textureWidth": 16,
	"textureHeight": 16,
	"textureSizes": {
	},
	"textures": {
	},
	"elements": [
		{
			"name": "origin",
			"from": [ 8.0, 0.0, 8.0 ], 
			"to": [ 8.0, 0.0, 8.0 ], 
			"rotationOrigin": [ 8.0, 0.0, 8.0 ],
			"faces": {
				"north": { "texture": "#default", "uv": [ 0.0, 0.0, 0.5, 0.5 ], "enabled": false },
				"east": { "texture": "#default", "uv": [ 0.0, 0.0, 0.5, 0.5 ], "enabled": false },
				"south": { "texture": "#default", "uv": [ 0.0, 0.0, 0.5, 0.5 ], "enabled": false },
				"west": { "texture": "#default", "uv": [ 0.0, 0.0, 0.5, 0.5 ], "enabled": false },
				"up": { "texture": "#default", "uv": [ 0.0, 0.0, 0.5, 0.5 ], "enabled": false },
				"down": { "texture": "#default", "uv": [ 0.0, 0.0, 0.5, 0.5 ], "enabled": false }
			},
			"children": [
				{
					"name": "base",
					"from": [ -1.0, 0.0, 0.0 ], 
					"to": [ 1.0, 0.5, 3.0 ], 
					"faces": {
						"north": { "texture": "#manastone", "uv": [ 0.0, 0.0, 4.0, 1.0 ], "autoUv": false },
						"east": { "texture": "#manastone", "uv": [ 0.0, 0.0, 6.0, 1.0 ], "autoUv": false },
						"south": { "texture": "#manastone", "uv": [ 0.0, 0.0, 4.0, 1.0 ], "autoUv": false },
						"west": { "texture": "#manastone", "uv": [ 0.0, 0.0, 6.0, 1.0 ], "autoUv": false },
						"up": { "texture": "#manastone", "uv": [ 0.0, 0.0, 4.0, 6.0 ], "autoUv": false },
						"down": { "texture": "#manastone", "uv": [ 0.0, 0.0, 4.0, 6.0 ], "autoUv": false }
					},
					"children": [
						{
							"name": "hinge1",
							"from": [ 0.4, 0.3, -0.2 ], 
							"to": [ 0.6, 0.7, 0.2 ], 
							"rotationOrigin": [ 0.4, 0.3, 0.0 ],
							"faces": {
								"north": { "texture": "#fibers", "uv": [ 1.5, 12.0, 2.0, 12.5 ] },
								"east": { "texture": "#fibers", "uv": [ 4.5, 8.5, 5.0, 9.0 ] },
								"south": { "texture": "#fibers", "uv": [ 4.0, 0.0, 4.5, 0.5 ] },
								"west": { "texture": "#fibers", "uv": [ 8.5, 4.0, 9.0, 4.5 ] },
								"up": { "texture": "#fibers", "uv": [ 0.5, 7.5, 1.0, 8.0 ] },
								"down": { "texture": "#fibers", "uv": [ 12.0, 10.0, 12.5, 10.5 ] }
							}
						},
						{
							"name": "hinge2",
							"from": [ 1.4, 0.3, -0.2 ], 
							"to": [ 1.6, 0.7, 0.2 ], 
							"rotationOrigin": [ 1.4, 0.3, 0.0 ],
							"faces": {
								"north": { "texture": "#fibers", "uv": [ 7.0, 7.0, 7.5, 7.5 ] },
								"east": { "texture": "#fibers", "uv": [ 11.5, 12.0, 12.0, 12.5 ] },
								"south": { "texture": "#fibers", "uv": [ 1.0, 6.0, 1.5, 6.5 ] },
								"west": { "texture": "#fibers", "uv": [ 2.5, 7.0, 3.0, 7.5 ] },
								"up": { "texture": "#fibers", "uv": [ 11.0, 14.5, 11.5, 15.0 ] },
								"down": { "texture": "#fibers", "uv": [ 3.0, 6.5, 3.5, 7.0 ] }
							}
						},
						{
							"name": "lock1",
							"from": [ 0.5, 0.3, 3.0 ], 
							"to": [ 1.5, 0.5, 3.2 ], 
							"rotationOrigin": [ 0.5, 0.4, 3.0 ],
							"faces": {
								"north": { "texture": "#fibers", "uv": [ 12.5, 3.0, 13.5, 3.5 ] },
								"east": { "texture": "#fibers", "uv": [ 2.0, 3.0, 2.5, 3.5 ] },
								"south": { "texture": "#fibers", "uv": [ 12.0, 6.5, 13.0, 7.0 ] },
								"west": { "texture": "#fibers", "uv": [ 10.0, 11.5, 10.5, 12.0 ] },
								"up": { "texture": "#fibers", "uv": [ 5.5, 11.5, 6.5, 12.0 ] },
								"down": { "texture": "#fibers", "uv": [ 0.5, 4.5, 1.5, 5.0 ] }
							}
						},
						{
							"name": "line",
							"from": [ 0.1, 0.5, 0.1 ], 
							"to": [ 1.9, 0.6, 2.9 ], 
							"rotationOrigin": [ 0.2, 0.5, 0.1 ],
							"faces": {
								"north": { "texture": "#fibers", "uv": [ 2.0, 9.5, 3.5, 10.0 ] },
								"east": { "texture": "#fibers", "uv": [ 9.0, 9.0, 11.5, 9.5 ] },
								"south": { "texture": "#fibers", "uv": [ 9.5, 0.0, 11.0, 0.5 ] },
								"west": { "texture": "#fibers", "uv": [ 4.5, 12.0, 7.0, 12.5 ] },
								"up": { "texture": "#fibers", "uv": [ 12.0, 13.5, 13.5, 16.0 ] },
								"down": { "texture": "#default", "uv": [ 0.0, 0.0, 1.5, 2.5 ], "enabled": false }
							}
						},
						{
							"name": "display",
							"from": [ 0.25, 0.5, 0.5 ], 
							"to": [ 1.75, 0.7, 2.8 ], 
							"rotationOrigin": [ 1.0, 0.5, 1.2 ],
							"faces": {
								"north": { "texture": "#rustydust", "uv": [ 0.0, 0.0, 3.0, 1.0 ], "autoUv": false },
								"east": { "texture": "#rustydust", "uv": [ 0.0, 0.0, 4.0, 1.0 ], "autoUv": false },
								"south": { "texture": "#rustydust", "uv": [ 0.0, 0.0, 3.0, 1.0 ], "autoUv": false },
								"west": { "texture": "#rustydust", "uv": [ 0.0, 0.0, 4.0, 1.0 ], "autoUv": false },
								"up": { "texture": "#rustydust", "uv": [ 0.0, 0.0, 3.0, 4.0 ], "autoUv": false },
								"down": { "texture": "#default", "uv": [ 0.0, 0.0, 1.5, 2.0 ], "enabled": false }
							}
						},
						{
							"name": "cover",
							"from": [ 0.0, 0.5, 0.0 ], 
							"to": [ 2.0, 1.0, 3.0 ], 
							"rotationOrigin": [ 1.0, 0.5, 0.0 ],
							"rotationX": -45.0,
							"faces": {
								"north": { "texture": "#manastone", "uv": [ 0.0, 0.0, 4.0, 1.0 ], "autoUv": false },
								"east": { "texture": "#manastone", "uv": [ 0.0, 0.0, 6.0, 1.0 ], "autoUv": false },
								"south": { "texture": "#manastone", "uv": [ 0.0, 0.0, 4.0, 1.0 ], "autoUv": false },
								"west": { "texture": "#manastone", "uv": [ 0.0, 0.0, 6.0, 1.0 ], "autoUv": false },
								"up": { "texture": "#manastone", "uv": [ 0.0, 0.0, 4.0, 6.0 ], "autoUv": false },
								"down": { "texture": "#manastone", "uv": [ 0.0, 0.0, 4.0, 6.0 ], "autoUv": false }
							},
							"children": [
								{
									"name": "lock2",
									"from": [ 0.5, 0.0, 3.0 ], 
									"to": [ 1.5, 0.2, 3.2 ], 
									"rotationOrigin": [ 0.6, 0.1, 3.0 ],
									"faces": {
										"north": { "texture": "#default", "uv": [ 0.0, 0.0, 1.0, 0.5 ], "enabled": false },
										"east": { "texture": "#fibers", "uv": [ 13.5, 1.0, 14.0, 1.5 ] },
										"south": { "texture": "#fibers", "uv": [ 6.5, 11.0, 7.5, 11.5 ] },
										"west": { "texture": "#fibers", "uv": [ 8.0, 7.5, 8.5, 8.0 ] },
										"up": { "texture": "#fibers", "uv": [ 2.0, 2.5, 3.0, 3.0 ] },
										"down": { "texture": "#fibers", "uv": [ 0.0, 8.0, 1.0, 8.5 ] }
									}
								},
								{
									"name": "divider",
									"from": [ 0.09, -0.1, 0.2 ], 
									"to": [ 1.91, 0.0, 2.9 ], 
									"rotationOrigin": [ 0.2, -0.1, 0.2 ],
									"faces": {
										"north": { "texture": "#fibers", "uv": [ 6.5, 11.0, 8.0, 11.5 ] },
										"east": { "texture": "#fibers", "uv": [ 5.5, 4.0, 8.0, 4.5 ] },
										"south": { "texture": "#fibers", "uv": [ 6.0, 14.0, 7.5, 14.5 ] },
										"west": { "texture": "#fibers", "uv": [ 8.5, 9.0, 11.0, 9.5 ] },
										"up": { "texture": "#default", "uv": [ 0.0, 0.0, 1.5, 2.5 ], "enabled": false },
										"down": { "texture": "#fibers", "uv": [ 12.0, 2.0, 13.5, 4.5 ] }
									}
								}
							]
						},
						{
							"name": "dial",
							"from": [ 0.9, 0.5, 0.6 ], 
							"to": [ 1.1, 0.6, 1.6 ], 
							"rotationOrigin": [ 1.0, 0.5, 1.2 ],
							"faces": {
								"north": { "texture": "#fibers", "uv": [ 10.0, 7.5, 10.5, 8.0 ] },
								"east": { "texture": "#fibers", "uv": [ 13.0, 6.5, 14.0, 7.0 ] },
								"south": { "texture": "#fibers", "uv": [ 6.0, 9.5, 6.5, 10.0 ] },
								"west": { "texture": "#fibers", "uv": [ 9.0, 4.0, 10.0, 4.5 ] },
								"up": { "texture": "#fibers", "uv": [ 7.0, 14.5, 7.5, 15.5 ] },
								"down": { "texture": "#default", "uv": [ 0.0, 0.0, 0.5, 1.0 ], "enabled": false }
							}
						}
					]
				}
			]
		}
	]}