{
	"editor": {
		"allAngles": false,
		"entityTextureMode": false
	},
	"textureWidth": 16,
	"textureHeight": 16,
	"textureSizes": {
	},
	"textures": {
	},
	"elements": [
		{
			"name": "_origin",
			"from": [ 0.0, 0.0, 0.0 ], 
			"to": [ 0.0, 0.0, 0.0 ], 
			"rotationOrigin": [ 8.0, 0.0, 8.0 ],
			"faces": {
				"north": { "texture": "#default", "uv": [ 0.0, 0.0, 0.5, 0.5 ] },
				"east": { "texture": "#default", "uv": [ 0.0, 0.0, 0.5, 0.5 ] },
				"south": { "texture": "#default", "uv": [ 0.0, 0.0, 0.5, 0.5 ] },
				"west": { "texture": "#default", "uv": [ 0.0, 0.0, 0.5, 0.5 ] },
				"up": { "texture": "#default", "uv": [ 0.0, 0.0, 0.5, 0.5 ] },
				"down": { "texture": "#default", "uv": [ 0.0, 0.0, 0.5, 0.5 ] }
			},
			"children": [
				{
					"name": "innerbase1",
					"from": [ 6.5, 2.0, 6.5 ], 
					"to": [ 9.5, 7.0, 9.5 ], 
					"rotationOrigin": [ 6.0, 2.0, 6.0 ],
					"faces": {
						"north": { "texture": "#gemstone", "uv": [ 3.5, 8.5, 6.5, 13.5 ] },
						"east": { "texture": "#gemstone", "uv": [ 3.5, 3.0, 6.5, 8.0 ] },
						"south": { "texture": "#gemstone", "uv": [ 5.0, 1.0, 8.0, 6.0 ] },
						"west": { "texture": "#gemstone", "uv": [ 4.0, 4.0, 7.0, 9.0 ] },
						"up": { "texture": "#gemstone", "uv": [ 8.5, 7.0, 11.5, 10.0 ] },
						"down": { "texture": "#gemstone", "uv": [ 12.5, 10.0, 15.5, 13.0 ] }
					},
					"children": [
						{
							"name": "innerbase2",
							"from": [ 0.0, 5.0, 0.01 ], 
							"to": [ 2.12, 7.12, 2.99 ], 
							"rotationOrigin": [ 0.0, 5.0, 0.0 ],
							"rotationZ": -45.0,
							"faces": {
								"north": { "texture": "#gemstone", "uv": [ 5.5, 13.5, 7.5, 15.5 ] },
								"east": { "texture": "#gemstone", "uv": [ 6.5, 11.5, 9.0, 13.5 ] },
								"south": { "texture": "#gemstone", "uv": [ 1.5, 11.5, 3.5, 13.5 ] },
								"west": { "texture": "#gemstone", "uv": [ 1.5, 13.0, 4.0, 15.0 ] },
								"up": { "texture": "#gemstone", "uv": [ 7.0, 13.0, 9.0, 15.5 ] },
								"down": { "texture": "#gemstone", "uv": [ 3.0, 1.0, 5.0, 3.5 ] }
							}
						},
						{
							"name": "innerbase3",
							"from": [ 0.0, 0.0, 0.01 ], 
							"to": [ 2.12, 2.12, 2.99 ], 
							"rotationOrigin": [ 0.0, 0.0, 0.0 ],
							"rotationZ": -45.0,
							"faces": {
								"north": { "texture": "#gemstone", "uv": [ 4.0, 10.0, 6.0, 12.0 ] },
								"east": { "texture": "#gemstone", "uv": [ 0.0, 0.5, 2.5, 2.5 ] },
								"south": { "texture": "#gemstone", "uv": [ 13.5, 8.0, 15.5, 10.0 ] },
								"west": { "texture": "#gemstone", "uv": [ 9.5, 11.5, 12.0, 13.5 ] },
								"up": { "texture": "#gemstone", "uv": [ 1.0, 7.0, 3.0, 9.5 ] },
								"down": { "texture": "#gemstone", "uv": [ 6.0, 9.5, 8.0, 12.0 ] }
							}
						}
					]
				},
				{
					"name": "glowbrace1",
					"from": [ 6.4, 2.3, 6.4 ], 
					"to": [ 9.6, 2.8, 9.6 ], 
					"rotationOrigin": [ 6.4, 2.3, 6.4 ],
					"faces": {
						"north": { "texture": "#rustyglow", "uv": [ 0.0, 0.0, 3.0, 0.5 ] },
						"east": { "texture": "#rustyglow", "uv": [ 0.0, 0.0, 3.0, 0.5 ] },
						"south": { "texture": "#rustyglow", "uv": [ 0.0, 0.0, 3.0, 0.5 ] },
						"west": { "texture": "#rustyglow", "uv": [ 0.0, 0.0, 3.0, 0.5 ] },
						"up": { "texture": "#rustyglow", "uv": [ 0.0, 0.0, 3.0, 3.0 ] },
						"down": { "texture": "#rustyglow", "uv": [ 0.0, 0.0, 3.0, 3.0 ] }
					}
				},
				{
					"name": "glowbrace2",
					"from": [ 6.4, 6.2, 6.4 ], 
					"to": [ 9.6, 6.7, 9.6 ], 
					"rotationOrigin": [ 6.4, 6.7, 6.4 ],
					"faces": {
						"north": { "texture": "#rustyglow", "uv": [ 0.0, 0.0, 3.0, 0.5 ] },
						"east": { "texture": "#rustyglow", "uv": [ 0.0, 0.0, 3.0, 0.5 ] },
						"south": { "texture": "#rustyglow", "uv": [ 0.0, 0.0, 3.0, 0.5 ] },
						"west": { "texture": "#rustyglow", "uv": [ 0.0, 0.0, 3.0, 0.5 ] },
						"up": { "texture": "#rustyglow", "uv": [ 0.0, 0.0, 3.0, 3.0 ] },
						"down": { "texture": "#rustyglow", "uv": [ 0.0, 0.0, 3.0, 3.0 ] }
					}
				},
				{
					"name": "outerbase1",
					"from": [ 6.35, 1.7, 6.35 ], 
					"to": [ 9.65, 7.2, 9.65 ], 
					"rotationOrigin": [ 5.8, 1.7, 5.8 ],
					"faces": {
						"north": { "texture": "#outer", "uv": [ 9.0, 3.5, 12.0, 9.0 ] },
						"east": { "texture": "#outer", "uv": [ 11.0, 7.0, 14.0, 12.5 ] },
						"south": { "texture": "#outer", "uv": [ 5.5, 5.0, 8.5, 10.5 ] },
						"west": { "texture": "#outer", "uv": [ 10.0, 9.0, 13.0, 14.5 ] },
						"up": { "texture": "#outer", "uv": [ 3.5, 5.5, 6.5, 8.5 ], "enabled": false },
						"down": { "texture": "#outer", "uv": [ 3.5, 12.0, 6.5, 15.0 ], "enabled": false }
					},
					"children": [
						{
							"name": "outerbase2",
							"from": [ 0.0, 5.5, 0.011 ], 
							"to": [ 2.332, 7.832, 3.289 ], 
							"rotationOrigin": [ 0.0, 5.5, 0.0 ],
							"rotationZ": -45.0,
							"faces": {
								"north": { "texture": "#outer", "uv": [ 12.5, 2.5, 14.5, 4.5 ] },
								"east": { "texture": "#outer", "uv": [ 8.0, 7.0, 11.0, 9.0 ], "enabled": false },
								"south": { "texture": "#outer", "uv": [ 4.0, 8.0, 6.0, 10.0 ] },
								"west": { "texture": "#outer", "uv": [ 4.5, 12.0, 7.5, 14.0 ] },
								"up": { "texture": "#outer", "uv": [ 5.5, 11.5, 7.5, 14.5 ] },
								"down": { "texture": "#outer", "uv": [ 4.5, 3.0, 6.5, 6.0 ], "enabled": false }
							}
						},
						{
							"name": "outerbase3",
							"from": [ 0.0, 0.0, 0.011 ], 
							"to": [ 2.332, 2.332, 3.289 ], 
							"rotationOrigin": [ 0.0, 0.0, 0.0 ],
							"rotationZ": -45.0,
							"faces": {
								"north": { "texture": "#outer", "uv": [ 1.0, 8.0, 3.0, 10.0 ] },
								"east": { "texture": "#outer", "uv": [ 2.0, 7.0, 5.0, 9.0 ] },
								"south": { "texture": "#outer", "uv": [ 6.0, 5.5, 8.0, 7.5 ] },
								"west": { "texture": "#outer", "uv": [ 7.0, 13.0, 10.0, 15.0 ], "enabled": false },
								"up": { "texture": "#outer", "uv": [ 2.0, 8.0, 4.0, 11.0 ], "enabled": false },
								"down": { "texture": "#outer", "uv": [ 7.5, 2.0, 9.5, 5.0 ] }
							}
						}
					]
				}
			]
		}
	]}