{
	"editor": {
		"allAngles": false,
		"entityTextureMode": false
	},
	"textureWidth": 16,
	"textureHeight": 8,
	"textureSizes": {
	},
	"textures": {
	},
	"elements": [
		{
			"name": "Cube4",
			"from": [ 13.1, 7.4, 7.0 ],
			"to": [ 15.1, 8.6, 9.0 ],
			"rotationOrigin": [ 13.1, 7.4, 7.0 ],
			"faces": {
				"north": { "texture": "#metal", "uv": [ 7.0, 3.0, 9.0, 4.0 ] },
				"east": { "texture": "#metal", "uv": [ 1.0, 2.0, 3.0, 3.0 ] },
				"south": { "texture": "#metal", "uv": [ 6.0, 4.0, 8.0, 5.0 ] },
				"west": { "texture": "#metal", "uv": [ 6.0, 2.0, 8.0, 3.0 ] },
				"up": { "texture": "#metal", "uv": [ 3.0, 1.0, 5.0, 3.0 ] },
				"down": { "texture": "#metal", "uv": [ 4.0, 3.0, 6.0, 5.0 ] }
			},
			"children": [
				{
					"name": "Cube1",
					"from": [ 0.2, 0.4, -5.5 ],
					"to": [ 1.8, 0.9, 0.0 ],
					"rotationOrigin": [ 1.2, 0.4, -2.5 ],
					"faces": {
						"north": { "texture": "#metal", "uv": [ 1.0, 5.0, 2.5, 5.5 ] },
						"east": { "texture": "#metal", "uv": [ 2.0, 5.0, 7.5, 5.5 ] },
						"south": { "texture": "#metal", "uv": [ 2.0, 7.0, 3.5, 7.5 ] },
						"west": { "texture": "#metal", "uv": [ 2.0, 6.0, 7.5, 6.5 ] },
						"up": { "texture": "#metal", "uv": [ 2.0, 2.0, 3.5, 7.5 ] },
						"down": { "texture": "#metal", "uv": [ 3.0, 3.0, 4.5, 8.5 ] }
					}
				}
			]
		}
	]}