{
	"editor": {
		"allAngles": false,
		"entityTextureMode": false
	},
	"textureWidth": 16,
	"textureHeight": 8,
	"textureSizes": {
	},
	"textures": {
	},
	"elements": [
		{
			"name": "handle",
			"from": [ 1.5, 7.5, 7.5 ],
			"to": [ 15.5, 8.5, 8.5 ],
			"rotationOrigin": [ 0.0, 0.0, 8.0 ],
			"faces": {
				"north": { "texture": "#wood", "uv": [ 0.0, 5.0, 14.0, 6.0 ] },
				"east": { "texture": "#wood", "uv": [ 3.0, 0.0, 4.0, 1.0 ] },
				"south": { "texture": "#wood", "uv": [ 0.0, 3.5, 14.0, 4.5 ] },
				"west": { "texture": "#wood", "uv": [ 4.0, 0.0, 5.0, 1.0 ] },
				"up": { "texture": "#wood", "uv": [ 0.0, 4.5, 14.0, 5.5 ] },
				"down": { "texture": "#wood", "uv": [ 0.0, 5.0, 14.0, 6.0 ] }
			},
			"children": [
				{
					"name": "Cube4",
					"from": [ 11.6, -0.1, -0.5 ],
					"to": [ 13.6, 1.1, 1.5 ],
					"rotationOrigin": [ 11.6, -0.1, -0.5 ],
					"faces": {
						"north": { "texture": "#metal", "uv": [ 7.0, 3.0, 9.0, 4.0 ] },
						"east": { "texture": "#metal", "uv": [ 1.0, 2.0, 3.0, 3.0 ] },
						"south": { "texture": "#metal", "uv": [ 6.0, 4.0, 8.0, 5.0 ] },
						"west": { "texture": "#metal", "uv": [ 6.0, 2.0, 8.0, 3.0 ] },
						"up": { "texture": "#metal", "uv": [ 3.0, 1.0, 5.0, 3.0 ] },
						"down": { "texture": "#metal", "uv": [ 4.0, 3.0, 6.0, 5.0 ] }
					},
					"children": [
						{
							"name": "Cube1",
							"from": [ 0.2, 0.4, -5.5 ],
							"to": [ 1.8, 0.9, 0.0 ],
							"rotationOrigin": [ 1.2, 0.4, -2.5 ],
							"faces": {
								"north": { "texture": "#metal", "uv": [ 1.0, 5.0, 2.5, 5.5 ] },
								"east": { "texture": "#metal", "uv": [ 2.0, 5.0, 7.5, 5.5 ] },
								"south": { "texture": "#metal", "uv": [ 2.0, 7.0, 3.5, 7.5 ] },
								"west": { "texture": "#metal", "uv": [ 2.0, 6.0, 7.5, 6.5 ] },
								"up": { "texture": "#metal", "uv": [ 2.0, 2.0, 3.5, 7.5 ] },
								"down": { "texture": "#metal", "uv": [ 3.0, 3.0, 4.5, 8.5 ] }
							}
						}
					]
				}
			]
		}
	]}