{
	"editor": {
		"allAngles": false,
		"singleTexture": false
	},
	"textureWidth": 16,
	"textureHeight": 8,
	"textures": {
		"head": "game:item/tool/shield/wood",
		"headend":"game:item/tool/material/woodenclub",
		"wood":"game:item/tool/material/wood" 
	},
	"elements": [
		{
			"name": "handle",
			"from": [ 3.5, 7.5, 7.5 ],
			"to": [ 14.5, 8.5, 8.5 ],
			"rotationOrigin": [ 0.0, 0.0, 8.0 ],
			"faces": {
				"north": { "texture": "#wood", "uv": [ 2.0, 3.0, 13.0, 4.0 ] },
				"east": { "texture": "#wood", "uv": [ 3.0, 0.0, 4.0, 1.0 ] },
				"south": { "texture": "#wood", "uv": [ 1.0, 5.5, 12.0, 6.5 ] },
				"west": { "texture": "#wood", "uv": [ 4.0, 0.0, 5.0, 1.0 ] },
				"up": { "texture": "#wood", "uv": [ 5.0, 2.0, 16.0, 3.0 ] },
				"down": { "texture": "#wood", "uv": [ 0.0, 5.0, 11.0, 6.0 ] }
			}
		},
		{
			"name": "wood",
			"from": [ 10.7, 6.8, 6.8 ],
			"to": [ 13.7, 9.2, 9.2 ],
			"rotationOrigin": [ -1.3, -0.2, 0.8 ],
			"faces": {
				"north": { "texture": "#head", "uv": [ 10.5, 4.5, 13.5, 6.5 ] },
				"east": { "texture": "#headend", "uv": [ 0.5, 5.0, 2.5, 7.0 ] },
				"south": { "texture": "#head", "uv": [ 2.0, 3.0, 5.0, 5.0 ] },
				"west": { "texture": "#headend", "uv": [ 1.0, 0.5, 3.0, 2.5 ] },
				"up": { "texture": "#head", "uv": [ 8.0, 1.5, 11.0, 3.5 ] },
				"down": { "texture": "#head", "uv": [ 8.5, 2.0, 11.5, 4.0 ] }
			}
		}
	]}