{
	"editor": {
		"collapsedPaths": "Root/root2,Root/root/slope2",
		"allAngles": false,
		"entityTextureMode": false
	},
	"textureWidth": 16,
	"textureHeight": 16,
	"textureSizes": {
	},
	"textures": {
	},
	"elements": [
		{
			"name": "root",
			"from": [ 4.5, 0.0, -4.5 ],
			"to": [ 4.5, 0.0, -4.5 ],
			"rotationOrigin": [ 12.5, 0.0, 3.5 ],
			"rotationY": -45.0,
			"faces": {
			},
			"children": [
				{
					"name": "slope",
					"from": [ 0.0, -3.0, 1.5 ],
					"to": [ 0.0, -3.0, 1.5 ],
					"rotationOrigin": [ 0.0, -2.5, 1.0 ],
					"rotationX": -14.0,
					"faces": {
						"north": { "texture": "#material", "uv": [ 0.0, 0.0, 0.5, 0.5 ] },
						"east": { "texture": "#material", "uv": [ 0.0, 0.0, 0.5, 0.5 ] },
						"south": { "texture": "#material", "uv": [ 0.0, 0.0, 0.5, 0.5 ] },
						"west": { "texture": "#material", "uv": [ 0.0, 0.0, 0.5, 0.5 ] },
						"up": { "texture": "#material", "uv": [ 0.0, 0.0, 0.5, 0.5 ] },
						"down": { "texture": "#material", "uv": [ 0.0, 0.0, 0.5, 0.5 ] }
					},
					"children": [
						{
							"name": "shingle 3",
							"from": [ -1.5, 1.42, 14.3 ],
							"to": [ 17.5, 7.42, 18.3 ],
							"rotationOrigin": [ -1.5, 1.4224, 14.2955 ],
							"rotationX": -45.0,
							"faces": {
								"north": { "texture": "#material", "uv": [ 0.0, 0.0, 19.0, 6.0 ], "windMode": [-1,-1,-1,-1] },
								"east": { "texture": "#material", "uv": [ 7.5, 2.5, 13.5, 6.5 ], "rotation": 90 },
								"south": { "texture": "#material", "uv": [ 0.0, 9.5, 19.0, 15.5 ] },
								"west": { "texture": "#material", "uv": [ 1.5, 1.0, 7.5, 5.0 ], "rotation": 270 },
								"up": { "texture": "#material", "uv": [ 0.0, 0.0, 19.0, 4.0 ], "windMode": [-1,-1,-1,-1] },
								"down": { "texture": "#material", "uv": [ 0.0, 8.0, 19.0, 12.0 ], "rotation": 180 }
							}
						},
						{
							"name": "shingle 1",
							"from": [ 2.0, 11.72, 11.9 ],
							"to": [ 14.0, 17.72, 15.9 ],
							"rotationOrigin": [ 2.0, 11.7224, 11.8955 ],
							"rotationX": -30.0,
							"faces": {
								"north": { "texture": "#material", "uv": [ 0.0, 0.0, 12.0, 6.0 ], "windMode": [-1,-1,-1,-1] },
								"east": { "texture": "#material", "uv": [ 5.5, 4.5, 11.5, 8.5 ], "rotation": 270, "windMode": [-1,-1,-1,-1] },
								"south": { "texture": "#material", "uv": [ 0.0, 6.5, 12.0, 12.5 ], "windMode": [-1,-1,-1,-1] },
								"west": { "texture": "#material", "uv": [ 3.0, 8.0, 9.0, 12.0 ], "rotation": 90, "windMode": [-1,-1,-1,-1] },
								"up": { "texture": "#material", "uv": [ 0.0, 0.0, 12.0, 4.0 ], "windMode": [-1,-1,-1,-1] },
								"down": { "texture": "#material", "uv": [ 0.0, 5.0, 12.0, 9.0 ], "rotation": 180, "windMode": [-1,-1,-1,-1] }
							}
						},
						{
							"name": "shingle 2",
							"from": [ 0.0, 6.82, 12.3 ],
							"to": [ 16.0, 12.82, 16.3 ],
							"rotationOrigin": [ 0.0, 6.8224, 12.2955 ],
							"rotationX": -40.0,
							"faces": {
								"north": { "texture": "#material", "uv": [ 0.0, 0.0, 16.0, 6.0 ], "windMode": [-1,-1,-1,-1] },
								"east": { "texture": "#material", "uv": [ 7.5, 2.5, 13.5, 6.5 ], "rotation": 90 },
								"south": { "texture": "#material", "uv": [ 0.0, 9.5, 16.0, 15.5 ] },
								"west": { "texture": "#material", "uv": [ 1.5, 1.0, 7.5, 5.0 ], "rotation": 270 },
								"up": { "texture": "#material", "uv": [ 0.0, 0.0, 16.0, 4.0 ], "windMode": [-1,-1,-1,-1] },
								"down": { "texture": "#material", "uv": [ 0.0, 8.0, 16.0, 12.0 ], "rotation": 180 }
							}
						},
						{
							"name": "shingle 4",
							"from": [ -3.0, -2.68, 15.4 ],
							"to": [ 19.0, 3.32, 19.4 ],
							"rotationOrigin": [ -3.0, -2.6776, 15.3955 ],
							"rotationX": -50.0,
							"faces": {
								"north": { "texture": "#material", "uv": [ 0.0, 0.0, 22.0, 6.0 ], "windMode": [-1,-1,-1,-1] },
								"east": { "texture": "#material", "uv": [ 7.5, 2.5, 13.5, 6.5 ], "rotation": 90 },
								"south": { "texture": "#material", "uv": [ 0.0, 9.5, 22.0, 15.5 ] },
								"west": { "texture": "#material", "uv": [ 1.5, 1.0, 7.5, 5.0 ], "rotation": 270 },
								"up": { "texture": "#material", "uv": [ 0.0, 0.0, 22.0, 4.0 ], "windMode": [-1,-1,-1,-1] },
								"down": { "texture": "#material", "uv": [ 0.0, 8.0, 22.0, 12.0 ], "windMode": [-1,-1,-1,-1] }
							}
						}
					]
				}
			]
		},
		{
			"name": "origin",
			"from": [ 16.0, 0.0, 0.0 ],
			"to": [ 16.0, 0.0, 0.0 ],
			"rotationOrigin": [ 16.0, 0.0, 0.0 ],
			"rotationY": -89.98,
			"faces": {
			},
			"children": [
				{
					"name": "Cube4",
					"from": [ -1.0, 0.0, 17.0 ],
					"to": [ 1.0, 20.0, 19.0 ],
					"rotationOrigin": [ -1.0, 0.0, 17.0 ],
					"rotationX": -30.0,
					"faces": {
						"north": { "texture": "#wood", "uv": [ 0.0, 0.0, 1.0, 16.0 ], "autoUv": false },
						"east": { "texture": "#wood", "uv": [ 0.0, 0.0, 1.0, 16.0 ], "autoUv": false },
						"south": { "texture": "#wood", "uv": [ 0.0, 0.0, 1.0, 16.0 ], "autoUv": false },
						"west": { "texture": "#wood", "uv": [ 0.0, 0.0, 1.0, 16.0 ], "autoUv": false },
						"up": { "texture": "#wood", "uv": [ 0.0, 0.0, 1.0, 1.0 ], "autoUv": false },
						"down": { "texture": "#wood", "uv": [ 0.0, 0.0, 1.0, 1.0 ], "autoUv": false }
					}
				},
				{
					"name": "Cube5",
					"from": [ 17.0, 0.0, -1.0 ],
					"to": [ 19.0, 20.0, 1.0 ],
					"rotationOrigin": [ 17.0, 0.0, -1.0 ],
					"rotationZ": 30.0,
					"faces": {
						"north": { "texture": "#wood", "uv": [ 0.0, 0.0, 1.0, 16.0 ], "autoUv": false },
						"east": { "texture": "#wood", "uv": [ 0.0, 0.0, 1.0, 16.0 ], "autoUv": false },
						"south": { "texture": "#wood", "uv": [ 0.0, 0.0, 1.0, 16.0 ], "autoUv": false },
						"west": { "texture": "#wood", "uv": [ 0.0, 0.0, 1.0, 16.0 ], "autoUv": false },
						"up": { "texture": "#wood", "uv": [ 0.0, 0.0, 1.0, 1.0 ], "autoUv": false },
						"down": { "texture": "#wood", "uv": [ 0.0, 0.0, 1.0, 1.0 ], "autoUv": false }
					}
				}
			]
		}
	]}