{
	"editor": {
		"collapsedPaths": "Root/root,Root/root/slope2",
		"allAngles": false,
		"entityTextureMode": false
	},
	"textureWidth": 16,
	"textureHeight": 16,
	"textureSizes": {
	},
	"textures": {
	},
	"elements": [
		{
			"name": "root",
			"from": [ 3.8, 1.2, -28.2 ],
			"to": [ 3.8, 1.2, -28.2 ],
			"rotationOrigin": [ 3.6, 1.2, -4.4 ],
			"rotationY": -135.0,
			"faces": {
			},
			"children": [
				{
					"name": "slope",
					"from": [ 0.0, -3.0, 1.5 ],
					"to": [ 0.0, -3.0, 1.5 ],
					"rotationOrigin": [ 0.0, -2.5, 1.0 ],
					"rotationX": -14.0,
					"faces": {
						"north": { "texture": "#material", "uv": [ 0.0, 0.0, 0.5, 0.5 ] },
						"east": { "texture": "#material", "uv": [ 0.0, 0.0, 0.5, 0.5 ] },
						"south": { "texture": "#material", "uv": [ 0.0, 0.0, 0.5, 0.5 ] },
						"west": { "texture": "#material", "uv": [ 0.0, 0.0, 0.5, 0.5 ] },
						"up": { "texture": "#material", "uv": [ 0.0, 0.0, 0.5, 0.5 ] },
						"down": { "texture": "#material", "uv": [ 0.0, 0.0, 0.5, 0.5 ] }
					},
					"children": [
						{
							"name": "shingle 3",
							"from": [ -1.21, 3.52, 5.6 ],
							"to": [ 11.81, 9.52, 9.6 ],
							"rotationOrigin": [ -1.3, 3.5224, 5.5955 ],
							"rotationX": -45.0,
							"faces": {
								"north": { "texture": "#material", "uv": [ 0.0, 0.0, 13.0, 6.0 ], "windMode": [-1,-1,-1,-1] },
								"east": { "texture": "#material", "uv": [ 7.5, 2.5, 13.5, 6.5 ], "rotation": 90 },
								"south": { "texture": "#material", "uv": [ 0.0, 9.5, 13.0, 15.5 ] },
								"west": { "texture": "#material", "uv": [ 1.5, 1.0, 7.5, 5.0 ], "rotation": 270 },
								"up": { "texture": "#material", "uv": [ 0.0, 0.0, 13.0, 4.0 ], "windMode": [-1,-1,-1,-1] },
								"down": { "texture": "#material", "uv": [ 0.0, 8.0, 13.0, 12.0 ], "rotation": 180 }
							}
						},
						{
							"name": "shingle 2",
							"from": [ 0.08, 7.92, 4.7 ],
							"to": [ 10.6, 13.92, 8.7 ],
							"rotationOrigin": [ 0.0, 7.9224, 4.6955 ],
							"rotationX": -45.0,
							"faces": {
								"north": { "texture": "#material", "uv": [ 0.0, 0.0, 10.5, 6.0 ], "windMode": [-1,-1,-1,-1] },
								"east": { "texture": "#material", "uv": [ 7.5, 2.5, 13.5, 6.5 ], "rotation": 90 },
								"south": { "texture": "#material", "uv": [ 0.0, 9.5, 10.5, 15.5 ] },
								"west": { "texture": "#material", "uv": [ 1.5, 1.0, 7.5, 5.0 ], "rotation": 270 },
								"up": { "texture": "#material", "uv": [ 0.0, 0.0, 10.5, 4.0 ], "windMode": [-1,-1,-1,-1] },
								"down": { "texture": "#material", "uv": [ 0.0, 8.0, 10.5, 12.0 ], "rotation": 180 }
							}
						},
						{
							"name": "shingle 4",
							"from": [ -2.62, -0.35, 5.08 ],
							"to": [ 13.4, 5.65, 9.08 ],
							"rotationOrigin": [ -2.7, -0.3538, 5.0782 ],
							"rotationX": -35.0,
							"faces": {
								"north": { "texture": "#material", "uv": [ 0.0, 4.0, 16.0, 10.0 ], "windMode": [-1,-1,-1,-1] },
								"east": { "texture": "#material", "uv": [ 4.5, 4.0, 10.5, 8.0 ], "rotation": 270 },
								"south": { "texture": "#material", "uv": [ 0.0, 3.0, 16.0, 9.0 ] },
								"west": { "texture": "#material", "uv": [ 7.5, 6.0, 13.5, 10.0 ], "rotation": 90 },
								"up": { "texture": "#material", "uv": [ 0.0, 0.0, 16.0, 4.0 ], "windMode": [-1,-1,-1,-1] },
								"down": { "texture": "#material", "uv": [ 0.0, 10.0, 16.0, 14.0 ], "rotation": 180, "windMode": [-1,-1,-1,-1] }
							}
						},
						{
							"name": "shingle 1",
							"from": [ 1.49, 11.92, 4.4 ],
							"to": [ 9.31, 16.92, 8.4 ],
							"rotationOrigin": [ 1.4, 11.9224, 4.3955 ],
							"rotationX": -55.0,
							"faces": {
								"north": { "texture": "#material", "uv": [ 0.0, 0.0, 7.5, 5.0 ], "windMode": [-1,-1,-1,-1] },
								"east": { "texture": "#material", "uv": [ 5.5, 4.5, 10.5, 8.5 ], "rotation": 270, "windMode": [-1,-1,-1,-1] },
								"south": { "texture": "#material", "uv": [ 0.0, 6.5, 7.5, 11.5 ], "windMode": [-1,-1,-1,-1] },
								"west": { "texture": "#material", "uv": [ 3.0, 8.0, 8.0, 12.0 ], "rotation": 90, "windMode": [-1,-1,-1,-1] },
								"up": { "texture": "#material", "uv": [ 0.0, 0.0, 7.5, 4.0 ], "windMode": [-1,-1,-1,-1] },
								"down": { "texture": "#material", "uv": [ 0.0, 5.0, 7.5, 9.0 ], "rotation": 180, "windMode": [-1,-1,-1,-1] }
							}
						}
					]
				}
			]
		},
		{
			"name": "root2",
			"from": [ 0.2, 0.0, 0.2 ],
			"to": [ 0.2, 0.0, 0.2 ],
			"faces": {
			},
			"children": [
				{
					"name": "slope2",
					"from": [ 0.0, -3.0, 1.5 ],
					"to": [ 0.0, -3.0, 1.5 ],
					"rotationOrigin": [ 0.0, -2.5, 1.0 ],
					"rotationX": -14.0,
					"faces": {
						"north": { "texture": "#material", "uv": [ 0.0, 0.0, 0.5, 0.5 ] },
						"east": { "texture": "#material", "uv": [ 0.0, 0.0, 0.5, 0.5 ] },
						"south": { "texture": "#material", "uv": [ 0.0, 0.0, 0.5, 0.5 ] },
						"west": { "texture": "#material", "uv": [ 0.0, 0.0, 0.5, 0.5 ] },
						"up": { "texture": "#material", "uv": [ 0.0, 0.0, 0.5, 0.5 ] },
						"down": { "texture": "#material", "uv": [ 0.0, 0.0, 0.5, 0.5 ] }
					}
				}
			]
		}
	]}