{
	"editor": {
		"collapsedPaths": "Root/root/slope2",
		"allAngles": false,
		"entityTextureMode": false
	},
	"textureWidth": 16,
	"textureHeight": 16,
	"textureSizes": {
	},
	"textures": {
	},
	"elements": [
		{
			"name": "root",
			"from": [ 0.0, 0.0, 0.0 ],
			"to": [ 0.0, 0.0, 0.0 ],
			"rotationOrigin": [ 7.8, 0.0, 8.0 ],
			"rotationY": -90.0,
			"faces": {
			},
			"children": [
				{
					"name": "slope",
					"from": [ 0.0, -3.0, 1.5 ],
					"to": [ 0.0, -3.0, 1.5 ],
					"rotationOrigin": [ 0.0, -2.5, 1.0 ],
					"rotationX": -14.0,
					"faces": {
						"north": { "texture": "#material", "uv": [ 0.0, 0.0, 0.5, 0.5 ] },
						"east": { "texture": "#material", "uv": [ 0.0, 0.0, 0.5, 0.5 ] },
						"south": { "texture": "#material", "uv": [ 0.0, 0.0, 0.5, 0.5 ] },
						"west": { "texture": "#material", "uv": [ 0.0, 0.0, 0.5, 0.5 ] },
						"up": { "texture": "#material", "uv": [ 0.0, 0.0, 0.5, 0.5 ] },
						"down": { "texture": "#material", "uv": [ 0.0, 0.0, 0.5, 0.5 ] }
					},
					"children": [
						{
							"name": "shingle 3",
							"from": [ 11.99, 1.42, 14.3 ],
							"to": [ 16.03, 7.42, 18.3 ],
							"rotationOrigin": [ 11.9, 1.4224, 14.2955 ],
							"rotationX": -45.0,
							"faces": {
								"east": { "texture": "#material", "uv": [ 7.5, 2.5, 13.5, 6.5 ], "rotation": 90 },
								"south": { "texture": "#material", "uv": [ 0.0, 9.5, 4.0, 15.5 ] },
								"west": { "texture": "#material", "uv": [ 1.5, 1.0, 7.5, 5.0 ], "rotation": 270 },
								"down": { "texture": "#material", "uv": [ 0.0, 8.0, 4.0, 12.0 ], "rotation": 180 }
							}
						},
						{
							"name": "shingle 1",
							"from": [ 7.99, 11.72, 10.9 ],
							"to": [ 16.01, 17.72, 14.9 ],
							"rotationOrigin": [ 7.8, 11.7224, 10.8955 ],
							"rotationX": -30.0,
							"faces": {
								"north": { "texture": "#material", "uv": [ 0.0, 0.0, 8.0, 6.0 ], "windMode": [-1,-1,-1,-1] },
								"east": { "texture": "#material", "uv": [ 5.5, 4.5, 11.5, 8.5 ], "rotation": 270, "windMode": [-1,-1,-1,-1] },
								"south": { "texture": "#material", "uv": [ 0.0, 6.5, 8.0, 12.5 ], "windMode": [-1,-1,-1,-1] },
								"west": { "texture": "#material", "uv": [ 3.0, 8.0, 9.0, 12.0 ], "rotation": 90, "windMode": [-1,-1,-1,-1] },
								"up": { "texture": "#material", "uv": [ 0.0, 0.0, 8.0, 4.0 ], "windMode": [-1,-1,-1,-1] },
								"down": { "texture": "#material", "uv": [ 0.0, 5.0, 8.0, 9.0 ], "rotation": 180, "windMode": [-1,-1,-1,-1] }
							}
						},
						{
							"name": "shingle 2",
							"from": [ 9.98, 6.82, 12.3 ],
							"to": [ 16.02, 12.82, 16.3 ],
							"rotationOrigin": [ 9.9, 6.8224, 12.2955 ],
							"rotationX": -40.0,
							"faces": {
								"east": { "texture": "#material", "uv": [ 7.5, 2.5, 13.5, 6.5 ], "rotation": 90 },
								"south": { "texture": "#material", "uv": [ 0.0, 9.5, 6.0, 15.5 ] },
								"west": { "texture": "#material", "uv": [ 1.5, 1.0, 7.5, 5.0 ], "rotation": 270 },
								"down": { "texture": "#material", "uv": [ 0.0, 8.0, 6.0, 12.0 ], "rotation": 180 }
							}
						}
					]
				}
			]
		},
		{
			"name": "root2",
			"from": [ 0.0, 0.0, 0.0 ],
			"to": [ 0.0, 0.0, 0.0 ],
			"rotationOrigin": [ 7.8, 0.0, 8.0 ],
			"faces": {
			},
			"children": [
				{
					"name": "slope2",
					"from": [ 0.0, -3.0, 1.5 ],
					"to": [ 0.0, -3.0, 1.5 ],
					"rotationOrigin": [ 0.0, -2.5, 1.0 ],
					"rotationX": -14.0,
					"faces": {
						"north": { "texture": "#material", "uv": [ 0.0, 0.0, 0.5, 0.5 ] },
						"east": { "texture": "#material", "uv": [ 0.0, 0.0, 0.5, 0.5 ] },
						"south": { "texture": "#material", "uv": [ 0.0, 0.0, 0.5, 0.5 ] },
						"west": { "texture": "#material", "uv": [ 0.0, 0.0, 0.5, 0.5 ] },
						"up": { "texture": "#material", "uv": [ 0.0, 0.0, 0.5, 0.5 ] },
						"down": { "texture": "#material", "uv": [ 0.0, 0.0, 0.5, 0.5 ] }
					},
					"children": [
						{
							"name": "shingle 5",
							"from": [ -0.03, 1.42, 14.3 ],
							"to": [ 4.01, 7.42, 18.3 ],
							"rotationOrigin": [ -0.1, 1.4224, 14.2955 ],
							"rotationX": -45.0,
							"faces": {
								"east": { "texture": "#material", "uv": [ 7.5, 2.5, 13.5, 6.5 ], "rotation": 90 },
								"south": { "texture": "#material", "uv": [ 0.0, 9.5, 4.0, 15.5 ] },
								"west": { "texture": "#material", "uv": [ 1.5, 1.0, 7.5, 5.0 ], "rotation": 270 },
								"down": { "texture": "#material", "uv": [ 0.0, 8.0, 4.0, 12.0 ], "rotation": 180 }
							}
						},
						{
							"name": "shingle 7",
							"from": [ -0.03, 11.72, 10.9 ],
							"to": [ 7.99, 17.72, 14.9 ],
							"rotationOrigin": [ -0.2, 11.7224, 10.8955 ],
							"rotationX": -30.0,
							"faces": {
								"north": { "texture": "#material", "uv": [ 0.0, 0.0, 8.0, 6.0 ] },
								"east": { "texture": "#material", "uv": [ 5.5, 4.5, 11.5, 8.5 ], "rotation": 270 },
								"south": { "texture": "#material", "uv": [ 0.0, 6.5, 8.0, 12.5 ] },
								"west": { "texture": "#material", "uv": [ 3.0, 8.0, 9.0, 12.0 ], "rotation": 90 },
								"up": { "texture": "#material", "uv": [ 0.0, 0.0, 8.0, 4.0 ] },
								"down": { "texture": "#material", "uv": [ 0.0, 5.0, 8.0, 9.0 ], "rotation": 180 }
							}
						},
						{
							"name": "shingle 8",
							"from": [ -0.02, 6.82, 12.3 ],
							"to": [ 7.02, 12.82, 16.3 ],
							"rotationOrigin": [ -0.1, 6.8224, 12.2955 ],
							"rotationX": -40.0,
							"faces": {
								"east": { "texture": "#material", "uv": [ 7.5, 2.5, 13.5, 6.5 ], "rotation": 90 },
								"south": { "texture": "#material", "uv": [ 0.0, 9.5, 7.0, 15.5 ] },
								"west": { "texture": "#material", "uv": [ 1.5, 1.0, 7.5, 5.0 ], "rotation": 270 },
								"down": { "texture": "#material", "uv": [ 0.0, 8.0, 7.0, 12.0 ], "rotation": 180 }
							}
						}
					]
				}
			]
		},
		{
			"name": "origin",
			"from": [ 0.0, 0.0, 0.0 ],
			"to": [ 0.0, 0.0, 0.0 ],
			"rotationOrigin": [ 16.0, 0.0, 0.0 ],
			"rotationY": -89.98,
			"faces": {
			},
			"children": [
				{
					"name": "Cube1",
					"from": [ 16.0, 0.0, 0.0 ],
					"to": [ 32.0, 16.0, 9.0 ],
					"rotationOrigin": [ 16.0, 0.0, 0.0 ],
					"rotationY": -0.02,
					"faces": {
						"north": { "texture": "#material", "uv": [ 0.0, 0.0, 16.0, 16.0 ] },
						"east": { "texture": "#material", "uv": [ 0.0, 0.0, 9.0, 16.0 ] },
						"west": { "texture": "#material", "uv": [ 0.0, 0.0, 9.0, 16.0 ] },
						"up": { "texture": "#material", "uv": [ 0.0, 0.0, 16.0, 9.0 ] },
						"down": { "texture": "#material", "uv": [ 0.0, 0.0, 16.0, 9.0 ] }
					}
				},
				{
					"name": "Cube2",
					"from": [ 16.0, 0.0, 9.0 ],
					"to": [ 25.0, 16.0, 16.0 ],
					"rotationOrigin": [ 2.0, 0.0, 9.0 ],
					"rotationY": -0.02,
					"faces": {
						"south": { "texture": "#material", "uv": [ 0.0, 0.0, 9.0, 16.0 ] },
						"west": { "texture": "#material", "uv": [ 0.0, 0.0, 7.0, 16.0 ] },
						"up": { "texture": "#material", "uv": [ 0.0, 0.0, 9.0, 7.0 ] },
						"down": { "texture": "#material", "uv": [ 0.0, 0.0, 9.0, 7.0 ] }
					}
				},
				{
					"name": "Cube3",
					"from": [ 25.0, 0.0, 9.01 ],
					"to": [ 32.0, 6.0, 16.01 ],
					"rotationOrigin": [ 25.0, 0.0, 9.0079 ],
					"rotationY": -0.02,
					"faces": {
						"east": { "texture": "#material", "uv": [ 0.0, 0.0, 7.0, 6.0 ] },
						"south": { "texture": "#material", "uv": [ 0.0, 0.0, 7.0, 6.0 ] },
						"down": { "texture": "#material", "uv": [ 0.0, 0.0, 7.0, 7.0 ] }
					}
				},
				{
					"name": "Cube4",
					"from": [ 25.3, 6.0, 9.0079 ],
					"to": [ 32.0, 9.0, 12.0079 ],
					"rotationOrigin": [ 25.3, 6.0, 9.0079 ],
					"rotationY": -0.02,
					"faces": {
						"east": { "texture": "#material", "uv": [ 0.0, 0.0, 3.0, 3.0 ], "windMode": [-1,-1,-1,-1] }
					}
				},
				{
					"name": "Cube5",
					"from": [ 25.0, 6.0, 9.31 ],
					"to": [ 28.0, 9.0, 16.01 ],
					"rotationOrigin": [ 25.0, 6.0, 9.3079 ],
					"rotationY": -0.02,
					"faces": {
						"east": { "texture": "#material", "uv": [ 0.0, 0.0, 6.5, 3.0 ], "windMode": [-1,-1,-1,-1] },
						"south": { "texture": "#material", "uv": [ 0.0, 0.0, 3.0, 3.0 ], "windMode": [-1,-1,-1,-1] }
					}
				}
			]
		}
	]}