{
	"editor": {
		"collapsedPaths": "Root/root/slope2",
		"allAngles": false,
		"entityTextureMode": false
	},
	"textureWidth": 16,
	"textureHeight": 16,
	"textureSizes": {
	},
	"textures": {
	},
	"elements": [
		{
			"name": "root",
			"from": [ -2.0, 0.0, 2.0 ],
			"to": [ -2.0, 0.0, 2.0 ],
			"rotationOrigin": [ 7.8, 0.0, 10.0 ],
			"rotationY": -90.0,
			"faces": {
			},
			"children": [
				{
					"name": "slope",
					"from": [ 0.0, -3.0, 1.5 ],
					"to": [ 0.0, -3.0, 1.5 ],
					"rotationOrigin": [ 0.0, -2.5, 1.0 ],
					"rotationX": -14.0,
					"faces": {
						"north": { "texture": "#material", "uv": [ 0.0, 0.0, 0.5, 0.5 ] },
						"east": { "texture": "#material", "uv": [ 0.0, 0.0, 0.5, 0.5 ] },
						"south": { "texture": "#material", "uv": [ 0.0, 0.0, 0.5, 0.5 ] },
						"west": { "texture": "#material", "uv": [ 0.0, 0.0, 0.5, 0.5 ] },
						"up": { "texture": "#material", "uv": [ 0.0, 0.0, 0.5, 0.5 ] },
						"down": { "texture": "#material", "uv": [ 0.0, 0.0, 0.5, 0.5 ] }
					},
					"children": [
						{
							"name": "shingle 3",
							"from": [ -0.01, 4.42, 6.9 ],
							"to": [ 16.03, 10.42, 10.9 ],
							"rotationOrigin": [ -0.1, 4.4224, 6.8955 ],
							"rotationX": -40.0,
							"faces": {
								"east": { "texture": "#material", "uv": [ 7.5, 2.5, 13.5, 6.5 ], "rotation": 90 },
								"south": { "texture": "#material", "uv": [ 0.0, 9.5, 16.0, 15.5 ] },
								"west": { "texture": "#material", "uv": [ 1.5, 1.0, 7.5, 5.0 ], "rotation": 270 },
								"down": { "texture": "#material", "uv": [ 0.0, 8.0, 16.0, 12.0 ], "rotation": 180 }
							}
						},
						{
							"name": "shingle 4",
							"from": [ 6.98, 0.45, 7.18 ],
							"to": [ 16.0, 6.45, 11.18 ],
							"rotationOrigin": [ 6.9, 0.4462, 7.1782 ],
							"rotationX": -35.0,
							"faces": {
								"north": { "texture": "#material", "uv": [ 0.0, 4.0, 9.0, 10.0 ] },
								"east": { "texture": "#material", "uv": [ 4.5, 4.0, 10.5, 8.0 ], "rotation": 270 },
								"south": { "texture": "#material", "uv": [ 0.0, 3.0, 9.0, 9.0 ] },
								"west": { "texture": "#material", "uv": [ 7.5, 6.0, 13.5, 10.0 ], "rotation": 90 },
								"down": { "texture": "#material", "uv": [ 0.0, 10.0, 9.0, 14.0 ], "rotation": 180 }
							}
						},
						{
							"name": "shingle 1",
							"from": [ -1.01, 12.72, 4.9 ],
							"to": [ 16.01, 18.72, 8.9 ],
							"rotationOrigin": [ -1.1, 12.7224, 4.8955 ],
							"rotationX": -50.0,
							"faces": {
								"north": { "texture": "#material", "uv": [ 0.0, 0.0, 17.0, 6.0 ], "windMode": [-1,-1,-1,-1] },
								"east": { "texture": "#material", "uv": [ 5.5, 4.5, 11.5, 8.5 ], "rotation": 270, "windMode": [-1,-1,-1,-1] },
								"south": { "texture": "#material", "uv": [ 0.0, 6.5, 17.0, 12.5 ], "windMode": [-1,-1,-1,-1] },
								"west": { "texture": "#material", "uv": [ 3.0, 8.0, 9.0, 12.0 ], "rotation": 90, "windMode": [-1,-1,-1,-1] },
								"up": { "texture": "#material", "uv": [ 0.0, 0.0, 17.0, 4.0 ], "windMode": [-1,-1,-1,-1] },
								"down": { "texture": "#material", "uv": [ 0.0, 5.0, 17.0, 9.0 ], "rotation": 180, "windMode": [-1,-1,-1,-1] }
							}
						},
						{
							"name": "shingle 2",
							"from": [ 2.98, 8.92, 5.5 ],
							"to": [ 16.02, 14.92, 9.5 ],
							"rotationOrigin": [ 2.9, 8.9224, 5.4955 ],
							"rotationX": -40.0,
							"faces": {
								"east": { "texture": "#material", "uv": [ 7.5, 2.5, 13.5, 6.5 ], "rotation": 90 },
								"south": { "texture": "#material", "uv": [ 0.0, 9.5, 13.0, 15.5 ] },
								"west": { "texture": "#material", "uv": [ 1.5, 1.0, 7.5, 5.0 ], "rotation": 270 },
								"down": { "texture": "#material", "uv": [ 0.0, 8.0, 13.0, 12.0 ], "rotation": 180 }
							}
						}
					]
				}
			]
		},
		{
			"name": "root2",
			"from": [ 0.0, 0.0, 0.0 ],
			"to": [ 0.0, 0.0, 0.0 ],
			"rotationOrigin": [ 9.8, 0.0, 8.0 ],
			"faces": {
			},
			"children": [
				{
					"name": "slope2",
					"from": [ 0.0, -3.0, 1.5 ],
					"to": [ 0.0, -3.0, 1.5 ],
					"rotationOrigin": [ 0.0, -2.5, 1.0 ],
					"rotationX": -14.0,
					"faces": {
						"north": { "texture": "#material", "uv": [ 0.0, 0.0, 0.5, 0.5 ] },
						"east": { "texture": "#material", "uv": [ 0.0, 0.0, 0.5, 0.5 ] },
						"south": { "texture": "#material", "uv": [ 0.0, 0.0, 0.5, 0.5 ] },
						"west": { "texture": "#material", "uv": [ 0.0, 0.0, 0.5, 0.5 ] },
						"up": { "texture": "#material", "uv": [ 0.0, 0.0, 0.5, 0.5 ] },
						"down": { "texture": "#material", "uv": [ 0.0, 0.0, 0.5, 0.5 ] }
					},
					"children": [
						{
							"name": "shingle 5",
							"from": [ -0.01, 4.42, 6.9 ],
							"to": [ 10.03, 10.42, 10.9 ],
							"rotationOrigin": [ -0.1, 4.4224, 6.8955 ],
							"rotationX": -40.0,
							"faces": {
								"east": { "texture": "#material", "uv": [ 7.5, 2.5, 13.5, 6.5 ], "rotation": 90 },
								"south": { "texture": "#material", "uv": [ 0.0, 9.5, 10.0, 15.5 ] },
								"west": { "texture": "#material", "uv": [ 1.5, 1.0, 7.5, 5.0 ], "rotation": 270 },
								"down": { "texture": "#material", "uv": [ 0.0, 8.0, 10.0, 12.0 ], "rotation": 180 }
							}
						},
						{
							"name": "shingle 6",
							"from": [ -0.02, 0.45, 7.18 ],
							"to": [ 9.0, 6.45, 11.18 ],
							"rotationOrigin": [ -0.1, 0.4462, 7.1782 ],
							"rotationX": -35.0,
							"faces": {
								"north": { "texture": "#material", "uv": [ 0.0, 4.0, 9.0, 10.0 ] },
								"east": { "texture": "#material", "uv": [ 4.5, 4.0, 10.5, 8.0 ], "rotation": 270 },
								"south": { "texture": "#material", "uv": [ 0.0, 3.0, 9.0, 9.0 ] },
								"west": { "texture": "#material", "uv": [ 7.5, 6.0, 13.5, 10.0 ], "rotation": 90 },
								"down": { "texture": "#material", "uv": [ 0.0, 10.0, 9.0, 14.0 ], "rotation": 180 }
							}
						},
						{
							"name": "shingle 7",
							"from": [ -0.01, 12.72, 4.9 ],
							"to": [ 16.01, 18.72, 8.9 ],
							"rotationOrigin": [ -0.1, 12.7224, 4.8955 ],
							"rotationX": -50.0,
							"faces": {
								"north": { "texture": "#material", "uv": [ 0.0, 0.0, 16.0, 6.0 ] },
								"east": { "texture": "#material", "uv": [ 5.5, 4.5, 11.5, 8.5 ], "rotation": 270 },
								"south": { "texture": "#material", "uv": [ 0.0, 6.5, 16.0, 12.5 ] },
								"west": { "texture": "#material", "uv": [ 3.0, 8.0, 9.0, 12.0 ], "rotation": 90 },
								"up": { "texture": "#material", "uv": [ 0.0, 0.0, 16.0, 4.0 ] },
								"down": { "texture": "#material", "uv": [ 0.0, 5.0, 16.0, 9.0 ], "rotation": 180 }
							}
						},
						{
							"name": "shingle 8",
							"from": [ -0.02, 8.92, 5.5 ],
							"to": [ 12.02, 14.92, 9.5 ],
							"rotationOrigin": [ -0.1, 8.9224, 5.4955 ],
							"rotationX": -40.0,
							"faces": {
								"east": { "texture": "#material", "uv": [ 7.5, 2.5, 13.5, 6.5 ], "rotation": 90 },
								"south": { "texture": "#material", "uv": [ 0.0, 9.5, 12.0, 15.5 ] },
								"west": { "texture": "#material", "uv": [ 1.5, 1.0, 7.5, 5.0 ], "rotation": 270 },
								"down": { "texture": "#material", "uv": [ 0.0, 8.0, 12.0, 12.0 ], "rotation": 180 }
							}
						}
					]
				}
			]
		},
		{
			"name": "origin",
			"from": [ 15.8, 0.0, 0.2 ],
			"to": [ 15.8, 0.0, 0.2 ],
			"rotationOrigin": [ 15.8, 0.0, 0.2 ],
			"rotationY": -89.98,
			"faces": {
			},
			"children": [
				{
					"name": "Cube3",
					"from": [ -0.2055, 0.0, 15.7999 ],
					"to": [ 15.7945, 13.0, 19.7999 ],
					"rotationOrigin": [ -0.2055, 0.0, 15.7999 ],
					"rotationY": 89.98,
					"faces": {
						"north": { "texture": "#material", "uv": [ 0.0, 0.0, 16.0, 13.0 ] },
						"west": { "texture": "#material", "uv": [ 0.0, 0.0, 4.0, 13.0 ] },
						"down": { "texture": "#material", "uv": [ 0.0, 0.0, 16.0, 4.0 ], "windMode": [-1,-1,-1,-1] }
					}
				},
				{
					"name": "Cube1",
					"from": [ -0.1999, 0.0, -0.2001 ],
					"to": [ 15.8001, 13.0, 3.7999 ],
					"rotationOrigin": [ -0.1999, 0.0, -0.2001 ],
					"rotationY": -0.02,
					"faces": {
						"north": { "texture": "#material", "uv": [ 0.0, 0.0, 16.0, 13.0 ] },
						"east": { "texture": "#material", "uv": [ 8.0, 0.0, 12.0, 13.0 ], "windMode": [-1,-1,-1,-1] },
						"down": { "texture": "#material", "uv": [ 0.0, 0.0, 16.0, 4.0 ] }
					}
				},
				{
					"name": "Cube4",
					"from": [ 3.7945, 0.0, 15.8013 ],
					"to": [ 18.7945, 6.0, 19.8013 ],
					"rotationOrigin": [ 3.7945, 0.0, 15.8013 ],
					"rotationY": 89.98,
					"faces": {
						"west": { "texture": "#material", "uv": [ 0.0, 0.0, 4.0, 6.0 ] },
						"down": { "texture": "#material", "uv": [ 0.0, 0.0, 15.0, 4.0 ] }
					}
				},
				{
					"name": "Cube2",
					"from": [ -0.2013, 0.0, 3.7999 ],
					"to": [ 15.7987, 6.0, 7.7999 ],
					"rotationOrigin": [ -0.2013, 0.0, 3.7999 ],
					"rotationY": -0.02,
					"faces": {
						"east": { "texture": "#material", "uv": [ 8.0, 0.0, 12.0, 6.0 ], "windMode": [-1,-1,-1,-1] },
						"down": { "texture": "#material", "uv": [ 0.0, 0.0, 16.0, 4.0 ], "windMode": [-1,-1,-1,-1] }
					}
				}
			]
		}
	]}