{
	"editor": {
		"collapsedPaths": "Root/root/slope2",
		"allAngles": false,
		"entityTextureMode": false
	},
	"textureWidth": 16,
	"textureHeight": 16,
	"textureSizes": {
	},
	"textures": {
	},
	"elements": [
		{
			"name": "root",
			"from": [ 0.0, 8.0, 0.0 ],
			"to": [ 0.0, 8.0, 0.0 ],
			"rotationOrigin": [ 7.8, 8.0, 8.0 ],
			"rotationY": -90.0,
			"faces": {
			},
			"children": [
				{
					"name": "slope",
					"from": [ 0.0, -3.0, 1.5 ],
					"to": [ 0.0, -3.0, 1.5 ],
					"rotationOrigin": [ 0.0, -2.5, 1.0 ],
					"rotationX": -14.0,
					"faces": {
						"north": { "texture": "#material", "uv": [ 0.0, 0.0, 0.5, 0.5 ] },
						"east": { "texture": "#material", "uv": [ 0.0, 0.0, 0.5, 0.5 ] },
						"south": { "texture": "#material", "uv": [ 0.0, 0.0, 0.5, 0.5 ] },
						"west": { "texture": "#material", "uv": [ 0.0, 0.0, 0.5, 0.5 ] },
						"up": { "texture": "#material", "uv": [ 0.0, 0.0, 0.5, 0.5 ] },
						"down": { "texture": "#material", "uv": [ 0.0, 0.0, 0.5, 0.5 ] }
					},
					"children": [
						{
							"name": "shingle 3",
							"from": [ 4.98, 1.82, 9.3 ],
							"to": [ 16.02, 7.82, 13.3 ],
							"rotationOrigin": [ 4.9, 1.8224, 9.2955 ],
							"rotationX": -67.5,
							"faces": {
								"east": { "texture": "#material", "uv": [ 7.5, 2.5, 13.5, 6.5 ], "rotation": 90 },
								"south": { "texture": "#material", "uv": [ 0.0, 9.5, 11.0, 15.5 ] },
								"west": { "texture": "#material", "uv": [ 1.5, 1.0, 7.5, 5.0 ], "rotation": 270 },
								"down": { "texture": "#material", "uv": [ 0.0, 8.0, 11.0, 12.0 ], "rotation": 180 }
							}
						},
						{
							"name": "shingle 4",
							"from": [ 8.99, -1.25, 13.38 ],
							"to": [ 16.01, 4.75, 16.38 ],
							"rotationOrigin": [ 8.9, -1.2538, 13.3782 ],
							"rotationX": -60.0,
							"faces": {
								"north": { "texture": "#material", "uv": [ 0.0, 4.0, 7.0, 10.0 ] },
								"east": { "texture": "#material", "uv": [ 4.5, 4.0, 10.5, 7.0 ], "rotation": 270 },
								"south": { "texture": "#material", "uv": [ 0.0, 3.0, 7.0, 9.0 ] },
								"west": { "texture": "#material", "uv": [ 7.5, 6.0, 13.5, 9.0 ], "rotation": 90 },
								"down": { "texture": "#material", "uv": [ 0.0, 10.0, 7.0, 13.0 ], "rotation": 180 }
							}
						},
						{
							"name": "shingle 2",
							"from": [ -0.01, 5.42, 4.2 ],
							"to": [ 16.01, 11.42, 8.2 ],
							"rotationOrigin": [ -0.1, 5.4224, 4.1955 ],
							"rotationX": -60.0,
							"faces": {
								"north": { "texture": "#material", "uv": [ 0.0, 0.0, 16.0, 6.0 ], "windMode": [-1,-1,-1,-1] },
								"east": { "texture": "#material", "uv": [ 5.5, 4.5, 11.5, 8.5 ], "rotation": 270, "windMode": [-1,-1,-1,-1] },
								"south": { "texture": "#material", "uv": [ 0.0, 6.5, 16.0, 12.5 ], "windMode": [-1,-1,-1,-1] },
								"west": { "texture": "#material", "uv": [ 3.0, 8.0, 9.0, 12.0 ], "rotation": 90, "windMode": [-1,-1,-1,-1] },
								"up": { "texture": "#material", "uv": [ 0.0, 0.0, 16.0, 4.0 ], "windMode": [-1,-1,-1,-1] },
								"down": { "texture": "#material", "uv": [ 0.0, 5.0, 16.0, 9.0 ], "rotation": 180, "windMode": [-1,-1,-1,-1] }
							}
						}
					]
				},
				{
					"name": "root2",
					"from": [ -0.0028, 0.0, 0.0027 ],
					"to": [ -0.0028, 0.0, 0.0027 ],
					"rotationOrigin": [ 7.8, 0.0, 8.0 ],
					"rotationY": 89.98,
					"faces": {
					},
					"children": [
						{
							"name": "slope2",
							"from": [ 0.0, -3.0, 1.5 ],
							"to": [ 0.0, -3.0, 1.5 ],
							"rotationOrigin": [ 0.0, -2.5, 1.0 ],
							"rotationX": -14.0,
							"faces": {
								"north": { "texture": "#material", "uv": [ 0.0, 0.0, 0.5, 0.5 ] },
								"east": { "texture": "#material", "uv": [ 0.0, 0.0, 0.5, 0.5 ] },
								"south": { "texture": "#material", "uv": [ 0.0, 0.0, 0.5, 0.5 ] },
								"west": { "texture": "#material", "uv": [ 0.0, 0.0, 0.5, 0.5 ] },
								"up": { "texture": "#material", "uv": [ 0.0, 0.0, 0.5, 0.5 ] },
								"down": { "texture": "#material", "uv": [ 0.0, 0.0, 0.5, 0.5 ] }
							},
							"children": [
								{
									"name": "shingle 5",
									"from": [ -0.02, 1.82, 9.3 ],
									"to": [ 11.02, 7.82, 13.3 ],
									"rotationOrigin": [ -0.1, 1.8224, 9.2955 ],
									"rotationX": -67.5,
									"faces": {
										"east": { "texture": "#material", "uv": [ 7.5, 2.5, 13.5, 6.5 ], "rotation": 90 },
										"south": { "texture": "#material", "uv": [ 0.0, 9.5, 11.0, 15.5 ] },
										"west": { "texture": "#material", "uv": [ 1.5, 1.0, 7.5, 5.0 ], "rotation": 270 },
										"down": { "texture": "#material", "uv": [ 0.0, 8.0, 11.0, 12.0 ], "rotation": 180 }
									}
								},
								{
									"name": "shingle 6",
									"from": [ -0.01, -1.25, 13.38 ],
									"to": [ 7.01, 4.75, 16.38 ],
									"rotationOrigin": [ -0.1, -1.2538, 13.3782 ],
									"rotationX": -60.0,
									"faces": {
										"north": { "texture": "#material", "uv": [ 0.0, 4.0, 7.0, 10.0 ] },
										"east": { "texture": "#material", "uv": [ 4.5, 4.0, 10.5, 7.0 ], "rotation": 270 },
										"south": { "texture": "#material", "uv": [ 0.0, 3.0, 7.0, 9.0 ] },
										"west": { "texture": "#material", "uv": [ 7.5, 6.0, 13.5, 9.0 ], "rotation": 90 },
										"down": { "texture": "#material", "uv": [ 0.0, 10.0, 7.0, 13.0 ], "rotation": 180 }
									}
								},
								{
									"name": "shingle 7",
									"from": [ -0.01, 5.42, 4.2 ],
									"to": [ 16.01, 11.42, 8.2 ],
									"rotationOrigin": [ -0.1, 5.4224, 4.1955 ],
									"rotationX": -60.0,
									"faces": {
										"north": { "texture": "#material", "uv": [ 0.0, 0.0, 16.0, 6.0 ] },
										"east": { "texture": "#material", "uv": [ 5.5, 4.5, 11.5, 8.5 ], "rotation": 270 },
										"south": { "texture": "#material", "uv": [ 0.0, 6.5, 16.0, 12.5 ] },
										"west": { "texture": "#material", "uv": [ 3.0, 8.0, 9.0, 12.0 ], "rotation": 90 },
										"up": { "texture": "#material", "uv": [ 0.0, 0.0, 16.0, 4.0 ] },
										"down": { "texture": "#material", "uv": [ 0.0, 5.0, 16.0, 9.0 ], "rotation": 180 }
									}
								}
							]
						}
					]
				}
			]
		},
		{
			"name": "origin",
			"from": [ 0.0, 0.0, 0.0 ],
			"to": [ 0.0, 0.0, 0.0 ],
			"faces": {
			},
			"children": [
				{
					"name": "Cube1",
					"from": [ 0.0, 0.0, -16.0 ],
					"to": [ 16.0, 13.0, 0.0 ],
					"rotationOrigin": [ 0.0, 0.0, 0.0 ],
					"rotationY": -89.98,
					"faces": {
						"north": { "texture": "#material", "uv": [ 0.0, 0.0, 16.0, 13.0 ] },
						"west": { "texture": "#material", "uv": [ 0.0, 0.0, 16.0, 13.0 ] },
						"down": { "texture": "#material", "uv": [ 0.0, 0.0, 16.0, 16.0 ], "windMode": [-1,-1,-1,-1] }
					}
				},
				{
					"name": "Cube2",
					"from": [ 17.0, 0.0, -18.0 ],
					"to": [ 18.0, 13.0, -8.0 ],
					"rotationOrigin": [ 0.0, 0.0, -2.0 ],
					"rotationY": -89.98,
					"faces": {
						"east": { "texture": "#material", "uv": [ 0.0, 0.0, 10.0, 13.0 ] }
					}
				},
				{
					"name": "Cube3",
					"from": [ 1.0, 0.0, 0.0 ],
					"to": [ 11.0, 13.0, 1.0 ],
					"rotationOrigin": [ 1.0, 0.0, 0.0 ],
					"rotationY": -89.98,
					"faces": {
						"south": { "texture": "#material", "uv": [ 0.0, 0.0, 10.0, 13.0 ] }
					}
				},
				{
					"name": "Cube4",
					"from": [ 6.0, 0.0, 10.0 ],
					"to": [ 12.0, 9.0, 16.0 ],
					"rotationOrigin": [ 6.0, 0.0, 10.0 ],
					"rotationY": -89.98,
					"faces": {
						"east": { "texture": "#material", "uv": [ 0.0, 0.0, 6.0, 9.0 ] },
						"south": { "texture": "#material", "uv": [ 0.0, 0.0, 6.0, 9.0 ] },
						"up": { "texture": "#material", "uv": [ 0.0, 0.0, 6.0, 6.0 ], "windMode": [-1,-1,-1,-1] }
					}
				}
			]
		}
	]}