{
	"editor": {
		"collapsedPaths": "Root/root/slope2",
		"allAngles": false,
		"entityTextureMode": false
	},
	"textureWidth": 16,
	"textureHeight": 16,
	"textureSizes": {
	},
	"textures": {
	},
	"elements": [
		{
			"name": "root",
			"from": [ -2.0, 0.0, 2.0 ],
			"to": [ -2.0, 0.0, 2.0 ],
			"rotationOrigin": [ 7.8, 0.0, 10.0 ],
			"rotationY": -90.0,
			"faces": {
			},
			"children": [
				{
					"name": "slope",
					"from": [ 0.0, -3.0, 1.5 ],
					"to": [ 0.0, -3.0, 1.5 ],
					"rotationOrigin": [ 0.0, -2.5, 1.0 ],
					"rotationX": -14.0,
					"faces": {
						"north": { "texture": "#material", "uv": [ 0.0, 0.0, 0.5, 0.5 ] },
						"east": { "texture": "#material", "uv": [ 0.0, 0.0, 0.5, 0.5 ] },
						"south": { "texture": "#material", "uv": [ 0.0, 0.0, 0.5, 0.5 ] },
						"west": { "texture": "#material", "uv": [ 0.0, 0.0, 0.5, 0.5 ] },
						"up": { "texture": "#material", "uv": [ 0.0, 0.0, 0.5, 0.5 ] },
						"down": { "texture": "#material", "uv": [ 0.0, 0.0, 0.5, 0.5 ] }
					},
					"children": [
						{
							"name": "shingle 3",
							"from": [ -0.21, 4.42, 6.9 ],
							"to": [ 15.81, 10.42, 10.9 ],
							"rotationOrigin": [ -0.3, 4.4224, 6.8955 ],
							"rotationX": -40.0,
							"faces": {
								"east": { "texture": "#material", "uv": [ 7.5, 2.5, 13.5, 6.5 ], "rotation": 90 },
								"south": { "texture": "#material", "uv": [ 0.0, 9.5, 16.0, 15.5 ] },
								"west": { "texture": "#material", "uv": [ 1.5, 1.0, 7.5, 5.0 ], "rotation": 270 },
								"down": { "texture": "#material", "uv": [ 0.0, 8.0, 16.0, 12.0 ], "rotation": 180 }
							}
						},
						{
							"name": "shingle 4",
							"from": [ -0.22, 0.45, 7.18 ],
							"to": [ 15.8, 6.45, 11.18 ],
							"rotationOrigin": [ -0.3, 0.4462, 7.1782 ],
							"rotationX": -35.0,
							"faces": {
								"north": { "texture": "#material", "uv": [ 0.0, 4.0, 16.0, 10.0 ] },
								"east": { "texture": "#material", "uv": [ 4.5, 4.0, 10.5, 8.0 ], "rotation": 270 },
								"south": { "texture": "#material", "uv": [ 0.0, 3.0, 16.0, 9.0 ] },
								"west": { "texture": "#material", "uv": [ 7.5, 6.0, 13.5, 10.0 ], "rotation": 90 },
								"down": { "texture": "#material", "uv": [ 0.0, 10.0, 16.0, 14.0 ], "rotation": 180 }
							}
						},
						{
							"name": "shingle 1",
							"from": [ -0.21, 12.72, 4.9 ],
							"to": [ 15.81, 18.72, 8.9 ],
							"rotationOrigin": [ -0.3, 12.7224, 4.8955 ],
							"rotationX": -50.0,
							"faces": {
								"north": { "texture": "#material", "uv": [ 0.0, 0.0, 16.0, 6.0 ], "windMode": [-1,-1,-1,-1] },
								"east": { "texture": "#material", "uv": [ 5.5, 4.5, 11.5, 8.5 ], "rotation": 270, "windMode": [-1,-1,-1,-1] },
								"south": { "texture": "#material", "uv": [ 0.0, 6.5, 16.0, 12.5 ], "windMode": [-1,-1,-1,-1] },
								"west": { "texture": "#material", "uv": [ 3.0, 8.0, 9.0, 12.0 ], "rotation": 90, "windMode": [-1,-1,-1,-1] },
								"up": { "texture": "#material", "uv": [ 0.0, 0.0, 16.0, 4.0 ], "windMode": [-1,-1,-1,-1] },
								"down": { "texture": "#material", "uv": [ 0.0, 5.0, 16.0, 9.0 ], "rotation": 180, "windMode": [-1,-1,-1,-1] }
							}
						},
						{
							"name": "shingle 2",
							"from": [ -0.22, 8.92, 5.5 ],
							"to": [ 15.8, 14.92, 9.5 ],
							"rotationOrigin": [ -0.3, 8.9224, 5.4955 ],
							"rotationX": -40.0,
							"faces": {
								"east": { "texture": "#material", "uv": [ 7.5, 2.5, 13.5, 6.5 ], "rotation": 90 },
								"south": { "texture": "#material", "uv": [ 0.0, 9.5, 16.0, 15.5 ] },
								"west": { "texture": "#material", "uv": [ 1.5, 1.0, 7.5, 5.0 ], "rotation": 270 },
								"down": { "texture": "#material", "uv": [ 0.0, 8.0, 16.0, 12.0 ], "rotation": 180 }
							}
						}
					]
				},
				{
					"name": "Cube1",
					"from": [ -0.2, 0.0, -0.2 ],
					"to": [ 15.79, 13.0, 3.8 ],
					"rotationOrigin": [ -0.2, 0.0, -0.2 ],
					"faces": {
						"north": { "texture": "#material", "uv": [ 0.0, 0.0, 15.5, 13.0 ] },
						"east": { "texture": "#material", "uv": [ 8.0, 0.0, 12.0, 13.0 ] },
						"west": { "texture": "#material", "uv": [ 0.0, 0.0, 4.0, 13.0 ] },
						"up": { "texture": "#material", "uv": [ 0.0, 0.0, 15.5, 4.0 ], "windMode": [-1,-1,-1,-1], "windData": [1,1,1,1] },
						"down": { "texture": "#material", "uv": [ 0.0, 0.0, 15.5, 4.0 ] }
					}
				},
				{
					"name": "Cube2",
					"from": [ -0.2, 0.0, 3.8 ],
					"to": [ 15.79, 6.2, 7.8 ],
					"rotationOrigin": [ -0.2, 0.0, 3.8 ],
					"faces": {
						"north": { "texture": "#material", "uv": [ 0.0, 0.0, 15.5, 6.0 ] },
						"east": { "texture": "#material", "uv": [ 8.0, 0.0, 12.0, 6.0 ] },
						"west": { "texture": "#material", "uv": [ 0.0, 0.0, 4.0, 6.0 ] },
						"up": { "texture": "#material", "uv": [ 0.0, 0.0, 15.5, 4.0 ] },
						"down": { "texture": "#material", "uv": [ 0.0, 0.0, 15.5, 4.0 ] }
					}
				}
			]
		}
	]}