{
	"editor": {
		"collapsedPaths": "Root/root/slope2",
		"allAngles": false,
		"entityTextureMode": false
	},
	
	"elements": [
		{
			"name": "origin",
			"from": [ -8.0, 0.0, 8.0 ],
			"to": [ -8.0, 0.0, 8.0 ],
			"rotationOrigin": [ -8.0, 0.0, 8.0 ],
			"faces": {
			},
			"children": [
				{
					"name": "slopeS",
					"from": [ 16.0, 0.0, 8.0 ],
					"to": [ 16.0, 0.0, 8.0 ],
					"rotationOrigin": [ 16.0, 0.0, 8.0 ],
					"rotationY": 180.0,
					"faces": {
						"north": { "texture": "#material", "uv": [ 0.0, 0.0, 0.5, 0.5 ] },
						"east": { "texture": "#material", "uv": [ 0.0, 0.0, 0.5, 0.5 ] },
						"south": { "texture": "#material", "uv": [ 0.0, 0.0, 0.5, 0.5 ] },
						"west": { "texture": "#material", "uv": [ 0.0, 0.0, 0.5, 0.5 ] },
						"up": { "texture": "#material", "uv": [ 0.0, 0.0, 0.5, 0.5 ] },
						"down": { "texture": "#material", "uv": [ 0.0, 0.0, 0.5, 0.5 ] }
					},
					"children": [
						{
							"name": "shingleS 1",
							"from": [ -7.99, -2.0, -1.0 ],
							"to": [ 6.01, 2.0, 5.0 ],
							"rotationOrigin": [ -8.0, -2.0, -1.0 ],
							"rotationX": -25.0,
							"faces": {
								"north": { "texture": "#material", "uv": [ 0.0, 0.0, 14.0, 4.0 ] },
								"east": { "texture": "#material", "uv": [ 0.0, 0.0, 6.0, 4.0 ] },
								"south": { "texture": "#material", "uv": [ 0.0, 0.0, 14.0, 4.0 ] },
								"west": { "texture": "#material", "uv": [ 0.0, 0.0, 6.0, 4.0 ] },
								"up": { "texture": "#material", "uv": [ 0.0, 0.0, 14.0, 6.0 ] },
								"down": { "texture": "#material", "uv": [ 0.0, 0.0, 14.0, 6.0 ] }
							}
						},
						{
							"name": "shingleS 2",
							"from": [ -7.99, 2.0, 1.0 ],
							"to": [ 4.51, 6.0, 7.0 ],
							"rotationOrigin": [ -8.5, 3.0, 1.4 ],
							"rotationX": -30.0,
							"faces": {
								"north": { "texture": "#material", "uv": [ 0.0, 0.0, 12.5, 4.0 ] },
								"east": { "texture": "#material", "uv": [ 0.0, 0.0, 6.0, 4.0 ] },
								"south": { "texture": "#material", "uv": [ 0.0, 0.0, 12.5, 4.0 ] },
								"west": { "texture": "#material", "uv": [ 0.0, 0.0, 6.0, 4.0 ] },
								"up": { "texture": "#material", "uv": [ 0.0, 0.0, 12.5, 6.0 ] },
								"down": { "texture": "#material", "uv": [ 0.0, 0.0, 12.5, 6.0 ] }
							}
						},
						{
							"name": "shingleS 3",
							"from": [ -7.99, 6.0, 3.0 ],
							"to": [ 3.01, 10.0, 9.0 ],
							"rotationOrigin": [ -8.1, 6.0, 3.0 ],
							"rotationX": -35.0,
							"faces": {
								"north": { "texture": "#material", "uv": [ 0.0, 0.0, 11.0, 4.0 ] },
								"east": { "texture": "#material", "uv": [ 0.0, 0.0, 6.0, 4.0 ] },
								"south": { "texture": "#material", "uv": [ 0.0, 0.0, 11.0, 4.0 ] },
								"west": { "texture": "#material", "uv": [ 0.0, 0.0, 6.0, 4.0 ] },
								"up": { "texture": "#material", "uv": [ 0.0, 0.0, 11.0, 6.0 ] },
								"down": { "texture": "#material", "uv": [ 0.0, 0.0, 11.0, 6.0 ] }
							}
						},
						{
							"name": "shingleS 4",
							"from": [ -7.99, 10.0, 5.0 ],
							"to": [ 2.01, 14.0, 11.0 ],
							"rotationOrigin": [ -8.1, 10.0, 5.0 ],
							"rotationX": -35.0,
							"faces": {
								"north": { "texture": "#material", "uv": [ 0.0, 0.0, 10.0, 4.0 ] },
								"east": { "texture": "#material", "uv": [ 0.0, 0.0, 6.0, 4.0 ] },
								"south": { "texture": "#material", "uv": [ 0.0, 0.0, 10.0, 4.0 ] },
								"west": { "texture": "#material", "uv": [ 0.0, 0.0, 6.0, 4.0 ] },
								"up": { "texture": "#material", "uv": [ 0.0, 0.0, 10.0, 6.0 ] },
								"down": { "texture": "#material", "uv": [ 0.0, 0.0, 10.0, 6.0 ] }
							}
						}
					]
				},
				{
					"name": "slopeW",
					"from": [ 8.0, 0.0, 0.0 ],
					"to": [ 8.0, 0.0, 0.0 ],
					"rotationOrigin": [ 8.0, 0.0, 0.0 ],
					"rotationY": 90.0,
					"faces": {
						"north": { "texture": "#material", "uv": [ 0.0, 0.0, 0.5, 0.5 ] },
						"east": { "texture": "#material", "uv": [ 0.0, 0.0, 0.5, 0.5 ] },
						"south": { "texture": "#material", "uv": [ 0.0, 0.0, 0.5, 0.5 ] },
						"west": { "texture": "#material", "uv": [ 0.0, 0.0, 0.5, 0.5 ] },
						"up": { "texture": "#material", "uv": [ 0.0, 0.0, 0.5, 0.5 ] },
						"down": { "texture": "#material", "uv": [ 0.0, 0.0, 0.5, 0.5 ] }
					},
					"children": [
						{
							"name": "shingleW 1",
							"from": [ -6.01, -2.0, -1.0 ],
							"to": [ 7.99, 2.0, 5.0 ],
							"rotationOrigin": [ -6.0, -2.0, -1.0 ],
							"rotationX": -25.0,
							"faces": {
								"north": { "texture": "#material", "uv": [ 0.0, 0.0, 14.0, 4.0 ] },
								"east": { "texture": "#material", "uv": [ 0.0, 0.0, 6.0, 4.0 ] },
								"south": { "texture": "#material", "uv": [ 0.0, 0.0, 14.0, 4.0 ] },
								"west": { "texture": "#material", "uv": [ 0.0, 0.0, 6.0, 4.0 ] },
								"up": { "texture": "#material", "uv": [ 0.0, 0.0, 14.0, 6.0 ] },
								"down": { "texture": "#material", "uv": [ 0.0, 0.0, 14.0, 6.0 ] }
							}
						},
						{
							"name": "shingleW 2",
							"from": [ -4.51, 2.0, 1.0 ],
							"to": [ 7.99, 6.0, 7.0 ],
							"rotationOrigin": [ -4.5, 3.0, 1.4 ],
							"rotationX": -30.0,
							"faces": {
								"north": { "texture": "#material", "uv": [ 0.0, 0.0, 12.5, 4.0 ] },
								"east": { "texture": "#material", "uv": [ 0.0, 0.0, 6.0, 4.0 ] },
								"south": { "texture": "#material", "uv": [ 0.0, 0.0, 12.5, 4.0 ] },
								"west": { "texture": "#material", "uv": [ 0.0, 0.0, 6.0, 4.0 ] },
								"up": { "texture": "#material", "uv": [ 0.0, 0.0, 12.5, 6.0 ] },
								"down": { "texture": "#material", "uv": [ 0.0, 0.0, 12.5, 6.0 ] }
							}
						},
						{
							"name": "shingleW 3",
							"from": [ -3.01, 6.0, 3.0 ],
							"to": [ 7.99, 10.0, 9.0 ],
							"rotationOrigin": [ -3.1, 6.0, 3.0 ],
							"rotationX": -35.0,
							"faces": {
								"north": { "texture": "#material", "uv": [ 0.0, 0.0, 11.0, 4.0 ] },
								"east": { "texture": "#material", "uv": [ 0.0, 0.0, 6.0, 4.0 ] },
								"south": { "texture": "#material", "uv": [ 0.0, 0.0, 11.0, 4.0 ] },
								"west": { "texture": "#material", "uv": [ 0.0, 0.0, 6.0, 4.0 ] },
								"up": { "texture": "#material", "uv": [ 0.0, 0.0, 11.0, 6.0 ] },
								"down": { "texture": "#material", "uv": [ 0.0, 0.0, 11.0, 6.0 ] }
							}
						},
						{
							"name": "shingleW 4",
							"from": [ -2.01, 10.0, 5.0 ],
							"to": [ 7.99, 14.0, 11.0 ],
							"rotationOrigin": [ -2.1, 10.0, 5.0 ],
							"rotationX": -35.0,
							"faces": {
								"north": { "texture": "#material", "uv": [ 0.0, 0.0, 10.0, 4.0 ] },
								"east": { "texture": "#material", "uv": [ 0.0, 0.0, 6.0, 4.0 ] },
								"south": { "texture": "#material", "uv": [ 0.0, 0.0, 10.0, 4.0 ] },
								"west": { "texture": "#material", "uv": [ 0.0, 0.0, 6.0, 4.0 ] },
								"up": { "texture": "#material", "uv": [ 0.0, 0.0, 10.0, 6.0 ] },
								"down": { "texture": "#material", "uv": [ 0.0, 0.0, 10.0, 6.0 ] }
							}
						}
					]
				},
				{
					"name": "cube1",
					"from": [ 6.99, -1.0, 7.01 ],
					"to": [ 8.99, 20.0, 9.01 ],
					"rotationOrigin": [ 7.0, -1.0, 9.0 ],
					"rotationX": -23.0,
					"rotationZ": -21.0,
					"faces": {
						"north": { "texture": "#wood", "uv": [ 0.0, 0.0, 1.0, 16.0 ], "autoUv": false, "windMode": [-1,-1,-1,-1], "windData": [0,1,1,0] },
						"east": { "texture": "#wood", "uv": [ 0.0, 0.0, 1.0, 16.0 ], "autoUv": false, "windMode": [-1,-1,-1,-1] },
						"south": { "texture": "#wood", "uv": [ 0.0, 0.0, 2.0, 21.0 ], "windMode": [-1,-1,-1,-1] },
						"west": { "texture": "#wood", "uv": [ 0.0, 0.0, 1.0, 16.0 ], "autoUv": false, "windMode": [-1,-1,-1,-1], "windData": [0,0,1,1] },
						"up": { "texture": "#wood", "uv": [ 0.0, 0.0, 1.0, 1.0 ], "autoUv": false, "windMode": [-1,-1,-1,-1], "windData": [1,1,1,1] },
						"down": { "texture": "#wood", "uv": [ 0.0, 0.0, 1.0, 1.0 ], "autoUv": false, "windMode": [-1,-1,-1,-1] }
					}
				},
				{
					"name": "Cube2",
					"from": [ 16.0, 0.0, -8.0 ],
					"to": [ 24.0, 16.0, 0.0 ],
					"rotationOrigin": [ 16.0, 0.0, -8.0 ],
					"faces": {
						"north": { "texture": "#material", "uv": [ 0.0, 0.0, 8.0, 16.0 ] },
						"east": { "texture": "#material", "uv": [ 0.0, 0.0, 8.0, 16.0 ], "windMode": [-1,-1,-1,-1], "windData": [0,1,1,0] },
						"up": { "texture": "#material", "uv": [ 0.0, 0.0, 8.0, 8.0 ] },
						"down": { "texture": "#material", "uv": [ 0.0, 0.0, 8.0, 8.0 ] }
					},
					"children": [
						{
							"name": "Cube3",
							"from": [ -3.0, 0.0, 0.0 ],
							"to": [ 0.0, 13.0, 8.0 ],
							"rotationOrigin": [ -3.0, 0.0, 0.0 ],
							"faces": {
								"north": { "texture": "#material", "uv": [ 0.0, 0.0, 3.0, 13.0 ] },
								"down": { "texture": "#material", "uv": [ 0.0, 0.0, 3.0, 8.0 ] }
							}
						},
						{
							"name": "Cube4",
							"from": [ -5.0, 0.0, 0.0 ],
							"to": [ -3.0, 4.0, 8.0 ],
							"rotationOrigin": [ -5.0, 0.0, 0.0 ],
							"faces": {
								"north": { "texture": "#material", "uv": [ 0.0, 0.0, 2.0, 4.0 ] },
								"down": { "texture": "#material", "uv": [ 0.0, 0.0, 2.0, 8.0 ] }
							}
						},
						{
							"name": "Cube5",
							"from": [ 0.0, 0.0, 8.0 ],
							"to": [ 8.0, 13.0, 11.0 ],
							"rotationOrigin": [ 0.0, 0.0, 8.0 ],
							"faces": {
								"east": { "texture": "#material", "uv": [ 0.0, 0.0, 3.0, 13.0 ], "windMode": [-1,-1,-1,-1] },
								"down": { "texture": "#material", "uv": [ 0.0, 0.0, 8.0, 3.0 ] }
							}
						},
						{
							"name": "Cube6",
							"from": [ 0.0, 0.0, 11.0 ],
							"to": [ 8.0, 4.0, 13.0 ],
							"rotationOrigin": [ 0.0, 0.0, 11.0 ],
							"faces": {
								"east": { "texture": "#material", "uv": [ 0.0, 0.0, 2.0, 4.0 ] },
								"down": { "texture": "#material", "uv": [ 0.0, 0.0, 8.0, 2.0 ] }
							},
							"children": [
								{
									"name": "Cube7",
									"from": [ -5.0, 0.0, -3.0 ],
									"to": [ 0.0, 1.0, 2.0 ],
									"rotationOrigin": [ -5.0, 0.0, -3.0 ],
									"faces": {
										"down": { "texture": "#material", "uv": [ 0.0, 0.0, 5.0, 5.0 ] }
									}
								}
							]
						}
					]
				}
			]
		}
	]}