{
	"editor": {
		"collapsedPaths": "Root/root/slope2",
		"allAngles": false,
		"entityTextureMode": false
	},

	"elements": [
		{
			"name": "root",
			"from": [ 0.0, 0.0, 0.0 ],
			"to": [ 0.0, 0.0, 0.0 ],
			"rotationOrigin": [ 7.8, 0.0, 8.0 ],
			"rotationY": -90.0,
			"faces": {
			},
			"children": [
				{
					"name": "slope",
					"from": [ 0.0, -3.0, 1.5 ],
					"to": [ 0.0, -3.0, 1.5 ],
					"rotationOrigin": [ 0.0, -2.5, 1.0 ],
					"rotationX": -14.0,
					"faces": {
						"north": { "texture": "#material", "uv": [ 0.0, 0.0, 0.5, 0.5 ] },
						"east": { "texture": "#material", "uv": [ 0.0, 0.0, 0.5, 0.5 ] },
						"south": { "texture": "#material", "uv": [ 0.0, 0.0, 0.5, 0.5 ] },
						"west": { "texture": "#material", "uv": [ 0.0, 0.0, 0.5, 0.5 ] },
						"up": { "texture": "#material", "uv": [ 0.0, 0.0, 0.5, 0.5 ] },
						"down": { "texture": "#material", "uv": [ 0.0, 0.0, 0.5, 0.5 ] }
					},
					"children": [
						{
							"name": "shingle 3",
							"from": [ -0.21, 1.42, 14.3 ],
							"to": [ 15.83, 7.42, 18.3 ],
							"rotationOrigin": [ -0.3, 1.4224, 14.2955 ],
							"rotationX": -45.0,
							"faces": {
								"east": { "texture": "#material", "uv": [ 7.5, 2.5, 13.5, 6.5 ], "rotation": 90 },
								"south": { "texture": "#material", "uv": [ 0.0, 9.5, 16.0, 15.5 ] },
								"west": { "texture": "#material", "uv": [ 1.5, 1.0, 7.5, 5.0 ], "rotation": 270 },
								"down": { "texture": "#material", "uv": [ 0.0, 8.0, 16.0, 12.0 ], "rotation": 180 }
							}
						},
						{
							"name": "shingle 1",
							"from": [ -0.21, 11.72, 10.9 ],
							"to": [ 9.81, 17.72, 14.9 ],
							"rotationOrigin": [ -0.4, 11.7224, 10.8955 ],
							"rotationX": -30.0,
							"faces": {
								"north": { "texture": "#material", "uv": [ 0.0, 0.0, 10.0, 6.0 ], "windMode": [-1,-1,-1,-1] },
								"east": { "texture": "#material", "uv": [ 5.5, 4.5, 11.5, 8.5 ], "rotation": 270, "windMode": [-1,-1,-1,-1] },
								"south": { "texture": "#material", "uv": [ 0.0, 6.5, 10.0, 12.5 ], "windMode": [-1,-1,-1,-1] },
								"west": { "texture": "#material", "uv": [ 3.0, 8.0, 9.0, 12.0 ], "rotation": 90, "windMode": [-1,-1,-1,-1] },
								"up": { "texture": "#material", "uv": [ 0.0, 0.0, 10.0, 4.0 ], "windMode": [-1,-1,-1,-1] },
								"down": { "texture": "#material", "uv": [ 0.0, 5.0, 10.0, 9.0 ], "rotation": 180, "windMode": [-1,-1,-1,-1] }
							}
						},
						{
							"name": "shingle 2",
							"from": [ -0.22, 6.82, 12.3 ],
							"to": [ 12.82, 12.82, 16.3 ],
							"rotationOrigin": [ -0.3, 6.8224, 12.2955 ],
							"rotationX": -40.0,
							"faces": {
								"east": { "texture": "#material", "uv": [ 7.5, 2.5, 13.5, 6.5 ], "rotation": 90 },
								"south": { "texture": "#material", "uv": [ 0.0, 9.5, 13.0, 15.5 ] },
								"west": { "texture": "#material", "uv": [ 1.5, 1.0, 7.5, 5.0 ], "rotation": 270 },
								"down": { "texture": "#material", "uv": [ 0.0, 8.0, 13.0, 12.0 ], "rotation": 180 }
							}
						},
						{
							"name": "shingle 4",
							"from": [ -0.22, -2.68, 15.4 ],
							"to": [ 15.8, 3.32, 19.4 ],
							"rotationOrigin": [ -0.3, -2.6776, 15.3955 ],
							"rotationX": -50.0,
							"faces": {
								"north": { "texture": "#material", "uv": [ 0.0, 0.0, 16.0, 6.0 ], "windMode": [-1,-1,-1,-1] },
								"east": { "texture": "#material", "uv": [ 7.5, 2.5, 13.5, 6.5 ], "rotation": 90 },
								"south": { "texture": "#material", "uv": [ 0.0, 9.5, 16.0, 15.5 ] },
								"west": { "texture": "#material", "uv": [ 1.5, 1.0, 7.5, 5.0 ], "rotation": 270 },
								"down": { "texture": "#material", "uv": [ 0.0, 8.0, 16.0, 12.0 ], "rotation": 180 }
							}
						}
					]
				}
			]
		},
		{
			"name": "origin",
			"from": [ 16.0, 0.0, 0.0 ],
			"to": [ 16.0, 0.0, 0.0 ],
			"rotationOrigin": [ 16.0, 0.0, 0.0 ],
			"rotationY": -89.98,
			"faces": {
			},
			"children": [
				{
					"name": "Cube1",
					"from": [ 0.0, 0.0, 0.0 ],
					"to": [ 9.0, 16.0, 9.0 ],
					"rotationOrigin": [ 0.0, 0.0, 0.0 ],
					"rotationY": -0.02,
					"faces": {
						"north": { "texture": "#material", "uv": [ 0.0, 0.0, 9.0, 16.0 ] },
						"east": { "texture": "#material", "uv": [ 0.0, 0.0, 9.0, 16.0 ] },
						"west": { "texture": "#material", "uv": [ 0.0, 0.0, 9.0, 16.0 ] },
						"up": { "texture": "#material", "uv": [ 0.0, 0.0, 9.0, 9.0 ] },
						"down": { "texture": "#material", "uv": [ 0.0, 0.0, 9.0, 9.0 ] }
					}
				},
				{
					"name": "Cube2",
					"from": [ 0.0, 0.0, 9.0 ],
					"to": [ 9.0, 9.0, 12.8 ],
					"rotationOrigin": [ 0.0, 0.0, 0.0 ],
					"rotationY": -0.02,
					"faces": {
						"east": { "texture": "#material", "uv": [ 0.0, 0.0, 3.5, 9.0 ] },
						"west": { "texture": "#material", "uv": [ 0.0, 0.0, 3.5, 9.0 ] },
						"down": { "texture": "#material", "uv": [ 0.0, 0.0, 9.0, 3.5 ] }
					}
				},
				{
					"name": "Cube3",
					"from": [ 0.0, 0.0, 12.8 ],
					"to": [ 9.0, 4.7, 15.6 ],
					"faces": {
						"east": { "texture": "#material", "uv": [ 0.0, 0.0, 2.5, 4.5 ] },
						"south": { "texture": "#material", "uv": [ 0.0, 0.0, 9.0, 4.5 ], "windMode": [-1,-1,-1,-1] },
						"west": { "texture": "#material", "uv": [ 0.0, 0.0, 2.5, 4.5 ] },
						"down": { "texture": "#material", "uv": [ 0.0, 0.0, 9.0, 2.5 ], "windMode": [-1,-1,-1,-1] }
					}
				},
				{
					"name": "Cube4",
					"from": [ 9.0, 0.0, 0.0 ],
					"to": [ 12.0, 9.7, 16.0 ],
					"rotationOrigin": [ 9.0, 0.0, 0.0 ],
					"faces": {
						"north": { "texture": "#material", "uv": [ 0.0, 0.0, 3.0, 9.5 ], "windMode": [-1,-1,-1,-1] },
						"down": { "texture": "#material", "uv": [ 0.0, 0.0, 3.0, 16.0 ] }
					}
				},
				{
					"name": "Cube5",
					"from": [ 12.0, 0.0, 0.0 ],
					"to": [ 15.0, 4.7, 16.0 ],
					"rotationOrigin": [ 12.0, 0.0, 0.0 ],
					"faces": {
						"north": { "texture": "#material", "uv": [ 0.0, 0.0, 3.0, 4.5 ], "windMode": [-1,-1,-1,-1] },
						"down": { "texture": "#material", "uv": [ 0.0, 0.0, 3.0, 16.0 ], "windMode": [-1,-1,-1,-1] }
					}
				}
			]
		},
		{
			"name": "root2",
			"from": [ 0.0, 0.0, 0.0 ],
			"to": [ 0.0, 0.0, 0.0 ],
			"rotationOrigin": [ 7.8, 0.0, 8.0 ],
			"faces": {
			},
			"children": [
				{
					"name": "slope2",
					"from": [ 0.0, -3.0, 1.5 ],
					"to": [ 0.0, -3.0, 1.5 ],
					"rotationOrigin": [ 0.0, -2.5, 1.0 ],
					"rotationX": -14.0,
					"faces": {
						"north": { "texture": "#material", "uv": [ 0.0, 0.0, 0.5, 0.5 ] },
						"east": { "texture": "#material", "uv": [ 0.0, 0.0, 0.5, 0.5 ] },
						"south": { "texture": "#material", "uv": [ 0.0, 0.0, 0.5, 0.5 ] },
						"west": { "texture": "#material", "uv": [ 0.0, 0.0, 0.5, 0.5 ] },
						"up": { "texture": "#material", "uv": [ 0.0, 0.0, 0.5, 0.5 ] },
						"down": { "texture": "#material", "uv": [ 0.0, 0.0, 0.5, 0.5 ] }
					},
					"children": [
						{
							"name": "shingle 5",
							"from": [ -0.21, 1.42, 14.3 ],
							"to": [ 16.03, 7.42, 18.3 ],
							"rotationOrigin": [ -0.3, 1.4224, 14.2955 ],
							"rotationX": -45.0,
							"faces": {
								"east": { "texture": "#material", "uv": [ 7.5, 2.5, 13.5, 6.5 ], "rotation": 90 },
								"south": { "texture": "#material", "uv": [ 0.0, 9.5, 16.0, 15.5 ] },
								"west": { "texture": "#material", "uv": [ 1.5, 1.0, 7.5, 5.0 ], "rotation": 270 },
								"down": { "texture": "#material", "uv": [ 0.0, 8.0, 16.0, 12.0 ], "rotation": 180 }
							}
						},
						{
							"name": "shingle 6",
							"from": [ 5.79, 11.72, 10.9 ],
							"to": [ 16.01, 17.72, 14.9 ],
							"rotationOrigin": [ 5.6, 11.7224, 10.8955 ],
							"rotationX": -30.0,
							"faces": {
								"north": { "texture": "#material", "uv": [ 0.0, 0.0, 10.0, 6.0 ] },
								"east": { "texture": "#material", "uv": [ 5.5, 4.5, 11.5, 8.5 ], "rotation": 270 },
								"south": { "texture": "#material", "uv": [ 0.0, 6.5, 10.0, 12.5 ] },
								"west": { "texture": "#material", "uv": [ 3.0, 8.0, 9.0, 12.0 ], "rotation": 90 },
								"up": { "texture": "#material", "uv": [ 0.0, 0.0, 10.0, 4.0 ] },
								"down": { "texture": "#material", "uv": [ 0.0, 5.0, 10.0, 9.0 ], "rotation": 180 }
							}
						},
						{
							"name": "shingle 7",
							"from": [ 2.78, 6.82, 12.3 ],
							"to": [ 16.02, 12.82, 16.3 ],
							"rotationOrigin": [ 2.7, 6.8224, 12.2955 ],
							"rotationX": -40.0,
							"faces": {
								"east": { "texture": "#material", "uv": [ 7.5, 2.5, 13.5, 6.5 ], "rotation": 90 },
								"south": { "texture": "#material", "uv": [ 0.0, 9.5, 13.0, 15.5 ] },
								"west": { "texture": "#material", "uv": [ 1.5, 1.0, 7.5, 5.0 ], "rotation": 270 },
								"down": { "texture": "#material", "uv": [ 0.0, 8.0, 13.0, 12.0 ], "rotation": 180 }
							}
						},
						{
							"name": "shingle 8",
							"from": [ -0.2, -2.68, 15.4 ],
							"to": [ 16.02, 3.32, 19.4 ],
							"rotationOrigin": [ -0.3, -2.6776, 15.3955 ],
							"rotationX": -50.0,
							"faces": {
								"north": { "texture": "#material", "uv": [ 0.0, 0.0, 16.0, 6.0 ], "windMode": [-1,-1,-1,-1] },
								"east": { "texture": "#material", "uv": [ 7.5, 2.5, 13.5, 6.5 ], "rotation": 90 },
								"south": { "texture": "#material", "uv": [ 0.0, 9.5, 16.0, 15.5 ] },
								"west": { "texture": "#material", "uv": [ 1.5, 1.0, 7.5, 5.0 ], "rotation": 270 },
								"down": { "texture": "#material", "uv": [ 0.0, 8.0, 16.0, 12.0 ], "rotation": 180, "windMode": [-1,-1,-1,-1] }
							}
						}
					]
				}
			]
		}
	]}