{
	"editor": {
		"collapsedPaths": "Root/root/slope2",
		"allAngles": false,
		"entityTextureMode": false
	},
	"textureWidth": 16,
	"textureHeight": 16,
	"textureSizes": {
	},
	"textures": {
	},
	"elements": [
		{
			"name": "origin",
			"from": [ 0.0, 0.0, 0.0 ],
			"to": [ 0.0, 0.0, 0.0 ],
			"faces": {
			},
			"children": [
				{
					"name": "cube1",
					"from": [ 2.0, 0.0, 2.0 ],
					"to": [ 14.0, 2.0, 14.0 ],
					"rotationOrigin": [ 2.0, 0.0, 2.0 ],
					"faces": {
						"down": { "texture": "#material", "uv": [ 0.0, 0.0, 12.0, 12.0 ], "windMode": [-1,-1,-1,-1] }
					}
				},
				{
					"name": "slopeN",
					"from": [ 8.0, 0.0, 0.0 ],
					"to": [ 8.0, 0.0, 0.0 ],
					"rotationOrigin": [ 8.0, 0.0, 0.0 ],
					"faces": {
						"north": { "texture": "#material", "uv": [ 0.0, 0.0, 0.5, 0.5 ] },
						"east": { "texture": "#material", "uv": [ 0.0, 0.0, 0.5, 0.5 ] },
						"south": { "texture": "#material", "uv": [ 0.0, 0.0, 0.5, 0.5 ] },
						"west": { "texture": "#material", "uv": [ 0.0, 0.0, 0.5, 0.5 ] },
						"up": { "texture": "#material", "uv": [ 0.0, 0.0, 0.5, 0.5 ] },
						"down": { "texture": "#material", "uv": [ 0.0, 0.0, 0.5, 0.5 ] }
					},
					"children": [
						{
							"name": "shingleN 1",
							"from": [ -7.0, -2.0, -1.5 ],
							"to": [ 7.0, 2.0, 4.5 ],
							"rotationOrigin": [ -7.0, -2.0, -1.5 ],
							"rotationX": -25.0,
							"faces": {
								"north": { "texture": "#material", "uv": [ 0.0, 0.0, 14.0, 4.0 ] },
								"east": { "texture": "#material", "uv": [ 0.0, 0.0, 6.0, 4.0 ] },
								"south": { "texture": "#material", "uv": [ 0.0, 0.0, 14.0, 4.0 ] },
								"west": { "texture": "#material", "uv": [ 0.0, 0.0, 6.0, 4.0 ] },
								"up": { "texture": "#material", "uv": [ 0.0, 0.0, 14.0, 6.0 ] },
								"down": { "texture": "#material", "uv": [ 0.0, 0.0, 14.0, 6.0 ] }
							}
						},
						{
							"name": "shingleN 2",
							"from": [ -5.5, 2.0, 0.0 ],
							"to": [ 5.5, 6.0, 6.0 ],
							"rotationOrigin": [ -5.5, 3.0, 0.4 ],
							"rotationX": -30.0,
							"faces": {
								"north": { "texture": "#material", "uv": [ 0.0, 0.0, 11.0, 4.0 ] },
								"east": { "texture": "#material", "uv": [ 0.0, 0.0, 6.0, 4.0 ] },
								"south": { "texture": "#material", "uv": [ 0.0, 0.0, 11.0, 4.0 ] },
								"west": { "texture": "#material", "uv": [ 0.0, 0.0, 6.0, 4.0 ] },
								"up": { "texture": "#material", "uv": [ 0.0, 0.0, 11.0, 6.0 ] },
								"down": { "texture": "#material", "uv": [ 0.0, 0.0, 11.0, 6.0 ] }
							}
						},
						{
							"name": "shingleN 3",
							"from": [ -4.1, 6.0, 2.5 ],
							"to": [ 3.9, 10.0, 8.5 ],
							"rotationOrigin": [ -4.1, 6.0, 2.5 ],
							"rotationX": -35.0,
							"faces": {
								"north": { "texture": "#material", "uv": [ 0.0, 0.0, 8.0, 4.0 ] },
								"east": { "texture": "#material", "uv": [ 0.0, 0.0, 6.0, 4.0 ] },
								"south": { "texture": "#material", "uv": [ 0.0, 0.0, 8.0, 4.0 ] },
								"west": { "texture": "#material", "uv": [ 0.0, 0.0, 6.0, 4.0 ] },
								"up": { "texture": "#material", "uv": [ 0.0, 0.0, 8.0, 6.0 ] },
								"down": { "texture": "#material", "uv": [ 0.0, 0.0, 8.0, 6.0 ] }
							}
						},
						{
							"name": "shingleN 4",
							"from": [ -2.8, 10.0, 4.0 ],
							"to": [ 2.7, 14.0, 10.0 ],
							"rotationOrigin": [ -2.8, 10.0, 4.0 ],
							"rotationX": -40.0,
							"faces": {
								"north": { "texture": "#material", "uv": [ 0.0, 0.0, 5.5, 4.0 ] },
								"east": { "texture": "#material", "uv": [ 0.0, 0.0, 6.0, 4.0 ] },
								"south": { "texture": "#material", "uv": [ 0.0, 0.0, 5.5, 4.0 ] },
								"west": { "texture": "#material", "uv": [ 0.0, 0.0, 6.0, 4.0 ] },
								"up": { "texture": "#material", "uv": [ 0.0, 0.0, 5.5, 6.0 ] },
								"down": { "texture": "#material", "uv": [ 0.0, 0.0, 5.5, 6.0 ] }
							}
						},
						{
							"name": "shingleN 5",
							"from": [ -1.5, 14.6, 4.5 ],
							"to": [ 1.5, 16.6, 9.5 ],
							"rotationOrigin": [ -1.5, 14.6, 4.5 ],
							"rotationX": -50.0,
							"faces": {
								"north": { "texture": "#material", "uv": [ 0.0, 0.0, 3.0, 2.0 ] },
								"east": { "texture": "#material", "uv": [ 0.0, 0.0, 5.0, 2.0 ] },
								"south": { "texture": "#material", "uv": [ 0.0, 0.0, 3.0, 2.0 ] },
								"west": { "texture": "#material", "uv": [ 0.0, 0.0, 5.0, 2.0 ] },
								"up": { "texture": "#material", "uv": [ 0.0, 0.0, 3.0, 5.0 ] },
								"down": { "texture": "#material", "uv": [ 0.0, 0.0, 3.0, 5.0 ] }
							}
						}
					]
				},
				{
					"name": "slopeS",
					"from": [ 8.0, 0.0, 16.0 ],
					"to": [ 8.0, 0.0, 16.0 ],
					"rotationOrigin": [ 8.0, 0.0, 16.0 ],
					"rotationY": 180.0,
					"faces": {
						"north": { "texture": "#material", "uv": [ 0.0, 0.0, 0.5, 0.5 ] },
						"east": { "texture": "#material", "uv": [ 0.0, 0.0, 0.5, 0.5 ] },
						"south": { "texture": "#material", "uv": [ 0.0, 0.0, 0.5, 0.5 ] },
						"west": { "texture": "#material", "uv": [ 0.0, 0.0, 0.5, 0.5 ] },
						"up": { "texture": "#material", "uv": [ 0.0, 0.0, 0.5, 0.5 ] },
						"down": { "texture": "#material", "uv": [ 0.0, 0.0, 0.5, 0.5 ] }
					},
					"children": [
						{
							"name": "shingleS 1",
							"from": [ -7.0, -2.0, -1.5 ],
							"to": [ 7.0, 2.0, 4.5 ],
							"rotationOrigin": [ -7.0, -2.0, -1.5 ],
							"rotationX": -25.0,
							"faces": {
								"north": { "texture": "#material", "uv": [ 0.0, 0.0, 14.0, 4.0 ] },
								"east": { "texture": "#material", "uv": [ 0.0, 0.0, 6.0, 4.0 ] },
								"south": { "texture": "#material", "uv": [ 0.0, 0.0, 14.0, 4.0 ] },
								"west": { "texture": "#material", "uv": [ 0.0, 0.0, 6.0, 4.0 ] },
								"up": { "texture": "#material", "uv": [ 0.0, 0.0, 14.0, 6.0 ] },
								"down": { "texture": "#material", "uv": [ 0.0, 0.0, 14.0, 6.0 ] }
							}
						},
						{
							"name": "shingleS 2",
							"from": [ -5.5, 2.0, 0.0 ],
							"to": [ 5.5, 6.0, 6.0 ],
							"rotationOrigin": [ -5.5, 3.0, 0.4 ],
							"rotationX": -30.0,
							"faces": {
								"north": { "texture": "#material", "uv": [ 0.0, 0.0, 11.0, 4.0 ] },
								"east": { "texture": "#material", "uv": [ 0.0, 0.0, 6.0, 4.0 ] },
								"south": { "texture": "#material", "uv": [ 0.0, 0.0, 11.0, 4.0 ] },
								"west": { "texture": "#material", "uv": [ 0.0, 0.0, 6.0, 4.0 ] },
								"up": { "texture": "#material", "uv": [ 0.0, 0.0, 11.0, 6.0 ] },
								"down": { "texture": "#material", "uv": [ 0.0, 0.0, 11.0, 6.0 ] }
							}
						},
						{
							"name": "shingleS 3",
							"from": [ -4.1, 6.0, 2.5 ],
							"to": [ 3.9, 10.0, 8.5 ],
							"rotationOrigin": [ -4.1, 6.0, 2.5 ],
							"rotationX": -35.0,
							"faces": {
								"north": { "texture": "#material", "uv": [ 0.0, 0.0, 8.0, 4.0 ] },
								"east": { "texture": "#material", "uv": [ 0.0, 0.0, 6.0, 4.0 ] },
								"south": { "texture": "#material", "uv": [ 0.0, 0.0, 8.0, 4.0 ] },
								"west": { "texture": "#material", "uv": [ 0.0, 0.0, 6.0, 4.0 ] },
								"up": { "texture": "#material", "uv": [ 0.0, 0.0, 8.0, 6.0 ] },
								"down": { "texture": "#material", "uv": [ 0.0, 0.0, 8.0, 6.0 ] }
							}
						},
						{
							"name": "shingleS 4",
							"from": [ -2.8, 10.0, 4.0 ],
							"to": [ 2.7, 14.0, 10.0 ],
							"rotationOrigin": [ -2.8, 10.0, 4.0 ],
							"rotationX": -40.0,
							"faces": {
								"north": { "texture": "#material", "uv": [ 0.0, 0.0, 5.5, 4.0 ] },
								"east": { "texture": "#material", "uv": [ 0.0, 0.0, 6.0, 4.0 ] },
								"south": { "texture": "#material", "uv": [ 0.0, 0.0, 5.5, 4.0 ] },
								"west": { "texture": "#material", "uv": [ 0.0, 0.0, 6.0, 4.0 ] },
								"up": { "texture": "#material", "uv": [ 0.0, 0.0, 5.5, 6.0 ] },
								"down": { "texture": "#material", "uv": [ 0.0, 0.0, 5.5, 6.0 ] }
							}
						},
						{
							"name": "shingleS 5",
							"from": [ -1.5, 14.6, 4.5 ],
							"to": [ 1.5, 16.6, 9.5 ],
							"rotationOrigin": [ -1.5, 14.6, 4.5 ],
							"rotationX": -50.0,
							"faces": {
								"north": { "texture": "#material", "uv": [ 0.0, 0.0, 3.0, 2.0 ] },
								"east": { "texture": "#material", "uv": [ 0.0, 0.0, 5.0, 2.0 ] },
								"south": { "texture": "#material", "uv": [ 0.0, 0.0, 3.0, 2.0 ] },
								"west": { "texture": "#material", "uv": [ 0.0, 0.0, 5.0, 2.0 ] },
								"up": { "texture": "#material", "uv": [ 0.0, 0.0, 3.0, 5.0 ] },
								"down": { "texture": "#material", "uv": [ 0.0, 0.0, 3.0, 5.0 ] }
							}
						}
					]
				},
				{
					"name": "slopeE",
					"from": [ 16.0, 0.0, 8.0 ],
					"to": [ 16.0, 0.0, 8.0 ],
					"rotationOrigin": [ 16.0, 0.0, 8.0 ],
					"rotationY": -90.0,
					"faces": {
						"north": { "texture": "#material", "uv": [ 0.0, 0.0, 0.5, 0.5 ] },
						"east": { "texture": "#material", "uv": [ 0.0, 0.0, 0.5, 0.5 ] },
						"south": { "texture": "#material", "uv": [ 0.0, 0.0, 0.5, 0.5 ] },
						"west": { "texture": "#material", "uv": [ 0.0, 0.0, 0.5, 0.5 ] },
						"up": { "texture": "#material", "uv": [ 0.0, 0.0, 0.5, 0.5 ] },
						"down": { "texture": "#material", "uv": [ 0.0, 0.0, 0.5, 0.5 ] }
					},
					"children": [
						{
							"name": "shingleE 1",
							"from": [ -7.0, -2.0, -1.5 ],
							"to": [ 7.0, 2.0, 4.5 ],
							"rotationOrigin": [ -7.0, -2.0, -1.5 ],
							"rotationX": -25.0,
							"faces": {
								"north": { "texture": "#material", "uv": [ 0.0, 0.0, 14.0, 4.0 ] },
								"east": { "texture": "#material", "uv": [ 0.0, 0.0, 6.0, 4.0 ] },
								"south": { "texture": "#material", "uv": [ 0.0, 0.0, 14.0, 4.0 ] },
								"west": { "texture": "#material", "uv": [ 0.0, 0.0, 6.0, 4.0 ] },
								"up": { "texture": "#material", "uv": [ 0.0, 0.0, 14.0, 6.0 ] },
								"down": { "texture": "#material", "uv": [ 0.0, 0.0, 14.0, 6.0 ] }
							}
						},
						{
							"name": "shingleE 2",
							"from": [ -5.5, 2.0, 0.0 ],
							"to": [ 5.5, 6.0, 6.0 ],
							"rotationOrigin": [ -5.5, 3.0, 0.4 ],
							"rotationX": -30.0,
							"faces": {
								"north": { "texture": "#material", "uv": [ 0.0, 0.0, 11.0, 4.0 ] },
								"east": { "texture": "#material", "uv": [ 0.0, 0.0, 6.0, 4.0 ] },
								"south": { "texture": "#material", "uv": [ 0.0, 0.0, 11.0, 4.0 ] },
								"west": { "texture": "#material", "uv": [ 0.0, 0.0, 6.0, 4.0 ] },
								"up": { "texture": "#material", "uv": [ 0.0, 0.0, 11.0, 6.0 ] },
								"down": { "texture": "#material", "uv": [ 0.0, 0.0, 11.0, 6.0 ] }
							}
						},
						{
							"name": "shingleE 3",
							"from": [ -4.1, 6.0, 2.5 ],
							"to": [ 3.9, 10.0, 8.5 ],
							"rotationOrigin": [ -4.1, 6.0, 2.5 ],
							"rotationX": -35.0,
							"faces": {
								"north": { "texture": "#material", "uv": [ 0.0, 0.0, 8.0, 4.0 ] },
								"east": { "texture": "#material", "uv": [ 0.0, 0.0, 6.0, 4.0 ] },
								"south": { "texture": "#material", "uv": [ 0.0, 0.0, 8.0, 4.0 ] },
								"west": { "texture": "#material", "uv": [ 0.0, 0.0, 6.0, 4.0 ] },
								"up": { "texture": "#material", "uv": [ 0.0, 0.0, 8.0, 6.0 ] },
								"down": { "texture": "#material", "uv": [ 0.0, 0.0, 8.0, 6.0 ] }
							}
						},
						{
							"name": "shingleE 4",
							"from": [ -2.8, 10.0, 4.0 ],
							"to": [ 2.7, 14.0, 10.0 ],
							"rotationOrigin": [ -2.8, 10.0, 4.0 ],
							"rotationX": -40.0,
							"faces": {
								"north": { "texture": "#material", "uv": [ 0.0, 0.0, 5.5, 4.0 ] },
								"east": { "texture": "#material", "uv": [ 0.0, 0.0, 6.0, 4.0 ] },
								"south": { "texture": "#material", "uv": [ 0.0, 0.0, 5.5, 4.0 ] },
								"west": { "texture": "#material", "uv": [ 0.0, 0.0, 6.0, 4.0 ] },
								"up": { "texture": "#material", "uv": [ 0.0, 0.0, 5.5, 6.0 ] },
								"down": { "texture": "#material", "uv": [ 0.0, 0.0, 5.5, 6.0 ] }
							}
						},
						{
							"name": "shingleE 5",
							"from": [ -1.5, 14.6, 4.5 ],
							"to": [ 1.5, 16.6, 9.5 ],
							"rotationOrigin": [ -1.5, 14.6, 4.5 ],
							"rotationX": -50.0,
							"faces": {
								"north": { "texture": "#material", "uv": [ 0.0, 0.0, 3.0, 2.0 ] },
								"east": { "texture": "#material", "uv": [ 0.0, 0.0, 5.0, 2.0 ] },
								"south": { "texture": "#material", "uv": [ 0.0, 0.0, 3.0, 2.0 ] },
								"west": { "texture": "#material", "uv": [ 0.0, 0.0, 5.0, 2.0 ] },
								"up": { "texture": "#material", "uv": [ 0.0, 0.0, 3.0, 5.0 ] },
								"down": { "texture": "#material", "uv": [ 0.0, 0.0, 3.0, 5.0 ] }
							}
						}
					]
				},
				{
					"name": "slopeW",
					"from": [ 0.0, 0.0, 8.0 ],
					"to": [ 0.0, 0.0, 8.0 ],
					"rotationOrigin": [ 0.0, 0.0, 8.0 ],
					"rotationY": 90.0,
					"faces": {
						"north": { "texture": "#material", "uv": [ 0.0, 0.0, 0.5, 0.5 ] },
						"east": { "texture": "#material", "uv": [ 0.0, 0.0, 0.5, 0.5 ] },
						"south": { "texture": "#material", "uv": [ 0.0, 0.0, 0.5, 0.5 ] },
						"west": { "texture": "#material", "uv": [ 0.0, 0.0, 0.5, 0.5 ] },
						"up": { "texture": "#material", "uv": [ 0.0, 0.0, 0.5, 0.5 ] },
						"down": { "texture": "#material", "uv": [ 0.0, 0.0, 0.5, 0.5 ] }
					},
					"children": [
						{
							"name": "shingleW 1",
							"from": [ -7.0, -2.0, -1.5 ],
							"to": [ 7.0, 2.0, 4.5 ],
							"rotationOrigin": [ -7.0, -2.0, -1.5 ],
							"rotationX": -25.0,
							"faces": {
								"north": { "texture": "#material", "uv": [ 0.0, 0.0, 14.0, 4.0 ] },
								"east": { "texture": "#material", "uv": [ 0.0, 0.0, 6.0, 4.0 ] },
								"south": { "texture": "#material", "uv": [ 0.0, 0.0, 14.0, 4.0 ] },
								"west": { "texture": "#material", "uv": [ 0.0, 0.0, 6.0, 4.0 ] },
								"up": { "texture": "#material", "uv": [ 0.0, 0.0, 14.0, 6.0 ] },
								"down": { "texture": "#material", "uv": [ 0.0, 0.0, 14.0, 6.0 ] }
							}
						},
						{
							"name": "shingleW 2",
							"from": [ -5.5, 2.0, 0.0 ],
							"to": [ 5.5, 6.0, 6.0 ],
							"rotationOrigin": [ -5.5, 3.0, 0.4 ],
							"rotationX": -30.0,
							"faces": {
								"north": { "texture": "#material", "uv": [ 0.0, 0.0, 11.0, 4.0 ] },
								"east": { "texture": "#material", "uv": [ 0.0, 0.0, 6.0, 4.0 ] },
								"south": { "texture": "#material", "uv": [ 0.0, 0.0, 11.0, 4.0 ] },
								"west": { "texture": "#material", "uv": [ 0.0, 0.0, 6.0, 4.0 ] },
								"up": { "texture": "#material", "uv": [ 0.0, 0.0, 11.0, 6.0 ] },
								"down": { "texture": "#material", "uv": [ 0.0, 0.0, 11.0, 6.0 ] }
							}
						},
						{
							"name": "shingleW 3",
							"from": [ -4.1, 6.0, 2.5 ],
							"to": [ 3.9, 10.0, 8.5 ],
							"rotationOrigin": [ -4.1, 6.0, 2.5 ],
							"rotationX": -35.0,
							"faces": {
								"north": { "texture": "#material", "uv": [ 0.0, 0.0, 8.0, 4.0 ] },
								"east": { "texture": "#material", "uv": [ 0.0, 0.0, 6.0, 4.0 ] },
								"south": { "texture": "#material", "uv": [ 0.0, 0.0, 8.0, 4.0 ] },
								"west": { "texture": "#material", "uv": [ 0.0, 0.0, 6.0, 4.0 ] },
								"up": { "texture": "#material", "uv": [ 0.0, 0.0, 8.0, 6.0 ] },
								"down": { "texture": "#material", "uv": [ 0.0, 0.0, 8.0, 6.0 ] }
							}
						},
						{
							"name": "shingleW 4",
							"from": [ -2.8, 10.0, 4.0 ],
							"to": [ 2.7, 14.0, 10.0 ],
							"rotationOrigin": [ -2.8, 10.0, 4.0 ],
							"rotationX": -40.0,
							"faces": {
								"north": { "texture": "#material", "uv": [ 0.0, 0.0, 5.5, 4.0 ] },
								"east": { "texture": "#material", "uv": [ 0.0, 0.0, 6.0, 4.0 ] },
								"south": { "texture": "#material", "uv": [ 0.0, 0.0, 5.5, 4.0 ] },
								"west": { "texture": "#material", "uv": [ 0.0, 0.0, 6.0, 4.0 ] },
								"up": { "texture": "#material", "uv": [ 0.0, 0.0, 5.5, 6.0 ] },
								"down": { "texture": "#material", "uv": [ 0.0, 0.0, 5.5, 6.0 ] }
							}
						},
						{
							"name": "shingleW 5",
							"from": [ -1.5, 14.6, 4.5 ],
							"to": [ 1.5, 16.6, 9.5 ],
							"rotationOrigin": [ -1.5, 14.6, 4.5 ],
							"rotationX": -50.0,
							"faces": {
								"north": { "texture": "#material", "uv": [ 0.0, 0.0, 3.0, 2.0 ] },
								"east": { "texture": "#material", "uv": [ 0.0, 0.0, 5.0, 2.0 ] },
								"south": { "texture": "#material", "uv": [ 0.0, 0.0, 3.0, 2.0 ] },
								"west": { "texture": "#material", "uv": [ 0.0, 0.0, 5.0, 2.0 ] },
								"up": { "texture": "#material", "uv": [ 0.0, 0.0, 3.0, 5.0 ] },
								"down": { "texture": "#material", "uv": [ 0.0, 0.0, 3.0, 5.0 ] }
							}
						}
					]
				},
				{
					"name": "cube2",
					"from": [ -2.01, -1.0, 16.01 ],
					"to": [ -0.01, 24.0, 18.01 ],
					"rotationOrigin": [ -2.0, -1.0, 18.0 ],
					"rotationX": -20.0,
					"rotationZ": -19.0,
					"faces": {
						"north": { "texture": "#wood", "uv": [ 0.0, 0.0, 1.0, 16.0 ], "autoUv": false, "windMode": [-1,-1,-1,-1], "windData": [0,1,1,0] },
						"east": { "texture": "#wood", "uv": [ 0.0, 0.0, 1.0, 16.0 ], "autoUv": false, "windMode": [-1,-1,-1,-1] },
						"south": { "texture": "#wood", "uv": [ 0.0, 0.0, 2.0, 25.0 ], "windMode": [-1,-1,-1,-1] },
						"west": { "texture": "#wood", "uv": [ 0.0, 0.0, 1.0, 16.0 ], "autoUv": false, "windMode": [-1,-1,-1,-1], "windData": [0,0,1,1] },
						"up": { "texture": "#wood", "uv": [ 0.0, 0.0, 1.0, 1.0 ], "autoUv": false, "windMode": [-1,-1,-1,-1], "windData": [1,1,1,1] },
						"down": { "texture": "#wood", "uv": [ 0.0, 0.0, 1.0, 1.0 ], "autoUv": false, "windMode": [-1,-1,-1,-1] }
					}
				},
				{
					"name": "cube3",
					"from": [ 16.0, -1.0, 16.0 ],
					"to": [ 18.0, 24.0, 18.0 ],
					"rotationOrigin": [ 18.0, -1.0, 18.0 ],
					"rotationX": -20.0,
					"rotationZ": 19.0,
					"faces": {
						"north": { "texture": "#wood", "uv": [ 0.0, 0.0, 1.0, 16.0 ], "autoUv": false, "windMode": [-1,-1,-1,-1], "windData": [0,1,1,0] },
						"east": { "texture": "#wood", "uv": [ 0.0, 0.0, 1.0, 16.0 ], "autoUv": false, "windMode": [-1,-1,-1,-1], "windData": [0,1,1,0] },
						"south": { "texture": "#wood", "uv": [ 0.0, 0.0, 1.0, 16.0 ], "autoUv": false, "windMode": [-1,-1,-1,-1], "windData": [0,0,1,1] },
						"west": { "texture": "#wood", "uv": [ 0.0, 0.0, 1.0, 16.0 ], "autoUv": false, "windMode": [-1,-1,-1,-1], "windData": [0,0,1,1] },
						"up": { "texture": "#wood", "uv": [ 0.0, 0.0, 1.0, 1.0 ], "autoUv": false, "windMode": [-1,-1,-1,-1], "windData": [1,1,1,1] },
						"down": { "texture": "#wood", "uv": [ 0.0, 0.0, 1.0, 1.0 ], "autoUv": false, "windMode": [-1,-1,-1,-1] }
					}
				},
				{
					"name": "cube4",
					"from": [ 16.01, -1.0, -2.01 ],
					"to": [ 18.01, 24.0, -0.01 ],
					"rotationOrigin": [ 18.0, -1.0, -2.0 ],
					"rotationX": 20.0,
					"rotationZ": 19.0,
					"faces": {
						"north": { "texture": "#wood", "uv": [ 0.0, 0.0, 1.0, 16.0 ], "autoUv": false },
						"east": { "texture": "#wood", "uv": [ 0.0, 0.0, 1.0, 16.0 ], "autoUv": false },
						"south": { "texture": "#wood", "uv": [ 0.0, 0.0, 1.0, 16.0 ], "autoUv": false },
						"west": { "texture": "#wood", "uv": [ 0.0, 0.0, 1.0, 16.0 ], "autoUv": false },
						"up": { "texture": "#wood", "uv": [ 0.0, 0.0, 1.0, 1.0 ], "autoUv": false },
						"down": { "texture": "#wood", "uv": [ 0.0, 0.0, 1.0, 1.0 ], "autoUv": false }
					}
				},
				{
					"name": "cube5",
					"from": [ -2.0, -1.0, -2.0 ],
					"to": [ 0.0, 24.0, 0.0 ],
					"rotationOrigin": [ -2.0, -1.0, -2.0 ],
					"rotationX": 20.0,
					"rotationZ": -19.0,
					"faces": {
						"north": { "texture": "#wood", "uv": [ 0.0, 0.0, 1.0, 16.0 ], "autoUv": false },
						"east": { "texture": "#wood", "uv": [ 0.0, 0.0, 1.0, 16.0 ], "autoUv": false, "windMode": [-1,-1,-1,-1], "windData": [0,1,1,0] },
						"south": { "texture": "#wood", "uv": [ 0.0, 0.0, 1.0, 16.0 ], "autoUv": false, "windMode": [-1,-1,-1,-1], "windData": [0,0,1,1] },
						"west": { "texture": "#wood", "uv": [ 0.0, 0.0, 1.0, 16.0 ], "autoUv": false, "windMode": [-1,-1,-1,-1], "windData": [0,0,1,1] },
						"up": { "texture": "#wood", "uv": [ 0.0, 0.0, 1.0, 1.0 ], "autoUv": false, "windMode": [-1,-1,-1,-1], "windData": [1,1,1,1] },
						"down": { "texture": "#wood", "uv": [ 0.0, 0.0, 1.0, 1.0 ], "autoUv": false, "windMode": [-1,-1,-1,-1] }
					}
				},
				{
					"name": "cube6",
					"from": [ 7.0, 15.0, 7.0 ],
					"to": [ 9.0, 27.0, 9.0 ],
					"rotationOrigin": [ 7.0, 15.0, 7.0 ],
					"faces": {
						"north": { "texture": "#wood", "uv": [ 0.0, 0.0, 1.0, 16.0 ], "autoUv": false },
						"east": { "texture": "#wood", "uv": [ 0.0, 0.0, 1.0, 16.0 ], "autoUv": false },
						"south": { "texture": "#wood", "uv": [ 0.0, 0.0, 1.0, 16.0 ], "autoUv": false },
						"west": { "texture": "#wood", "uv": [ 0.0, 0.0, 1.0, 16.0 ], "autoUv": false },
						"up": { "texture": "#wood", "uv": [ 0.0, 0.0, 1.0, 1.0 ], "autoUv": false },
						"down": { "texture": "#wood", "uv": [ 0.0, 0.0, 1.0, 1.0 ], "autoUv": false }
					}
				}
			]
		}
	]}