{
	"editor": {
		"collapsedPaths": "Root/Body/abdomen,Root/Body/Left Shoulder,Root/Body/Right Shoulder",
		"allAngles": false,
		"entityTextureMode": false
	},
	"textureWidth": 16,
	"textureHeight": 16,
	"textureSizes": {
	},
	"textures": {
		"bone": "pipeleaf:item/antlerpipe",
		"null": "pipeleaf:item/antlerpipe"
	},
	"elements": [
		{
			"name": "Cube2",
			"from": [ 7.0, 3.0, 7.0 ],
			"to": [ 13.0, 3.7, 8.6 ],
			"rotationOrigin": [ 7.0, 3.0, 7.0 ],
			"rotationZ": 7.0,
			"faces": {
				"north": { "texture": "#bone", "uv": [ 6.5, 6.0, 12.5, 6.5 ], "autoUv": false },
				"east": { "texture": "#bone", "uv": [ 4.0, 13.0, 5.5, 13.5 ], "windMode": [-1,-1,-1,-1] },
				"south": { "texture": "#bone", "uv": [ 4.0, 9.5, 10.0, 10.0 ], "windMode": [-1,-1,-1,-1] },
				"west": { "texture": "#bone", "uv": [ 9.0, 8.5, 10.0, 2.5 ], "autoUv": false, "windMode": [-1,-1,-1,-1] },
				"up": { "texture": "#bone", "uv": [ 4.0, 5.0, 10.0, 6.5 ], "windMode": [-1,-1,-1,-1] },
				"down": { "texture": "#bone", "uv": [ 7.5, 4.0, 13.5, 5.5 ], "windMode": [-1,-1,-1,-1] }
			},
			"children": [
				{
					"name": "Cube3",
					"from": [ 0.0, 1.3, 0.0 ],
					"to": [ 6.0, 2.0, 1.6 ],
					"rotationOrigin": [ 0.0, 1.3, 0.0 ],
					"faces": {
						"north": { "texture": "#bone", "uv": [ 0.0, 0.0, 6.0, 0.5 ] },
						"east": { "texture": "#bone", "uv": [ 0.0, 0.0, 1.5, 0.5 ], "windMode": [-1,-1,-1,-1] },
						"south": { "texture": "#bone", "uv": [ 0.0, 0.0, 6.0, 0.5 ], "windMode": [-1,-1,-1,-1] },
						"west": { "texture": "#bone", "uv": [ 0.0, 0.0, 1.5, 0.5 ], "windMode": [-1,-1,-1,-1] },
						"up": { "texture": "#bone", "uv": [ 0.0, 0.0, 6.0, 1.5 ], "windMode": [-1,-1,-1,-1] },
						"down": { "texture": "#null", "uv": [ 0.0, 0.0, 6.0, 1.5 ], "windMode": [-1,-1,-1,-1] }
					}
				},
				{
					"name": "Cube4",
					"from": [ 0.0, 2.0, 0.1 ],
					"to": [ 6.0, 2.5, 2.1 ],
					"rotationOrigin": [ 0.0, 2.0, 0.1 ],
					"rotationX": 90.0,
					"faces": {
						"north": { "texture": "#bone", "uv": [ 0.0, 0.0, 6.0, 0.5 ] },
						"east": { "texture": "#bone", "uv": [ 0.0, 0.0, 2.0, 0.5 ], "windMode": [-1,-1,-1,-1] },
						"south": { "texture": "#bone", "uv": [ 0.0, 0.0, 6.0, 0.5 ], "windMode": [-1,-1,-1,-1] },
						"west": { "texture": "#bone", "uv": [ 0.0, 0.0, 2.0, 0.5 ], "windMode": [-1,-1,-1,-1] },
						"up": { "texture": "#bone", "uv": [ 0.0, 0.0, 6.0, 2.0 ], "windMode": [-1,-1,-1,-1] },
						"down": { "texture": "#bone", "uv": [ 0.0, 0.0, 6.0, 2.0 ], "windMode": [-1,-1,-1,-1] }
					}
				},
				{
					"name": "Cube5",
					"from": [ 0.0, 2.0, 1.0 ],
					"to": [ 6.0, 2.5, 3.0 ],
					"rotationOrigin": [ 0.0, 2.0, 1.0 ],
					"rotationX": 90.0,
					"faces": {
						"north": { "texture": "#bone", "uv": [ 0.0, 0.0, 10.5, 5.5 ], "autoUv": false },
						"east": { "texture": "#bone", "uv": [ 0.0, 0.0, 7.5, 4.0 ], "autoUv": false, "windMode": [-1,-1,-1,-1] },
						"south": { "texture": "#bone", "uv": [ 0.0, 0.0, 12.5, 3.0 ], "autoUv": false, "windMode": [-1,-1,-1,-1] },
						"west": { "texture": "#bone", "uv": [ 0.0, 0.0, 2.0, 0.5 ], "windMode": [-1,-1,-1,-1] },
						"up": { "texture": "#bone", "uv": [ 0.0, 0.0, 9.5, 4.5 ], "autoUv": false },
						"down": { "texture": "#bone", "uv": [ 0.0, 0.0, 11.0, 2.5 ], "autoUv": false, "windMode": [-1,-1,-1,-1] }
					}
				}
			]
		},
		{
			"name": "Cube6",
			"from": [ 6.3, 3.0, 6.6 ],
			"to": [ 7.0, 6.0, 9.6 ],
			"rotationOrigin": [ 6.3, 3.0, 6.6 ],
			"rotationY": 10.0,
			"faces": {
				"north": { "texture": "#bone", "uv": [ 0.0, 0.0, 0.5, 3.0 ] },
				"east": { "texture": "#bone", "uv": [ 0.0, 0.0, 3.0, 3.0 ], "windMode": [-1,-1,-1,-1] },
				"south": { "texture": "#bone", "uv": [ 0.0, 0.0, 0.5, 3.0 ], "windMode": [-1,-1,-1,-1] },
				"west": { "texture": "#bone", "uv": [ 0.0, 0.0, 3.0, 3.0 ], "windMode": [-1,-1,-1,-1] },
				"up": { "texture": "#bone", "uv": [ 0.0, 0.0, 0.5, 3.0 ], "windMode": [-1,-1,-1,-1] },
				"down": { "texture": "#bone", "uv": [ 0.0, 0.0, 0.5, 3.0 ], "windMode": [-1,-1,-1,-1] }
			},
			"children": [
				{
					"name": "Cube7",
					"from": [ -2.315, 0.0, -0.0288 ],
					"to": [ 0.685, 3.0, 1.0712 ],
					"rotationOrigin": [ -1.315, 0.0, -0.0288 ],
					"rotationY": 0.0,
					"faces": {
						"north": { "texture": "#bone", "uv": [ 0.0, 0.0, 3.0, 3.0 ] },
						"east": { "texture": "#bone", "uv": [ 0.0, 0.0, 1.0, 3.0 ], "windMode": [-1,-1,-1,-1] },
						"south": { "texture": "#bone", "uv": [ 0.0, 0.0, 3.0, 3.0 ], "windMode": [-1,-1,-1,-1] },
						"west": { "texture": "#bone", "uv": [ 0.0, 0.0, 1.0, 3.0 ], "windMode": [-1,-1,-1,-1] },
						"up": { "texture": "#bone", "uv": [ 0.0, 0.0, 3.0, 1.0 ], "windMode": [-1,-1,-1,-1] },
						"down": { "texture": "#bone", "uv": [ 0.0, 0.0, 3.0, 1.0 ], "windMode": [-1,-1,-1,-1] }
					}
				},
				{
					"name": "Cube8",
					"from": [ -2.2684, 0.0, 2.0103 ],
					"to": [ 0.7316, 3.0, 3.1103 ],
					"rotationOrigin": [ -1.2684, 0.0, 2.0103 ],
					"rotationY": 0.0,
					"faces": {
						"north": { "texture": "#bone", "uv": [ 0.0, 0.0, 3.0, 3.0 ] },
						"east": { "texture": "#bone", "uv": [ 0.0, 0.0, 1.0, 3.0 ], "windMode": [-1,-1,-1,-1] },
						"south": { "texture": "#bone", "uv": [ 0.0, 0.0, 3.0, 3.0 ], "windMode": [-1,-1,-1,-1] },
						"west": { "texture": "#bone", "uv": [ 0.0, 0.0, 1.0, 3.0 ], "windMode": [-1,-1,-1,-1] },
						"up": { "texture": "#bone", "uv": [ 0.0, 0.0, 3.0, 1.0 ], "windMode": [-1,-1,-1,-1] },
						"down": { "texture": "#bone", "uv": [ 0.0, 0.0, 3.0, 1.0 ], "windMode": [-1,-1,-1,-1] }
					}
				},
				{
					"name": "Cube9",
					"from": [ -2.3519, 0.0, 0.093 ],
					"to": [ -1.7519, 3.0, 3.093 ],
					"rotationOrigin": [ -2.3519, 0.0, 0.093 ],
					"rotationY": 0.0,
					"faces": {
						"north": { "texture": "#bone", "uv": [ 0.0, 0.0, 0.5, 3.0 ] },
						"east": { "texture": "#bone", "uv": [ 2.0, 2.5, 10.5, 9.5 ], "autoUv": false, "windMode": [-1,-1,-1,-1] },
						"south": { "texture": "#bone", "uv": [ 0.0, 0.0, 0.5, 3.0 ], "windMode": [-1,-1,-1,-1] },
						"west": { "texture": "#bone", "uv": [ 6.5, 5.0, 13.0, 12.5 ], "autoUv": false, "windMode": [-1,-1,-1,-1] },
						"up": { "texture": "#bone", "uv": [ 0.0, 0.0, 0.5, 3.0 ], "windMode": [-1,-1,-1,-1] },
						"down": { "texture": "#bone", "uv": [ 0.0, 0.0, 0.5, 3.0 ], "windMode": [-1,-1,-1,-1] }
					},
					"children": [
						{
							"name": "Cube10",
							"from": [ -0.1, -0.3, 0.0 ],
							"to": [ 2.8, 1.7, 3.0 ],
							"rotationOrigin": [ -0.1, -0.3, 0.0 ],
							"rotationZ": -15.0,
							"faces": {
								"north": { "texture": "#bone", "uv": [ 0.0, 0.0, 2.5, 2.0 ] },
								"east": { "texture": "#bone", "uv": [ 0.0, 0.0, 3.0, 2.0 ], "windMode": [-1,-1,-1,-1] },
								"south": { "texture": "#bone", "uv": [ 0.0, 0.0, 2.5, 2.0 ], "windMode": [-1,-1,-1,-1] },
								"west": { "texture": "#bone", "uv": [ 0.0, 0.0, 3.0, 2.0 ], "windMode": [-1,-1,-1,-1] },
								"up": { "texture": "#bone", "uv": [ 0.0, 0.0, 2.5, 3.0 ], "windMode": [-1,-1,-1,-1] },
								"down": { "texture": "#bone", "uv": [ 3.5, 3.5, 12.0, 11.5 ], "autoUv": false, "windMode": [-1,-1,-1,-1] }
							}
						}
					]
				},
				{
					"name": "Cube11",
					"from": [ 0.6, -0.2, 0.3 ],
					"to": [ 1.1, 2.2, 2.5 ],
					"rotationOrigin": [ 0.6, -0.2, 0.3 ],
					"faces": {
						"north": { "texture": "#bone", "uv": [ 0.0, 0.0, 1.0, 8.5 ], "autoUv": false, "windMode": [-1,-1,-1,-1] },
						"east": { "texture": "#bone", "uv": [ 0.0, 0.0, 6.0, 5.0 ], "autoUv": false, "windMode": [-1,-1,-1,-1] },
						"south": { "texture": "#bone", "uv": [ 0.0, 0.0, 1.0, 6.0 ], "autoUv": false, "windMode": [-1,-1,-1,-1] },
						"west": { "texture": "#bone", "uv": [ 0.0, 0.0, 5.0, 4.5 ], "autoUv": false, "windMode": [-1,-1,-1,-1] },
						"up": { "texture": "#bone", "uv": [ 0.0, 0.0, 1.5, 6.5 ], "autoUv": false, "windMode": [-1,-1,-1,-1] },
						"down": { "texture": "#bone", "uv": [ 0.0, 0.0, 2.0, 7.5 ], "autoUv": false, "windMode": [-1,-1,-1,-1] }
					}
				},
				{
					"name": "Cube12",
					"from": [ -1.7, 2.0, 0.7 ],
					"to": [ -1.2, 3.0, 1.5 ],
					"rotationOrigin": [ -1.7, 2.0, 0.7 ],
					"rotationY": -45.0,
					"faces": {
						"north": { "texture": "#bone", "uv": [ 0.0, 0.0, 0.5, 1.0 ] },
						"east": { "texture": "#bone", "uv": [ 0.0, 0.0, 0.5, 1.0 ], "windMode": [-1,-1,-1,-1] },
						"south": { "texture": "#bone", "uv": [ 0.0, 0.0, 0.5, 1.0 ], "windMode": [-1,-1,-1,-1] },
						"west": { "texture": "#bone", "uv": [ 0.0, 0.0, 0.5, 1.0 ], "windMode": [-1,-1,-1,-1] },
						"up": { "texture": "#bone", "uv": [ 0.0, 0.0, 0.5, 0.5 ], "windMode": [-1,-1,-1,-1] },
						"down": { "texture": "#bone", "uv": [ 0.0, 0.0, 0.5, 0.5 ], "windMode": [-1,-1,-1,-1] }
					}
				},
				{
					"name": "Cube13",
					"from": [ 0.1, 2.0, 1.5 ],
					"to": [ 0.6, 3.0, 2.3 ],
					"rotationOrigin": [ 0.1, 2.0, 1.5 ],
					"rotationY": -45.0,
					"faces": {
						"north": { "texture": "#bone", "uv": [ 0.0, 0.0, 0.5, 1.0 ] },
						"east": { "texture": "#bone", "uv": [ 0.0, 0.0, 0.5, 1.0 ], "windMode": [-1,-1,-1,-1] },
						"south": { "texture": "#bone", "uv": [ 0.0, 0.0, 0.5, 1.0 ], "windMode": [-1,-1,-1,-1] },
						"west": { "texture": "#bone", "uv": [ 0.0, 0.0, 0.5, 1.0 ], "windMode": [-1,-1,-1,-1] },
						"up": { "texture": "#bone", "uv": [ 0.0, 0.0, 0.5, 0.5 ], "windMode": [-1,-1,-1,-1] },
						"down": { "texture": "#bone", "uv": [ 0.0, 0.0, 0.5, 0.5 ], "windMode": [-1,-1,-1,-1] }
					}
				},
				{
					"name": "Cube14",
					"from": [ 0.2, 2.0, 0.5 ],
					"to": [ 0.7, 3.0, 1.3 ],
					"rotationOrigin": [ 0.2, 2.0, 0.5 ],
					"rotationY": -45.0,
					"faces": {
						"north": { "texture": "#bone", "uv": [ 0.0, 0.0, 0.5, 1.0 ] },
						"east": { "texture": "#bone", "uv": [ 0.0, 0.0, 0.5, 1.0 ], "windMode": [-1,-1,-1,-1] },
						"south": { "texture": "#bone", "uv": [ 0.0, 0.0, 0.5, 1.0 ], "windMode": [-1,-1,-1,-1] },
						"west": { "texture": "#bone", "uv": [ 0.0, 0.0, 0.5, 1.0 ], "windMode": [-1,-1,-1,-1] },
						"up": { "texture": "#bone", "uv": [ 0.0, 0.0, 0.5, 0.5 ], "windMode": [-1,-1,-1,-1] },
						"down": { "texture": "#bone", "uv": [ 0.0, 0.0, 0.5, 0.5 ], "windMode": [-1,-1,-1,-1] }
					}
				},
				{
					"name": "Cube15",
					"from": [ -1.8, 2.0, 1.7 ],
					"to": [ -1.3, 3.0, 2.5 ],
					"rotationOrigin": [ -1.8, 2.0, 1.7 ],
					"rotationY": -45.0,
					"faces": {
						"north": { "texture": "#bone", "uv": [ 0.0, 0.0, 0.5, 1.0 ] },
						"east": { "texture": "#bone", "uv": [ 0.0, 0.0, 0.5, 1.0 ], "windMode": [-1,-1,-1,-1] },
						"south": { "texture": "#bone", "uv": [ 0.0, 0.0, 0.5, 1.0 ], "windMode": [-1,-1,-1,-1] },
						"west": { "texture": "#bone", "uv": [ 0.0, 0.0, 0.5, 1.0 ], "windMode": [-1,-1,-1,-1] },
						"up": { "texture": "#bone", "uv": [ 0.0, 0.0, 0.5, 0.5 ], "windMode": [-1,-1,-1,-1] },
						"down": { "texture": "#bone", "uv": [ 0.0, 0.0, 0.5, 0.5 ], "windMode": [-1,-1,-1,-1] }
					}
				}
			]
		}
	]}