{
	"editor": {
		"allAngles": false,
		"entityTextureMode": false
	},
	"textureWidth": 16,
	"textureHeight": 16,
	"textureSizes": {
	},
	"textures": {
	},
	"elements": [
		{
			"name": "_origin",
			"from": [ 0.0, 5.4, 0.0 ], 
			"to": [ 0.0, 5.4, 0.0 ], 
			"rotationOrigin": [ 0.0, 5.4, 0.0 ],
			"faces": {
				"north": { "texture": "#default", "uv": [ 0.0, 0.0, 0.5, 0.5 ] },
				"east": { "texture": "#default", "uv": [ 0.0, 0.0, 0.5, 0.5 ] },
				"south": { "texture": "#default", "uv": [ 0.0, 0.0, 0.5, 0.5 ] },
				"west": { "texture": "#default", "uv": [ 0.0, 0.0, 0.5, 0.5 ] },
				"up": { "texture": "#default", "uv": [ 0.0, 0.0, 0.5, 0.5 ] },
				"down": { "texture": "#default", "uv": [ 0.0, 0.0, 0.5, 0.5 ] }
			},
			"children": [
				{
					"name": "Cube1",
					"from": [ 7.0, 1.5, 7.0 ], 
					"to": [ 7.0, 1.5, 7.0 ], 
					"rotationOrigin": [ 8.0, 2.5, 8.0 ],
					"faces": {
						"north": { "texture": "#glow", "uv": [ 0.0, 0.0, 0.5, 0.5 ] },
						"east": { "texture": "#glow", "uv": [ 0.0, 0.0, 0.5, 0.5 ] },
						"south": { "texture": "#glow", "uv": [ 0.0, 0.0, 0.5, 0.5 ] },
						"west": { "texture": "#glow", "uv": [ 0.0, 0.0, 0.5, 0.5 ] },
						"up": { "texture": "#glow", "uv": [ 0.0, 0.0, 0.5, 0.5 ] },
						"down": { "texture": "#glow", "uv": [ 0.0, 0.0, 0.5, 0.5 ] }
					},
					"children": [
						{
							"name": "_static-core",
							"from": [ 0.0, 0.0, 0.0 ], 
							"to": [ 0.0, 0.0, 0.0 ], 
							"rotationOrigin": [ 1.0, 1.0, 1.0 ],
							"faces": {
								"north": { "texture": "#glow", "uv": [ 0.0, 0.0, 0.5, 0.5 ], "glow": 255 },
								"east": { "texture": "#glow", "uv": [ 0.0, 0.0, 0.5, 0.5 ], "glow": 255 },
								"south": { "texture": "#glow", "uv": [ 0.0, 0.0, 0.5, 0.5 ], "glow": 255 },
								"west": { "texture": "#glow", "uv": [ 0.0, 0.0, 0.5, 0.5 ], "glow": 255 },
								"up": { "texture": "#glow", "uv": [ 0.0, 0.0, 0.5, 0.5 ], "glow": 255 },
								"down": { "texture": "#glow", "uv": [ 0.0, 0.0, 0.5, 0.5 ], "glow": 255 }
							},
							"children": [
								{
									"name": "_static-core64",
									"from": [ 0.0, 0.0, 0.0 ], 
									"to": [ 2.0, 2.0, 2.0 ], 
									"rotationOrigin": [ 1.0, 1.0, 1.0 ],
									"rotationX": 45.0,
									"rotationZ": 45.0,
									"faces": {
										"north": { "texture": "#glow", "uv": [ 0.0, 0.0, 2.0, 2.0 ], "glow": 255 },
										"east": { "texture": "#glow", "uv": [ 0.0, 0.0, 2.0, 2.0 ], "glow": 255 },
										"south": { "texture": "#glow", "uv": [ 0.0, 0.0, 2.0, 2.0 ], "glow": 255 },
										"west": { "texture": "#glow", "uv": [ 0.0, 0.0, 2.0, 2.0 ], "glow": 255 },
										"up": { "texture": "#glow", "uv": [ 0.0, 0.0, 2.0, 2.0 ], "glow": 255 },
										"down": { "texture": "#glow", "uv": [ 0.0, 0.0, 2.0, 2.0 ], "glow": 255 }
									},
									"children": [
										{
											"name": "_static-core65",
											"from": [ 0.0, 0.0, 0.0 ], 
											"to": [ 2.0, 2.0, 2.0 ], 
											"rotationOrigin": [ 1.0, 1.0, 1.0 ],
											"rotationY": 45.0,
											"rotationZ": 45.0,
											"faces": {
												"north": { "texture": "#glow", "uv": [ 0.0, 0.0, 2.0, 2.0 ], "glow": 255 },
												"east": { "texture": "#glow", "uv": [ 0.0, 0.0, 2.0, 2.0 ], "glow": 255 },
												"south": { "texture": "#glow", "uv": [ 0.0, 0.0, 2.0, 2.0 ], "glow": 255 },
												"west": { "texture": "#glow", "uv": [ 0.0, 0.0, 2.0, 2.0 ], "glow": 255 },
												"up": { "texture": "#glow", "uv": [ 0.0, 0.0, 2.0, 2.0 ], "glow": 255 },
												"down": { "texture": "#glow", "uv": [ 0.0, 0.0, 2.0, 2.0 ], "glow": 255 }
											}
										}
									]
								}
							]
						}
					]
				},
				{
					"name": "Cube53",
					"from": [ 7.0, 1.5, 7.0 ], 
					"to": [ 7.0, 1.5, 7.0 ], 
					"rotationOrigin": [ 8.0, 2.5, 8.0 ],
					"rotationY": 45.0,
					"rotationZ": 45.0,
					"faces": {
						"north": { "texture": "#glow", "uv": [ 0.0, 0.0, 0.5, 0.5 ] },
						"east": { "texture": "#glow", "uv": [ 0.0, 0.0, 0.5, 0.5 ] },
						"south": { "texture": "#glow", "uv": [ 0.0, 0.0, 0.5, 0.5 ] },
						"west": { "texture": "#glow", "uv": [ 0.0, 0.0, 0.5, 0.5 ] },
						"up": { "texture": "#glow", "uv": [ 0.0, 0.0, 0.5, 0.5 ] },
						"down": { "texture": "#glow", "uv": [ 0.0, 0.0, 0.5, 0.5 ] }
					},
					"children": [
						{
							"name": "_static-core54",
							"from": [ 0.0, 0.0, 0.0 ], 
							"to": [ 2.0, 2.0, 2.0 ], 
							"rotationOrigin": [ 1.0, 1.0, 1.0 ],
							"faces": {
								"north": { "texture": "#glow", "uv": [ 0.0, 0.0, 2.0, 2.0 ], "glow": 255 },
								"east": { "texture": "#glow", "uv": [ 0.0, 0.0, 2.0, 2.0 ], "glow": 255 },
								"south": { "texture": "#glow", "uv": [ 0.0, 0.0, 2.0, 2.0 ], "glow": 255 },
								"west": { "texture": "#glow", "uv": [ 0.0, 0.0, 2.0, 2.0 ], "glow": 255 },
								"up": { "texture": "#glow", "uv": [ 0.0, 0.0, 2.0, 2.0 ], "glow": 255 },
								"down": { "texture": "#glow", "uv": [ 0.0, 0.0, 2.0, 2.0 ], "glow": 255 }
							},
							"children": [
								{
									"name": "_static-core55",
									"from": [ 0.0, 0.0, 0.0 ], 
									"to": [ 2.0, 2.0, 2.0 ], 
									"rotationOrigin": [ 1.0, 1.0, 1.0 ],
									"rotationX": 45.0,
									"rotationZ": 45.0,
									"faces": {
										"north": { "texture": "#glow", "uv": [ 0.0, 0.0, 2.0, 2.0 ], "glow": 255 },
										"east": { "texture": "#glow", "uv": [ 0.0, 0.0, 2.0, 2.0 ], "glow": 255 },
										"south": { "texture": "#glow", "uv": [ 0.0, 0.0, 2.0, 2.0 ], "glow": 255 },
										"west": { "texture": "#glow", "uv": [ 0.0, 0.0, 2.0, 2.0 ], "glow": 255 },
										"up": { "texture": "#glow", "uv": [ 0.0, 0.0, 2.0, 2.0 ], "glow": 255 },
										"down": { "texture": "#glow", "uv": [ 0.0, 0.0, 2.0, 2.0 ], "glow": 255 }
									},
									"children": [
										{
											"name": "_static-core56",
											"from": [ 0.0, 0.0, 0.0 ], 
											"to": [ 2.0, 2.0, 2.0 ], 
											"rotationOrigin": [ 1.0, 1.0, 1.0 ],
											"rotationY": 45.0,
											"rotationZ": 45.0,
											"faces": {
												"north": { "texture": "#glow", "uv": [ 0.0, 0.0, 2.0, 2.0 ], "glow": 255 },
												"east": { "texture": "#glow", "uv": [ 0.0, 0.0, 2.0, 2.0 ], "glow": 255 },
												"south": { "texture": "#glow", "uv": [ 0.0, 0.0, 2.0, 2.0 ], "glow": 255 },
												"west": { "texture": "#glow", "uv": [ 0.0, 0.0, 2.0, 2.0 ], "glow": 255 },
												"up": { "texture": "#glow", "uv": [ 0.0, 0.0, 2.0, 2.0 ], "glow": 255 },
												"down": { "texture": "#glow", "uv": [ 0.0, 0.0, 2.0, 2.0 ], "glow": 255 }
											}
										}
									]
								}
							]
						}
					]
				}
			]
		}
	]
}