{
  "code": "eldrathiumblock",
  "classByType": {
    "*-normal-*": "BlockEldrathiumRM",
    "*-cobblestone-*": "BlockEldrathiumRM",
    "*-bricksmall-*": "BlockEldrathiumRM",
    "*-bricklarge-*": "BlockEldrathiumRM",
    "*-engraved-*": "BlockEldrathiumRM"
  },
  "enabled": true,

  //"storageFlags": 131073,

  "variantgroups": [
    {
      "code": "variant",
      "states": [ "normal", "riveted" ]
    },
    {
      "code": "type",
      "states": [ "none", "fire", "frost", "electricity", "gravity", "heal", "poison" ]
    }
  ],
  "skipVariants": [ "*-fire", "*-frost", "*-electricity", "*-gravity", "*-heal", "*-poison" ],


  "attributes": {
    "displaycaseable": true,
    "shelvable": true,
    "handbook": {
      "groupByByType": {
        "eldrathiumblock-*": [ "eldrathiumblock-*" ]
      }
    }
  },

  "shapebytype": {
    "*": { "base": "game:block/basic/cube" }
  },
  "texturesByType": {
    "*-normal-*": {
      "all": { "base": "blocks/eldrathium/normal/eldrathiumblock-{type}*" }
    },
    "*-riveted-*": {
      "all": { "base": "blocks/eldrathium/riveted/eldrathiumriveted-{type}*" }
    }
  },

  "creativeinventory": {
    "general": [ "*" ],
    "terrain": [ "*" ],
    "rustboundmagic": [ "*" ]
  },

  "drawtype": "json",
  "blockmaterial": "Metal",
  "replaceable": 300,
  "resistance": 6,
  "lightAbsorption": 1,

  "emitSideAo": {
    "all": false
  },

  "sidesolid": { "all": true },
  "sideopaque": { "all": true },

  "heldTpIdleAnimation": "holdbothhandslarge",
  "heldTpUseAnimation": "twohandplaceblock",


  "vertexFlagsByType": {
    "*": {
      "reflective": true,
      "windDataByType": {
        "*": 1
      }
    }
  },
  "sounds": {
    "place": "game:block/chute",
    "break": "game:block/chute",
    "hit": "game:block/chute",
    "walk": "game:walk/stone"
  },

  "tpHandTransform": {
    "translation": {
      "x": -1.23,
      "y": -0.91,
      "z": -0.8
    },
    "rotation": {
      "x": -2,
      "y": 25,
      "z": -78
    },
    "scale": 0.4
  }
}