{
  "code": "manatorch",
  "class": "BlockManaLanternRM",
  //"entityClass": "Lantern",
  "enabled": true,

  "storageFlags": 131329,

  "behaviors": [
    {
      "name": "OmniAttachable",
      "properties": {
        "facingCode": "position",
        "attachmentAreas": {
          "down": {
            "x1": 7,
            "y1": 15,
            "z1": 7,
            "x2": 8,
            "y2": 15,
            "z2": 8
          },
          "up": {
            "x1": 4,
            "y1": 0,
            "z1": 4,
            "x2": 11,
            "y2": 0,
            "z2": 11
          },
          "north": {
            "x1": 7,
            "y1": 11,
            "z1": 0,
            "x2": 8,
            "y2": 13,
            "z2": 1
          },
          "east": {
            "x1": 7,
            "y1": 11,
            "z1": 0,
            "x2": 8,
            "y2": 13,
            "z2": 1,
            "rotateY": 90
          },
          "south": {
            "x1": 7,
            "y1": 11,
            "z1": 0,
            "x2": 8,
            "y2": 13,
            "z2": 1,
            "rotateY": 180
          },
          "west": {
            "x1": 7,
            "y1": 11,
            "z1": 0,
            "x2": 8,
            "y2": 13,
            "z2": 1,
            "rotateY": 270
          }
        }
      }
    },
    { "name": "RightClickPickup" }
  ],
  "heldRightTpIdleAnimation": "holdinglanternrighthand",
  "heldLeftTpIdleAnimation": "holdinglanternlefthand",


  "variantgroups": [
    {
      "code": "type",
      "states": [ "inert", "neutral", "light", "dark" ]
    },
    {
      "code": "state",
      "states": [ "lantern" ]
    },
    {
      "code": "position",
      "states": [ "up", "down" ],
      "loadFromProperties": "abstract/horizontalorientation"
    }
  ],
  //"allowedVariants": [ "manatorch-basic-*" ],

  "attributesByType": {
    "*-inert-*-up": {
      "handbook": {
        "include": true,
        "groupBy": [ "manatorch-*-lantern-*" ],
        "extraSections": [
          {
            "title": "game:Created by",
            "text": "rustboundmagic:handbook-synthesistier4-text"
          }
        ]
      }
    },
    "*-neutral-*-up": {
      "handbook": {
        "include": true,
        "groupBy": [ "manatorch-*-lantern-*" ],
        "extraSections": [
          {
            "title": "game:Created by",
            "text": "rustboundmagic:handbook-worldmagic-text"
          }
        ]
      }
    },
    "*-light-*-up": {
      "handbook": {
        "include": true,
        "groupBy": [ "manatorch-*-lantern-*" ],
        "extraSections": [
          {
            "title": "game:Created by",
            "text": "rustboundmagic:handbook-worldmagic-text"
          }
        ]
      }
    },
    "*-dark-*-up": {
      "handbook": {
        "include": true,
        "groupBy": [ "manatorch-*-lantern-*" ],
        "extraSections": [
          {
            "title": "game:Created by",
            "text": "rustboundmagic:handbook-worldmagic-text"
          }
        ]
      }
    },
    "*": {
      "handbook": { "exclude": true }
    }
  },

  "shapebytype": {
    "*-up": { "base": "blocks/manatorchlantern/manatorch-lantern-ground" },
    "*-down": { "base": "blocks/manatorchlantern/manatorch-lantern-ceiling" },
    "*-north": {
      "base": "blocks/manatorchlantern/manatorch-lantern-wall",
      "rotateY": 180
    },
    "*-east": {
      "base": "blocks/manatorchlantern/manatorch-lantern-wall",
      "rotateY": 90
    },
    "*-south": {
      "base": "blocks/manatorchlantern/manatorch-lantern-wall",
      "rotateY": 0
    },
    "*-west": {
      "base": "blocks/manatorchlantern/manatorch-lantern-wall",
      "rotateY": 270
    }
  },
  "texturesByType": {
    "*-inert-*": {
      "default": { "base": "default" },
      "material": { "base": "blocks/eldrathium/normal/eldrathiumblock-none1" },
      "material2": { "base": "default" },
      "lining": { "base": "game:block/metal/plate/lead" }

    },
    "*-neutral-*": {
      "default": { "base": "default" },
      "material": { "base": "blocks/eldrathium/normal/eldrathiumblock-none1" },
      "material2": { "base": "blocks/manatorchlantern/manatorchlantern-neutral" },
      "lining": { "base": "game:block/metal/plate/lead" }

    },
    "*-light-*": {
      "default": { "base": "default" },
      "material": { "base": "blocks/eldrathium/normal/eldrathiumblock-none1" },
      "material2": { "base": "blocks/manatorchlantern/manatorchlantern-light" },
      "lining": { "base": "game:block/metal/plate/lead" }

    },
    "*-dark-*": {
      "default": { "base": "default" },
      "material": { "base": "blocks/eldrathium/normal/eldrathiumblock-none1" },
      "material2": { "base": "blocks/manatorchlantern/manatorchlantern-dark" },
      "lining": { "base": "game:block/metal/plate/lead" }

    }
  },

  "doNotRenderAtLod2": true,
  "sidesolid": {
    "all": false
  },
  "sideopaque": {
    "all": false
  },

  "creativeinventory": {
    "general": [ "*-up" ],
    "terrain": [ "*-up" ],
    "rustboundmagic": [ "*-up" ]
  },
  //"creativeinventory": { },
  //"creativeinventoryStacksByType": {
  //  "*-up": [
  //    {
  //      "tabs": [ "general", "decorative", "rustboundmagic" ]//,
  //      //
  //      //"stacks": [
  //      //  {
  //      //    "type": "block",
  //      //    "code": "manatorch-neutral-up",
  //      //    "attributes": {
  //      //      "material": "copper",
  //      //      "lining": "plain",
  //      //      "glass": "quartz"
  //      //    }
  //      //  },
  //      //  {
  //      //    "type": "block",
  //      //    "code": "manatorch-light-up",
  //      //    "attributes": {
  //      //      "material": "copper",
  //      //      "lining": "plain",
  //      //      "glass": "quartz"
  //      //    }
  //      //  },
  //      //  {
  //      //    "type": "block",
  //      //    "code": "manatorch-dark-up",
  //      //    "attributes": {
  //      //      "material": "copper",
  //      //      "lining": "plain",
  //      //      "glass": "quartz"
  //      //    }
  //      //  }
  //      //]
  //    }
  //  ]
  //},

  "maxstacksize": 1,
  "replaceable": 500,
  "resistance": 1,
  "lightAbsorption": 0,
  "lightHsvbyType": {
    "*-neutral-*": [ 32, 7, 18 ],
    "*-light-*": [ 0, 0, 18 ],
    "*-dark-*": [ 50, 7, 18 ]
  },

  //"particlePropertiesbyType": {
  //  "*-neutral-*": [
  //    {
  //      "__comment": "Ember cubicles",
  //      "hsvaColor": [
  //        {
  //          "avg": 150,
  //          "var": 20
  //        },
  //        {
  //          "avg": 195,
  //          "var": 50
  //        },
  //        {
  //          "avg": 155,
  //          "var": 50
  //        },
  //        {
  //          "avg": 255,
  //          "var": 0
  //        }
  //      ],
  //      "gravityEffect": {
  //        "dist": "invexp",
  //        "avg": -0.07,
  //        "var": 0.4
  //      },
  //      "posOffsetByType": {
  //        "*": [
  //          {
  //            "avg": 0,
  //            "var": 0.1
  //          },
  //          {
  //            "avg": -0.72,
  //            "var": 0
  //          },
  //          {
  //            "avg": 0,
  //            "var": 0.1
  //          }
  //        ]
  //      },
  //      "velocity": [
  //        {
  //          "avg": 0,
  //          "var": 0
  //        },
  //        {
  //          "avg": 0,
  //          "var": 0
  //        },
  //        {
  //          "avg": 0,
  //          "var": 0
  //        }
  //      ],
  //      "quantity": { "avg": 0.015 },
  //      "size": {
  //        "avg": 0.4,
  //        "var": 0
  //      },
  //      "sizeEvolve": {
  //        "transform": "quadratic",
  //        "factor": -0.7
  //      },
  //      "lifeLength": { "avg": 1.5 },
  //      "vertexFlags": 128,
  //      "windAffectednes": 0
  //    },
  //    {
  //      "__comment": "Fire quads",
  //      "hsvaColor": [
  //        {
  //          "avg": 150,
  //          "var": 20
  //        },
  //        {
  //          "avg": 195,
  //          "var": 50
  //        },
  //        {
  //          "avg": 155,
  //          "var": 50
  //        },
  //        {
  //          "avg": 255,
  //          "var": 0
  //        }
  //      ],
  //      "opacityEvolve": {
  //        "transform": "quadratic",
  //        "factor": -16
  //      },
  //      "gravityEffect": {
  //        "avg": 0,
  //        "var": 0
  //      },
  //      "posOffsetByType": {
  //        "*": [
  //          {
  //            "avg": 0,
  //            "var": 0.12
  //          },
  //          {
  //            "avg": -0.72,
  //            "var": 0
  //          },
  //          {
  //            "avg": 0,
  //            "var": 0.12
  //          }
  //        ]
  //      },
  //      "velocity": [
  //        {
  //          "avg": 0,
  //          "var": 0
  //        },
  //        {
  //          "avg": 0,
  //          "var": 0
  //        },
  //        {
  //          "avg": 0,
  //          "var": 0
  //        }
  //      ],
  //      "quantity": { "avg": 1 },
  //      "size": {
  //        "avg": 0.25,
  //        "var": 0.05
  //      },
  //      "lifeLength": { "avg": 0.25 },
  //      "sizeEvolve": {
  //        "transform": "linear",
  //        "factor": 0.25
  //      },
  //      "particleModel": "Quad",
  //      "vertexFlags": 128,
  //      "windAffectednes": 0
  //    }
  //  ],
  //  "*-light-*": [
  //    {
  //      "__comment": "Ember cubicles",
  //      "hsvaColor": [
  //        {
  //          "avg": 250,
  //          "var": 20
  //        },
  //        {
  //          "avg": 15,
  //          "var": 50
  //        },
  //        {
  //          "avg": 155,
  //          "var": 50
  //        },
  //        {
  //          "avg": 255,
  //          "var": 0
  //        }
  //      ],
  //      "gravityEffect": {
  //        "dist": "invexp",
  //        "avg": -0.07,
  //        "var": 0.4
  //      },
  //      "posOffsetByType": {
  //        "*-lit-up": [
  //          {
  //            "avg": 0,
  //            "var": 0.1
  //          },
  //          {
  //            "avg": -0.2,
  //            "var": 0
  //          },
  //          {
  //            "avg": 0,
  //            "var": 0.1
  //          }
  //        ],
  //        "*-lit-north": [
  //          {
  //            "avg": 0,
  //            "var": 0.1
  //          },
  //          {
  //            "avg": -0.23,
  //            "var": 0
  //          },
  //          {
  //            "avg": -0.09,
  //            "var": 0.1
  //          }
  //        ],
  //        "*-lit-east": [
  //          {
  //            "avg": 0.09,
  //            "var": 0.1
  //          },
  //          {
  //            "avg": -0.23,
  //            "var": 0
  //          },
  //          {
  //            "avg": 0,
  //            "var": 0.1
  //          }
  //        ],
  //        "*-lit-south": [
  //          {
  //            "avg": 0,
  //            "var": 0.1
  //          },
  //          {
  //            "avg": -0.23,
  //            "var": 0
  //          },
  //          {
  //            "avg": 0.09,
  //            "var": 0.1
  //          }
  //        ],
  //        "*-lit-west": [
  //          {
  //            "avg": -0.09,
  //            "var": 0.1
  //          },
  //          {
  //            "avg": -0.23,
  //            "var": 0
  //          },
  //          {
  //            "avg": 0,
  //            "var": 0.1
  //          }
  //        ]
  //      },
  //      "velocity": [
  //        {
  //          "avg": 0,
  //          "var": 0
  //        },
  //        {
  //          "avg": 0,
  //          "var": 0
  //        },
  //        {
  //          "avg": 0,
  //          "var": 0
  //        }
  //      ],
  //      "quantity": { "avg": 0.015 },
  //      "size": {
  //        "avg": 0.4,
  //        "var": 0
  //      },
  //      "sizeEvolve": {
  //        "transform": "quadratic",
  //        "factor": -0.7
  //      },
  //      "lifeLength": { "avg": 1.5 },
  //      "vertexFlags": 128,
  //      "windAffectednes": 0.2
  //    },
  //    {
  //      "__comment": "Fire quads",
  //      "hsvaColor": [
  //        {
  //          "avg": 250,
  //          "var": 20
  //        },
  //        {
  //          "avg": 15,
  //          "var": 50
  //        },
  //        {
  //          "avg": 155,
  //          "var": 50
  //        },
  //        {
  //          "avg": 255,
  //          "var": 0
  //        }
  //      ],
  //      "opacityEvolve": {
  //        "transform": "quadratic",
  //        "factor": -16
  //      },
  //      "gravityEffect": {
  //        "avg": 0,
  //        "var": 0
  //      },
  //      "posOffsetByType": {
  //        "*-lit-up": [
  //          {
  //            "avg": 0,
  //            "var": 0.12
  //          },
  //          {
  //            "avg": -0.2,
  //            "var": 0
  //          },
  //          {
  //            "avg": 0,
  //            "var": 0.12
  //          }
  //        ],
  //        "*-lit-north": [
  //          {
  //            "avg": 0,
  //            "var": 0.12
  //          },
  //          {
  //            "avg": -0.23,
  //            "var": 0
  //          },
  //          {
  //            "avg": -0.09,
  //            "var": 0.12
  //          }
  //        ],
  //        "*-lit-east": [
  //          {
  //            "avg": 0.09,
  //            "var": 0.12
  //          },
  //          {
  //            "avg": -0.23,
  //            "var": 0
  //          },
  //          {
  //            "avg": 0,
  //            "var": 0.12
  //          }
  //        ],
  //        "*-lit-south": [
  //          {
  //            "avg": 0,
  //            "var": 0.12
  //          },
  //          {
  //            "avg": -0.23,
  //            "var": 0
  //          },
  //          {
  //            "avg": 0.09,
  //            "var": 0.12
  //          }
  //        ],
  //        "*-lit-west": [
  //          {
  //            "avg": -0.09,
  //            "var": 0.12
  //          },
  //          {
  //            "avg": -0.23,
  //            "var": 0
  //          },
  //          {
  //            "avg": 0,
  //            "var": 0.12
  //          }
  //        ]
  //      },
  //      "velocity": [
  //        {
  //          "avg": 0,
  //          "var": 0
  //        },
  //        {
  //          "avg": 0,
  //          "var": 0
  //        },
  //        {
  //          "avg": 0,
  //          "var": 0
  //        }
  //      ],
  //      "quantity": { "avg": 1 },
  //      "size": {
  //        "avg": 0.25,
  //        "var": 0.05
  //      },
  //      "lifeLength": { "avg": 0.25 },
  //      "sizeEvolve": {
  //        "transform": "linear",
  //        "factor": 0.25
  //      },
  //      "particleModel": "Quad",
  //      "vertexFlags": 128,
  //      "windAffectednes": 0.5
  //    }
  //  ],
  //  "*-dark-*": [
  //    {
  //      "__comment": "Ember cubicles",
  //      "hsvaColor": [
  //        {
  //          "avg": 210,
  //          "var": 20
  //        },
  //        {
  //          "avg": 155,
  //          "var": 50
  //        },
  //        {
  //          "avg": 155,
  //          "var": 50
  //        },
  //        {
  //          "avg": 255,
  //          "var": 0
  //        }
  //      ],
  //      "gravityEffect": {
  //        "dist": "invexp",
  //        "avg": -0.07,
  //        "var": 0.4
  //      },
  //      "posOffsetByType": {
  //        "*-lit-up": [
  //          {
  //            "avg": 0,
  //            "var": 0.1
  //          },
  //          {
  //            "avg": -0.2,
  //            "var": 0
  //          },
  //          {
  //            "avg": 0,
  //            "var": 0.1
  //          }
  //        ],
  //        "*-lit-north": [
  //          {
  //            "avg": 0,
  //            "var": 0.1
  //          },
  //          {
  //            "avg": -0.23,
  //            "var": 0
  //          },
  //          {
  //            "avg": -0.09,
  //            "var": 0.1
  //          }
  //        ],
  //        "*-lit-east": [
  //          {
  //            "avg": 0.09,
  //            "var": 0.1
  //          },
  //          {
  //            "avg": -0.23,
  //            "var": 0
  //          },
  //          {
  //            "avg": 0,
  //            "var": 0.1
  //          }
  //        ],
  //        "*-lit-south": [
  //          {
  //            "avg": 0,
  //            "var": 0.1
  //          },
  //          {
  //            "avg": -0.23,
  //            "var": 0
  //          },
  //          {
  //            "avg": 0.09,
  //            "var": 0.1
  //          }
  //        ],
  //        "*-lit-west": [
  //          {
  //            "avg": -0.09,
  //            "var": 0.1
  //          },
  //          {
  //            "avg": -0.23,
  //            "var": 0
  //          },
  //          {
  //            "avg": 0,
  //            "var": 0.1
  //          }
  //        ]
  //      },
  //      "velocity": [
  //        {
  //          "avg": 0,
  //          "var": 0.15
  //        },
  //        {
  //          "avg": 0.5,
  //          "var": 0.1
  //        },
  //        {
  //          "avg": 0,
  //          "var": 0.15
  //        }
  //      ],
  //      "quantity": { "avg": 0.015 },
  //      "size": {
  //        "avg": 0.4,
  //        "var": 0
  //      },
  //      "sizeEvolve": {
  //        "transform": "quadratic",
  //        "factor": -0.7
  //      },
  //      "lifeLength": { "avg": 1.5 },
  //      "vertexFlags": 128,
  //      "windAffectednes": 0.2
  //    },
  //    {
  //      "__comment": "Fire quads",
  //      "hsvaColor": [
  //        {
  //          "avg": 210,
  //          "var": 20
  //        },
  //        {
  //          "avg": 155,
  //          "var": 50
  //        },
  //        {
  //          "avg": 155,
  //          "var": 50
  //        },
  //        {
  //          "avg": 255,
  //          "var": 0
  //        }
  //      ],
  //      "opacityEvolve": {
  //        "transform": "quadratic",
  //        "factor": -16
  //      },
  //      "gravityEffect": {
  //        "avg": 0,
  //        "var": 0
  //      },
  //      "posOffsetByType": {
  //        "*-lit-up": [
  //          {
  //            "avg": 0,
  //            "var": 0.12
  //          },
  //          {
  //            "avg": -0.2,
  //            "var": 0
  //          },
  //          {
  //            "avg": 0,
  //            "var": 0.12
  //          }
  //        ],
  //        "*-lit-north": [
  //          {
  //            "avg": 0,
  //            "var": 0.12
  //          },
  //          {
  //            "avg": -0.23,
  //            "var": 0
  //          },
  //          {
  //            "avg": -0.09,
  //            "var": 0.12
  //          }
  //        ],
  //        "*-lit-east": [
  //          {
  //            "avg": 0.09,
  //            "var": 0.12
  //          },
  //          {
  //            "avg": -0.23,
  //            "var": 0
  //          },
  //          {
  //            "avg": 0,
  //            "var": 0.12
  //          }
  //        ],
  //        "*-lit-south": [
  //          {
  //            "avg": 0,
  //            "var": 0.12
  //          },
  //          {
  //            "avg": -0.23,
  //            "var": 0
  //          },
  //          {
  //            "avg": 0.09,
  //            "var": 0.12
  //          }
  //        ],
  //        "*-lit-west": [
  //          {
  //            "avg": -0.09,
  //            "var": 0.12
  //          },
  //          {
  //            "avg": -0.23,
  //            "var": 0
  //          },
  //          {
  //            "avg": 0,
  //            "var": 0.12
  //          }
  //        ]
  //      },
  //      "velocity": [
  //        {
  //          "avg": 0,
  //          "var": 0.025
  //        },
  //        {
  //          "avg": 0.18,
  //          "var": 0.07
  //        },
  //        {
  //          "avg": 0,
  //          "var": 0.025
  //        }
  //      ],
  //      "quantity": { "avg": 1 },
  //      "size": {
  //        "avg": 0.25,
  //        "var": 0.05
  //      },
  //      "lifeLength": { "avg": 0.25 },
  //      "sizeEvolve": {
  //        "transform": "linear",
  //        "factor": 0.25
  //      },
  //      "particleModel": "Quad",
  //      "vertexFlags": 128,
  //      "windAffectednes": 0.5
  //    }
  //  ]
  //},

  "blockmaterial": "Other",

  "sounds": {
    "place": "game:block/planks",
    "break": "game:block/planks",
    "hit": "game:block/planks"
  },

  "rainPermeable": true,
  "materialDensity": 1800,

  "fpHandTransform": {
    "translation": {
      "x": 0.3,
      "y": -0.1,
      "z": 0
    },
    "rotation": {
      "x": 0,
      "y": -45,
      "z": 0
    },
    "scale": 1.18
  },
  "guiTransform": {
    "origin": {
      "x": 0.5,
      "y": 0.3,
      "z": 0.5
    },
    "scale": 1.5
  },
  "tpHandTransform": {
    "translation": {
      "x": -0.59,
      "y": -0.89,
      "z": -0.83
    },
    "rotation": {
      "x": 0,
      "y": -8,
      "z": -96
    },
    "scale": 0.55
  },
  "groundTransform": {
    "origin": {
      "x": 0.5,
      "y": 0,
      "z": 0.5
    },
    "scale": 2
  },
  "selectionboxbytype": {
    "*-up": {
      "x1": 0.25,
      "y1": 0,
      "z1": 0.25,
      "x2": 0.75,
      "y2": 0.75,
      "z2": 0.75
    },
    "*-down": {
      "x1": 0.25,
      "y1": 0,
      "z1": 0.25,
      "x2": 0.75,
      "y2": 1,
      "z2": 0.75
    },
    "*-east": {
      "x1": 0.25,
      "y1": 0,
      "z1": 0.25,
      "x2": 0.75,
      "y2": 0.875,
      "z2": 1,
      "rotateY": 270
    },
    "*-south": {
      "x1": 0.25,
      "y1": 0,
      "z1": 0.25,
      "x2": 0.75,
      "y2": 0.875,
      "z2": 1,
      "rotateY": 180
    },
    "*-west": {
      "x1": 0.25,
      "y1": 0,
      "z1": 0.25,
      "x2": 0.75,
      "y2": 0.875,
      "z2": 1,
      "rotateY": 90
    },
    "*-north": {
      "x1": 0.25,
      "y1": 0,
      "z1": 0.25,
      "x2": 0.75,
      "y2": 0.875,
      "z2": 1,
      "rotateY": 0
    }
  },
  "collisionboxbytype": {
    "*-up": {
      "x1": 0.25,
      "y1": 0,
      "z1": 0.25,
      "x2": 0.6875,
      "y2": 0.75,
      "z2": 0.75
    },
    "*-down": {
      "x1": 0.25,
      "y1": 0,
      "z1": 0.25,
      "x2": 0.75,
      "y2": 1,
      "z2": 0.75
    },
    "*-east": {
      "x1": 0.25,
      "y1": 0,
      "z1": 0.25,
      "x2": 0.75,
      "y2": 0.875,
      "z2": 1,
      "rotateY": 270
    },
    "*-south": {
      "x1": 0.25,
      "y1": 0,
      "z1": 0.25,
      "x2": 0.75,
      "y2": 0.875,
      "z2": 1,
      "rotateY": 180
    },
    "*-west": {
      "x1": 0.25,
      "y1": 0,
      "z1": 0.25,
      "x2": 0.75,
      "y2": 0.875,
      "z2": 1,
      "rotateY": 90
    },
    "*-north": {
      "x1": 0.25,
      "y1": 0,
      "z1": 0.25,
      "x2": 0.75,
      "y2": 0.875,
      "z2": 1,
      "rotateY": 0
    }
  }
}