{
  "code": "runestone",
  "classByType": {
    "*": "BlockRunestoneRM"
  },
  "enabled": true,

  //"storageFlags": 131073,

  "variantgroups": [
    {
      "code": "type",
      "states": [ "lesser", "greater", "superior", "celestial" ]
    }
  ],


  "attributes": {
    "displaycaseable": true,
    "shelvable": true,
    "handbook": {
      "groupByByType": {
        "runestone-*": [ "runestone-*" ]
      },
      "extraSections": [
        {
          "title": "game:Created by",
          "text": "rustboundmagic:handbook-rituals-text"
        }
      ]
    }
  },

  "shapebytype": {
    "*": { "base": "blocks/stations/runestone" }
  },
  "texturesByType": {
    "*-lesser": {
      "default": { "base": "default" },
      "material1": { "base": "blocks/stations/oculus-manastone-none*" },
      "material2": { "base": "color-white" },
      "material3": { "base": "game:block/stone/rock/obsidian1" },
      "material4": { "base": "game:block/machine/statictranslocator/rustyglow" },
      "material5": { "base": "game:block/stone/rock/obsidian1" },
      "material6": { "base": "game:block/stone/rock/obsidian1" },
      "material": { "base": "game:block/machine/statictranslocator/rustyglow" }
    },
    "*-greater": {
      "default": { "base": "default" },
      "material1": { "base": "blocks/stations/oculus-manastone-none*" },
      "material2": { "base": "color-green" },
      "material3": { "base": "game:block/stone/rock/obsidian1" },
      "material4": { "base": "game:block/machine/statictranslocator/rustyglow" },
      "material5": { "base": "game:block/stone/rock/obsidian1" },
      "material6": { "base": "game:block/stone/rock/obsidian1" },
      "material": { "base": "game:block/machine/statictranslocator/rustyglow" }
    },
    "*-superior": {
      "default": { "base": "default" },
      "material1": { "base": "blocks/stations/oculus-manastone-none*" },
      "material2": { "base": "color-blue" },
      "material3": { "base": "game:block/stone/rock/obsidian1" },
      "material4": { "base": "game:block/machine/statictranslocator/rustyglow" },
      "material5": { "base": "game:block/stone/rock/obsidian1" },
      "material6": { "base": "game:block/stone/rock/obsidian1" },
      "material": { "base": "game:block/machine/statictranslocator/rustyglow" }
    },
    "*-celestial": {
      "default": { "base": "default" },
      "material1": { "base": "blocks/stations/oculus-manastone-none*" },
      "material2": { "base": "color-purple" },
      "material3": { "base": "game:block/stone/rock/obsidian1" },
      "material4": { "base": "game:block/machine/statictranslocator/rustyglow" },
      "material5": { "base": "game:block/stone/rock/obsidian1" },
      "material6": { "base": "game:block/stone/rock/obsidian1" },
      "material": { "base": "game:block/machine/statictranslocator/rustyglow" }
    }
  },

  "creativeinventory": {
    "general": [ "*" ],
    "terrain": [ "*" ],
    "rustboundmagic": [ "*" ]
  },

  "drawtype": "json",
  "blockmaterial": "Stone",
  "replaceable": 200,
  "resistance": 4,
  "lightAbsorption": 99,
  "maxstacksize": 16,
  //"faceCullMode": "MergeMaterial",
  //"renderPass": "BlendNoCull",
  //"vertexFlags": {
  //  "zOffset": 2
  //},

  "sideopaque": {
    "all": false
  },

  "heldTpIdleAnimation": "holdbothhandslarge",
  "heldTpUseAnimation": "twohandplaceblock",

  "sounds": {
    "walk": "game:walk/stone",
    "byTool": {
      "Pickaxe": {
        "hit": "game:block/rock-hit-pickaxe",
        "break": "game:block/rock-break-pickaxe"
      }
    }
  },

  "tpHandTransform": {
    "translation": {
      "x": -1.23,
      "y": -0.91,
      "z": -0.8
    },
    "rotation": {
      "x": -2,
      "y": 25,
      "z": -78
    },
    "scale": 0.4
  }
}