{
    "ingredient": {
        "type": "item",
        "code": "game:clay-*",
        "name": "type",
        "allowedVariants": [ "blue", "fire" ]
    },
    "pattern": [
        [
            "##############",
            "##############",
            "##############",
            "##############",
            "##############",
            "##############",
            "##############",
            "##############",
            "##############",
            "##############",
            "##############",
            "##############",
            "##############",
            "##############"
        ],
        [
            "##############",
            "##############",
            "####______####",
            "###________###",
            "###________###",
            "###________###",
            "###________###",
            "###________###",
            "###________###",
            "###________###",
            "###________###",
            "####______####",
            "##############",
            "##############"
        ]
    ],
    "name": "Mallet Mold",
    "output": {
        "type": "block",
        "code": "ancienttools:toolmoldancienttools-raw-mallet"
    }
}