{
	"ingredient": { "type": "item", "code": "game:clay-*", "name": "color", "allowedVariants": [ "black", "blue", "blurple", "brown", "darkgrey", "fire", "green", "light", "malachite", "orange", "pink", "purple", "red", "yellow", "lavender", "paleblue", "palegreen", "palered", "peach", "sunflower", "white" ] },
	"pattern": [[
		"______________",
		"_#####__#####_",
		"_#####__#####_",
		"_#####__#####_",
		"_#####__#####_",
		"_#####__#####_",
		"______________",
		"______________",
		"_#####__#####_",
		"_#####__#####_",
		"_#####__#####_",
		"_#####__#####_",
		"_#####__#####_",
		"______________"
	],
	[
		"______________",
		"_#####__#####_",
		"_#___#__#___#_",
		"_#___#__#___#_",
		"_##_##__##_##_",
		"__#_#____#_#__",
		"______________",
		"______________",
		"__#_#____#_#__",
		"_##_##__##_##_",
		"_#___#__#___#_",
		"_#___#__#___#_",
		"_#####__#####_",
		"______________"
	],
	[
		"______________",
		"______________",
		"__###____###__",
		"__#_#____#_#__",
		"__###____###__",
		"______________",
		"______________",
		"______________",
		"______________",
		"__###____###__",
		"__#_#____#_#__",
		"__###____###__",
		"______________",
		"______________"
	]],
	"name": "recipe-clayforming-colored-vatspoutedlidcolored",
	"output": { "type": "block", "code": "bricklayers:vatlidcolored-raw-spouted-{color}", "stacksize": 4 }
}
