{
  "code": "armorhead",
  "class": "ItemWearableSoulboundRM",
  "enabled": true,

  "storageFlags": 385,

  "variantgroups": [
    {
      "code": "color",
      "loadFromProperties": "rustboundmagic:abstract/color"
    },
    {
      "code": "type",
      "states": [
        "arcane-head-tier1",
        "arcane-head-tier2",
        "arcane-head-tier3",
        "arcane-head-tier4"
      ]
    }
  ],
  //"skipVariants": [ "*-arcane-head-tier1" ],

  //"storageFlags": 33152,
  "attributesByType": {
    "*-tier1": {
      "handbookByType": {
        "*-plain-*": {
          "groupBy": [ "*-tier1" ],
          "extraSections": [
            {
              "title": "game:Created by",
              "text": "rustboundmagic:handbook-synthesistier1-text"
            },
            {
              "title": "rustboundmagic:handbook-changablewith-title",
              "text": "rustboundmagic:handbook-transmogstone-text"
            }
          ]
        },
        "*": {
          "groupBy": [ "*-tier1" ],
          "extraSections": [
            {
              "title": "rustboundmagic:handbook-changablewith-title",
              "text": "rustboundmagic:handbook-transmogstone-text"
            }
          ]
        }
      },
      "wearableAttachment": true,
      "clothescategory": "armorhead",
      "disableElements": [ "Ponytail1", "hideme" ],
      "defaultProtLoss": {
        "perTierRelativeProtectionLoss": [ 0.03, 0.15 ],
        "perTierFlatDamageReductionLoss": [ 0.1, 0.2 ]
      },
      "protectionModifiersByType": {
        "*": {
          "relativeProtection": 0.6,
          "flatDamageReduction": 0.4,
          "protectionTier": 1
        }
      },
      "statModifiersByType": {
        "*": {
          "walkSpeed": -0.02,
          "healingeffectivness": -0.15,
          "hungerrate": 0.03
        }
      },
      "magicStatModifiers": {
        "maxmana": 2,
        "manacost": -0.01,
        "manaregen": 1
      }
    },
    "*-tier2": {
      "handbookByType": {
        "*-plain-*": {
          "groupBy": [ "*-tier2" ],
          "extraSections": [
            {
              "title": "game:Created by",
              "text": "rustboundmagic:handbook-synthesistier2-text"
            },
            {
              "title": "rustboundmagic:handbook-changablewith-title",
              "text": "rustboundmagic:handbook-transmogstone-text"
            }
          ]
        },
        "*": {
          "groupBy": [ "*-tier2" ],
          "extraSections": [
            {
              "title": "rustboundmagic:handbook-changablewith-title",
              "text": "rustboundmagic:handbook-transmogstone-text"
            }
          ]
        }
      },
      "wearableAttachment": true,
      "clothescategory": "armorhead",
      "disableElements": [ "Ponytail1", "hideme" ],
      "defaultProtLoss": {
        "perTierRelativeProtectionLoss": [ 0.03, 0.15 ],
        "perTierFlatDamageReductionLoss": [ 0.1, 0.2 ]
      },
      "protectionModifiersByType": {
        "*": {
          "relativeProtection": 0.65,
          "flatDamageReduction": 0.6,
          "protectionTier": 2
        }
      },
      "statModifiersByType": {
        "*": {
          "walkSpeed": -0.02,
          "healingeffectivness": -0.15,
          "hungerrate": 0.03
        }
      },
      "magicStatModifiers": {
        "maxmana": 10,
        "manacost": -0.04,
        "manaregen": 2
      }
    },
    "*-tier3": {
      "handbookByType": {
        "*-plain-*": {
          "groupBy": [ "*-tier3" ],
          "extraSections": [
            {
              "title": "game:Created by",
              "text": "rustboundmagic:handbook-synthesistier3-text"
            },
            {
              "title": "rustboundmagic:handbook-changablewith-title",
              "text": "rustboundmagic:handbook-transmogstone-text"
            }
          ]
        },
        "*": {
          "groupBy": [ "*-tier3" ],
          "extraSections": [
            {
              "title": "rustboundmagic:handbook-changablewith-title",
              "text": "rustboundmagic:handbook-transmogstone-text"
            }
          ]
        }
      },
      "wearableAttachment": true,
      "clothescategory": "armorhead",
      "disableElements": [ "Ponytail1", "hideme" ],
      "defaultProtLoss": {
        "perTierRelativeProtectionLoss": [ 0.03, 0.15 ],
        "perTierFlatDamageReductionLoss": [ 0.1, 0.2 ]
      },
      "protectionModifiersByType": {
        "*": {
          "relativeProtection": 0.7,
          "flatDamageReduction": 0.8,
          "protectionTier": 3
        }
      },
      "statModifiersByType": {
        "*": {
          "walkSpeed": -0.02,
          "healingeffectivness": -0.15,
          "hungerrate": 0.03
        }
      },
      "magicStatModifiers": {
        "maxmana": 25,
        "manacost": -0.07,
        "manaregen": 3
      }
    },
    "*-tier4": {
      "handbook": {
        "groupBy": [ "armorhead-arcane-*" ],
        "extraSections": [
          {
            "title": "game:Created by",
            "text": "rustboundmagic:handbook-synthesistier4-text"
          }
        ]
      },
      "wearableAttachment": true,
      "clothescategory": "armorhead",
      "disableElements": [ "Ponytail1", "hideme" ],
      "defaultProtLoss": {
        "perTierRelativeProtectionLoss": [ 0.03, 0.15 ],
        "perTierFlatDamageReductionLoss": [ 0.1, 0.2 ]
      },
      "protectionModifiersByType": {
        "*": {
          "relativeProtection": 0.75,
          "flatDamageReduction": 1.0,
          "protectionTier": 4
        }
      },
      "statModifiersByType": {
        "*": {
          "walkSpeed": -0.02,
          "healingeffectivness": -0.15,
          "hungerrate": 0.03
        }
      },
      "magicStatModifiers": {
        "maxmana": 50,
        "manacost": -0.10,
        "manaregen": 4
      }
    },
    "*": {
      "handbook": {
        "groupBy": [ "armorhead-arcane-*" ]
      },
      "wearableAttachment": true,
      "clothescategory": "armorhead",
      "disableElements": [ "Ponytail1", "hideme" ],
      "defaultProtLoss": {
        "perTierRelativeProtectionLoss": [ 0.03, 0.15 ],
        "perTierFlatDamageReductionLoss": [ 0.1, 0.2 ]
      },
      "protectionModifiersByType": {
        "*": {
          "relativeProtection": 0.01,
          "flatDamageReduction": 0.01,
          "protectionTier": 0
        }
      },
      "statModifiersByType": {
        "*": {
          "walkSpeed": -0.02,
          "healingeffectivness": -0.17,
          "hungerrate": 0.03
        }
      },
      "magicStatModifiers": {
        "maxmana": 1,
        "manacost": -0.01
      }
    }
  },

  "creativeinventory": {
    "general": [ "*" ],
    "items": [ "*" ],
    "clothing": [ "*" ],
    "rustboundmagicequipment": [ "*" ]
  },

  "shapeByType": {
    "*": {
      "base": "entities/humanoids/armor/arcane-head"
    }
  },

  "texturesByType": {
    "*-tier1": {
      "seraph": { "base": "game:block/transparent" },
      "default": { "base": "default" },
      "colorblack": { "base": "color-black" },
      "metal": { "base": "default" },
      "gemsocket": { "base": "blocks/arcanus/arcanusblock-inert" },
      "gem": { "base": "blocks/arcanus/arcanusblocksolid-lesser" },
      "material1": { "base": "entities/humanoids/armor/outermaterial" },
      "material2": { "base": "entities/humanoids/armor/leatherouter-{color}" },
      "material3": { "base": "entities/humanoids/armor/clothblack" },
      "material4": { "base": "entities/humanoids/armor/eldrathiummetal" },
      "material5": { "base": "default" },
      "smallgear": { "base": "default" },
      "gold": { "base": "default" },
      "temporalgear": { "base": "default" },
      "temporal": { "base": "default" },
      "smoky": { "base": "default" },
      "rustyglow": { "base": "default" },
      "iron": { "base": "default" },
      "iron1": { "base": "default" },
      "rusty-iron": { "base": "default" },
      "brass": { "base": "default" }
    },
    "*-tier2": {
      "seraph": { "base": "game:block/transparent" },
      "default": { "base": "default" },
      "colorblack": { "base": "color-black" },
      "metal": { "base": "default" },
      "gemsocket": { "base": "blocks/arcanus/arcanusblock-inert" },
      "gem": { "base": "blocks/arcanus/arcanusblocksolid-greater" },
      "material1": { "base": "entities/humanoids/armor/outermaterial" },
      "material2": { "base": "entities/humanoids/armor/leatherouter-{color}" },
      "material3": { "base": "entities/humanoids/armor/clothblack" },
      "material4": { "base": "entities/humanoids/armor/eldrathiummetal" },
      "material5": { "base": "default" },
      "smallgear": { "base": "default" },
      "gold": { "base": "default" },
      "temporalgear": { "base": "default" },
      "temporal": { "base": "default" },
      "smoky": { "base": "default" },
      "rustyglow": { "base": "default" },
      "iron": { "base": "default" },
      "iron1": { "base": "default" },
      "rusty-iron": { "base": "default" },
      "brass": { "base": "default" }
    },
    "*-tier3": {
      "seraph": { "base": "game:block/transparent" },
      "default": { "base": "default" },
      "colorblack": { "base": "color-black" },
      "metal": { "base": "default" },
      "gemsocket": { "base": "blocks/arcanus/arcanusblock-inert" },
      "gem": { "base": "blocks/arcanus/arcanusblocksolid-superior" },
      "material1": { "base": "entities/humanoids/armor/outermaterial" },
      "material2": { "base": "entities/humanoids/armor/leatherouter-{color}" },
      "material3": { "base": "entities/humanoids/armor/clothblack" },
      "material4": { "base": "entities/humanoids/armor/eldrathiummetal" },
      "material5": { "base": "default" },
      "smallgear": { "base": "default" },
      "gold": { "base": "game:block/metal/tarnished/gold" },
      "temporalgear": { "base": "game:block/metal/tarnished/rusty-iron" },
      "temporal": { "base": "game:block/metal/tarnished/rusty-iron" },
      "smoky": { "base": "default" },
      "rustyglow": { "base": "default" },
      "iron": { "base": "default" },
      "iron1": { "base": "game:block/metal/tarnished/rusty-iron" },
      "rusty-iron": { "base": "default" },
      "brass": { "base": "default" }
    },
    "*-tier4": {
      "seraph": { "base": "game:block/transparent" },
      "default": { "base": "default" },
      "colorblack": { "base": "color-black" },
      "metal": { "base": "default" },
      "gemsocket": { "base": "blocks/arcanus/arcanusblock-inert" },
      "gem": { "base": "blocks/arcanus/arcanusblocksolid-celestial" },
      "material1": { "base": "entities/humanoids/armor/outermaterial" },
      "material2": { "base": "entities/humanoids/armor/leatherouter-{color}" },
      "material3": { "base": "entities/humanoids/armor/clothblack" },
      "material4": { "base": "entities/humanoids/armor/eldrathiummetal" },
      "material5": { "base": "entities/humanoids/armor/eldrathiummetal" },
      "smallgear": { "base": "default" },
      "gold": { "base": "game:block/metal/tarnished/gold" },
      "temporalgear": { "base": "game:item/resource/temporalgear" },
      "temporal": { "base": "game:item/resource/temporalgear" },
      "smoky": { "base": "game:block/glass/smoky" },
      "rustyglow": { "base": "game:block/machine/statictranslocator/rustyglow" },
      "iron": { "base": "game:block/metal/tarnished/iron" },
      "iron1": { "base": "game:block/machine/statictranslocator/rustyglow" },
      "rusty-iron": { "base": "game:block/metal/tarnished/rusty-iron" },
      "brass": { "base": "game:block/metal/tarnished/brass" }
    },
    "*": {
      "seraph": { "base": "game:entities/humanoids/seraphclothes/{category}/{arm}" }
    }
  },

  "heldTpUseAnimation": "interactstatic",

  "renderAlphaTest": 0.25,
  "durabilityByType": {
    "*-arcane-head-tier1": 600,
    "*-arcane-head-tier2": 900,
    "*-arcane-head-tier3": 1200,
    "*-arcane-head-tier4": 1500
  },

  "fpHandTransformByType": {
    "*": {
      "translation": {
        "x": 0.4,
        "y": -1.9,
        "z": -0.5
      },
      "rotation": {
        "x": 163,
        "y": -111,
        "z": -180
      },
      "origin": {
        "x": 0.5,
        "y": 1.7,
        "z": 0.5
      },
      "scale": 2.15
    }
  },
  "tpHandTransformByType": {
    "*": {
      "translation": {
        "x": -0.82,
        "y": -2.85,
        "z": -0.7
      },
      "rotation": {
        "x": 15,
        "y": 86,
        "z": 88
      },
      "origin": {
        "x": 0.5,
        "y": 1.7,
        "z": 0.5
      },
      "scale": 0.64
    }
  },
  "guiTransformByType": {
    "*": {
      "translation": {
        "x": 0,
        "y": 0,
        "z": 0
      },
      "rotation": {
        "x": -26,
        "y": -46,
        "z": -180
      },
      "origin": {
        "x": 0.7,
        "y": 1.72,
        "z": 0.5
      },
      "scale": 1.5
    }
  },
  "groundTransformByType": {
    "*": {
      "translation": {
        "x": 0,
        "y": 0,
        "z": 0
      },
      "rotation": {
        "x": 0,
        "y": 0,
        "z": 0
      },
      "origin": {
        "x": 0.34,
        "y": 1.71,
        "z": 0.5
      },
      "scale": 3.1
    }
  }
}
