{
  "code": "inventorybag",
  "classByType": {
    "*-arcanebag": "ItemArcaneBagRM",
    "*-bagofholding": "ItemBagOfHoldingRM"
  },
  
  "enabled": true,

  "variantgroups": [
    {
      "code": "type",
      "states": [ "arcanebag", "bagofholding" ]
    }
  ],


  "behaviors": [
    {
      "name": "GroundStorable",
      "properties": {
        "layout": "SingleCenter",
        "collisionBox": {
          "x1": 0.25,
          "y1": 0,
          "z1": 0.25,
          "x2": 0.75,
          "y2": 0.375,
          "z2": 0.75
        }
      }
    }
  ],

  "attributesByType": {
    "*-arcanebag": {
      //"wearableAttachment": true,
      //"attachShape": { "base": "game:item/bag/backpack-attached" },
      "backpack": {
        "quantitySlots": 10,
        "storageFlags": 131072,
        "slotBgColor": "#c2ffe8"
      },
      "handbook": {
        "extraSections": [
          {
            "title": "game:Created by",
            "text": "rustboundmagic:handbook-synthesistier2-text"
          }
        ]
      }
    },
    "*-bagofholding": {
      //"wearableAttachment": true,
      //"attachShape": { "base": "game:item/bag/backpack-attached" },
      "backpack": {
        "quantitySlots": 12
      },
      "handbook": {
        "extraSections": [
          {
            "title": "game:Created by",
            "text": "rustboundmagic:handbook-synthesistier4-text"
          }
        ]
      }
    }
  },

  "creativeinventory": {
    "general": [ "*" ],
    "items": [ "*" ],
    "rustboundmagic": [ "*" ]
  },

  "maxstacksize": 1,
  "storageFlags": 2,

  "shapebytype": {
    "*-arcanebag": {
      "base": "entities/humanoids/arcanebag"
    },
    "*-bagofholding": {
      "base": "entities/humanoids/bagofholding"
    }
  },
  "texturesByType": {
    "*-arcanebag": {
      "default": { "base": "default" },
      "linen": { "base": "entities/humanoids/bags/arcanebaglinen" },
      "top": { "base": "entities/humanoids/bags/arcanebagtop" }
    },
    "*-bagofholding": {
      "default": { "base": "default" },
      "linen": { "base": "entities/humanoids/bags/bagofholdinglinen" },
      "top": { "base": "entities/humanoids/bags/bagofholdingtop" }
    }
  },

  "guiTransform": {
    "translation": {
      "x": 0,
      "y": 0,
      "z": 0
    },
    "rotation": {
      "x": -25,
      "y": 23,
      "z": 180
    },
    "origin": {
      "x": 0.5299,
      "y": 0.23,
      "z": 0.5
    },
    "scale": 2.7 //,
    //"rotate": true
  },
  "fpHandTransform": {
    "translation": {
      "x": 0,
      "y": 0,
      "z": 0.2
    },
    "rotation": {
      "x": 47,
      "y": -80,
      "z": 33
    },
    "scale": 1.61
  },
  "tpHandTransform": {
    "translation": {
      "x": -0.7,
      "y": -0.5,
      "z": -0.6
    },
    "rotation": {
      "x": -4,
      "y": 47,
      "z": -17
    },
    "scale": 0.81
  },
  "groundTransform": {
    "translation": {
      "x": 0,
      "y": 0,
      "z": 0
    },
    "rotation": {
      "x": 180,
      "y": 33,
      "z": -180
    },
    "origin": {
      "x": 0.5,
      "y": 0,
      "z": 0.5
    },
    "scale": 2.5
  }
}
