﻿[

  {
    "file": "expandedfoods:recipes/simmering/wildcrafttrees/gelatin.json",
    op: "add", 
    path: "/0/enabled", 
    value: "false",
    side: "server",
    dependsOn: [{ "modid": "wildcrafttrees", "invert":  true }]
  },
  {
    "file": "expandedfoods:recipes/simmering/wildcrafttrees/gelatin.json",
    op: "add", 
    path: "/1/enabled", 
    value: "false",
    side: "server",
    dependsOn: [{ "modid": "wildcrafttrees", "invert":  true }]
  },
  {
    "file": "expandedfoods:recipes/simmering/wildcrafttrees/gelatin.json",
    op: "add", 
    path: "/2/enabled", 
    value: "false",
    side: "server",
    dependsOn: [{ "modid": "wildcrafttrees", "invert":  true }]
  },
  {
    "file": "expandedfoods:recipes/simmering/wildcrafttrees/gelatin.json",
    op: "add", 
    path: "/3/enabled", 
    value: "false",
    side: "server",
    dependsOn: [{ "modid": "wildcrafttrees", "invert":  true }]
  },
  {
    "file": "expandedfoods:recipes/simmering/wildcrafttrees/gelatin.json",
    op: "add", 
    path: "/4/enabled", 
    value: "false",
    side: "server",
    dependsOn: [{ "modid": "wildcrafttrees", "invert":  true }]
  },
  {
    "file": "expandedfoods:recipes/simmering/wildcrafttrees/gelatin.json",
    op: "add", 
    path: "/5/enabled", 
    value: "false",
    side: "server",
    dependsOn: [{ "modid": "wildcrafttrees", "invert":  true }]
  },
  {
    "file": "expandedfoods:recipes/simmering/wildcrafttrees/gelatin.json",
    op: "add", 
    path: "/6/enabled", 
    value: "false",
    side: "server",
    dependsOn: [{ "modid": "wildcrafttrees", "invert":  true }]
  },
  {
    "file": "expandedfoods:recipes/simmering/wildcrafttrees/gelatin.json",
    op: "add", 
    path: "/7/enabled", 
    value: "false",
    side: "server",
    dependsOn: [{ "modid": "wildcrafttrees", "invert":  true }]
  },
  {
    "file": "expandedfoods:recipes/simmering/wildcrafttrees/gelatin.json",
    op: "add", 
    path: "/8/enabled", 
    value: "false",
    side: "server",
    dependsOn: [{ "modid": "wildcrafttrees", "invert":  true }]
  },
  {
    "file": "expandedfoods:recipes/simmering/wildcrafttrees/gelatin.json",
    op: "add", 
    path: "/9/enabled", 
    value: "false",
    side: "server",
    dependsOn: [{ "modid": "wildcrafttrees", "invert":  true }]
  },
  {
    "file": "expandedfoods:recipes/simmering/wildcrafttrees/gelatin.json",
    op: "add", 
    path: "/10/enabled", 
    value: "false",
    side: "server",
    dependsOn: [{ "modid": "wildcrafttrees", "invert":  true }]
  },
  {
    "file": "expandedfoods:recipes/simmering/wildcrafttrees/gelatin.json",
    op: "add", 
    path: "/11/enabled", 
    value: "false",
    side: "server",
    dependsOn: [{ "modid": "wildcrafttrees", "invert":  true }]
  },
  {
    "file": "expandedfoods:recipes/simmering/wildcrafttrees/gelatin.json",
    op: "add", 
    path: "/12/enabled", 
    value: "false",
    side: "server",
    dependsOn: [{ "modid": "wildcrafttrees", "invert":  true }]
  },
  {
    "file": "expandedfoods:recipes/simmering/wildcrafttrees/gelatin.json",
    op: "add", 
    path: "/13/enabled", 
    value: "false",
    side: "server",
    dependsOn: [{ "modid": "wildcrafttrees", "invert":  true }]
  },

]