{
	"editor": {
		"allAngles": false,
		"entityTextureMode": false
	},
	"textureWidth": 8,
	"textureHeight": 8,
	"textureSizes": {
	},
	"textures": {
	},
	"elements": [
		{
			"name": "Cube1",
			"from": [ 8.0, 0.0, 8.0 ], 
			"to": [ 9.0, 1.0, 9.0 ], 
			"rotationOrigin": [ 8.0, 0.0, 8.0 ],
			"faces": {
				"north": { "texture": "#salveportion", "uv": [ 1.5, 0.5, 2.5, 1.5 ], "enabled": false },
				"east": { "texture": "#salveportion", "uv": [ 3.5, 1.0, 4.5, 2.0 ], "enabled": false },
				"south": { "texture": "#salveportion", "uv": [ 4.5, 0.5, 5.5, 1.5 ], "enabled": false },
				"west": { "texture": "#salveportion", "uv": [ 1.0, 0.5, 2.0, 1.5 ], "enabled": false },
				"up": { "texture": "#salveportion", "uv": [ 5.0, 2.0, 6.0, 3.0 ], "enabled": false },
				"down": { "texture": "#salveportion", "uv": [ 2.0, 6.0, 3.0, 7.0 ], "enabled": false }
			},
			"children": [
				{
					"name": "Cube2",
					"from": [ -2.0, 0.0, -2.0 ], 
					"to": [ 2.0, 1.0, 1.0 ], 
					"faces": {
						"north": { "texture": "#salveportion", "uv": [ 0.0, 5.0, 4.0, 6.0 ] },
						"east": { "texture": "#salveportion", "uv": [ 0.0, 4.0, 3.0, 5.0 ] },
						"south": { "texture": "#salveportion", "uv": [ 3.0, 1.5, 7.0, 2.5 ] },
						"west": { "texture": "#salveportion", "uv": [ 2.5, 6.5, 5.5, 7.5 ] },
						"up": { "texture": "#salveportion", "uv": [ 3.5, 2.5, 7.5, 5.5 ] },
						"down": { "texture": "#salveportion", "uv": [ 2.5, 3.5, 6.5, 6.5 ] }
					},
					"children": [
						{
							"name": "Cube3",
							"from": [ 1.0, 0.0, -1.0 ], 
							"to": [ 3.0, 2.0, 0.0 ], 
							"rotationOrigin": [ 2.0, 0.0, -1.0 ],
							"faces": {
								"north": { "texture": "#salveportion", "uv": [ 3.0, 3.5, 5.0, 5.5 ] },
								"east": { "texture": "#salveportion", "uv": [ 5.0, 3.5, 6.0, 5.5 ] },
								"south": { "texture": "#salveportion", "uv": [ 4.5, 5.5, 6.5, 7.5 ] },
								"west": { "texture": "#salveportion", "uv": [ 3.0, 5.5, 4.0, 7.5 ] },
								"up": { "texture": "#salveportion", "uv": [ 2.0, 4.5, 4.0, 5.5 ] },
								"down": { "texture": "#salveportion", "uv": [ 4.0, 3.5, 6.0, 4.5 ] }
							},
							"children": [
								{
									"name": "Cube16",
									"from": [ 0.0, 1.0, 1.0 ], 
									"to": [ 2.0, 1.5, 2.0 ], 
									"rotationOrigin": [ 1.0, 1.0, 1.0 ],
									"faces": {
										"north": { "texture": "#salveportion", "uv": [ 3.5, 3.5, 5.5, 4.0 ], "enabled": false },
										"east": { "texture": "#salveportion", "uv": [ 2.0, 2.0, 3.0, 2.5 ], "enabled": false },
										"south": { "texture": "#salveportion", "uv": [ 1.0, 6.5, 3.0, 7.0 ] },
										"west": { "texture": "#salveportion", "uv": [ 2.5, 1.5, 3.5, 2.0 ], "enabled": false },
										"up": { "texture": "#salveportion", "uv": [ 1.0, 5.0, 3.0, 6.0 ] },
										"down": { "texture": "#salveportion", "uv": [ 2.5, 4.0, 4.5, 5.0 ], "enabled": false }
									}
								}
							]
						},
						{
							"name": "Cube5",
							"from": [ 4.0, 0.0, 1.0 ], 
							"to": [ 5.0, 1.5, 3.0 ], 
							"rotationOrigin": [ 5.0, 0.0, 1.0 ],
							"faces": {
								"north": { "texture": "#salveportion", "uv": [ 6.0, 1.5, 7.0, 3.0 ] },
								"east": { "texture": "#salveportion", "uv": [ 3.5, 4.5, 5.5, 6.0 ] },
								"south": { "texture": "#salveportion", "uv": [ 5.0, 1.0, 6.0, 2.5 ] },
								"west": { "texture": "#salveportion", "uv": [ 3.5, 0.0, 5.5, 1.5 ] },
								"up": { "texture": "#salveportion", "uv": [ 3.0, 2.5, 4.0, 4.5 ] },
								"down": { "texture": "#salveportion", "uv": [ 0.5, 4.0, 1.5, 6.0 ] }
							}
						},
						{
							"name": "Cube6",
							"from": [ -1.0, 0.0, 1.0 ], 
							"to": [ 0.0, 1.5, 3.0 ], 
							"rotationOrigin": [ 0.0, 0.0, 1.0 ],
							"faces": {
								"north": { "texture": "#salveportion", "uv": [ 6.5, 1.0, 7.5, 2.5 ] },
								"east": { "texture": "#salveportion", "uv": [ 1.0, 0.0, 3.0, 1.5 ] },
								"south": { "texture": "#salveportion", "uv": [ 1.5, 6.0, 2.5, 7.5 ] },
								"west": { "texture": "#salveportion", "uv": [ 5.5, 5.0, 7.5, 6.5 ] },
								"up": { "texture": "#salveportion", "uv": [ 6.5, 4.5, 7.5, 6.5 ] },
								"down": { "texture": "#salveportion", "uv": [ 2.0, 0.5, 3.0, 2.5 ] }
							}
						},
						{
							"name": "Cube17",
							"from": [ 1.0, 0.0, 3.0 ], 
							"to": [ 3.0, 1.0, 5.0 ], 
							"rotationOrigin": [ 2.0, 0.0, 3.0 ],
							"faces": {
								"north": { "texture": "#salveportion", "uv": [ 2.0, 4.5, 4.0, 5.5 ], "enabled": false },
								"east": { "texture": "#salveportion", "uv": [ 1.0, 0.0, 3.0, 1.0 ] },
								"south": { "texture": "#salveportion", "uv": [ 4.5, 1.5, 6.5, 2.5 ] },
								"west": { "texture": "#salveportion", "uv": [ 3.0, 4.5, 5.0, 5.5 ] },
								"up": { "texture": "#salveportion", "uv": [ 5.5, 4.0, 7.5, 6.0 ] },
								"down": { "texture": "#salveportion", "uv": [ 4.5, 5.0, 6.5, 7.0 ] }
							},
							"children": [
								{
									"name": "Cube4",
									"from": [ 0.0, 0.0, 2.0 ], 
									"to": [ 2.0, 0.5, 3.0 ], 
									"rotationOrigin": [ 1.0, 0.0, 2.0 ],
									"faces": {
										"north": { "texture": "#salveportion", "uv": [ 4.0, 4.0, 6.0, 4.5 ], "enabled": false },
										"east": { "texture": "#salveportion", "uv": [ 3.5, 0.5, 4.5, 1.0 ] },
										"south": { "texture": "#salveportion", "uv": [ 0.0, 3.5, 2.0, 4.0 ] },
										"west": { "texture": "#salveportion", "uv": [ 2.0, 4.5, 3.0, 5.0 ] },
										"up": { "texture": "#salveportion", "uv": [ 0.5, 4.0, 2.5, 5.0 ] },
										"down": { "texture": "#salveportion", "uv": [ 1.5, 6.0, 3.5, 7.0 ] }
									}
								},
								{
									"name": "Cube18",
									"from": [ -2.0, 0.0, 0.0 ], 
									"to": [ -1.0, 1.0, 1.0 ], 
									"rotationOrigin": [ -1.0, 0.0, 0.0 ],
									"faces": {
										"north": { "texture": "#salveportion", "uv": [ 1.5, 0.5, 2.5, 1.5 ], "enabled": false },
										"east": { "texture": "#salveportion", "uv": [ 3.5, 2.5, 4.5, 3.5 ] },
										"south": { "texture": "#salveportion", "uv": [ 0.5, 6.5, 1.5, 7.5 ] },
										"west": { "texture": "#salveportion", "uv": [ 0.0, 4.5, 1.0, 5.5 ] },
										"up": { "texture": "#salveportion", "uv": [ 1.5, 6.0, 2.5, 7.0 ] },
										"down": { "texture": "#salveportion", "uv": [ 3.0, 3.5, 4.0, 4.5 ] }
									}
								},
								{
									"name": "Cube19",
									"from": [ -1.0, 0.0, 0.0 ], 
									"to": [ 0.0, 0.5, 2.0 ], 
									"faces": {
										"north": { "texture": "#salveportion", "uv": [ 4.5, 1.0, 5.5, 1.5 ], "enabled": false },
										"east": { "texture": "#salveportion", "uv": [ 4.0, 0.5, 6.0, 1.0 ], "enabled": false },
										"south": { "texture": "#salveportion", "uv": [ 5.0, 6.0, 6.0, 6.5 ] },
										"west": { "texture": "#salveportion", "uv": [ 0.0, 1.5, 2.0, 2.0 ] },
										"up": { "texture": "#salveportion", "uv": [ 2.0, 3.5, 3.0, 5.5 ] },
										"down": { "texture": "#salveportion", "uv": [ 4.5, 2.0, 5.5, 4.0 ] }
									}
								},
								{
									"name": "Cube20",
									"from": [ 3.0, 0.0, 0.0 ], 
									"to": [ 4.0, 1.0, 1.0 ], 
									"rotationOrigin": [ 4.0, 0.0, 0.0 ],
									"faces": {
										"north": { "texture": "#salveportion", "uv": [ 0.0, 6.0, 1.0, 7.0 ], "enabled": false },
										"east": { "texture": "#salveportion", "uv": [ 5.5, 3.5, 6.5, 4.5 ] },
										"south": { "texture": "#salveportion", "uv": [ 3.5, 1.5, 4.5, 2.5 ] },
										"west": { "texture": "#salveportion", "uv": [ 1.0, 3.5, 2.0, 4.5 ] },
										"up": { "texture": "#salveportion", "uv": [ 6.5, 2.0, 7.5, 3.0 ] },
										"down": { "texture": "#salveportion", "uv": [ 0.0, 3.5, 1.0, 4.5 ] }
									}
								},
								{
									"name": "Cube21",
									"from": [ 2.0, 0.0, 0.0 ], 
									"to": [ 3.0, 0.5, 2.0 ], 
									"rotationOrigin": [ 3.0, 0.0, 0.0 ],
									"faces": {
										"north": { "texture": "#salveportion", "uv": [ 5.0, 4.0, 6.0, 4.5 ], "enabled": false },
										"east": { "texture": "#salveportion", "uv": [ 3.5, 2.0, 5.5, 2.5 ] },
										"south": { "texture": "#salveportion", "uv": [ 3.0, 3.5, 4.0, 4.0 ] },
										"west": { "texture": "#salveportion", "uv": [ 2.0, 2.0, 4.0, 2.5 ], "enabled": false },
										"up": { "texture": "#salveportion", "uv": [ 4.0, 3.0, 5.0, 5.0 ] },
										"down": { "texture": "#salveportion", "uv": [ 2.0, 2.0, 3.0, 4.0 ] }
									}
								}
							]
						}
					]
				},
				{
					"name": "Cube7",
					"from": [ -2.0, 1.0, -2.0 ], 
					"to": [ -1.0, 2.0, -1.0 ], 
					"rotationOrigin": [ -2.0, 1.0, -2.0 ],
					"faces": {
						"north": { "texture": "#salveportion", "uv": [ 4.0, 6.0, 5.0, 7.0 ] },
						"east": { "texture": "#salveportion", "uv": [ 0.5, 3.0, 1.5, 4.0 ] },
						"south": { "texture": "#salveportion", "uv": [ 3.5, 2.5, 4.5, 3.5 ] },
						"west": { "texture": "#salveportion", "uv": [ 0.5, 2.5, 1.5, 3.5 ] },
						"up": { "texture": "#salveportion", "uv": [ 2.0, 1.0, 3.0, 2.0 ] },
						"down": { "texture": "#salveportion", "uv": [ 6.0, 5.5, 7.0, 6.5 ], "enabled": false }
					},
					"children": [
						{
							"name": "Cube8",
							"from": [ -1.0, 0.5, 1.0 ], 
							"to": [ 0.0, 1.0, 2.0 ], 
							"rotationOrigin": [ -1.0, 0.0, 1.0 ],
							"faces": {
								"north": { "texture": "#salveportion", "uv": [ 3.0, 1.5, 4.0, 2.0 ] },
								"east": { "texture": "#salveportion", "uv": [ 6.5, 4.0, 7.5, 4.5 ] },
								"south": { "texture": "#salveportion", "uv": [ 1.0, 4.0, 2.0, 4.5 ] },
								"west": { "texture": "#salveportion", "uv": [ 2.0, 3.0, 3.0, 3.5 ] },
								"up": { "texture": "#salveportion", "uv": [ 1.0, 0.5, 2.0, 1.5 ] },
								"down": { "texture": "#salveportion", "uv": [ 0.0, 2.0, 1.0, 3.0 ], "enabled": false }
							}
						},
						{
							"name": "Cube10",
							"from": [ 0.0, 0.0, 1.0 ], 
							"to": [ 1.0, 0.5, 2.0 ], 
							"rotationOrigin": [ 0.0, 0.0, 1.0 ],
							"faces": {
								"north": { "texture": "#salveportion", "uv": [ 4.0, 0.5, 5.0, 1.0 ], "enabled": false },
								"east": { "texture": "#salveportion", "uv": [ 4.5, 2.5, 5.5, 3.0 ] },
								"south": { "texture": "#salveportion", "uv": [ 0.0, 2.5, 1.0, 3.0 ] },
								"west": { "texture": "#salveportion", "uv": [ 2.5, 1.0, 3.5, 1.5 ], "enabled": false },
								"up": { "texture": "#salveportion", "uv": [ 0.0, 6.5, 1.0, 7.5 ] },
								"down": { "texture": "#salveportion", "uv": [ 5.0, 0.5, 6.0, 1.5 ], "enabled": false }
							}
						}
					]
				},
				{
					"name": "Cube11",
					"from": [ 1.0, 1.0, -2.0 ], 
					"to": [ 2.0, 2.0, -1.0 ], 
					"rotationOrigin": [ 1.0, 1.0, -2.0 ],
					"faces": {
						"north": { "texture": "#salveportion", "uv": [ 3.5, 4.0, 4.5, 5.0 ] },
						"east": { "texture": "#salveportion", "uv": [ 1.0, 5.5, 2.0, 6.5 ] },
						"south": { "texture": "#salveportion", "uv": [ 5.0, 1.0, 6.0, 2.0 ] },
						"west": { "texture": "#salveportion", "uv": [ 6.0, 0.0, 7.0, 1.0 ] },
						"up": { "texture": "#salveportion", "uv": [ 1.5, 2.5, 2.5, 3.5 ] },
						"down": { "texture": "#salveportion", "uv": [ 1.5, 2.5, 2.5, 3.5 ], "enabled": false }
					},
					"children": [
						{
							"name": "Cube12",
							"from": [ 1.0, 0.5, 1.0 ], 
							"to": [ 2.0, 1.0, 2.0 ], 
							"rotationOrigin": [ 1.0, 0.0, 1.0 ],
							"faces": {
								"north": { "texture": "#salveportion", "uv": [ 6.5, 6.5, 7.5, 7.0 ] },
								"east": { "texture": "#salveportion", "uv": [ 2.5, 2.5, 3.5, 3.0 ] },
								"south": { "texture": "#salveportion", "uv": [ 3.5, 6.0, 4.5, 6.5 ] },
								"west": { "texture": "#salveportion", "uv": [ 5.5, 1.0, 6.5, 1.5 ] },
								"up": { "texture": "#salveportion", "uv": [ 6.0, 1.5, 7.0, 2.5 ] },
								"down": { "texture": "#salveportion", "uv": [ 5.0, 5.5, 6.0, 6.5 ], "enabled": false }
							}
						},
						{
							"name": "Cube14",
							"from": [ 0.0, 0.0, 1.0 ], 
							"to": [ 1.0, 0.5, 2.0 ], 
							"rotationOrigin": [ 0.0, 0.0, 1.0 ],
							"faces": {
								"north": { "texture": "#salveportion", "uv": [ 1.5, 5.5, 2.5, 6.0 ], "enabled": false },
								"east": { "texture": "#salveportion", "uv": [ 3.5, 6.5, 4.5, 7.0 ], "enabled": false },
								"south": { "texture": "#salveportion", "uv": [ 4.0, 6.5, 5.0, 7.0 ] },
								"west": { "texture": "#salveportion", "uv": [ 1.0, 0.0, 2.0, 0.5 ] },
								"up": { "texture": "#salveportion", "uv": [ 2.0, 5.0, 3.0, 6.0 ] },
								"down": { "texture": "#salveportion", "uv": [ 3.5, 3.0, 4.5, 4.0 ], "enabled": false }
							}
						}
					]
				}
			]
		}
	]}