{
	"editor": {
		"allAngles": false,
		"entityTextureMode": false
	},
	"textureWidth": 16,
	"textureHeight": 16,
	"textureSizes": {
	},
	"textures": {
	},
	"elements": [
		{
			"name": "Root",
			"from": [ 8.0, 0.0, 8.0 ], 
			"to": [ 12.0, 1.0, 9.0 ], 
			"rotationOrigin": [ 8.0, 0.0, 8.0 ],
			"faces": {
				"north": { "texture": "#null", "uv": [ 0.0, 0.0, 4.0, 1.0 ], "enabled": false },
				"east": { "texture": "#null", "uv": [ 0.0, 0.0, 1.0, 1.0 ], "enabled": false },
				"south": { "texture": "#null", "uv": [ 0.0, 0.0, 4.0, 1.0 ], "enabled": false },
				"west": { "texture": "#null", "uv": [ 0.0, 0.0, 1.0, 1.0 ], "enabled": false },
				"up": { "texture": "#null", "uv": [ 0.0, 0.0, 4.0, 1.0 ], "enabled": false },
				"down": { "texture": "#null", "uv": [ 0.0, 0.0, 4.0, 1.0 ], "enabled": false }
			},
			"children": [
				{
					"name": "WestWheel63",
					"from": [ 0.0, 1.3, 0.0 ], 
					"to": [ 1.0, 2.3, 1.0 ], 
					"rotationOrigin": [ 0.0, 1.3, 0.0 ],
					"rotationZ": -90.0,
					"faces": {
						"north": { "texture": "#null", "uv": [ 0.0, 0.0, 1.0, 1.0 ], "enabled": false },
						"east": { "texture": "#null", "uv": [ 0.0, 0.0, 1.0, 1.0 ], "enabled": false },
						"south": { "texture": "#null", "uv": [ 0.0, 0.0, 1.0, 1.0 ], "enabled": false },
						"west": { "texture": "#null", "uv": [ 0.0, 0.0, 1.0, 1.0 ], "enabled": false },
						"up": { "texture": "#null", "uv": [ 0.0, 0.0, 1.0, 1.0 ], "enabled": false },
						"down": { "texture": "#null", "uv": [ 0.0, 0.0, 1.0, 1.0 ], "enabled": false }
					},
					"children": [
						{
							"name": "WestWheelCore65",
							"from": [ 0.0, -1.0, -1.0 ], 
							"to": [ 1.0, 1.0, 1.0 ], 
							"rotationOrigin": [ 0.0, -1.0, -1.0 ],
							"faces": {
								"north": { "texture": "#granite1", "uv": [ 0.0, 0.0, 1.0, 2.0 ], "enabled": false },
								"east": { "texture": "#wheelaccent", "uv": [ 12.0, 7.0, 14.0, 9.0 ] },
								"south": { "texture": "#granite1", "uv": [ 0.0, 0.0, 1.0, 2.0 ], "enabled": false },
								"west": { "texture": "#wheelaccent", "uv": [ 5.5, 3.0, 7.5, 5.0 ] },
								"up": { "texture": "#granite1", "uv": [ 0.0, 0.0, 1.0, 2.0 ], "enabled": false },
								"down": { "texture": "#wheelaccent", "uv": [ 0.0, 0.0, 1.0, 2.0 ], "enabled": false }
							},
							"children": [
								{
									"name": "WestWheelCore138",
									"from": [ -0.25, 0.5, -0.5 ], 
									"to": [ 1.25, 1.5, 0.0 ], 
									"rotationOrigin": [ 1.0, 1.0, 1.0 ],
									"rotationX": 180.0,
									"faces": {
										"north": { "texture": "#wheelwood", "uv": [ 2.0, 8.5, 3.5, 9.5 ] },
										"east": { "texture": "#wheelwood", "uv": [ 12.0, 2.0, 12.5, 3.0 ] },
										"south": { "texture": "#wheelwood", "uv": [ 7.5, 7.5, 9.0, 8.5 ] },
										"west": { "texture": "#wheelwood", "uv": [ 10.5, 8.5, 11.0, 9.5 ] },
										"up": { "texture": "#wheelwood", "uv": [ 9.0, 10.5, 10.5, 11.0 ] },
										"down": { "texture": "#wheelwood", "uv": [ 6.5, 6.0, 8.0, 6.5 ] }
									},
									"children": [
										{
											"name": "WestWheelCore138",
											"from": [ 0.5, 0.25, -1.5 ], 
											"to": [ 1.0, 0.75, 0.0 ], 
											"rotationOrigin": [ 1.75, 0.8, 0.0 ],
											"faces": {
												"north": { "texture": "#granite1", "uv": [ 0.0, 0.0, 0.5, 0.5 ], "enabled": false },
												"east": { "texture": "#wheelwood", "uv": [ 11.5, 6.0, 13.0, 6.5 ] },
												"south": { "texture": "#granite1", "uv": [ 0.0, 0.0, 0.5, 0.5 ], "enabled": false },
												"west": { "texture": "#wheelwood", "uv": [ 7.5, 6.5, 9.0, 7.0 ] },
												"up": { "texture": "#wheelwood", "uv": [ 1.0, 8.0, 2.5, 8.5 ], "rotation": 90 },
												"down": { "texture": "#wheelwood", "uv": [ 6.0, 0.5, 7.5, 1.0 ], "rotation": 90 }
											},
											"children": [
												{
													"name": "WestWheelCore139",
													"from": [ -0.5, -0.75, -0.5 ], 
													"to": [ 1.0, 1.25, 0.0 ], 
													"rotationOrigin": [ 0.75, 0.25, 1.0 ],
													"faces": {
														"north": { "texture": "#granite1", "uv": [ 0.0, 0.0, 1.5, 2.0 ], "enabled": false },
														"east": { "texture": "#wheelwood", "uv": [ 8.5, 7.0, 10.5, 7.5 ], "rotation": 90 },
														"south": { "texture": "#wheelwood", "uv": [ 7.5, 5.5, 9.5, 7.0 ], "rotation": 90 },
														"west": { "texture": "#wheelwood", "uv": [ 9.5, 8.5, 11.5, 9.0 ], "rotation": 90 },
														"up": { "texture": "#wheelwood", "uv": [ 8.0, 9.0, 9.5, 9.5 ] },
														"down": { "texture": "#wheelwood", "uv": [ 9.5, 10.0, 11.0, 10.5 ] }
													}
												},
												{
													"name": "WestWheelCore143",
													"from": [ -0.6, -0.8, -0.6 ], 
													"to": [ 1.1, 1.3, -0.35 ], 
													"rotationOrigin": [ 0.65, 0.15, 0.9 ],
													"faces": {
														"north": { "texture": "#wheelaccent", "uv": [ 3.0, 8.0, 4.5, 10.0 ] },
														"east": { "texture": "#wheelaccent", "uv": [ 8.5, 5.5, 9.0, 7.5 ] },
														"south": { "texture": "#wheelaccent", "uv": [ 7.5, 7.5, 9.0, 9.5 ] },
														"west": { "texture": "#wheelaccent", "uv": [ 11.0, 6.5, 11.5, 8.5 ] },
														"up": { "texture": "#wheelaccent", "uv": [ 8.0, 7.0, 9.5, 7.5 ] },
														"down": { "texture": "#wheelaccent", "uv": [ 8.0, 7.5, 9.5, 8.0 ] }
													}
												}
											]
										}
									]
								},
								{
									"name": "WestWheelCore144",
									"from": [ -0.25, 0.5, -0.5 ], 
									"to": [ 1.25, 1.5, 0.0 ], 
									"rotationOrigin": [ 1.0, 1.0, 1.0 ],
									"rotationX": -90.0,
									"faces": {
										"north": { "texture": "#wheelwood", "uv": [ 7.0, 7.0, 8.5, 8.0 ] },
										"east": { "texture": "#wheelwood", "uv": [ 8.5, 9.0, 9.0, 10.0 ] },
										"south": { "texture": "#wheelwood", "uv": [ 13.5, 7.0, 15.0, 8.0 ] },
										"west": { "texture": "#wheelwood", "uv": [ 0.5, 10.0, 1.0, 11.0 ] },
										"up": { "texture": "#wheelwood", "uv": [ 11.5, 2.5, 13.0, 3.0 ] },
										"down": { "texture": "#wheelwood", "uv": [ 11.0, 5.0, 12.5, 5.5 ] }
									},
									"children": [
										{
											"name": "WestWheelCore144",
											"from": [ 0.5, 0.25, -1.5 ], 
											"to": [ 1.0, 0.75, 0.0 ], 
											"rotationOrigin": [ 1.75, 0.8, 0.0 ],
											"faces": {
												"north": { "texture": "#granite1", "uv": [ 0.0, 0.0, 0.5, 0.5 ], "enabled": false },
												"east": { "texture": "#wheelwood", "uv": [ 11.5, 7.5, 13.0, 8.0 ] },
												"south": { "texture": "#granite1", "uv": [ 0.0, 0.0, 0.5, 0.5 ], "enabled": false },
												"west": { "texture": "#wheelwood", "uv": [ 3.5, 8.5, 5.0, 9.0 ] },
												"up": { "texture": "#wheelwood", "uv": [ 13.5, 4.0, 15.0, 4.5 ], "rotation": 90 },
												"down": { "texture": "#wheelwood", "uv": [ 3.0, 13.0, 4.5, 13.5 ], "rotation": 90 }
											},
											"children": [
												{
													"name": "WestWheelCore144",
													"from": [ -0.5, -0.75, -0.5 ], 
													"to": [ 1.0, 1.25, 0.0 ], 
													"rotationOrigin": [ 0.75, 0.25, 1.0 ],
													"faces": {
														"north": { "texture": "#wheelwood", "uv": [ 3.5, 5.5, 5.0, 7.5 ], "enabled": false },
														"east": { "texture": "#wheelwood", "uv": [ 3.5, 6.0, 5.5, 6.5 ], "rotation": 90 },
														"south": { "texture": "#wheelwood", "uv": [ 5.0, 6.0, 7.0, 7.5 ], "rotation": 90 },
														"west": { "texture": "#wheelwood", "uv": [ 5.0, 7.0, 7.0, 7.5 ], "rotation": 90 },
														"up": { "texture": "#wheelwood", "uv": [ 9.5, 10.0, 11.0, 10.5 ] },
														"down": { "texture": "#wheelwood", "uv": [ 6.5, 9.0, 8.0, 9.5 ] }
													}
												},
												{
													"name": "WestWheelCore145",
													"from": [ -0.6, -0.8, -0.6 ], 
													"to": [ 1.1, 1.3, -0.35 ], 
													"rotationOrigin": [ 0.65, 0.15, 0.9 ],
													"faces": {
														"north": { "texture": "#wheelaccent", "uv": [ 5.0, 8.0, 6.5, 10.0 ] },
														"east": { "texture": "#wheelaccent", "uv": [ 12.0, 4.5, 12.5, 6.5 ] },
														"south": { "texture": "#wheelaccent", "uv": [ 8.0, 9.5, 9.5, 11.5 ] },
														"west": { "texture": "#wheelaccent", "uv": [ 4.5, 10.5, 5.0, 12.5 ] },
														"up": { "texture": "#wheelaccent", "uv": [ 7.5, 5.5, 9.0, 6.0 ] },
														"down": { "texture": "#wheelaccent", "uv": [ 5.0, 8.0, 6.5, 8.5 ] }
													}
												}
											]
										}
									]
								},
								{
									"name": "WestWheelCore146",
									"from": [ -0.24, 0.5, -0.5 ], 
									"to": [ 1.24, 1.5, 0.0 ], 
									"rotationOrigin": [ 1.0, 1.0, 1.0 ],
									"rotationX": -135.0,
									"faces": {
										"north": { "texture": "#wheelwood", "uv": [ 6.0, 7.0, 7.0, 8.0 ] },
										"east": { "texture": "#wheelwood", "uv": [ 8.0, 8.0, 8.5, 9.0 ] },
										"south": { "texture": "#wheelwood", "uv": [ 7.0, 11.0, 8.0, 12.0 ] },
										"west": { "texture": "#wheelwood", "uv": [ 10.0, 9.0, 10.5, 10.0 ] },
										"up": { "texture": "#wheelwood", "uv": [ 9.0, 9.5, 10.0, 10.0 ] },
										"down": { "texture": "#wheelwood", "uv": [ 6.5, 4.5, 7.5, 5.0 ] }
									},
									"children": [
										{
											"name": "WestWheelCore146",
											"from": [ 0.5, 0.25, -1.5 ], 
											"to": [ 1.0, 0.75, 0.0 ], 
											"rotationOrigin": [ 1.75, 0.8, 0.0 ],
											"faces": {
												"north": { "texture": "#granite1", "uv": [ 0.0, 0.0, 0.5, 0.5 ], "enabled": false },
												"east": { "texture": "#wheelwood", "uv": [ 8.5, 6.5, 10.0, 7.0 ] },
												"south": { "texture": "#granite1", "uv": [ 0.0, 0.0, 0.5, 0.5 ], "enabled": false },
												"west": { "texture": "#wheelwood", "uv": [ 8.0, 8.0, 9.5, 8.5 ] },
												"up": { "texture": "#wheelwood", "uv": [ 6.0, 9.5, 7.5, 10.0 ], "rotation": 90 },
												"down": { "texture": "#wheelwood", "uv": [ 3.0, 5.5, 4.5, 6.0 ], "rotation": 90 }
											},
											"children": [
												{
													"name": "WestWheelCore147",
													"from": [ -0.5, -0.75, -0.5 ], 
													"to": [ 1.0, 1.25, 0.0 ], 
													"rotationOrigin": [ 0.75, 0.25, 1.0 ],
													"faces": {
														"north": { "texture": "#wheelwood", "uv": [ 11.5, 9.5, 13.5, 11.0 ], "rotation": 90, "enabled": false },
														"east": { "texture": "#wheelwood", "uv": [ 8.0, 8.0, 10.0, 8.5 ], "rotation": 90 },
														"south": { "texture": "#wheelwood", "uv": [ 2.5, 10.0, 4.5, 11.5 ], "rotation": 90 },
														"west": { "texture": "#wheelwood", "uv": [ 5.0, 9.5, 7.0, 10.0 ], "rotation": 90 },
														"up": { "texture": "#wheelwood", "uv": [ 7.0, 8.5, 8.5, 9.0 ] },
														"down": { "texture": "#wheelwood", "uv": [ 3.0, 6.5, 4.5, 7.0 ] }
													}
												},
												{
													"name": "WestWheelCore148",
													"from": [ -0.6, -0.8, -0.6 ], 
													"to": [ 1.1, 1.3, -0.35 ], 
													"rotationOrigin": [ 0.65, 0.15, 0.9 ],
													"faces": {
														"north": { "texture": "#wheelaccent", "uv": [ 12.5, 12.0, 14.0, 14.0 ] },
														"east": { "texture": "#wheelaccent", "uv": [ 5.0, 5.0, 5.5, 7.0 ] },
														"south": { "texture": "#wheelaccent", "uv": [ 2.5, 6.0, 4.0, 8.0 ] },
														"west": { "texture": "#wheelaccent", "uv": [ 9.5, 2.0, 10.0, 4.0 ] },
														"up": { "texture": "#wheelaccent", "uv": [ 1.0, 0.5, 2.5, 1.0 ] },
														"down": { "texture": "#wheelaccent", "uv": [ 5.0, 6.5, 6.5, 7.0 ] }
													}
												},
												{
													"name": "WestWheelCore149",
													"from": [ -0.495, -1.05, -0.6 ], 
													"to": [ 0.985, -0.05, -0.1 ], 
													"rotationOrigin": [ 0.75, -0.05, 0.9 ],
													"rotationX": -22.5,
													"faces": {
														"north": { "texture": "#wheelaccent", "uv": [ 6.5, 6.0, 8.0, 7.0 ], "autoUv": false },
														"east": { "texture": "#wheelwood", "uv": [ 6.5, 4.5, 7.0, 5.5 ] },
														"south": { "texture": "#wheelwood", "uv": [ 7.0, 5.0, 8.5, 6.0 ], "autoUv": false },
														"west": { "texture": "#wheelwood", "uv": [ 6.5, 5.5, 7.0, 6.5 ] },
														"up": { "texture": "#wheelwood", "uv": [ 5.5, 5.5, 6.5, 6.0 ], "enabled": false },
														"down": { "texture": "#wheelwood", "uv": [ 11.5, 8.5, 12.5, 9.0 ], "enabled": false }
													}
												},
												{
													"name": "WestWheelCore150",
													"from": [ -0.495, 0.5, -0.3 ], 
													"to": [ 0.985, 1.5, 0.2 ], 
													"rotationOrigin": [ 0.75, 1.45, 1.2 ],
													"rotationX": 22.5,
													"faces": {
														"north": { "texture": "#wheelaccent", "uv": [ 4.0, 5.5, 5.5, 6.5 ], "autoUv": false },
														"east": { "texture": "#wheelwood", "uv": [ 6.0, 7.5, 6.5, 8.5 ] },
														"south": { "texture": "#wheelwood", "uv": [ 5.0, 6.5, 6.5, 7.5 ], "autoUv": false },
														"west": { "texture": "#wheelwood", "uv": [ 10.0, 9.5, 10.5, 10.5 ] },
														"up": { "texture": "#wheelwood", "uv": [ 7.5, 10.0, 8.5, 10.5 ] },
														"down": { "texture": "#wheelwood", "uv": [ 6.5, 4.5, 7.5, 5.0 ] }
													}
												}
											]
										}
									]
								},
								{
									"name": "WestWheelCore151",
									"from": [ -0.24, 0.5, -0.5 ], 
									"to": [ 1.24, 1.5, 0.0 ], 
									"rotationOrigin": [ 1.0, 1.0, 1.0 ],
									"rotationX": 135.0,
									"faces": {
										"north": { "texture": "#wheelwood", "uv": [ 8.5, 7.5, 9.5, 8.5 ] },
										"east": { "texture": "#wheelwood", "uv": [ 6.0, 8.0, 6.5, 9.0 ] },
										"south": { "texture": "#wheelwood", "uv": [ 10.0, 8.0, 11.0, 9.0 ] },
										"west": { "texture": "#wheelwood", "uv": [ 7.0, 5.0, 7.5, 6.0 ] },
										"up": { "texture": "#wheelwood", "uv": [ 8.5, 9.0, 9.5, 9.5 ] },
										"down": { "texture": "#wheelwood", "uv": [ 10.0, 6.0, 11.0, 6.5 ] }
									},
									"children": [
										{
											"name": "WestWheelCore152",
											"from": [ 0.5, 0.25, -1.5 ], 
											"to": [ 1.0, 0.75, 0.0 ], 
											"rotationOrigin": [ 1.75, 0.8, 0.0 ],
											"faces": {
												"north": { "texture": "#granite1", "uv": [ 0.0, 0.0, 0.5, 0.5 ], "enabled": false },
												"east": { "texture": "#wheelwood", "uv": [ 6.0, 6.5, 7.5, 7.0 ] },
												"south": { "texture": "#granite1", "uv": [ 0.0, 0.0, 0.5, 0.5 ], "enabled": false },
												"west": { "texture": "#wheelwood", "uv": [ 9.0, 8.5, 10.5, 9.0 ] },
												"up": { "texture": "#wheelwood", "uv": [ 8.5, 10.0, 10.0, 10.5 ], "rotation": 90 },
												"down": { "texture": "#wheelwood", "uv": [ 1.0, 9.5, 2.5, 10.0 ], "rotation": 90 }
											},
											"children": [
												{
													"name": "WestWheelCore153",
													"from": [ -0.5, -0.75, -0.5 ], 
													"to": [ 1.0, 1.25, 0.0 ], 
													"rotationOrigin": [ 0.75, 0.25, 1.0 ],
													"faces": {
														"north": { "texture": "#granite1", "uv": [ 0.0, 0.0, 1.5, 2.0 ], "enabled": false },
														"east": { "texture": "#wheelwood", "uv": [ 11.0, 7.5, 13.0, 8.0 ], "rotation": 90 },
														"south": { "texture": "#wheelwood", "uv": [ 7.5, 7.0, 9.5, 8.5 ], "rotation": 90 },
														"west": { "texture": "#wheelwood", "uv": [ 8.5, 4.0, 10.5, 4.5 ], "rotation": 90 },
														"up": { "texture": "#wheelwood", "uv": [ 8.5, 9.5, 10.0, 10.0 ] },
														"down": { "texture": "#wheelwood", "uv": [ 8.0, 9.5, 9.5, 10.0 ] }
													}
												},
												{
													"name": "WestWheelCore154",
													"from": [ -0.6, -0.8, -0.6 ], 
													"to": [ 1.1, 1.3, -0.35 ], 
													"rotationOrigin": [ 0.65, 0.15, 0.9 ],
													"faces": {
														"north": { "texture": "#wheelaccent", "uv": [ 5.5, 7.5, 7.0, 9.5 ] },
														"east": { "texture": "#wheelaccent", "uv": [ 9.5, 1.5, 10.0, 3.5 ] },
														"south": { "texture": "#wheelaccent", "uv": [ 13.0, 1.5, 14.5, 3.5 ] },
														"west": { "texture": "#wheelaccent", "uv": [ 1.5, 8.0, 2.0, 10.0 ] },
														"up": { "texture": "#wheelaccent", "uv": [ 6.0, 2.5, 7.5, 3.0 ] },
														"down": { "texture": "#wheelaccent", "uv": [ 10.5, 7.5, 12.0, 8.0 ] }
													}
												},
												{
													"name": "WestWheelCore155",
													"from": [ -0.495, -1.05, -0.6 ], 
													"to": [ 0.985, -0.05, -0.1 ], 
													"rotationOrigin": [ 0.75, -0.05, 0.9 ],
													"rotationX": -22.5,
													"faces": {
														"north": { "texture": "#wheelaccent", "uv": [ 8.0, 9.0, 9.5, 10.0 ], "autoUv": false },
														"east": { "texture": "#wheelwood", "uv": [ 2.5, 7.5, 3.0, 8.5 ] },
														"south": { "texture": "#wheelwood", "uv": [ 5.5, 8.0, 7.0, 9.0 ], "autoUv": false },
														"west": { "texture": "#wheelwood", "uv": [ 7.5, 7.0, 8.0, 8.0 ] },
														"up": { "texture": "#wheelwood", "uv": [ 11.0, 12.0, 12.0, 12.5 ] },
														"down": { "texture": "#wheelwood", "uv": [ 7.5, 8.0, 8.5, 8.5 ] }
													}
												},
												{
													"name": "WestWheelCore156",
													"from": [ -0.495, 0.5, -0.3 ], 
													"to": [ 0.985, 1.5, 0.2 ], 
													"rotationOrigin": [ 0.75, 1.45, 1.2 ],
													"rotationX": 22.5,
													"faces": {
														"north": { "texture": "#wheelaccent", "uv": [ 5.0, 8.5, 6.5, 9.5 ], "autoUv": false },
														"east": { "texture": "#wheelwood", "uv": [ 2.0, 7.0, 2.5, 8.0 ] },
														"south": { "texture": "#wheelwood", "uv": [ 8.5, 6.0, 10.0, 7.0 ], "autoUv": false },
														"west": { "texture": "#wheelwood", "uv": [ 9.0, 5.0, 9.5, 6.0 ] },
														"up": { "texture": "#wheelwood", "uv": [ 4.0, 8.0, 5.0, 8.5 ] },
														"down": { "texture": "#wheelwood", "uv": [ 9.5, 8.5, 10.5, 9.0 ] }
													}
												}
											]
										}
									]
								},
								{
									"name": "WestWheelCore157",
									"from": [ -0.24, 0.5, -0.5 ], 
									"to": [ 1.24, 1.5, 0.0 ], 
									"rotationOrigin": [ 1.0, 1.0, 1.0 ],
									"rotationX": 45.0,
									"faces": {
										"north": { "texture": "#wheelwood", "uv": [ 6.5, 5.0, 8.0, 6.5 ], "autoUv": false },
										"east": { "texture": "#wheelwood", "uv": [ 8.0, 6.5, 8.5, 7.5 ] },
										"south": { "texture": "#wheelwood", "uv": [ 7.0, 8.0, 8.5, 9.0 ], "autoUv": false },
										"west": { "texture": "#wheelwood", "uv": [ 5.0, 10.0, 5.5, 11.0 ] },
										"up": { "texture": "#wheelwood", "uv": [ 9.0, 8.0, 10.0, 8.5 ] },
										"down": { "texture": "#wheelwood", "uv": [ 8.5, 8.0, 9.5, 8.5 ] }
									},
									"children": [
										{
											"name": "WestWheelCore157",
											"from": [ 0.5, 0.25, -1.5 ], 
											"to": [ 1.0, 0.75, 0.0 ], 
											"rotationOrigin": [ 1.75, 0.8, 0.0 ],
											"faces": {
												"north": { "texture": "#granite1", "uv": [ 0.0, 0.0, 0.5, 0.5 ], "enabled": false },
												"east": { "texture": "#wheelwood", "uv": [ 8.0, 8.0, 9.5, 8.5 ] },
												"south": { "texture": "#granite1", "uv": [ 0.0, 0.0, 0.5, 0.5 ], "enabled": false },
												"west": { "texture": "#wheelwood", "uv": [ 6.5, 8.5, 8.0, 9.0 ] },
												"up": { "texture": "#wheelwood", "uv": [ 7.5, 8.5, 9.0, 9.0 ], "rotation": 90 },
												"down": { "texture": "#wheelwood", "uv": [ 2.0, 10.5, 3.5, 11.0 ], "rotation": 90 }
											},
											"children": [
												{
													"name": "WestWheelCore157",
													"from": [ -0.5, -0.75, -0.5 ], 
													"to": [ 1.0, 1.25, 0.0 ], 
													"rotationOrigin": [ 0.75, 0.25, 1.0 ],
													"faces": {
														"north": { "texture": "#granite1", "uv": [ 0.0, 0.0, 1.5, 2.0 ], "enabled": false },
														"east": { "texture": "#wheelwood", "uv": [ 9.5, 8.0, 11.5, 8.5 ], "rotation": 90 },
														"south": { "texture": "#wheelwood", "uv": [ 6.5, 4.5, 8.5, 6.0 ], "rotation": 90 },
														"west": { "texture": "#wheelwood", "uv": [ 5.5, 11.5, 7.5, 12.0 ], "rotation": 90 },
														"up": { "texture": "#wheelwood", "uv": [ 8.0, 6.5, 9.5, 7.0 ] },
														"down": { "texture": "#wheelwood", "uv": [ 3.0, 5.5, 4.5, 6.0 ] }
													}
												},
												{
													"name": "WestWheelCore157",
													"from": [ -0.6, -0.8, -0.6 ], 
													"to": [ 1.1, 1.3, -0.35 ], 
													"rotationOrigin": [ 0.65, 0.15, 0.9 ],
													"faces": {
														"north": { "texture": "#wheelaccent", "uv": [ 11.5, 5.0, 13.0, 7.0 ] },
														"east": { "texture": "#wheelaccent", "uv": [ 8.0, 1.0, 8.5, 3.0 ] },
														"south": { "texture": "#wheelaccent", "uv": [ 1.5, 7.5, 3.0, 9.5 ] },
														"west": { "texture": "#wheelaccent", "uv": [ 2.0, 5.0, 2.5, 7.0 ] },
														"up": { "texture": "#wheelaccent", "uv": [ 8.0, 11.5, 9.5, 12.0 ] },
														"down": { "texture": "#wheelaccent", "uv": [ 3.5, 11.5, 5.0, 12.0 ] }
													}
												},
												{
													"name": "WestWheelCore157",
													"from": [ -0.495, -1.05, -0.6 ], 
													"to": [ 0.985, -0.05, -0.1 ], 
													"rotationOrigin": [ 0.75, -0.05, 0.9 ],
													"rotationX": -22.5,
													"faces": {
														"north": { "texture": "#wheelaccent", "uv": [ 10.0, 6.5, 11.5, 7.5 ], "autoUv": false },
														"east": { "texture": "#wheelwood", "uv": [ 9.0, 6.5, 9.5, 7.5 ] },
														"south": { "texture": "#wheelwood", "uv": [ 5.5, 7.0, 7.0, 8.0 ], "autoUv": false },
														"west": { "texture": "#wheelwood", "uv": [ 12.5, 8.0, 13.0, 9.0 ] },
														"up": { "texture": "#wheelwood", "uv": [ 11.0, 8.0, 12.0, 8.5 ] },
														"down": { "texture": "#wheelwood", "uv": [ 4.0, 5.0, 5.0, 5.5 ] }
													}
												},
												{
													"name": "WestWheelCore157",
													"from": [ -0.495, 0.5, -0.3 ], 
													"to": [ 0.985, 1.5, 0.2 ], 
													"rotationOrigin": [ 0.75, 1.45, 1.2 ],
													"rotationX": 22.5,
													"faces": {
														"north": { "texture": "#wheelaccent", "uv": [ 11.0, 10.5, 12.5, 11.5 ], "autoUv": false },
														"east": { "texture": "#wheelwood", "uv": [ 2.0, 6.0, 2.5, 7.0 ] },
														"south": { "texture": "#wheelwood", "uv": [ 4.0, 6.0, 5.5, 7.0 ], "autoUv": false },
														"west": { "texture": "#wheelwood", "uv": [ 7.5, 5.5, 8.0, 6.5 ] },
														"up": { "texture": "#wheelwood", "uv": [ 9.5, 8.5, 10.5, 9.0 ] },
														"down": { "texture": "#wheelwood", "uv": [ 2.0, 6.5, 3.0, 7.0 ] }
													}
												}
											]
										}
									]
								},
								{
									"name": "WestWheelCore158",
									"from": [ -0.24, 0.5, -0.5 ], 
									"to": [ 1.24, 1.5, 0.0 ], 
									"rotationOrigin": [ 1.0, 1.0, 1.0 ],
									"rotationX": -45.0,
									"faces": {
										"north": { "texture": "#wheelwood", "uv": [ 3.0, 4.5, 4.0, 5.5 ] },
										"east": { "texture": "#wheelwood", "uv": [ 12.0, 11.5, 12.5, 12.5 ] },
										"south": { "texture": "#wheelwood", "uv": [ 6.0, 5.5, 7.0, 6.5 ] },
										"west": { "texture": "#wheelwood", "uv": [ 10.0, 8.0, 10.5, 9.0 ] },
										"up": { "texture": "#wheelwood", "uv": [ 5.5, 6.0, 6.5, 6.5 ] },
										"down": { "texture": "#wheelwood", "uv": [ 5.0, 6.0, 6.0, 6.5 ] }
									},
									"children": [
										{
											"name": "WestWheelCore158",
											"from": [ 0.5, 0.25, -1.5 ], 
											"to": [ 1.0, 0.75, 0.0 ], 
											"rotationOrigin": [ 1.75, 0.8, 0.0 ],
											"faces": {
												"north": { "texture": "#granite1", "uv": [ 0.0, 0.0, 0.5, 0.5 ], "enabled": false },
												"east": { "texture": "#wheelwood", "uv": [ 4.0, 4.0, 5.5, 4.5 ] },
												"south": { "texture": "#granite1", "uv": [ 0.0, 0.0, 0.5, 0.5 ], "enabled": false },
												"west": { "texture": "#wheelwood", "uv": [ 9.5, 6.0, 11.0, 6.5 ] },
												"up": { "texture": "#wheelwood", "uv": [ 6.0, 4.5, 7.5, 5.0 ], "rotation": 90 },
												"down": { "texture": "#wheelwood", "uv": [ 8.5, 10.0, 10.0, 10.5 ], "rotation": 90 }
											},
											"children": [
												{
													"name": "WestWheelCore158",
													"from": [ -0.5, -0.75, -0.5 ], 
													"to": [ 1.0, 1.25, 0.0 ], 
													"rotationOrigin": [ 0.75, 0.25, 1.0 ],
													"faces": {
														"north": { "texture": "#granite1", "uv": [ 0.0, 0.0, 1.5, 2.0 ], "enabled": false },
														"east": { "texture": "#wheelwood", "uv": [ 10.0, 10.0, 12.0, 10.5 ], "rotation": 90 },
														"south": { "texture": "#wheelwood", "uv": [ 3.5, 4.0, 5.5, 5.5 ], "rotation": 90 },
														"west": { "texture": "#wheelwood", "uv": [ 6.5, 5.5, 8.5, 6.0 ], "rotation": 90 },
														"up": { "texture": "#wheelwood", "uv": [ 3.0, 5.0, 4.5, 5.5 ] },
														"down": { "texture": "#wheelwood", "uv": [ 7.5, 3.5, 9.0, 4.0 ] }
													}
												},
												{
													"name": "WestWheelCore159",
													"from": [ -0.6, -0.8, -0.6 ], 
													"to": [ 1.1, 1.3, -0.35 ], 
													"rotationOrigin": [ 0.65, 0.15, 0.9 ],
													"faces": {
														"north": { "texture": "#wheelaccent", "uv": [ 10.5, 6.0, 12.0, 8.0 ] },
														"east": { "texture": "#wheelaccent", "uv": [ 7.5, 5.5, 8.0, 7.5 ] },
														"south": { "texture": "#wheelaccent", "uv": [ 6.5, 7.0, 8.0, 9.0 ] },
														"west": { "texture": "#wheelaccent", "uv": [ 1.0, 3.5, 1.5, 5.5 ] },
														"up": { "texture": "#wheelaccent", "uv": [ 6.5, 1.5, 8.0, 2.0 ] },
														"down": { "texture": "#wheelaccent", "uv": [ 5.5, 7.0, 7.0, 7.5 ] }
													}
												},
												{
													"name": "WestWheelCore160",
													"from": [ -0.495, -1.05, -0.6 ], 
													"to": [ 0.985, -0.05, -0.1 ], 
													"rotationOrigin": [ 0.75, -0.05, 0.9 ],
													"rotationX": -22.5,
													"faces": {
														"north": { "texture": "#wheelaccent", "uv": [ 4.5, 10.0, 6.0, 11.0 ], "autoUv": false },
														"east": { "texture": "#wheelwood", "uv": [ 8.0, 7.0, 8.5, 8.0 ] },
														"south": { "texture": "#wheelwood", "uv": [ 5.5, 10.5, 7.0, 11.5 ], "autoUv": false },
														"west": { "texture": "#wheelwood", "uv": [ 10.5, 8.0, 11.0, 9.0 ] },
														"up": { "texture": "#wheelwood", "uv": [ 5.5, 6.5, 6.5, 7.0 ] },
														"down": { "texture": "#wheelwood", "uv": [ 4.5, 4.5, 5.5, 5.0 ] }
													}
												},
												{
													"name": "WestWheelCore161",
													"from": [ -0.495, 0.5, -0.3 ], 
													"to": [ 0.985, 1.5, 0.2 ], 
													"rotationOrigin": [ 0.75, 1.45, 1.2 ],
													"rotationX": 22.5,
													"faces": {
														"north": { "texture": "#wheelaccent", "uv": [ 4.0, 6.0, 5.5, 7.0 ], "autoUv": false },
														"east": { "texture": "#wheelwood", "uv": [ 5.5, 5.5, 6.0, 6.5 ] },
														"south": { "texture": "#wheelwood", "uv": [ 6.0, 7.5, 7.5, 8.5 ], "autoUv": false },
														"west": { "texture": "#wheelwood", "uv": [ 6.5, 3.0, 7.0, 4.0 ] },
														"up": { "texture": "#wheelwood", "uv": [ 7.0, 7.0, 8.0, 7.5 ] },
														"down": { "texture": "#wheelwood", "uv": [ 10.0, 9.5, 11.0, 10.0 ] }
													}
												}
											]
										}
									]
								},
								{
									"name": "WestWheelCore162",
									"from": [ -0.25, 0.5, -0.5 ], 
									"to": [ 1.25, 1.5, 0.0 ], 
									"rotationOrigin": [ 1.0, 1.0, 1.0 ],
									"faces": {
										"north": { "texture": "#wheelwood", "uv": [ 0.0, 0.0, 1.5, 1.0 ] },
										"east": { "texture": "#wheelwood", "uv": [ 0.0, 0.0, 0.5, 1.0 ] },
										"south": { "texture": "#wheelwood", "uv": [ 0.0, 0.0, 1.5, 1.0 ] },
										"west": { "texture": "#wheelwood", "uv": [ 0.0, 0.0, 0.5, 1.0 ] },
										"up": { "texture": "#wheelwood", "uv": [ 0.0, 0.0, 1.5, 0.5 ] },
										"down": { "texture": "#wheelwood", "uv": [ 0.0, 0.0, 1.5, 0.5 ] }
									},
									"children": [
										{
											"name": "WestWheelCore162",
											"from": [ 0.5, 0.25, -1.5 ], 
											"to": [ 1.0, 0.75, 0.0 ], 
											"rotationOrigin": [ 1.75, 0.8, 0.0 ],
											"faces": {
												"north": { "texture": "#granite1", "uv": [ 0.0, 0.0, 0.5, 0.5 ], "enabled": false },
												"east": { "texture": "#wheelwood", "uv": [ 6.0, 10.5, 7.5, 11.0 ] },
												"south": { "texture": "#granite1", "uv": [ 0.0, 0.0, 0.5, 0.5 ], "enabled": false },
												"west": { "texture": "#wheelwood", "uv": [ 9.5, 11.5, 11.0, 12.0 ] },
												"up": { "texture": "#wheelwood", "uv": [ 12.0, 7.0, 13.5, 7.5 ], "rotation": 90 },
												"down": { "texture": "#wheelwood", "uv": [ 7.0, 5.0, 8.5, 5.5 ], "rotation": 90 }
											},
											"children": [
												{
													"name": "WestWheelCore162",
													"from": [ -0.5, -0.75, -0.5 ], 
													"to": [ 1.0, 1.25, 0.0 ], 
													"rotationOrigin": [ 0.75, 0.25, 1.0 ],
													"faces": {
														"north": { "texture": "#granite1", "uv": [ 0.0, 0.0, 1.5, 2.0 ], "enabled": false },
														"east": { "texture": "#wheelwood", "uv": [ 7.0, 3.5, 9.0, 4.0 ], "rotation": 90 },
														"south": { "texture": "#wheelwood", "uv": [ 2.5, 10.5, 4.5, 12.0 ], "rotation": 90 },
														"west": { "texture": "#wheelwood", "uv": [ 7.0, 6.5, 9.0, 7.0 ], "rotation": 90 },
														"up": { "texture": "#wheelwood", "uv": [ 4.5, 6.0, 6.0, 6.5 ] },
														"down": { "texture": "#wheelwood", "uv": [ 10.0, 8.5, 11.5, 9.0 ] }
													}
												},
												{
													"name": "WestWheelCore162",
													"from": [ -0.6, -0.8, -0.6 ], 
													"to": [ 1.1, 1.3, -0.35 ], 
													"rotationOrigin": [ 0.65, 0.15, 0.9 ],
													"faces": {
														"north": { "texture": "#wheelaccent", "uv": [ 12.0, 7.5, 13.5, 9.5 ] },
														"east": { "texture": "#wheelaccent", "uv": [ 10.0, 3.0, 10.5, 5.0 ] },
														"south": { "texture": "#wheelaccent", "uv": [ 2.5, 6.5, 4.0, 8.5 ] },
														"west": { "texture": "#wheelaccent", "uv": [ 10.5, 0.5, 11.0, 2.5 ] },
														"up": { "texture": "#wheelaccent", "uv": [ 4.0, 8.5, 5.5, 9.0 ] },
														"down": { "texture": "#wheelaccent", "uv": [ 6.5, 6.0, 8.0, 6.5 ] }
													}
												}
											]
										}
									]
								},
								{
									"name": "WestWheelCore163",
									"from": [ -0.25, 0.5, -0.5 ], 
									"to": [ 1.25, 1.5, 0.0 ], 
									"rotationOrigin": [ 1.0, 1.0, 1.0 ],
									"rotationX": 90.0,
									"faces": {
										"north": { "texture": "#wheelwood", "uv": [ 8.0, 8.0, 9.5, 9.0 ] },
										"east": { "texture": "#wheelwood", "uv": [ 7.5, 10.5, 8.0, 11.5 ] },
										"south": { "texture": "#wheelwood", "uv": [ 4.5, 4.5, 6.0, 5.5 ] },
										"west": { "texture": "#wheelwood", "uv": [ 3.5, 3.0, 4.0, 4.0 ] },
										"up": { "texture": "#wheelwood", "uv": [ 0.0, 0.0, 1.5, 0.5 ] },
										"down": { "texture": "#wheelwood", "uv": [ 4.5, 9.0, 6.0, 9.5 ] }
									},
									"children": [
										{
											"name": "WestWheelCore163",
											"from": [ 0.5, 0.25, -1.5 ], 
											"to": [ 1.0, 0.75, 0.0 ], 
											"rotationOrigin": [ 1.75, 0.8, 0.0 ],
											"faces": {
												"north": { "texture": "#granite1", "uv": [ 0.0, 0.0, 0.5, 0.5 ], "enabled": false },
												"east": { "texture": "#wheelwood", "uv": [ 6.5, 14.0, 8.0, 14.5 ] },
												"south": { "texture": "#granite1", "uv": [ 0.0, 0.0, 0.5, 0.5 ], "enabled": false },
												"west": { "texture": "#wheelwood", "uv": [ 11.5, 10.0, 13.0, 10.5 ] },
												"up": { "texture": "#wheelwood", "uv": [ 8.5, 6.5, 10.0, 7.0 ], "rotation": 90 },
												"down": { "texture": "#wheelwood", "uv": [ 4.5, 4.5, 6.0, 5.0 ], "rotation": 90 }
											},
											"children": [
												{
													"name": "WestWheelCore163",
													"from": [ -0.5, -0.75, -0.5 ], 
													"to": [ 1.0, 1.25, 0.0 ], 
													"rotationOrigin": [ 0.75, 0.25, 1.0 ],
													"faces": {
														"north": { "texture": "#granite1", "uv": [ 0.0, 0.0, 1.5, 2.0 ], "enabled": false },
														"east": { "texture": "#wheelwood", "uv": [ 8.5, 7.0, 10.5, 7.5 ], "rotation": 90 },
														"south": { "texture": "#wheelwood", "uv": [ 9.5, 7.5, 11.5, 9.0 ], "rotation": 90 },
														"west": { "texture": "#wheelwood", "uv": [ 3.5, 1.5, 5.5, 2.0 ], "rotation": 90 },
														"up": { "texture": "#wheelwood", "uv": [ 7.5, 5.5, 9.0, 6.0 ] },
														"down": { "texture": "#wheelwood", "uv": [ 0.0, 0.0, 1.5, 0.5 ] }
													}
												},
												{
													"name": "WestWheelCore163",
													"from": [ -0.6, -0.8, -0.6 ], 
													"to": [ 1.1, 1.3, -0.35 ], 
													"rotationOrigin": [ 0.65, 0.15, 0.9 ],
													"faces": {
														"north": { "texture": "#wheelaccent", "uv": [ 11.0, 4.5, 12.5, 6.5 ] },
														"east": { "texture": "#wheelaccent", "uv": [ 5.5, 5.5, 6.0, 7.5 ] },
														"south": { "texture": "#wheelaccent", "uv": [ 7.0, 9.5, 8.5, 11.5 ] },
														"west": { "texture": "#wheelaccent", "uv": [ 9.0, 3.5, 9.5, 5.5 ] },
														"up": { "texture": "#wheelaccent", "uv": [ 2.5, 10.5, 4.0, 11.0 ] },
														"down": { "texture": "#wheelaccent", "uv": [ 8.5, 5.5, 10.0, 6.0 ] }
													}
												}
											]
										}
									]
								}
							]
						}
					]
				}
			]
		}
	]}