{
	"enabled": false,
	code: "gozinakiherb",
  	class: "ExpandedFood",
	maxstacksize: 32,
	variantgroups: [
		{code: "state", states: ["mashed", "cooked", "syrup"]}
	],
	attributes: {
		displaycaseable: true,
		shelvable: true,
		expandedNutritionProps: {
			"game:salt": { saturation: 10, health: 0.5, foodcategory: "Fruit"},
      		"game:honeyportion" : { saturation: 4, foodcategory: "Fruit" },
      		"expandedfoods:fruitsyrupportion-saguaro" : { saturation: 12, "health": 0.2, foodcategory: "Fruit" }, 
      		"expandedfoods:fruitsyrupportion-*" : { saturation: 12, "health": 0.1, foodcategory: "Fruit" },
      		"expandedfoods:wildfruitsyrupportion-*" : { saturation: 12, "health": 0.1, foodcategory: "Fruit" },
      		"expandedfoods:wildtreefruitsyrupportion-*" : { saturation: 12, "health": 0.1, foodcategory: "Fruit" },
      		"expandedfoods:treesyrupportion-*" : { saturation: 9.6, "health": 0.1, foodcategory: "Fruit" },
		},
    	renderIngredientsByType: {
			"*-cooked": {
      				"game:legume-peanut" : "expandedfoods:shapes/item/food/gozinaki/gozinakicooked.json",
      				"expandedfoods:acornportion" : "expandedfoods:shapes/item/food/gozinaki/gozinakicooked.json",
      				"expandedfoods:peanut-cooked" : "expandedfoods:shapes/item/food/gozinaki/gozinakicooked.json",
      				"expandedfoods:peanut-kernels" : "expandedfoods:shapes/item/food/gozinaki/gozinakicooked.json",
      				"game:grain-sunflower" : "expandedfoods:shapes/item/food/gozinaki/gozinakicooked.json",
			},
			"*-mashed": {
      				"game:legume-peanut" : "expandedfoods:shapes/item/food/gozinaki/gozinakimashed.json",
      				"expandedfoods:acornportion" : "expandedfoods:shapes/item/food/gozinaki/gozinakimashed.json",
      				"expandedfoods:peanut-cooked" : "expandedfoods:shapes/item/food/gozinaki/gozinakimashed.json",
      				"expandedfoods:peanut-kernels" : "expandedfoods:shapes/item/food/gozinaki/gozinakimashed.json",
      				"game:grain-sunflower" : "expandedfoods:shapes/item/food/gozinaki/gozinakimashed.json",
			},
			"*-syrup": {
      				"game:legume-peanut" : "expandedfoods:shapes/item/food/gozinaki/gozinakicooked.json",
      				"expandedfoods:acornportion" : "expandedfoods:shapes/item/food/gozinaki/gozinakicooked.json",
      				"expandedfoods:peanut-cooked" : "expandedfoods:shapes/item/food/gozinaki/gozinakicooked.json",
      				"expandedfoods:peanut-kernels" : "expandedfoods:shapes/item/food/gozinaki/gozinakicooked.json",
      				"game:grain-sunflower" : "expandedfoods:shapes/item/food/gozinaki/gozinakicooked.json",
      				"expandedfoods:peanutliquid-paste" : "expandedfoods:shapes/item/food/gozinaki/overlays/gozinakipeanutbutter.json",
					"expandedfoods:treesyrupportion-birch": "expandedfoods:shapes/item/food/gozinaki/overlays/gozinakibirchsyrup.json",
					"expandedfoods:treesyrupportion-maple": "expandedfoods:shapes/item/food/gozinaki/overlays/gozinakimaplesyrup.json",
					"expandedfoods:fruitsyrupportion-blueberry": "expandedfoods:shapes/item/food/gozinaki/overlays/gozinakiblueberrysyrup.json",
      				"expandedfoods:fruitsyrupportion-cranberry": "expandedfoods:shapes/item/food/gozinaki/overlays/gozinakicranberrysyrup.json",
      				"expandedfoods:fruitsyrupportion-redcurrant": "expandedfoods:shapes/item/food/gozinaki/overlays/gozinakiredcurrantsyrup.json",
      				"expandedfoods:fruitsyrupportion-blackcurrant": "expandedfoods:shapes/item/food/gozinaki/overlays/gozinakiblackcurrantsyrup.json",
      				"expandedfoods:fruitsyrupportion-whitecurrant": "expandedfoods:shapes/item/food/gozinaki/overlays/gozinakiwhitecurrantsyrup.json",
      				"expandedfoods:fruitsyrupportion-pineapple": "expandedfoods:shapes/item/food/gozinaki/overlays/gozinakipineapplesyrup.json",
      				"expandedfoods:fruitsyrupportion-saguaro": "expandedfoods:shapes/item/food/gozinaki/overlays/gozinakisaguarosyrup.json",
					"expandedfoods:wildfruitsyrupportion-brambleberry": "expandedfoods:shapes/item/food/gozinaki/overlays/gozinakibrambleberrysyrup.json",
					"expandedfoods:wildfruitsyrupportion-cloudberry": "expandedfoods:shapes/item/food/gozinaki/overlays/gozinakicloudberrysyrup.json",
					"expandedfoods:wildfruitsyrupportion-raspberry": "expandedfoods:shapes/item/food/gozinaki/overlays/gozinakiraspberrysyrup.json",
					"expandedfoods:wildfruitsyrupportion-dogrose": "expandedfoods:shapes/item/food/gozinaki/overlays/gozinakidogrosesyrup.json",
					"expandedfoods:wildfruitsyrupportion-elderberry": "expandedfoods:shapes/item/food/gozinaki/overlays/gozinakielderberrysyrup.json",
					"expandedfoods:wildfruitsyrupportion-gooseberry": "expandedfoods:shapes/item/food/gozinaki/overlays/gozinakigooseberrysyrup.json",
					"expandedfoods:wildfruitsyrupportion-honeysuckle": "expandedfoods:shapes/item/food/gozinaki/overlays/gozinakihoneysucklesyrup.json",
					"expandedfoods:wildfruitsyrupportion-huckleberry": "expandedfoods:shapes/item/food/gozinaki/overlays/gozinakihuckleberrysyrup.json",
					"expandedfoods:wildfruitsyrupportion-strawberry": "expandedfoods:shapes/item/food/gozinaki/overlays/gozinakistrawberrysyrup.json",
					"expandedfoods:wildfruitsyrupportion-snowberry": "expandedfoods:shapes/item/food/gozinaki/overlays/gozinakisnowberrysyrup.json",
					"expandedfoods:wildfruitsyrupportion-blueraspberry": "expandedfoods:shapes/item/food/gozinaki/overlays/gozinakiblueraspberrysyrup.json",
					"expandedfoods:wildfruitsyrupportion-bunchberry": "expandedfoods:shapes/item/food/gozinaki/overlays/gozinakibunchberrysyrup.json",
					"expandedfoods:wildfruitsyrupportion-crowberry": "expandedfoods:shapes/item/food/gozinaki/overlays/gozinakicrowberrysyrup.json",
					"expandedfoods:wildfruitsyrupportion-husktomato": "expandedfoods:shapes/item/food/gozinaki/overlays/gozinakihusktomatosyrup.json",
					"expandedfoods:wildfruitsyrupportion-wolfberry": "expandedfoods:shapes/item/food/gozinaki/overlays/gozinakiwolfberrysyrup.json",
					"expandedfoods:wildtreefruitsyrupportion-apricot": "expandedfoods:shapes/item/food/gozinaki/overlays/gozinakiapricotsyrup.json",
					"expandedfoods:wildtreefruitsyrupportion-citron": "expandedfoods:shapes/item/food/gozinaki/overlays/gozinakicitronsyrup.json",
					"expandedfoods:wildtreefruitsyrupportion-coconut": "expandedfoods:shapes/item/food/gozinaki/overlays/gozinakicoconutsyrup.json",
					"expandedfoods:wildtreefruitsyrupportion-fig": "expandedfoods:shapes/item/food/gozinaki/overlays/gozinakifigsyrup.json",
					"expandedfoods:wildtreefruitsyrupportion-hawthorn": "expandedfoods:shapes/item/food/gozinaki/overlays/gozinakihawthornsyrup.json",
					"expandedfoods:wildtreefruitsyrupportion-pomelo": "expandedfoods:shapes/item/food/gozinaki/overlays/gozinakipomelosyrup.json",
					"expandedfoods:wildtreefruitsyrupportion-purpleplum": "expandedfoods:shapes/item/food/gozinaki/overlays/gozinakipurpleplumsyrup.json",
					"expandedfoods:wildtreefruitsyrupportion-quince": "expandedfoods:shapes/item/food/gozinaki/overlays/gozinakiquincesyrup.json",
			},
		},
		onDisplayTransformByType: { 
			"*-mashed": {
				translation: { x: 0, y: 0, z: 0 },
				scale: 1.0 
			},
			"*-cooked": {
				rotation: { "x": 0, "y": 45, "z": 0 },
				translation: { x: 0, y: -0.25, z: 0 },
				scale: 0.5 
			},
			"*-syrup": {
				rotation: { "x": 0, "y": 45, "z": 0 },
				translation: { x: 0, y: -0.25, z: 0 },
				scale: 0.5 
			},
		},
		bakingPropertiesByType: {
			"*-mashed": {
				temp: 130,
				levelFrom: 0.0,
				levelTo: 0.5,
				startScaleY: 1.0,
				endScaleY: 0.5,
				resultCode: "expandedfoods:gozinakiherb-cooked",
			},
			"*-cooked": {
				temp: 130,
				levelFrom: 0.5,
				levelTo: 1.0,
				startScaleY: 1.0,
				endScaleY: 1.0,
				initialCode: "expandedfoods:gozinakiherb-mashed"
			},
		},
	},
	shapeByType: {
		"*-mashed": { base: "expandedfoods:item/food/gozinaki/gozinakimashed" },
		"*-cooked": { base: "expandedfoods:item/food/gozinaki/gozinakicooked" },
		"*-syrup": { base: "expandedfoods:item/food/gozinaki/gozinakicooked" },
	},
  	textures: {
    	"gozinaki": {base: "expandedfoods:item/food/gozinakiherb" },
		"cranberry" : {base: "game:block/food/pie/fill-cranberry" },
		"blueberry" : {base: "game:block/food/pie/fill-blueberry" },
		"redcurrant" : {base: "game:block/food/pie/fill-redcurrant" },
		"blackcurrant" : {base: "game:block/food/pie/fill-blackcurrant" },
		"whitecurrant" : {base: "game:block/food/pie/fill-whitecurrant" },
		"pineapple" : {base: "game:block/food/pie/fill-pineapple" },
		"weaktannin": { base: "game:block/liquid/weaktannin"},
		"strongtannin": { base: "game:block/liquid/strongtannin"},
		"saguaro": { base: "game:block/food/pie/fill-saguaro"},
		"peanutbutter": { base: "item/food/peanut/butter"},
		"huckleberry" : {base: "wildcraft:block/food/pie/fill-huckleberry" },
		"snowberry" : {base: "wildcraft:block/food/pie/fill-snowberry" },
		"brambleberry" : {base: "wildcraft:block/food/pie/fill-brambleberry" },
		"cloudberry" : {base: "wildcraft:block/food/pie/fill-cloudberry" },
		"dogrose" : {base: "wildcraft:block/food/pie/fill-dogrose" },
		"elderberry" : {base: "wildcraft:block/food/pie/fill-elderberry" },
		"gooseberry" : {base: "wildcraft:block/food/pie/fill-gooseberry" },
		"honeysuckle" : {base: "wildcraft:block/food/pie/fill-honeysuckle" },
		"strawberry" : {base: "wildcraft:block/food/pie/fill-strawberry" },
		"raspberry" : {base: "wildcraft:block/food/pie/fill-raspberry" },
		"blueraspberry" : {base: "wildcraft:block/food/pie/fill-blueraspberry" },
		"bunchberry" : {base: "wildcraft:block/food/pie/fill-bunchberry" },
		"crowberry" : {base: "wildcraft:block/food/pie/fill-crowberry" },
		"husktomato" : {base: "wildcraft:block/food/pie/fill-husktomato" },
		"wolfberry" : {base: "wildcraft:block/food/pie/fill-wolfberry" },
		"fill-apricot": { base: "wildcrafttrees:block/food/pie/fill-apricot" },
		"fill-citron": { base: "wildcrafttrees:block/food/pie/fill-citron" },
		"fill-coconut": { base: "wildcrafttrees:block/food/pie/fill-coconut" },
		"fill-fig": { base: "wildcrafttrees:block/food/pie/fill-fig" },
		"fill-hawthorn": { base: "wildcrafttrees:block/food/pie/fill-hawthorn" },
		"fill-pomelo": { base: "wildcrafttrees:block/food/pie/fill-pomelo" },
		"fill-purpleplum": { base: "wildcrafttrees:block/food/pie/fill-purpleplum" },
		"fill-quince": { base: "wildcrafttrees:block/food/pie/fill-quince" },
  	},
	creativeinventory: { "general": ["*"], "items": ["*"], "expandedfoods": ["*"] },
	nutritionPropsByType: {
		"*-cooked": {saturation: 30, health: 0.5, foodcategory: "Fruit" },
		"*-syrup": {saturation: 30, health: 0.5, foodcategory: "Fruit" },
	},
	transitionablePropsByType: {
		"*": [{
			type: "Perish",
			freshHours: { avg: 864 },
			transitionHours: { avg: 72 },
			transitionedStack: { type: "item", code: "game:rot" },
			transitionRatio: 1
		}],
	},
	materialDensity: 200,
	guiTransformByType: {
		"*-mashed": {
			translation: { x: 3, y: 0, z: 0 },
			rotation: { x: -28, y: 23, z: 180 },
			origin: { x: 0.5, y: 0.07, z: 0.5 },
			scale: 4
		},
		"*": {
			translation: { x: 3, y: 0, z: 0 },
			rotation: { x: -40, y: 40, z: 180 },
			origin: { x: 0.5, y: 0.07, z: 0.5 },
			scale: 2
		},
	},
	groundTransformByType: {
		"*-mashed": {
			translation: { x: 0, y: 0, z: 0 },
			rotation: { x: 0, y: 0, z: 1 },
			origin: { x: 0.5, y: 0, z: 0.5 },
			scale: 4
		},
		"*": {
			translation: { x: 0, y: 0, z: 0 },
			rotation: { x: 0, y: 0, z: 1 },
			origin: { x: 0.5, y: 0, z: 0.5 },
			scale: 2
		},
	},
	tpHandTransformByType: {
		"*-mashed": {
			translation: { x: -0.54, y: -0.16, z: -0.4 },
			rotation: { x: 44, y: -69, z: 2 },
			origin: { x: 0.5, y: 0.13, z: 0.5 },
			scale: 1
		},
		"*": {
			translation: { x: -0.54, y: -0.46, z: -0.9 },
			rotation: { x: 14, y: 0, z: 0 },
			origin: { x: 0.3, y: 0.13, z: 0.4 },
			scale: 0.35
		},
	},
	fpHandTransformByType: {
		"*-mashed": {
			translation: { x: 0, y: 0.24, z: 0.3 },
			rotation: { x: 72, y: 0, z: 0 },
			origin: { x: 0.5, y: 0.1, z: 0.5 },
			scale: 2
		},
		"*": {
			translation: { x: 0, y: 0.24, z: 0.3 },
			rotation: { x: 71, y: -3, z: 0 },
			origin: { x: 0.5, y: 0.1, z: 0.5 },
			scale: 1.1
		},
	}
}
