[
	{
	"code": "causticpotash",
	"ingredients": [
		{ "type": "item", "code": "game:slakedlimeportion", "litres": 3 },
		{ "type": "item", "code": "game:potash", "quantity": 1 }
	],
	"output": { "type": "item", "code": "bricklayers:causticpotashportion", "litres": 3 }
	},
	{
	"code": "causticpotash",
	"ingredients": [
		{ "type": "item", "code": "game:slakedlimeportion", "litres": 5 },
		{ "type": "item", "code": "em:ash-organic-sludge", "quantity": 1 }
	],
	"output": { "type": "item", "code": "bricklayers:causticpotashportion", "litres": 6 }
	}
]
