﻿[
	{
		ingredientPattern: "KH",
		width: 2,
		height: 1,
		shapeless: true,
		ingredients: {
			"K": { 
				type: "item",
				code: "game:knife-*",
				isTool: true,
			},
			"H": {
				type: "item",
				code: "game:hide-smoked-small"
			}

		},
		output: { 
			type: "item", 
			code: "game:leather-plain",
			quantity: 1
		}
	},
	{
		ingredientPattern: "KH",
		width: 2,
		height: 1,
		shapeless: true,
		ingredients: {
			"K": { 
				type: "item",
				code: "game:knife-*",
				isTool: true,
			},
			"H": {
				type: "item",
				code: "game:hide-smoked-medium"
			}

		},
		output: { 
			type: "item", 
			code: "game:leather-plain",
			quantity: 2
		}
	},
	{
		ingredientPattern: "KH",
		width: 2,
		height: 1,
		shapeless: true,
		ingredients: {
			"K": { 
				type: "item",
				code: "game:knife-*",
				isTool: true,
			},
			"H": {
				type: "item",
				code: "game:hide-smoked-large"
			}

		},
		output: { 
			type: "item", 
			code: "game:leather-plain",
			quantity: 3
		}
	},
	{
		ingredientPattern: "KH",
		width: 2,
		height: 1,
		shapeless: true,
		ingredients: {
			"K": { 
				type: "item",
				code: "game:knife-*",
				isTool: true,
			},
			"H": {
				type: "item",
				code: "game:hide-smoked-huge"
			}

		},
		output: { 
			type: "item", 
			code: "game:leather-plain",
			quantity: 5
		}
	}
]