[
    {
        "op": "addeach",
        "path": "/server/behaviors/11/aitasks/0/entityCodes/-",
        "value": [
            "dog-wolf-male",
            "dog-wolf-female",
            "dog-hunting-male",
            "dog-hunting-female"
        ],
        "file": "game:entities/land/chicken-hen.json"
    },
    {
        "op": "add",
        "path": "/server/behaviors/11/aitasks/-",
        "value": {
            "code": "stayclosetoshepherd",
            "priority": 1.4,
            "movespeed": 0.015,
            "maxDistance": 7,
            "searchRange": 10,
            "animation": "Run"
        },
        "file": "game:entities/land/chicken-hen.json"
    }
]