{
	code: "statueofdave",
	behaviors: [
	{name: "UnstableFalling"}, 
	{name: "HorizontalOrientable", properties: {  dropBlockFace: "east", drop: { type: "block", code: "statueofdave-east" }}}
	],
	variantgroups: [
		{ loadFromProperties: "abstract/horizontalorientation" }
		
	],
	shapeByType: { 
	"*-north": { base: "block/clutter/dave", rotateY: 180 },
	"*-west": { base: "block/clutter/dave", rotateY: 270 },
	"*-south": { base: "block/clutter/dave" },
	"*-east": { base: "block/clutter/dave", rotateY: 90 }
	},
	heldTpIdleAnimation: "holdunderarm",
	creativeinventory: { "confession": ["*-east"] },
	blockmaterial: "metal",
	replaceable: 900,
	resistance: 1.5,
	lightAbsorption: 1,
	sidesolid: {
		all: false
	},	
	sideopaque: {
		all: false
	},
	sounds: {
		"place": "game:block/planks",
		"hit": "game:block/planks",
		"break": "game:block/planks",
		"walk": "game:walk/wood"
	},
	combustibleProps: {
		burnTemperature: 600,
		burnDuration: 10,
	},
	texturesByType: {
		"*": {
			"normal1": { base: "game:block/metal/corroded/normal1" },
			"normal3": { base: "game:block/metal/corroded/normal3" },
		}
	},
	collisionSelectionBoxesByType: {
		"*-north": [{ x1: 0.1875, y1: 0, z1: 0.0126, x2: 0.6875, y2: 1.0315, z2: 0.8624, rotateY: 90 } ],
		"*-west": [{ x1: 0.1875, y1: 0, z1: 0.0126, x2: 0.6875, y2: 1.0315, z2: 0.8624, rotateY: 180  } ],
		"*-south": [ { x1: 0.1875, y1: 0, z1: 0.0126, x2: 0.6875, y2: 1.0315, z2: 0.8624, rotateY: 270} ],
		"*-east": [{ x1: 0.1875, y1: 0, z1: 0.0126, x2: 0.6875, y2: 1.0315, z2: 0.8624}]
	},
	materialDensity: 400,
	groundTransformByType: {
	"*": {
		translation: { x: 0, y: 0.07, z: -0 },
		rotation: { x: 0, y: 0, z: -93 },
		origin: { x: 0.5, y: 0, z: 0.5 },
		scale: 3.71
		}
	},
	tpHandTransformByType: {
	"*": {
		translation: { x: -1, y: -0.3, z: -0.6 },
		rotation: { x: 4, y: -41, z: -30 },
		scale: 0.73
		}
	},
	fpHandTransformByType: {
	"*": {
		translation: { x: -0.4, y: 0.85, z: 1 },
		rotation: { x: -17, y: -31, z: -21 },
		scale: 2.16
		}
	},
	guiTransformByType: {
	"*": {
		translation: { x: 0, y: 4, z: 0 },
		rotation: { x: -17, y: -15, z: 4 },
		origin: { x: 0.4, y: 0.4, z: 0.5 },
		scale: 1.47
		}
	}
}