[
  {
    "op": "add",
    "file": "game:config/characterclasses.json",
    "path": "/-",
    "value": {
      "code": "rustmage",
      "traits": [ "enlightenment", "eldritchinsight", "gearcalling", "betweenworlds", "essencefed", "fractured", "rusttouch" ],
      "gear": [
        {
          "type": "item",
          "code": "clothes-shoulder-minstrel-coat"
        },
        {
          "type": "item",
          "code": "clothes-hand-clockmaker-wristguard"
        },
        {
          "type": "item",
          "code": "clothes-lowerbody-commoner-trousers"
        },
        {
          "type": "item",
          "code": "clothes-foot-worn-leather-boots"
        }
      ]
    }
  }
]