{
	"editor": {
		"allAngles": false,
		"entityTextureMode": false
	},
	"textureWidth": 16,
	"textureHeight": 16,
	"textureSizes": {
	},
	"textures": {
		"acid": "necessaries:block/acid",
		"lead2": "game:block/metal/sheet/lead2",
		"bone": "game:block/creature/bone",
		"lead": "game:block/metal/plate/lead"
	},
	"elements": [
		{
			"name": "Bottom",
			"from": [ 3.0, 0.0, 3.0 ], 
			"to": [ 13.0, 1.0, 13.0 ], 
			"rotationOrigin": [ 3.0, 0.0, 3.0 ],
			"faces": {
				"north": { "texture": "#lead", "uv": [ 0.0, 0.0, 10.0, 1.0 ] },
				"east": { "texture": "#lead", "uv": [ 0.0, 0.0, 10.0, 1.0 ] },
				"south": { "texture": "#lead", "uv": [ 0.0, 0.0, 10.0, 1.0 ] },
				"west": { "texture": "#lead", "uv": [ 0.0, 0.0, 10.0, 1.0 ] },
				"up": { "texture": "#lead", "uv": [ 0.0, 0.0, 10.0, 10.0 ] },
				"down": { "texture": "#lead", "uv": [ 0.0, 0.0, 10.0, 10.0 ] }
			},
			"children": [
				{
					"name": "Cube1",
					"from": [ -1.0, 1.0, 0.0 ], 
					"to": [ 0.0, 8.0, 10.0 ], 
					"rotationOrigin": [ -1.0, 1.0, 0.0 ],
					"faces": {
						"north": { "texture": "#lead", "uv": [ 0.0, 0.0, 1.0, 7.0 ] },
						"east": { "texture": "#lead", "uv": [ 0.0, 0.0, 10.0, 7.0 ] },
						"south": { "texture": "#lead", "uv": [ 0.0, 0.0, 1.0, 7.0 ] },
						"west": { "texture": "#lead", "uv": [ 0.0, 0.0, 10.0, 7.0 ] },
						"up": { "texture": "#lead", "uv": [ 0.0, 0.0, 1.0, 10.0 ] },
						"down": { "texture": "#lead", "uv": [ 0.0, 0.0, 1.0, 10.0 ] }
					}
				},
				{
					"name": "Cube3",
					"from": [ 10.0, 1.0, 0.0 ], 
					"to": [ 11.0, 8.0, 10.0 ], 
					"rotationOrigin": [ 10.0, 1.0, 0.0 ],
					"faces": {
						"north": { "texture": "#lead", "uv": [ 0.0, 0.0, 1.0, 7.0 ] },
						"east": { "texture": "#lead", "uv": [ 0.0, 0.0, 10.0, 7.0 ] },
						"south": { "texture": "#lead", "uv": [ 0.0, 0.0, 1.0, 7.0 ] },
						"west": { "texture": "#lead", "uv": [ 0.0, 0.0, 10.0, 7.0 ] },
						"up": { "texture": "#lead", "uv": [ 0.0, 0.0, 1.0, 10.0 ] },
						"down": { "texture": "#lead", "uv": [ 0.0, 0.0, 1.0, 10.0 ] }
					}
				},
				{
					"name": "Cube4",
					"from": [ 0.0, 1.0, -1.0 ], 
					"to": [ 10.0, 8.0, 0.0 ], 
					"rotationOrigin": [ 0.0, 1.0, -1.0 ],
					"faces": {
						"north": { "texture": "#lead", "uv": [ 0.0, 0.0, 10.0, 7.0 ] },
						"east": { "texture": "#lead", "uv": [ 0.0, 0.0, 1.0, 7.0 ] },
						"south": { "texture": "#lead", "uv": [ 0.0, 0.0, 10.0, 7.0 ] },
						"west": { "texture": "#lead", "uv": [ 0.0, 0.0, 1.0, 7.0 ] },
						"up": { "texture": "#lead", "uv": [ 0.0, 0.0, 10.0, 1.0 ] },
						"down": { "texture": "#lead", "uv": [ 0.0, 0.0, 10.0, 1.0 ] }
					}
				},
				{
					"name": "Cube5",
					"from": [ 0.0, 1.0, 10.0 ], 
					"to": [ 10.0, 8.0, 11.0 ], 
					"rotationOrigin": [ 0.0, 1.0, 10.0 ],
					"faces": {
						"north": { "texture": "#lead", "uv": [ 0.0, 0.0, 10.0, 7.0 ] },
						"east": { "texture": "#lead", "uv": [ 0.0, 0.0, 1.0, 7.0 ] },
						"south": { "texture": "#lead", "uv": [ 0.0, 0.0, 10.0, 7.0 ] },
						"west": { "texture": "#lead", "uv": [ 0.0, 0.0, 1.0, 7.0 ] },
						"up": { "texture": "#lead", "uv": [ 0.0, 0.0, 10.0, 1.0 ] },
						"down": { "texture": "#lead", "uv": [ 0.0, 0.0, 10.0, 1.0 ] }
					}
				},
				{
					"name": "Cube6",
					"from": [ 4.0, 1.0, 4.0 ], 
					"to": [ 6.0, 7.0, 6.0 ], 
					"rotationOrigin": [ 4.0, 1.0, 4.0 ],
					"faces": {
						"north": { "texture": "#lead", "uv": [ 0.0, 0.0, 2.0, 6.0 ] },
						"east": { "texture": "#lead", "uv": [ 0.0, 0.0, 2.0, 6.0 ] },
						"south": { "texture": "#lead", "uv": [ 0.0, 0.0, 2.0, 6.0 ] },
						"west": { "texture": "#lead", "uv": [ 0.0, 0.0, 2.0, 6.0 ] },
						"up": { "texture": "#lead", "uv": [ 0.0, 0.0, 2.0, 2.0 ] },
						"down": { "texture": "#lead", "uv": [ 0.0, 0.0, 2.0, 2.0 ] }
					},
					"children": [
						{
							"name": "Cube7",
							"from": [ -1.0, 6.0, -1.0 ], 
							"to": [ 3.0, 7.0, 3.0 ], 
							"rotationOrigin": [ -1.0, 6.0, -1.0 ],
							"faces": {
								"north": { "texture": "#lead", "uv": [ 0.0, 0.0, 4.0, 1.0 ] },
								"east": { "texture": "#lead", "uv": [ 0.0, 0.0, 4.0, 1.0 ] },
								"south": { "texture": "#lead", "uv": [ 0.0, 0.0, 4.0, 1.0 ] },
								"west": { "texture": "#lead", "uv": [ 0.0, 0.0, 4.0, 1.0 ] },
								"up": { "texture": "#lead", "uv": [ 0.0, 0.0, 4.0, 4.0 ] },
								"down": { "texture": "#lead", "uv": [ 0.0, 0.0, 4.0, 4.0 ] }
							}
						}
					]
				},
				{
					"name": "Cube9",
					"from": [ 0.0, 4.0, 0.0 ], 
					"to": [ 10.0, 5.0, 10.0 ], 
					"rotationOrigin": [ 0.0, 4.0, 0.0 ],
					"faces": {
						"north": { "texture": "#bone", "uv": [ 0.0, 0.0, 10.0, 1.0 ] },
						"east": { "texture": "#bone", "uv": [ 0.0, 0.0, 10.0, 1.0 ] },
						"south": { "texture": "#bone", "uv": [ 0.0, 0.0, 10.0, 1.0 ] },
						"west": { "texture": "#bone", "uv": [ 0.0, 0.0, 10.0, 1.0 ] },
						"up": { "texture": "#bone", "uv": [ 0.0, 0.0, 10.0, 10.0 ] },
						"down": { "texture": "#bone", "uv": [ 0.0, 0.0, 10.0, 10.0 ] }
					}
				},
				{
					"name": "Cube8",
					"from": [ 0.0, 5.99, 0.0 ], 
					"to": [ 10.0, 5.99, 10.0 ], 
					"renderPass": 3,
					"rotationOrigin": [ 0.0, 6.0, 0.0 ],
					"faces": {
						"north": { "texture": "#lead2", "uv": [ 0.0, 0.0, 10.0, 0.5 ], "enabled": false },
						"east": { "texture": "#lead2", "uv": [ 0.0, 0.0, 10.0, 0.5 ], "enabled": false },
						"south": { "texture": "#lead2", "uv": [ 0.0, 0.0, 10.0, 0.5 ], "enabled": false },
						"west": { "texture": "#lead2", "uv": [ 0.0, 0.0, 10.0, 0.5 ], "enabled": false },
						"up": { "texture": "#acid", "uv": [ 0.0, 0.0, 10.0, 10.0 ] },
						"down": { "texture": "#lead2", "uv": [ 0.0, 0.0, 10.0, 10.0 ], "enabled": false }
					}
				}
			]
		}
	]}