{
	"editor": {
		"allAngles": false,
		"entityTextureMode": false
	},
	"textureWidth": 16,
	"textureHeight": 16,
	"textureSizes": {
	},
	"textures": {
		"rusty-iron": "game:block/metal/tarnished/rusty-iron"
	},
	"elements": [
		{
			"name": "Cube1",
			"from": [ 1.0, 0.0, 9.0 ], 
			"to": [ 14.0, 1.0, 16.0 ], 
			"rotationOrigin": [ 1.0, 0.0, 9.0 ],
			"rotationY": 22.5,
			"faces": {
				"north": { "texture": "#rusty-iron", "uv": [ 0.0, 0.0, 13.0, 1.0 ] },
				"east": { "texture": "#rusty-iron", "uv": [ 0.0, 0.0, 7.0, 1.0 ] },
				"south": { "texture": "#rusty-iron", "uv": [ 0.0, 0.0, 13.0, 1.0 ] },
				"west": { "texture": "#rusty-iron", "uv": [ 0.0, 0.0, 7.0, 1.0 ] },
				"up": { "texture": "#rusty-iron", "uv": [ 0.0, 0.0, 13.0, 7.0 ] },
				"down": { "texture": "#rusty-iron", "uv": [ 0.0, 0.0, 13.0, 7.0 ] }
			},
			"children": [
				{
					"name": "Cube4",
					"from": [ 1.0, 1.0, 1.0 ], 
					"to": [ 2.0, 6.0, 2.0 ], 
					"rotationOrigin": [ 1.0, 1.0, 1.0 ],
					"faces": {
						"north": { "texture": "#rusty-iron", "uv": [ 0.0, 0.0, 1.0, 5.0 ] },
						"east": { "texture": "#rusty-iron", "uv": [ 0.0, 0.0, 1.0, 5.0 ] },
						"south": { "texture": "#rusty-iron", "uv": [ 0.0, 0.0, 1.0, 5.0 ] },
						"west": { "texture": "#rusty-iron", "uv": [ 0.0, 0.0, 1.0, 5.0 ] },
						"up": { "texture": "#rusty-iron", "uv": [ 0.0, 0.0, 1.0, 1.0 ] },
						"down": { "texture": "#rusty-iron", "uv": [ 0.0, 0.0, 1.0, 1.0 ] }
					}
				},
				{
					"name": "Cube5",
					"from": [ 3.0, 1.0, 5.0 ], 
					"to": [ 4.0, 8.0, 6.0 ], 
					"rotationOrigin": [ 3.0, 1.0, 5.0 ],
					"faces": {
						"north": { "texture": "#rusty-iron", "uv": [ 0.0, 0.0, 1.0, 7.0 ] },
						"east": { "texture": "#rusty-iron", "uv": [ 0.0, 0.0, 1.0, 7.0 ] },
						"south": { "texture": "#rusty-iron", "uv": [ 0.0, 0.0, 1.0, 7.0 ] },
						"west": { "texture": "#rusty-iron", "uv": [ 0.0, 0.0, 1.0, 7.0 ] },
						"up": { "texture": "#rusty-iron", "uv": [ 0.0, 0.0, 1.0, 1.0 ] },
						"down": { "texture": "#rusty-iron", "uv": [ 0.0, 0.0, 1.0, 1.0 ] }
					}
				},
				{
					"name": "Cube6",
					"from": [ 5.0, 1.0, 3.0 ], 
					"to": [ 6.0, 7.0, 4.0 ], 
					"rotationOrigin": [ 5.0, 1.0, 3.0 ],
					"faces": {
						"north": { "texture": "#rusty-iron", "uv": [ 0.0, 0.0, 1.0, 6.0 ] },
						"east": { "texture": "#rusty-iron", "uv": [ 0.0, 0.0, 1.0, 6.0 ] },
						"south": { "texture": "#rusty-iron", "uv": [ 0.0, 0.0, 1.0, 6.0 ] },
						"west": { "texture": "#rusty-iron", "uv": [ 0.0, 0.0, 1.0, 6.0 ] },
						"up": { "texture": "#rusty-iron", "uv": [ 0.0, 0.0, 1.0, 1.0 ] },
						"down": { "texture": "#rusty-iron", "uv": [ 0.0, 0.0, 1.0, 1.0 ] }
					}
				},
				{
					"name": "Cube7",
					"from": [ 9.0, 1.0, 4.0 ], 
					"to": [ 10.0, 5.0, 5.0 ], 
					"rotationOrigin": [ 9.0, 1.0, 4.0 ],
					"faces": {
						"north": { "texture": "#rusty-iron", "uv": [ 0.0, 0.0, 1.0, 4.0 ] },
						"east": { "texture": "#rusty-iron", "uv": [ 0.0, 0.0, 1.0, 4.0 ] },
						"south": { "texture": "#rusty-iron", "uv": [ 0.0, 0.0, 1.0, 4.0 ] },
						"west": { "texture": "#rusty-iron", "uv": [ 0.0, 0.0, 1.0, 4.0 ] },
						"up": { "texture": "#rusty-iron", "uv": [ 0.0, 0.0, 1.0, 1.0 ] },
						"down": { "texture": "#rusty-iron", "uv": [ 0.0, 0.0, 1.0, 1.0 ] }
					}
				},
				{
					"name": "Cube8",
					"from": [ 11.0, 1.0, 1.0 ], 
					"to": [ 12.0, 7.0, 2.0 ], 
					"rotationOrigin": [ 11.0, 1.0, 1.0 ],
					"faces": {
						"north": { "texture": "#rusty-iron", "uv": [ 0.0, 0.0, 1.0, 6.0 ] },
						"east": { "texture": "#rusty-iron", "uv": [ 0.0, 0.0, 1.0, 6.0 ] },
						"south": { "texture": "#rusty-iron", "uv": [ 0.0, 0.0, 1.0, 6.0 ] },
						"west": { "texture": "#rusty-iron", "uv": [ 0.0, 0.0, 1.0, 6.0 ] },
						"up": { "texture": "#rusty-iron", "uv": [ 0.0, 0.0, 1.0, 1.0 ] },
						"down": { "texture": "#rusty-iron", "uv": [ 0.0, 0.0, 1.0, 1.0 ] }
					}
				},
				{
					"name": "Cube9",
					"from": [ 7.0, 1.0, 1.0 ], 
					"to": [ 8.0, 6.0, 2.0 ], 
					"rotationOrigin": [ 7.0, 1.0, 1.0 ],
					"faces": {
						"north": { "texture": "#rusty-iron", "uv": [ 0.0, 0.0, 1.0, 5.0 ] },
						"east": { "texture": "#rusty-iron", "uv": [ 0.0, 0.0, 1.0, 5.0 ] },
						"south": { "texture": "#rusty-iron", "uv": [ 0.0, 0.0, 1.0, 5.0 ] },
						"west": { "texture": "#rusty-iron", "uv": [ 0.0, 0.0, 1.0, 5.0 ] },
						"up": { "texture": "#rusty-iron", "uv": [ 0.0, 0.0, 1.0, 1.0 ] },
						"down": { "texture": "#rusty-iron", "uv": [ 0.0, 0.0, 1.0, 1.0 ] }
					}
				}
			]
		},
		{
			"name": "Cube2",
			"from": [ 2.0, 0.0, 0.0 ], 
			"to": [ 8.0, 1.0, 5.0 ], 
			"rotationOrigin": [ 2.0, 0.0, 0.0 ],
			"rotationY": -22.5,
			"faces": {
				"north": { "texture": "#rusty-iron", "uv": [ 0.0, 0.0, 6.0, 1.0 ] },
				"east": { "texture": "#rusty-iron", "uv": [ 0.0, 0.0, 5.0, 1.0 ] },
				"south": { "texture": "#rusty-iron", "uv": [ 0.0, 0.0, 6.0, 1.0 ] },
				"west": { "texture": "#rusty-iron", "uv": [ 0.0, 0.0, 5.0, 1.0 ] },
				"up": { "texture": "#rusty-iron", "uv": [ 0.0, 0.0, 6.0, 5.0 ] },
				"down": { "texture": "#rusty-iron", "uv": [ 0.0, 0.0, 6.0, 5.0 ] }
			},
			"children": [
				{
					"name": "Cube10",
					"from": [ 1.0, 1.0, 2.0 ], 
					"to": [ 2.0, 5.0, 3.0 ], 
					"rotationOrigin": [ 1.0, 1.0, 2.0 ],
					"faces": {
						"north": { "texture": "#rusty-iron", "uv": [ 0.0, 0.0, 1.0, 4.0 ] },
						"east": { "texture": "#rusty-iron", "uv": [ 0.0, 0.0, 1.0, 4.0 ] },
						"south": { "texture": "#rusty-iron", "uv": [ 0.0, 0.0, 1.0, 4.0 ] },
						"west": { "texture": "#rusty-iron", "uv": [ 0.0, 0.0, 1.0, 4.0 ] },
						"up": { "texture": "#rusty-iron", "uv": [ 0.0, 0.0, 1.0, 1.0 ] },
						"down": { "texture": "#rusty-iron", "uv": [ 0.0, 0.0, 1.0, 1.0 ] }
					}
				},
				{
					"name": "Cube11",
					"from": [ 3.0, 1.0, 3.0 ], 
					"to": [ 4.0, 7.0, 4.0 ], 
					"rotationOrigin": [ 3.0, 1.0, 3.0 ],
					"faces": {
						"north": { "texture": "#rusty-iron", "uv": [ 0.0, 0.0, 1.0, 6.0 ] },
						"east": { "texture": "#rusty-iron", "uv": [ 0.0, 0.0, 1.0, 6.0 ] },
						"south": { "texture": "#rusty-iron", "uv": [ 0.0, 0.0, 1.0, 6.0 ] },
						"west": { "texture": "#rusty-iron", "uv": [ 0.0, 0.0, 1.0, 6.0 ] },
						"up": { "texture": "#rusty-iron", "uv": [ 0.0, 0.0, 1.0, 1.0 ] },
						"down": { "texture": "#rusty-iron", "uv": [ 0.0, 0.0, 1.0, 1.0 ] }
					}
				},
				{
					"name": "Cube12",
					"from": [ 4.0, 1.0, 1.0 ], 
					"to": [ 5.0, 6.0, 2.0 ], 
					"rotationOrigin": [ 4.0, 1.0, 1.0 ],
					"faces": {
						"north": { "texture": "#rusty-iron", "uv": [ 0.0, 0.0, 1.0, 5.0 ] },
						"east": { "texture": "#rusty-iron", "uv": [ 0.0, 0.0, 1.0, 5.0 ] },
						"south": { "texture": "#rusty-iron", "uv": [ 0.0, 0.0, 1.0, 5.0 ] },
						"west": { "texture": "#rusty-iron", "uv": [ 0.0, 0.0, 1.0, 5.0 ] },
						"up": { "texture": "#rusty-iron", "uv": [ 0.0, 0.0, 1.0, 1.0 ] },
						"down": { "texture": "#rusty-iron", "uv": [ 0.0, 0.0, 1.0, 1.0 ] }
					}
				}
			]
		},
		{
			"name": "Cube3",
			"from": [ 8.0, 0.0, 3.0 ], 
			"to": [ 12.0, 1.0, 6.0 ], 
			"rotationOrigin": [ 8.0, 0.0, 3.0 ],
			"rotationY": 45.0,
			"faces": {
				"north": { "texture": "#rusty-iron", "uv": [ 0.0, 0.0, 4.0, 1.0 ] },
				"east": { "texture": "#rusty-iron", "uv": [ 0.0, 0.0, 3.0, 1.0 ] },
				"south": { "texture": "#rusty-iron", "uv": [ 0.0, 0.0, 4.0, 1.0 ] },
				"west": { "texture": "#rusty-iron", "uv": [ 0.0, 0.0, 3.0, 1.0 ] },
				"up": { "texture": "#rusty-iron", "uv": [ 0.0, 0.0, 4.0, 3.0 ] },
				"down": { "texture": "#rusty-iron", "uv": [ 0.0, 0.0, 4.0, 3.0 ] }
			},
			"children": [
				{
					"name": "Cube13",
					"from": [ 1.0, 1.0, 1.0 ], 
					"to": [ 2.0, 5.0, 2.0 ], 
					"rotationOrigin": [ 1.0, 1.0, 1.0 ],
					"faces": {
						"north": { "texture": "#rusty-iron", "uv": [ 0.0, 0.0, 1.0, 4.0 ] },
						"east": { "texture": "#rusty-iron", "uv": [ 0.0, 0.0, 1.0, 4.0 ] },
						"south": { "texture": "#rusty-iron", "uv": [ 0.0, 0.0, 1.0, 4.0 ] },
						"west": { "texture": "#rusty-iron", "uv": [ 0.0, 0.0, 1.0, 4.0 ] },
						"up": { "texture": "#rusty-iron", "uv": [ 0.0, 0.0, 1.0, 1.0 ] },
						"down": { "texture": "#rusty-iron", "uv": [ 0.0, 0.0, 1.0, 1.0 ] }
					}
				}
			]
		}
	]}