{
	"editor": {
		"collapsedPaths": "Root/root/slope2",
		"allAngles": false,
		"entityTextureMode": false
	},
	
	"elements": [
		{
			"name": "origin",
			"from": [ 13.0, 0.6, 15.5 ],
			"to": [ 13.0, 0.6, 15.5 ],
			"rotationOrigin": [ 13.0, 0.6, 15.5 ],
			"faces": {
			},
			"children": [
				{
					"name": "base",
					"from": [ 2.4, -1.0, 0.1 ],
					"to": [ 3.0, 2.0, 0.9 ],
					"rotationOrigin": [ 2.4, -1.0, 0.1 ],
					"faces": {
						"north": { "texture": "#planks", "uv": [ 6.5, 3.5, 9.5, 4.0 ], "rotation": 90 },
						"east": { "texture": "#planks", "uv": [ 7.5, 4.0, 10.5, 4.5 ], "rotation": 90 },
						"south": { "texture": "#planks", "uv": [ 6.5, 3.0, 9.5, 3.5 ], "rotation": 90 },
						"west": { "texture": "#planks", "uv": [ 7.5, 3.5, 10.5, 4.0 ], "rotation": 90 }
					}
				},
				{
					"name": "base2",
					"from": [ -1.6, -1.0, 0.1 ],
					"to": [ -0.4, 2.0, 0.9 ],
					"rotationOrigin": [ -1.6, -1.0, 0.1 ],
					"faces": {
						"north": { "texture": "#planks", "uv": [ 11.0, 12.0, 14.0, 13.0 ], "rotation": 90 },
						"east": { "texture": "#planks", "uv": [ 12.5, 12.5, 15.5, 13.0 ], "rotation": 90, "windMode": [-1,-1,-1,-1] },
						"south": { "texture": "#planks", "uv": [ 9.5, 13.0, 12.5, 14.0 ], "rotation": 90, "windMode": [-1,-1,-1,-1] },
						"west": { "texture": "#planks", "uv": [ 2.0, 1.5, 5.0, 2.0 ], "rotation": 90, "windMode": [-1,-1,-1,-1] }
					}
				},
				{
					"name": "base3",
					"from": [ -5.6, -1.0, 0.1 ],
					"to": [ -4.4, 2.0, 0.9 ],
					"rotationOrigin": [ -5.6, -1.0, 0.1 ],
					"faces": {
						"north": { "texture": "#planks", "uv": [ 11.5, 8.5, 14.5, 9.5 ], "rotation": 90 },
						"east": { "texture": "#planks", "uv": [ 1.5, 13.0, 4.5, 13.5 ], "rotation": 90, "windMode": [-1,-1,-1,-1] },
						"south": { "texture": "#planks", "uv": [ 11.0, 6.5, 14.0, 7.5 ], "rotation": 90, "windMode": [-1,-1,-1,-1] },
						"west": { "texture": "#planks", "uv": [ 2.5, 13.0, 5.5, 13.5 ], "rotation": 90, "windMode": [-1,-1,-1,-1] }
					}
				},
				{
					"name": "base4",
					"from": [ -9.6, -1.0, 0.1 ],
					"to": [ -8.4, 2.0, 0.9 ],
					"rotationOrigin": [ -9.6, -1.0, 0.1 ],
					"faces": {
						"north": { "texture": "#planks", "uv": [ 3.5, 8.5, 6.5, 9.5 ], "rotation": 90 },
						"east": { "texture": "#planks", "uv": [ 11.0, 3.5, 14.0, 4.0 ], "rotation": 90, "windMode": [-1,-1,-1,-1] },
						"south": { "texture": "#planks", "uv": [ 0.0, 8.0, 3.0, 9.0 ], "rotation": 90, "windMode": [-1,-1,-1,-1] },
						"west": { "texture": "#planks", "uv": [ 5.5, 9.5, 8.5, 10.0 ], "rotation": 90, "windMode": [-1,-1,-1,-1] }
					}
				},
				{
					"name": "base5",
					"from": [ -13.0, -1.0, 0.1 ],
					"to": [ -12.4, 2.0, 0.9 ],
					"rotationOrigin": [ -13.0, -1.0, 0.1 ],
					"faces": {
						"north": { "texture": "#planks", "uv": [ 1.5, 3.5, 4.5, 4.0 ], "rotation": 90 },
						"east": { "texture": "#planks", "uv": [ 10.0, 8.5, 13.0, 9.0 ], "rotation": 90, "windMode": [-1,-1,-1,-1] },
						"south": { "texture": "#planks", "uv": [ 1.5, 2.5, 4.5, 3.0 ], "rotation": 90, "windMode": [-1,-1,-1,-1] },
						"west": { "texture": "#planks", "uv": [ 5.5, 3.5, 8.5, 4.0 ], "rotation": 90, "windMode": [-1,-1,-1,-1] }
					}
				},
				{
					"name": "base6",
					"from": [ -13.0, 2.0, 0.0 ],
					"to": [ 3.0, 2.3, 1.0 ],
					"rotationOrigin": [ -13.0, 2.0, 0.0 ],
					"faces": {
						"north": { "texture": "#planks", "uv": [ 0.0, 3.5, 16.0, 4.0 ] },
						"east": { "texture": "#planks", "uv": [ 15.0, 3.5, 16.0, 4.0 ] },
						"south": { "texture": "#planks", "uv": [ 0.0, 3.0, 16.0, 3.5 ] },
						"west": { "texture": "#planks", "uv": [ 11.5, 2.0, 12.5, 2.5 ] },
						"up": { "texture": "#planks", "uv": [ 0.0, 3.5, 16.0, 4.5 ] },
						"down": { "texture": "#planks", "uv": [ 0.0, 3.5, 16.0, 4.5 ] }
					}
				},
				{
					"name": "bar1",
					"from": [ -0.4, -0.8, 0.5 ],
					"to": [ 3.7, -0.2, 0.6 ],
					"rotationOrigin": [ -0.4, -0.8, 0.5 ],
					"rotationZ": 40.0,
					"faces": {
						"north": { "texture": "#planks", "uv": [ 7.0, 3.0, 11.0, 3.5 ] },
						"south": { "texture": "#planks", "uv": [ 4.0, 3.0, 8.0, 3.5 ] }
					}
				},
				{
					"name": "bar2",
					"from": [ -4.4, -0.8, 0.5 ],
					"to": [ -0.3, -0.2, 0.6 ],
					"rotationOrigin": [ -4.4, -0.8, 0.5 ],
					"rotationZ": 40.0,
					"faces": {
						"north": { "texture": "#planks", "uv": [ 4.0, 2.0, 8.0, 2.5 ] },
						"south": { "texture": "#planks", "uv": [ 3.5, 3.0, 7.5, 3.5 ] }
					}
				},
				{
					"name": "bar3",
					"from": [ -8.4, -0.8, 0.5 ],
					"to": [ -4.3, -0.2, 0.6 ],
					"rotationOrigin": [ -8.4, -0.8, 0.5 ],
					"rotationZ": 40.0,
					"faces": {
						"north": { "texture": "#planks", "uv": [ 4.5, 2.0, 8.5, 2.5 ] },
						"south": { "texture": "#planks", "uv": [ 6.5, 3.0, 10.5, 3.5 ] }
					}
				},
				{
					"name": "bar4",
					"from": [ -12.4, -0.8, 0.5 ],
					"to": [ -8.3, -0.2, 0.6 ],
					"rotationOrigin": [ -12.4, -0.8, 0.5 ],
					"rotationZ": 40.0,
					"faces": {
						"north": { "texture": "#planks", "uv": [ 10.0, 2.0, 14.0, 2.5 ] },
						"south": { "texture": "#planks", "uv": [ 11.0, 1.5, 15.0, 2.0 ] }
					}
				},
				{
					"name": "bar5",
					"from": [ -9.6, -0.8, 0.52 ],
					"to": [ -5.5, -0.2, 0.62 ],
					"rotationOrigin": [ -9.6, -0.8, 0.5 ],
					"rotationY": -180.0,
					"rotationZ": 40.0,
					"faces": {
						"north": { "texture": "#planks", "uv": [ 7.5, 2.0, 11.5, 2.5 ] },
						"south": { "texture": "#planks", "uv": [ 10.0, 3.0, 14.0, 3.5 ] }
					}
				},
				{
					"name": "bar6",
					"from": [ -5.6, -0.8, 0.52 ],
					"to": [ -1.5, -0.2, 0.62 ],
					"rotationOrigin": [ -5.6, -0.8, 0.5 ],
					"rotationY": -180.0,
					"rotationZ": 40.0,
					"faces": {
						"north": { "texture": "#planks", "uv": [ 11.5, 2.5, 15.5, 3.0 ] },
						"south": { "texture": "#planks", "uv": [ 7.5, 3.0, 11.5, 3.5 ] }
					}
				},
				{
					"name": "bar7",
					"from": [ -1.6, -0.8, 0.52 ],
					"to": [ 2.5, -0.2, 0.62 ],
					"rotationOrigin": [ -1.6, -0.8, 0.5 ],
					"rotationY": -180.0,
					"rotationZ": 40.0,
					"faces": {
						"north": { "texture": "#planks", "uv": [ 9.0, 1.5, 13.0, 2.0 ] },
						"south": { "texture": "#planks", "uv": [ 11.0, 2.5, 15.0, 3.0 ] }
					}
				},
				{
					"name": "bar8",
					"from": [ 2.4, -0.8, 0.52 ],
					"to": [ 6.5, -0.2, 0.62 ],
					"rotationOrigin": [ 2.4, -0.8, 0.5 ],
					"rotationY": -180.0,
					"rotationZ": 40.0,
					"faces": {
						"north": { "texture": "#planks", "uv": [ 0.0, 4.0, 4.0, 4.5 ] },
						"south": { "texture": "#planks", "uv": [ 1.0, 9.0, 5.0, 9.5 ] }
					}
				}
			]
		}
	]}