{
	"editor": {
		"collapsedPaths": "Root/root/slope2",
		"allAngles": false,
		"entityTextureMode": false
	},
	"textureWidth": 16,
	"textureHeight": 16,
	"textureSizes": {
	},
	"textures": {
	},
	"elements": [
		{
			"name": "origin",
			"from": [ -16.0, 0.0, 8.5 ],
			"to": [ -16.0, 0.0, 8.5 ],
			"rotationOrigin": [ 8.0, 0.0, 8.0 ],
			"rotationY": -90.0,
			"faces": {
				"north": { "texture": "#planks", "uv": [ 0.0, 0.0, 0.5, 0.5 ] },
				"east": { "texture": "#planks", "uv": [ 0.0, 0.0, 0.5, 0.5 ] },
				"south": { "texture": "#planks", "uv": [ 0.0, 0.0, 0.5, 0.5 ] },
				"west": { "texture": "#planks", "uv": [ 0.0, 0.0, 0.5, 0.5 ] },
				"up": { "texture": "#planks", "uv": [ 0.0, 0.0, 0.5, 0.5 ] },
				"down": { "texture": "#planks", "uv": [ 0.0, 0.0, 0.5, 0.5 ] }
			},
			"children": [
				{
					"name": "Cube2",
					"from": [ 16.0, -3.0, 7.0 ],
					"to": [ 19.0, 13.0, 8.0 ],
					"rotationOrigin": [ 16.0, -3.0, 7.0 ],
					"faces": {
						"north": { "texture": "#planks", "uv": [ 0.0, 0.5, 16.0, 3.5 ], "rotation": 90 },
						"east": { "texture": "#planks", "uv": [ 0.0, 3.0, 16.0, 4.0 ], "rotation": 90 },
						"south": { "texture": "#planks", "uv": [ 0.0, 11.5, 16.0, 14.5 ], "rotation": 90 },
						"west": { "texture": "#planks", "uv": [ 0.0, 3.5, 16.0, 4.5 ], "rotation": 90 },
						"down": { "texture": "#planks", "uv": [ 8.5, 2.0, 11.5, 3.0 ] }
					},
					"children": [
						{
							"name": "Cube3",
							"from": [ 0.0, 16.0, 0.01 ],
							"to": [ 2.2, 20.0, 0.99 ],
							"rotationOrigin": [ 0.0, 16.0, 0.0 ],
							"rotationZ": -45.0,
							"faces": {
								"north": { "texture": "#planks", "uv": [ 8.5, 1.0, 12.5, 3.0 ], "rotation": 90 },
								"east": { "texture": "#planks", "uv": [ 4.5, 8.0, 8.5, 8.5 ], "rotation": 90 },
								"south": { "texture": "#planks", "uv": [ 6.5, 1.0, 10.5, 3.0 ], "rotation": 90 },
								"west": { "texture": "#planks", "uv": [ 7.5, 2.5, 11.5, 3.0 ], "rotation": 90 }
							}
						},
						{
							"name": "Cube5",
							"from": [ 3.0, 15.2, 0.0 ],
							"to": [ 5.5, 19.2, 1.0 ],
							"rotationOrigin": [ 3.0, 15.2, 0.0 ],
							"rotationZ": -90.0,
							"faces": {
								"north": { "texture": "#planks", "uv": [ 6.5, 0.5, 10.5, 3.0 ], "rotation": 90 },
								"east": { "texture": "#planks", "uv": [ 6.0, 2.5, 10.0, 3.5 ], "rotation": 90 },
								"south": { "texture": "#planks", "uv": [ 3.5, 7.0, 7.5, 9.5 ], "rotation": 90 },
								"west": { "texture": "#planks", "uv": [ 4.5, 1.0, 8.5, 2.0 ], "rotation": 90 },
								"up": { "texture": "#planks", "uv": [ 5.5, 3.5, 8.0, 4.5 ] }
							}
						},
						{
							"name": "Cube6",
							"from": [ 2.0, 6.2, -0.01 ],
							"to": [ 4.5, 13.2, 0.99 ],
							"rotationOrigin": [ 2.0, 6.2, 0.0 ],
							"rotationZ": 135.0,
							"faces": {
								"north": { "texture": "#planks", "uv": [ 6.0, 0.5, 13.0, 3.0 ], "rotation": 90 },
								"east": { "texture": "#planks", "uv": [ 3.5, 2.0, 10.5, 3.0 ], "rotation": 90 },
								"south": { "texture": "#planks", "uv": [ 3.0, 7.5, 10.0, 10.0 ], "rotation": 90 },
								"west": { "texture": "#planks", "uv": [ 6.5, 13.5, 13.5, 14.5 ], "rotation": 90 }
							}
						},
						{
							"name": "Cube7",
							"from": [ 0.8, -6.0, 0.01 ],
							"to": [ 3.0, 0.0, 0.99 ],
							"rotationOrigin": [ 3.0, 0.0, 0.0 ],
							"rotationZ": -45.0,
							"faces": {
								"north": { "texture": "#planks", "uv": [ 8.5, 1.0, 14.5, 3.0 ], "rotation": 90 },
								"east": { "texture": "#planks", "uv": [ 4.5, 8.0, 10.5, 8.5 ], "rotation": 90 },
								"south": { "texture": "#planks", "uv": [ 6.5, 1.0, 12.5, 3.0 ], "rotation": 90 },
								"west": { "texture": "#planks", "uv": [ 7.5, 2.5, 13.5, 3.0 ], "rotation": 90 }
							}
						},
						{
							"name": "Cube4",
							"from": [ 2.8284, 18.8284, 0.0 ],
							"to": [ 5.3284, 23.2284, 1.0 ],
							"rotationOrigin": [ 2.8284, 18.8284, 0.01 ],
							"rotationZ": -90.0,
							"faces": {
								"north": { "texture": "#planks", "uv": [ 8.0, 7.0, 12.0, 9.5 ], "rotation": 90, "windMode": [-1,-1,-1,-1] },
								"east": { "texture": "#planks", "uv": [ 6.0, 3.0, 10.0, 4.0 ], "rotation": 90 },
								"south": { "texture": "#planks", "uv": [ 6.5, 7.0, 10.5, 9.5 ], "rotation": 90 },
								"west": { "texture": "#planks", "uv": [ 8.5, 7.5, 12.5, 8.5 ], "rotation": 90 },
								"up": { "texture": "#planks", "uv": [ 7.0, 2.0, 9.5, 3.0 ], "windMode": [-1,-1,-1,-1] }
							}
						}
					]
				}
			]
		}
	]}