{
	"editor": {
		"collapsedPaths": "Root/root/slope2",
		"allAngles": false,
		"entityTextureMode": false
	},
	"textureWidth": 16,
	"textureHeight": 16,
	"textureSizes": {
	},
	"textures": {
		"snowcover": "game:block/liquid/snow/normal1"
	},
	"elements": [
		{
			"name": "origin",
			"from": [ 8.0, 0.0, 16.0 ],
			"to": [ 8.0, 0.0, 16.0 ],
			"rotationOrigin": [ 8.0, 0.0, 16.0 ],
			"rotationY": -90.0,
			"faces": {
			},
			"children": [
				{
					"name": "beam",
					"from": [ -1.0, -2.0, 7.0 ],
					"to": [ 1.0, 17.2, 9.0 ],
					"rotationOrigin": [ -1.0, -2.0, 7.0 ],
					"rotationX": -24.0,
					"rotationY": -5.0,
					"rotationZ": 24.0,
					"faces": {
						"north": { "texture": "#wood", "uv": [ 0.0, 0.0, 2.0, 16.0 ], "autoUv": false },
						"east": { "texture": "#wood", "uv": [ 0.0, 0.0, 2.0, 16.0 ], "autoUv": false, "windMode": [-1,-1,-1,-1] },
						"south": { "texture": "#wood", "uv": [ 0.0, 0.0, 2.0, 16.0 ], "autoUv": false, "windMode": [-1,-1,-1,-1] },
						"west": { "texture": "#wood", "uv": [ 0.0, 0.0, 2.0, 16.0 ], "autoUv": false, "windMode": [-1,-1,-1,-1] },
						"up": { "texture": "#wood", "uv": [ 0.0, 0.0, 2.0, 2.0 ], "windMode": [-1,-1,-1,-1] },
						"down": { "texture": "#wood", "uv": [ 0.0, 0.0, 2.0, 2.0 ], "windMode": [-1,-1,-1,-1] }
					}
				},
				{
					"name": "origin2",
					"from": [ -8.0026, 0.0, -7.5 ],
					"to": [ -8.0026, 0.0, -7.5 ],
					"rotationOrigin": [ -8.0, 0.0, -7.5 ],
					"rotationY": 89.98,
					"faces": {
					},
					"children": [
						{
							"name": "slope2",
							"from": [ -16.0, 16.0, 0.0 ],
							"to": [ -16.0, 16.0, 0.0 ],
							"rotationOrigin": [ -16.0, 16.0, 0.0 ],
							"rotationX": 47.0,
							"faces": {
							},
							"children": [
								{
									"name": "shingle7",
									"from": [ 6.5, -2.0, 3.59 ],
									"to": [ 10.5, -1.0, 7.59 ],
									"rotationOrigin": [ 6.5, -2.0, 3.6 ],
									"faces": {
										"north": { "texture": "#material", "uv": [ 0.0, 0.0, 4.0, 1.0 ] },
										"east": { "texture": "#material", "uv": [ 0.0, 0.0, 4.0, 1.0 ] },
										"south": { "texture": "#material", "uv": [ 0.0, 0.0, 4.0, 1.0 ] },
										"west": { "texture": "#material", "uv": [ 0.0, 0.0, 4.0, 1.0 ] },
										"up": { "texture": "#material", "uv": [ 0.0, 3.0, 4.0, 7.0 ] },
										"down": { "texture": "#material", "uv": [ 0.0, 3.0, 4.0, 7.0 ] }
									},
									"children": [
										{
											"name": "shingle7-snow",
											"from": [ -1.0, 1.01, 0.0 ],
											"to": [ 5.0, 2.01, 4.0 ],
											"rotationOrigin": [ 5.5, -2.0, 3.6 ],
											"faces": {
												"north": { "texture": "#snowcover", "uv": [ 0.0, 0.0, 6.0, 1.0 ] },
												"east": { "texture": "#snowcover", "uv": [ 0.0, 0.0, 4.0, 1.0 ] },
												"south": { "texture": "#snowcover", "uv": [ 0.0, 0.0, 6.0, 1.0 ] },
												"west": { "texture": "#snowcover", "uv": [ 0.0, 0.0, 4.0, 1.0 ] },
												"up": { "texture": "#snowcover", "uv": [ 0.0, 3.0, 6.0, 7.0 ] },
												"down": { "texture": "#snowcover", "uv": [ 0.0, 3.0, 6.0, 7.0 ] }
											}
										}
									]
								},
								{
									"name": "shingle8",
									"from": [ 5.0, -3.0, 7.18 ],
									"to": [ 12.0, -2.0, 11.18 ],
									"rotationOrigin": [ 5.0, -3.0, 7.2 ],
									"faces": {
										"north": { "texture": "#material", "uv": [ 0.0, 0.0, 7.0, 1.0 ] },
										"east": { "texture": "#material", "uv": [ 0.0, 0.0, 4.0, 1.0 ] },
										"south": { "texture": "#material", "uv": [ 0.0, 0.0, 7.0, 1.0 ] },
										"west": { "texture": "#material", "uv": [ 0.0, 0.0, 4.0, 1.0 ] },
										"up": { "texture": "#material", "uv": [ 0.0, 6.5, 7.0, 10.5 ] },
										"down": { "texture": "#material", "uv": [ 0.0, 0.0, 7.0, 4.0 ] }
									},
									"children": [
										{
											"name": "shingle8-snow",
											"from": [ -1.0, 1.01, 0.0 ],
											"to": [ 8.0, 2.01, 4.0 ],
											"rotationOrigin": [ 4.0, -3.0, 7.2 ],
											"faces": {
												"north": { "texture": "#snowcover", "uv": [ 0.0, 0.0, 9.0, 1.0 ] },
												"east": { "texture": "#snowcover", "uv": [ 0.0, 0.0, 4.0, 1.0 ] },
												"south": { "texture": "#snowcover", "uv": [ 0.0, 0.0, 9.0, 1.0 ] },
												"west": { "texture": "#snowcover", "uv": [ 0.0, 0.0, 4.0, 1.0 ] },
												"up": { "texture": "#snowcover", "uv": [ 0.0, 6.5, 9.0, 10.5 ] },
												"down": { "texture": "#snowcover", "uv": [ 0.0, 0.0, 9.0, 4.0 ] }
											}
										}
									]
								},
								{
									"name": "shingle9",
									"from": [ 3.5, -4.0, 10.77 ],
									"to": [ 13.5, -3.0, 14.77 ],
									"rotationOrigin": [ 3.5, -4.0, 10.8 ],
									"faces": {
										"north": { "texture": "#material", "uv": [ 0.0, 0.0, 10.0, 1.0 ] },
										"east": { "texture": "#material", "uv": [ 0.0, 0.0, 4.0, 1.0 ] },
										"south": { "texture": "#material", "uv": [ 0.0, 0.0, 10.0, 1.0 ] },
										"west": { "texture": "#material", "uv": [ 0.0, 0.0, 4.0, 1.0 ] },
										"up": { "texture": "#material", "uv": [ 0.0, 10.5, 10.0, 14.5 ] },
										"down": { "texture": "#material", "uv": [ 0.0, 0.0, 10.0, 4.0 ] }
									},
									"children": [
										{
											"name": "shingle9-snow",
											"from": [ -1.0, 1.01, 0.0 ],
											"to": [ 11.0, 2.01, 4.0 ],
											"rotationOrigin": [ 2.5, -4.0, 10.8 ],
											"faces": {
												"north": { "texture": "#snowcover", "uv": [ 0.0, 0.0, 12.0, 1.0 ] },
												"east": { "texture": "#snowcover", "uv": [ 0.0, 0.0, 4.0, 1.0 ] },
												"south": { "texture": "#snowcover", "uv": [ 0.0, 0.0, 12.0, 1.0 ] },
												"west": { "texture": "#snowcover", "uv": [ 0.0, 0.0, 4.0, 1.0 ] },
												"up": { "texture": "#snowcover", "uv": [ 0.0, 10.5, 12.0, 14.5 ] },
												"down": { "texture": "#snowcover", "uv": [ 0.0, 0.0, 12.0, 4.0 ] }
											}
										}
									]
								},
								{
									"name": "shingle10",
									"from": [ 1.5, -5.0, 14.36 ],
									"to": [ 15.5, -4.0, 18.36 ],
									"rotationOrigin": [ 1.5, -5.0, 14.4 ],
									"faces": {
										"north": { "texture": "#material", "uv": [ 0.0, 0.0, 14.0, 1.0 ] },
										"east": { "texture": "#material", "uv": [ 0.0, 0.0, 4.0, 1.0 ] },
										"south": { "texture": "#material", "uv": [ 0.0, 0.0, 14.0, 1.0 ] },
										"west": { "texture": "#material", "uv": [ 0.0, 0.0, 4.0, 1.0 ] },
										"up": { "texture": "#material", "uv": [ 0.0, 0.0, 14.0, 4.0 ] },
										"down": { "texture": "#material", "uv": [ 0.0, 0.0, 14.0, 4.0 ] }
									},
									"children": [
										{
											"name": "shingle10-snow",
											"from": [ -1.0, 1.01, 0.0 ],
											"to": [ 15.0, 2.01, 4.0 ],
											"rotationOrigin": [ 0.5, -5.0, 14.4 ],
											"faces": {
												"north": { "texture": "#snowcover", "uv": [ 0.0, 0.0, 16.0, 1.0 ] },
												"east": { "texture": "#snowcover", "uv": [ 0.0, 0.0, 4.0, 1.0 ] },
												"south": { "texture": "#snowcover", "uv": [ 0.0, 0.0, 16.0, 1.0 ] },
												"west": { "texture": "#snowcover", "uv": [ 0.0, 0.0, 4.0, 1.0 ] },
												"up": { "texture": "#snowcover", "uv": [ 0.0, 0.0, 16.0, 4.0 ] },
												"down": { "texture": "#snowcover", "uv": [ 0.0, 0.0, 16.0, 4.0 ] }
											}
										}
									]
								}
							]
						}
					]
				},
				{
					"name": "snow-top",
					"from": [ -10.25, 13.0, -2.25 ],
					"to": [ -5.75, 15.0, 2.25 ],
					"rotationOrigin": [ -10.2, 13.0, -2.2 ],
					"faces": {
						"north": { "texture": "#snowcover", "uv": [ 0.0, 0.0, 4.5, 2.0 ] },
						"east": { "texture": "#snowcover", "uv": [ 0.0, 0.0, 4.5, 2.0 ] },
						"south": { "texture": "#snowcover", "uv": [ 0.0, 0.0, 4.5, 2.0 ] },
						"west": { "texture": "#snowcover", "uv": [ 0.0, 0.0, 4.5, 2.0 ] },
						"up": { "texture": "#snowcover", "uv": [ 0.0, 0.0, 4.5, 4.5 ] },
						"down": { "texture": "#snowcover", "uv": [ 0.0, 0.0, 4.5, 4.5 ] }
					}
				}
			]
		},
		{
			"name": "origin3",
			"from": [ 16.0, 0.0, 8.0 ],
			"to": [ 16.0, 0.0, 8.0 ],
			"rotationOrigin": [ 8.0, 0.0, 8.0 ],
			"faces": {
			},
			"children": [
				{
					"name": "beam2",
					"from": [ -1.0, -2.0, 7.0 ],
					"to": [ 1.0, 17.2, 9.0 ],
					"rotationOrigin": [ -1.0, -2.0, 7.0 ],
					"rotationX": -24.0,
					"rotationY": -5.0,
					"rotationZ": 24.0,
					"faces": {
						"north": { "texture": "#wood", "uv": [ 0.0, 0.0, 2.0, 16.0 ], "autoUv": false },
						"east": { "texture": "#wood", "uv": [ 0.0, 0.0, 2.0, 16.0 ], "autoUv": false },
						"south": { "texture": "#wood", "uv": [ 0.0, 0.0, 2.0, 16.0 ], "autoUv": false },
						"west": { "texture": "#wood", "uv": [ 0.0, 0.0, 2.0, 16.0 ], "autoUv": false },
						"up": { "texture": "#wood", "uv": [ 0.0, 0.0, 2.0, 2.0 ] },
						"down": { "texture": "#wood", "uv": [ 0.0, 0.0, 2.0, 2.0 ] }
					}
				},
				{
					"name": "origin4",
					"from": [ -8.0026, 0.0, -7.5 ],
					"to": [ -8.0026, 0.0, -7.5 ],
					"rotationOrigin": [ -8.0, 0.0, -7.5 ],
					"rotationY": 89.98,
					"faces": {
					},
					"children": [
						{
							"name": "slope4",
							"from": [ -16.0, 16.0, 0.0 ],
							"to": [ -16.0, 16.0, 0.0 ],
							"rotationOrigin": [ -16.0, 16.0, 0.0 ],
							"rotationX": 47.0,
							"faces": {
							},
							"children": [
								{
									"name": "shingle14",
									"from": [ 6.5, -2.0, 3.59 ],
									"to": [ 10.5, -1.0, 7.59 ],
									"rotationOrigin": [ 6.5, -2.0, 3.6 ],
									"faces": {
										"north": { "texture": "#material", "uv": [ 0.0, 0.0, 4.0, 1.0 ] },
										"east": { "texture": "#material", "uv": [ 0.0, 0.0, 4.0, 1.0 ] },
										"south": { "texture": "#material", "uv": [ 0.0, 0.0, 4.0, 1.0 ] },
										"west": { "texture": "#material", "uv": [ 0.0, 0.0, 4.0, 1.0 ] },
										"up": { "texture": "#material", "uv": [ 0.0, 3.0, 4.0, 7.0 ] },
										"down": { "texture": "#material", "uv": [ 0.0, 3.0, 4.0, 7.0 ] }
									},
									"children": [
										{
											"name": "shingle14-snow",
											"from": [ -1.0, 1.01, 0.0 ],
											"to": [ 5.0, 2.01, 4.0 ],
											"rotationOrigin": [ 5.5, -2.0, 3.6 ],
											"faces": {
												"north": { "texture": "#snowcover", "uv": [ 0.0, 0.0, 6.0, 1.0 ] },
												"east": { "texture": "#snowcover", "uv": [ 0.0, 0.0, 4.0, 1.0 ] },
												"south": { "texture": "#snowcover", "uv": [ 0.0, 0.0, 6.0, 1.0 ] },
												"west": { "texture": "#snowcover", "uv": [ 0.0, 0.0, 4.0, 1.0 ] },
												"up": { "texture": "#snowcover", "uv": [ 0.0, 3.0, 6.0, 7.0 ] },
												"down": { "texture": "#snowcover", "uv": [ 0.0, 3.0, 6.0, 7.0 ] }
											}
										}
									]
								},
								{
									"name": "shingle15",
									"from": [ 5.0, -3.0, 7.18 ],
									"to": [ 12.0, -2.0, 11.18 ],
									"rotationOrigin": [ 5.0, -3.0, 7.2 ],
									"faces": {
										"north": { "texture": "#material", "uv": [ 0.0, 0.0, 7.0, 1.0 ] },
										"east": { "texture": "#material", "uv": [ 0.0, 0.0, 4.0, 1.0 ] },
										"south": { "texture": "#material", "uv": [ 0.0, 0.0, 7.0, 1.0 ] },
										"west": { "texture": "#material", "uv": [ 0.0, 0.0, 4.0, 1.0 ] },
										"up": { "texture": "#material", "uv": [ 0.0, 6.5, 7.0, 10.5 ] },
										"down": { "texture": "#material", "uv": [ 0.0, 0.0, 7.0, 4.0 ] }
									},
									"children": [
										{
											"name": "shingle15-snow",
											"from": [ -1.0, 1.01, 0.0 ],
											"to": [ 8.0, 2.01, 4.0 ],
											"rotationOrigin": [ 4.0, -3.0, 7.2 ],
											"faces": {
												"north": { "texture": "#snowcover", "uv": [ 0.0, 0.0, 9.0, 1.0 ] },
												"east": { "texture": "#snowcover", "uv": [ 0.0, 0.0, 4.0, 1.0 ] },
												"south": { "texture": "#snowcover", "uv": [ 0.0, 0.0, 9.0, 1.0 ] },
												"west": { "texture": "#snowcover", "uv": [ 0.0, 0.0, 4.0, 1.0 ] },
												"up": { "texture": "#snowcover", "uv": [ 0.0, 6.5, 9.0, 10.5 ] },
												"down": { "texture": "#snowcover", "uv": [ 0.0, 0.0, 9.0, 4.0 ] }
											}
										}
									]
								},
								{
									"name": "shingle16",
									"from": [ 3.5, -4.0, 10.77 ],
									"to": [ 13.5, -3.0, 14.77 ],
									"rotationOrigin": [ 3.5, -4.0, 10.8 ],
									"faces": {
										"north": { "texture": "#material", "uv": [ 0.0, 0.0, 10.0, 1.0 ] },
										"east": { "texture": "#material", "uv": [ 0.0, 0.0, 4.0, 1.0 ] },
										"south": { "texture": "#material", "uv": [ 0.0, 0.0, 10.0, 1.0 ] },
										"west": { "texture": "#material", "uv": [ 0.0, 0.0, 4.0, 1.0 ] },
										"up": { "texture": "#material", "uv": [ 0.0, 10.5, 10.0, 14.5 ] },
										"down": { "texture": "#material", "uv": [ 0.0, 0.0, 10.0, 4.0 ] }
									},
									"children": [
										{
											"name": "shingle16-snow",
											"from": [ -1.0, 1.01, 0.0 ],
											"to": [ 11.0, 2.01, 4.0 ],
											"rotationOrigin": [ 2.5, -4.0, 10.8 ],
											"faces": {
												"north": { "texture": "#snowcover", "uv": [ 0.0, 0.0, 12.0, 1.0 ] },
												"east": { "texture": "#snowcover", "uv": [ 0.0, 0.0, 4.0, 1.0 ] },
												"south": { "texture": "#snowcover", "uv": [ 0.0, 0.0, 12.0, 1.0 ] },
												"west": { "texture": "#snowcover", "uv": [ 0.0, 0.0, 4.0, 1.0 ] },
												"up": { "texture": "#snowcover", "uv": [ 0.0, 10.5, 12.0, 14.5 ] },
												"down": { "texture": "#snowcover", "uv": [ 0.0, 0.0, 12.0, 4.0 ] }
											}
										}
									]
								},
								{
									"name": "shingle17",
									"from": [ 1.5, -5.0, 14.36 ],
									"to": [ 15.5, -4.0, 18.36 ],
									"rotationOrigin": [ 1.5, -5.0, 14.4 ],
									"faces": {
										"north": { "texture": "#material", "uv": [ 0.0, 0.0, 14.0, 1.0 ] },
										"east": { "texture": "#material", "uv": [ 0.0, 0.0, 4.0, 1.0 ] },
										"south": { "texture": "#material", "uv": [ 0.0, 0.0, 14.0, 1.0 ] },
										"west": { "texture": "#material", "uv": [ 0.0, 0.0, 4.0, 1.0 ] },
										"up": { "texture": "#material", "uv": [ 0.0, 0.0, 14.0, 4.0 ] },
										"down": { "texture": "#material", "uv": [ 0.0, 0.0, 14.0, 4.0 ] }
									},
									"children": [
										{
											"name": "shingle17-snow",
											"from": [ -1.0, 1.01, 0.0 ],
											"to": [ 15.0, 2.01, 4.0 ],
											"rotationOrigin": [ 0.5, -5.0, 14.4 ],
											"faces": {
												"north": { "texture": "#snowcover", "uv": [ 0.0, 0.0, 16.0, 1.0 ] },
												"east": { "texture": "#snowcover", "uv": [ 0.0, 0.0, 4.0, 1.0 ] },
												"south": { "texture": "#snowcover", "uv": [ 0.0, 0.0, 16.0, 1.0 ] },
												"west": { "texture": "#snowcover", "uv": [ 0.0, 0.0, 4.0, 1.0 ] },
												"up": { "texture": "#snowcover", "uv": [ 0.0, 0.0, 16.0, 4.0 ] },
												"down": { "texture": "#snowcover", "uv": [ 0.0, 0.0, 16.0, 4.0 ] }
											}
										}
									]
								}
							]
						}
					]
				}
			]
		},
		{
			"name": "origin5",
			"from": [ 16.0, 0.0, 8.0 ],
			"to": [ 16.0, 0.0, 8.0 ],
			"rotationOrigin": [ 8.0, 0.0, 8.0 ],
			"rotationY": 90.0,
			"faces": {
			},
			"children": [
				{
					"name": "beam3",
					"from": [ -1.0, -2.0, 7.0 ],
					"to": [ 1.0, 17.2, 9.0 ],
					"rotationOrigin": [ -1.0, -2.0, 7.0 ],
					"rotationX": -24.0,
					"rotationY": -5.0,
					"rotationZ": 24.0,
					"faces": {
						"north": { "texture": "#wood", "uv": [ 0.0, 0.0, 2.0, 16.0 ], "autoUv": false },
						"east": { "texture": "#wood", "uv": [ 0.0, 0.0, 2.0, 16.0 ], "autoUv": false },
						"south": { "texture": "#wood", "uv": [ 0.0, 0.0, 2.0, 16.0 ], "autoUv": false },
						"west": { "texture": "#wood", "uv": [ 0.0, 0.0, 2.0, 16.0 ], "autoUv": false },
						"up": { "texture": "#wood", "uv": [ 0.0, 0.0, 2.0, 2.0 ] },
						"down": { "texture": "#wood", "uv": [ 0.0, 0.0, 2.0, 2.0 ] }
					}
				},
				{
					"name": "origin6",
					"from": [ -8.0026, 0.0, -7.5 ],
					"to": [ -8.0026, 0.0, -7.5 ],
					"rotationOrigin": [ -8.0, 0.0, -7.5 ],
					"rotationY": 89.98,
					"faces": {
					},
					"children": [
						{
							"name": "slope6",
							"from": [ -16.0, 16.0, 0.0 ],
							"to": [ -16.0, 16.0, 0.0 ],
							"rotationOrigin": [ -16.0, 16.0, 0.0 ],
							"rotationX": 47.0,
							"faces": {
							},
							"children": [
								{
									"name": "shingle22",
									"from": [ 6.5, -2.0, 3.59 ],
									"to": [ 10.5, -1.0, 7.59 ],
									"rotationOrigin": [ 6.5, -2.0, 3.6 ],
									"faces": {
										"north": { "texture": "#material", "uv": [ 0.0, 0.0, 4.0, 1.0 ] },
										"east": { "texture": "#material", "uv": [ 0.0, 0.0, 4.0, 1.0 ] },
										"south": { "texture": "#material", "uv": [ 0.0, 0.0, 4.0, 1.0 ] },
										"west": { "texture": "#material", "uv": [ 0.0, 0.0, 4.0, 1.0 ] },
										"up": { "texture": "#material", "uv": [ 0.0, 3.0, 4.0, 7.0 ] },
										"down": { "texture": "#material", "uv": [ 0.0, 3.0, 4.0, 7.0 ] }
									},
									"children": [
										{
											"name": "shingle22-snow",
											"from": [ -1.0, 1.01, 0.0 ],
											"to": [ 5.0, 2.01, 4.0 ],
											"rotationOrigin": [ 5.5, -2.0, 3.6 ],
											"faces": {
												"north": { "texture": "#snowcover", "uv": [ 0.0, 0.0, 6.0, 1.0 ] },
												"east": { "texture": "#snowcover", "uv": [ 0.0, 0.0, 4.0, 1.0 ] },
												"south": { "texture": "#snowcover", "uv": [ 0.0, 0.0, 6.0, 1.0 ] },
												"west": { "texture": "#snowcover", "uv": [ 0.0, 0.0, 4.0, 1.0 ] },
												"up": { "texture": "#snowcover", "uv": [ 0.0, 3.0, 6.0, 7.0 ] },
												"down": { "texture": "#snowcover", "uv": [ 0.0, 3.0, 6.0, 7.0 ] }
											}
										}
									]
								},
								{
									"name": "shingle23",
									"from": [ 5.0, -3.0, 7.18 ],
									"to": [ 12.0, -2.0, 11.18 ],
									"rotationOrigin": [ 5.0, -3.0, 7.2 ],
									"faces": {
										"north": { "texture": "#material", "uv": [ 0.0, 0.0, 7.0, 1.0 ] },
										"east": { "texture": "#material", "uv": [ 0.0, 0.0, 4.0, 1.0 ] },
										"south": { "texture": "#material", "uv": [ 0.0, 0.0, 7.0, 1.0 ] },
										"west": { "texture": "#material", "uv": [ 0.0, 0.0, 4.0, 1.0 ] },
										"up": { "texture": "#material", "uv": [ 0.0, 6.5, 7.0, 10.5 ] },
										"down": { "texture": "#material", "uv": [ 0.0, 0.0, 7.0, 4.0 ] }
									},
									"children": [
										{
											"name": "shingle23-snow",
											"from": [ -1.0, 1.01, 0.0 ],
											"to": [ 8.0, 2.01, 4.0 ],
											"rotationOrigin": [ 4.0, -3.0, 7.2 ],
											"faces": {
												"north": { "texture": "#snowcover", "uv": [ 0.0, 0.0, 9.0, 1.0 ] },
												"east": { "texture": "#snowcover", "uv": [ 0.0, 0.0, 4.0, 1.0 ] },
												"south": { "texture": "#snowcover", "uv": [ 0.0, 0.0, 9.0, 1.0 ] },
												"west": { "texture": "#snowcover", "uv": [ 0.0, 0.0, 4.0, 1.0 ] },
												"up": { "texture": "#snowcover", "uv": [ 0.0, 6.5, 9.0, 10.5 ] },
												"down": { "texture": "#snowcover", "uv": [ 0.0, 0.0, 9.0, 4.0 ] }
											}
										}
									]
								},
								{
									"name": "shingle24",
									"from": [ 3.5, -4.0, 10.77 ],
									"to": [ 13.5, -3.0, 14.77 ],
									"rotationOrigin": [ 3.5, -4.0, 10.8 ],
									"faces": {
										"north": { "texture": "#material", "uv": [ 0.0, 0.0, 10.0, 1.0 ] },
										"east": { "texture": "#material", "uv": [ 0.0, 0.0, 4.0, 1.0 ] },
										"south": { "texture": "#material", "uv": [ 0.0, 0.0, 10.0, 1.0 ] },
										"west": { "texture": "#material", "uv": [ 0.0, 0.0, 4.0, 1.0 ] },
										"up": { "texture": "#material", "uv": [ 0.0, 10.5, 10.0, 14.5 ] },
										"down": { "texture": "#material", "uv": [ 0.0, 0.0, 10.0, 4.0 ] }
									},
									"children": [
										{
											"name": "shingle24-snow",
											"from": [ -1.0, 1.01, 0.0 ],
											"to": [ 11.0, 2.01, 4.0 ],
											"rotationOrigin": [ 2.5, -4.0, 10.8 ],
											"faces": {
												"north": { "texture": "#snowcover", "uv": [ 0.0, 0.0, 12.0, 1.0 ] },
												"east": { "texture": "#snowcover", "uv": [ 0.0, 0.0, 4.0, 1.0 ] },
												"south": { "texture": "#snowcover", "uv": [ 0.0, 0.0, 12.0, 1.0 ] },
												"west": { "texture": "#snowcover", "uv": [ 0.0, 0.0, 4.0, 1.0 ] },
												"up": { "texture": "#snowcover", "uv": [ 0.0, 10.5, 12.0, 14.5 ] },
												"down": { "texture": "#snowcover", "uv": [ 0.0, 0.0, 12.0, 4.0 ] }
											}
										}
									]
								},
								{
									"name": "shingle25",
									"from": [ 1.5, -5.0, 14.36 ],
									"to": [ 15.5, -4.0, 18.36 ],
									"rotationOrigin": [ 1.5, -5.0, 14.4 ],
									"faces": {
										"north": { "texture": "#material", "uv": [ 0.0, 0.0, 14.0, 1.0 ] },
										"east": { "texture": "#material", "uv": [ 0.0, 0.0, 4.0, 1.0 ] },
										"south": { "texture": "#material", "uv": [ 0.0, 0.0, 14.0, 1.0 ] },
										"west": { "texture": "#material", "uv": [ 0.0, 0.0, 4.0, 1.0 ] },
										"up": { "texture": "#material", "uv": [ 0.0, 0.0, 14.0, 4.0 ] },
										"down": { "texture": "#material", "uv": [ 0.0, 0.0, 14.0, 4.0 ] }
									},
									"children": [
										{
											"name": "shingle25-snow",
											"from": [ -1.0, 1.01, 0.0 ],
											"to": [ 15.0, 2.01, 4.0 ],
											"rotationOrigin": [ 0.5, -5.0, 14.4 ],
											"faces": {
												"north": { "texture": "#snowcover", "uv": [ 0.0, 0.0, 16.0, 1.0 ] },
												"east": { "texture": "#snowcover", "uv": [ 0.0, 0.0, 4.0, 1.0 ] },
												"south": { "texture": "#snowcover", "uv": [ 0.0, 0.0, 16.0, 1.0 ] },
												"west": { "texture": "#snowcover", "uv": [ 0.0, 0.0, 4.0, 1.0 ] },
												"up": { "texture": "#snowcover", "uv": [ 0.0, 0.0, 16.0, 4.0 ] },
												"down": { "texture": "#snowcover", "uv": [ 0.0, 0.0, 16.0, 4.0 ] }
											}
										}
									]
								}
							]
						}
					]
				}
			]
		},
		{
			"name": "origin7",
			"from": [ 16.0, 0.0, 8.0 ],
			"to": [ 16.0, 0.0, 8.0 ],
			"rotationOrigin": [ 8.0, 0.0, 8.0 ],
			"rotationY": 180.0,
			"faces": {
			},
			"children": [
				{
					"name": "beam4",
					"from": [ -1.0, -2.0, 7.0 ],
					"to": [ 1.0, 17.2, 9.0 ],
					"rotationOrigin": [ -1.0, -2.0, 7.0 ],
					"rotationX": -24.0,
					"rotationY": -5.0,
					"rotationZ": 24.0,
					"faces": {
						"north": { "texture": "#wood", "uv": [ 0.0, 0.0, 2.0, 16.0 ], "autoUv": false },
						"east": { "texture": "#wood", "uv": [ 0.0, 0.0, 2.0, 16.0 ], "autoUv": false },
						"south": { "texture": "#wood", "uv": [ 0.0, 0.0, 2.0, 16.0 ], "autoUv": false },
						"west": { "texture": "#wood", "uv": [ 0.0, 0.0, 2.0, 16.0 ], "autoUv": false },
						"up": { "texture": "#wood", "uv": [ 0.0, 0.0, 2.0, 2.0 ] },
						"down": { "texture": "#wood", "uv": [ 0.0, 0.0, 2.0, 2.0 ] }
					}
				},
				{
					"name": "origin8",
					"from": [ -8.0026, 0.0, -7.5 ],
					"to": [ -8.0026, 0.0, -7.5 ],
					"rotationOrigin": [ -8.0, 0.0, -7.5 ],
					"rotationY": 89.98,
					"faces": {
					},
					"children": [
						{
							"name": "slope8",
							"from": [ -16.0, 16.0, 0.0 ],
							"to": [ -16.0, 16.0, 0.0 ],
							"rotationOrigin": [ -16.0, 16.0, 0.0 ],
							"rotationX": 47.0,
							"faces": {
							},
							"children": [
								{
									"name": "shingle30",
									"from": [ 6.5, -2.0, 3.59 ],
									"to": [ 10.5, -1.0, 7.59 ],
									"rotationOrigin": [ 6.5, -2.0, 3.6 ],
									"faces": {
										"north": { "texture": "#material", "uv": [ 0.0, 0.0, 4.0, 1.0 ] },
										"east": { "texture": "#material", "uv": [ 0.0, 0.0, 4.0, 1.0 ] },
										"south": { "texture": "#material", "uv": [ 0.0, 0.0, 4.0, 1.0 ] },
										"west": { "texture": "#material", "uv": [ 0.0, 0.0, 4.0, 1.0 ] },
										"up": { "texture": "#material", "uv": [ 0.0, 3.0, 4.0, 7.0 ] },
										"down": { "texture": "#material", "uv": [ 0.0, 3.0, 4.0, 7.0 ] }
									},
									"children": [
										{
											"name": "shingle30-snow",
											"from": [ -1.0, 1.01, 0.0 ],
											"to": [ 5.0, 2.01, 4.0 ],
											"rotationOrigin": [ 5.5, -2.0, 3.6 ],
											"faces": {
												"north": { "texture": "#snowcover", "uv": [ 0.0, 0.0, 6.0, 1.0 ] },
												"east": { "texture": "#snowcover", "uv": [ 0.0, 0.0, 4.0, 1.0 ] },
												"south": { "texture": "#snowcover", "uv": [ 0.0, 0.0, 6.0, 1.0 ] },
												"west": { "texture": "#snowcover", "uv": [ 0.0, 0.0, 4.0, 1.0 ] },
												"up": { "texture": "#snowcover", "uv": [ 0.0, 3.0, 6.0, 7.0 ] },
												"down": { "texture": "#snowcover", "uv": [ 0.0, 3.0, 6.0, 7.0 ] }
											}
										}
									]
								},
								{
									"name": "shingle31",
									"from": [ 5.0, -3.0, 7.18 ],
									"to": [ 12.0, -2.0, 11.18 ],
									"rotationOrigin": [ 5.0, -3.0, 7.2 ],
									"faces": {
										"north": { "texture": "#material", "uv": [ 0.0, 0.0, 7.0, 1.0 ] },
										"east": { "texture": "#material", "uv": [ 0.0, 0.0, 4.0, 1.0 ] },
										"south": { "texture": "#material", "uv": [ 0.0, 0.0, 7.0, 1.0 ] },
										"west": { "texture": "#material", "uv": [ 0.0, 0.0, 4.0, 1.0 ] },
										"up": { "texture": "#material", "uv": [ 0.0, 6.5, 7.0, 10.5 ] },
										"down": { "texture": "#material", "uv": [ 0.0, 0.0, 7.0, 4.0 ] }
									},
									"children": [
										{
											"name": "shingle31-snow",
											"from": [ -1.0, 1.01, 0.0 ],
											"to": [ 8.0, 2.01, 4.0 ],
											"rotationOrigin": [ 4.0, -3.0, 7.2 ],
											"faces": {
												"north": { "texture": "#snowcover", "uv": [ 0.0, 0.0, 9.0, 1.0 ] },
												"east": { "texture": "#snowcover", "uv": [ 0.0, 0.0, 4.0, 1.0 ] },
												"south": { "texture": "#snowcover", "uv": [ 0.0, 0.0, 9.0, 1.0 ] },
												"west": { "texture": "#snowcover", "uv": [ 0.0, 0.0, 4.0, 1.0 ] },
												"up": { "texture": "#snowcover", "uv": [ 0.0, 6.5, 9.0, 10.5 ] },
												"down": { "texture": "#snowcover", "uv": [ 0.0, 0.0, 9.0, 4.0 ] }
											}
										}
									]
								},
								{
									"name": "shingle33",
									"from": [ 1.5, -5.0, 14.36 ],
									"to": [ 15.5, -4.0, 18.36 ],
									"rotationOrigin": [ 1.5, -5.0, 14.4 ],
									"faces": {
										"north": { "texture": "#material", "uv": [ 0.0, 0.0, 14.0, 1.0 ] },
										"east": { "texture": "#material", "uv": [ 0.0, 0.0, 4.0, 1.0 ] },
										"south": { "texture": "#material", "uv": [ 0.0, 0.0, 14.0, 1.0 ] },
										"west": { "texture": "#material", "uv": [ 0.0, 0.0, 4.0, 1.0 ] },
										"up": { "texture": "#material", "uv": [ 0.0, 0.0, 14.0, 4.0 ] },
										"down": { "texture": "#material", "uv": [ 0.0, 0.0, 14.0, 4.0 ] }
									},
									"children": [
										{
											"name": "shingle33-snow",
											"from": [ -1.0, 1.01, 0.0 ],
											"to": [ 15.0, 2.01, 4.0 ],
											"rotationOrigin": [ 0.5, -5.0, 14.4 ],
											"faces": {
												"north": { "texture": "#snowcover", "uv": [ 0.0, 0.0, 16.0, 1.0 ] },
												"east": { "texture": "#snowcover", "uv": [ 0.0, 0.0, 4.0, 1.0 ] },
												"south": { "texture": "#snowcover", "uv": [ 0.0, 0.0, 16.0, 1.0 ] },
												"west": { "texture": "#snowcover", "uv": [ 0.0, 0.0, 4.0, 1.0 ] },
												"up": { "texture": "#snowcover", "uv": [ 0.0, 0.0, 16.0, 4.0 ] },
												"down": { "texture": "#snowcover", "uv": [ 0.0, 0.0, 16.0, 4.0 ] }
											}
										}
									]
								},
								{
									"name": "shingle32",
									"from": [ 3.5, -4.0, 10.77 ],
									"to": [ 13.5, -3.0, 14.77 ],
									"rotationOrigin": [ 3.5, -4.0, 10.8 ],
									"faces": {
										"north": { "texture": "#material", "uv": [ 0.0, 0.0, 10.0, 1.0 ] },
										"east": { "texture": "#material", "uv": [ 0.0, 0.0, 4.0, 1.0 ] },
										"south": { "texture": "#material", "uv": [ 0.0, 0.0, 10.0, 1.0 ] },
										"west": { "texture": "#material", "uv": [ 0.0, 0.0, 4.0, 1.0 ] },
										"up": { "texture": "#material", "uv": [ 0.0, 10.5, 10.0, 14.5 ] },
										"down": { "texture": "#material", "uv": [ 0.0, 0.0, 10.0, 4.0 ] }
									},
									"children": [
										{
											"name": "shingle32-snow",
											"from": [ -1.0, 1.01, 0.0 ],
											"to": [ 11.0, 2.01, 4.0 ],
											"rotationOrigin": [ 2.5, -4.0, 10.8 ],
											"faces": {
												"north": { "texture": "#snowcover", "uv": [ 0.0, 0.0, 12.0, 1.0 ] },
												"east": { "texture": "#snowcover", "uv": [ 0.0, 0.0, 4.0, 1.0 ] },
												"south": { "texture": "#snowcover", "uv": [ 0.0, 0.0, 12.0, 1.0 ] },
												"west": { "texture": "#snowcover", "uv": [ 0.0, 0.0, 4.0, 1.0 ] },
												"up": { "texture": "#snowcover", "uv": [ 0.0, 10.5, 12.0, 14.5 ] },
												"down": { "texture": "#snowcover", "uv": [ 0.0, 0.0, 12.0, 4.0 ] }
											}
										}
									]
								}
							]
						}
					]
				}
			]
		}
	]}