{
	"editor": {
		"collapsedPaths": "Root/root/slope2",
		"allAngles": false,
		"entityTextureMode": false
	},
	"textureWidth": 16,
	"textureHeight": 16,
	"textureSizes": {
	},
	
	"elements": [
		{
			"name": "origin",
			"from": [ 8.0, -8.0, 0.0 ],
			"to": [ 8.0, -8.0, 0.0 ],
			"rotationOrigin": [ 8.0, 0.0, 8.0 ],
			"faces": {
			},
			"children": [
				{
					"name": "slope",
					"from": [ -8.0, 16.0, 0.0 ],
					"to": [ -8.0, 16.0, 0.0 ],
					"rotationOrigin": [ -8.0, 16.0, 0.0 ],
					"rotationX": 10.0,
					"faces": {
					},
					"children": [
						{
							"name": "shingle3",
							"from": [ 0.0, -3.0, 8.48 ],
							"to": [ 16.0, -2.0, 11.18 ],
							"rotationOrigin": [ 0.0, -3.0, 8.5 ],
							"faces": {
								"east": { "texture": "#material", "uv": [ 0.0, 0.0, 2.5, 1.0 ], "windMode": [-1,-1,-1,-1] },
								"south": { "texture": "#material", "uv": [ 0.0, 0.0, 16.0, 1.0 ] },
								"west": { "texture": "#material", "uv": [ 0.0, 0.0, 2.5, 1.0 ] },
								"up": { "texture": "#material", "uv": [ 0.0, 6.5, 16.0, 9.0 ] },
								"down": { "texture": "#material", "uv": [ 0.0, 0.0, 16.0, 2.5 ] }
							},
							"children": [
								{
									"name": "shingle3end",
									"from": [ -2.0, 0.0, 0.0 ],
									"to": [ 0.0, 1.0, 2.7 ],
									"rotationOrigin": [ -2.0, 0.0, 0.02 ],
									"rotationX": 0.0,
									"faces": {
										"north": { "texture": "#material", "uv": [ 0.0, 0.0, 2.0, 1.0 ] },
										"south": { "texture": "#material", "uv": [ 0.0, 0.0, 2.0, 1.0 ] },
										"west": { "texture": "#material", "uv": [ 0.0, 0.0, 2.5, 1.0 ] },
										"up": { "texture": "#material", "uv": [ 0.0, 6.5, 2.0, 9.0 ] },
										"down": { "texture": "#material", "uv": [ 0.0, 0.0, 2.0, 2.5 ] }
									}
								}
							]
						},
						{
							"name": "shingle4",
							"from": [ 0.0, -4.0, 10.77 ],
							"to": [ 16.0, -3.0, 14.77 ],
							"rotationOrigin": [ 0.0, -4.0, 10.8 ],
							"faces": {
								"north": { "texture": "#material", "uv": [ 0.0, 0.0, 16.0, 1.0 ] },
								"east": { "texture": "#material", "uv": [ 0.0, 0.0, 4.0, 1.0 ] },
								"south": { "texture": "#material", "uv": [ 0.0, 0.0, 16.0, 1.0 ] },
								"west": { "texture": "#material", "uv": [ 0.0, 0.0, 4.0, 1.0 ] },
								"up": { "texture": "#material", "uv": [ 0.0, 10.5, 16.0, 14.5 ] },
								"down": { "texture": "#material", "uv": [ 0.0, 0.0, 16.0, 4.0 ] }
							},
							"children": [
								{
									"name": "shingle4end",
									"from": [ -2.0, 0.0, 0.0 ],
									"to": [ 0.0, 1.0, 4.0 ],
									"rotationOrigin": [ -2.0, 0.0, 0.03 ],
									"rotationX": 0.0,
									"faces": {
										"north": { "texture": "#material", "uv": [ 0.0, 0.0, 2.0, 1.0 ] },
										"south": { "texture": "#material", "uv": [ 0.0, 0.0, 2.0, 1.0 ] },
										"west": { "texture": "#material", "uv": [ 0.0, 0.0, 4.0, 1.0 ] },
										"up": { "texture": "#material", "uv": [ 0.0, 10.5, 2.0, 14.5 ] },
										"down": { "texture": "#material", "uv": [ 0.0, 0.0, 2.0, 4.0 ] }
									}
								}
							]
						},
						{
							"name": "shingle5",
							"from": [ 0.0, -5.0, 14.36 ],
							"to": [ 16.0, -4.0, 18.36 ],
							"rotationOrigin": [ 0.0, -5.0, 14.4 ],
							"faces": {
								"north": { "texture": "#material", "uv": [ 0.0, 0.0, 16.0, 1.0 ] },
								"east": { "texture": "#material", "uv": [ 0.0, 0.0, 4.0, 1.0 ] },
								"south": { "texture": "#material", "uv": [ 0.0, 0.0, 16.0, 1.0 ] },
								"west": { "texture": "#material", "uv": [ 0.0, 0.0, 4.0, 1.0 ] },
								"up": { "texture": "#material", "uv": [ 0.0, 0.0, 16.0, 4.0 ] },
								"down": { "texture": "#material", "uv": [ 0.0, 0.0, 16.0, 4.0 ] }
							},
							"children": [
								{
									"name": "shingle5end",
									"from": [ -2.0, 0.0, 0.0 ],
									"to": [ 0.0, 1.0, 4.0 ],
									"rotationOrigin": [ -2.0, 0.0, 0.04 ],
									"rotationX": 0.0,
									"faces": {
										"north": { "texture": "#material", "uv": [ 0.0, 0.0, 2.0, 1.0 ] },
										"south": { "texture": "#material", "uv": [ 0.0, 0.0, 2.0, 1.0 ] },
										"west": { "texture": "#material", "uv": [ 0.0, 0.0, 4.0, 1.0 ] },
										"up": { "texture": "#material", "uv": [ 0.0, 0.0, 2.0, 4.0 ] },
										"down": { "texture": "#material", "uv": [ 0.0, 0.0, 2.0, 4.0 ] }
									}
								}
							]
						},
						{
							"name": "Cube2",
							"from": [ -0.48, -4.2244, 8.0128 ],
							"to": [ 1.32, -3.2244, 17.6128 ],
							"rotationOrigin": [ -1.2, -5.12, 8.0128 ],
							"rotationX": 15.4,
							"faces": {
								"north": { "texture": "#wood", "uv": [ 0.0, 0.0, 1.5, 1.0 ] },
								"east": { "texture": "#wood", "uv": [ 0.0, 0.0, 9.5, 1.0 ] },
								"south": { "texture": "#wood", "uv": [ 0.0, 0.0, 1.5, 1.0 ] },
								"west": { "texture": "#wood", "uv": [ 0.0, 0.0, 9.5, 1.0 ] },
								"up": { "texture": "#wood", "uv": [ 0.0, 0.0, 1.5, 9.5 ] },
								"down": { "texture": "#wood", "uv": [ 0.0, 0.0, 1.5, 9.5 ] }
							}
						},
						{
							"name": "Cube5",
							"from": [ 0.68, 0.7024, 24.1933 ],
							"to": [ 2.48, 1.7024, 33.7933 ],
							"rotationOrigin": [ 1.0, 0.0, 16.19 ],
							"rotationX": 144.6,
							"rotationY": 0.0,
							"rotationZ": -180.0,
							"faces": {
								"north": { "texture": "#wood", "uv": [ 0.0, 0.0, 1.5, 1.0 ] },
								"east": { "texture": "#wood", "uv": [ 0.0, 0.0, 9.5, 1.0 ] },
								"south": { "texture": "#wood", "uv": [ 0.0, 0.0, 1.5, 1.0 ] },
								"west": { "texture": "#wood", "uv": [ 0.0, 0.0, 9.5, 1.0 ] },
								"up": { "texture": "#wood", "uv": [ 0.0, 0.0, 1.5, 9.5 ] },
								"down": { "texture": "#wood", "uv": [ 0.0, 0.0, 1.5, 9.5 ] }
							}
						}
					]
				},
				{
					"name": "beam",
					"from": [ -7.99, 9.2, 6.5 ],
					"to": [ 7.99, 12.2, 9.5 ],
					"rotationOrigin": [ -8.0, 9.2, 0.0 ],
					"faces": {
						"north": { "texture": "#wood", "uv": [ 0.0, 0.0, 15.5, 3.0 ] },
						"east": { "texture": "#wood", "uv": [ 0.0, 0.0, 3.0, 3.0 ], "windMode": [-1,-1,-1,-1] },
						"south": { "texture": "#wood", "uv": [ 0.0, 0.0, 15.5, 3.0 ] },
						"up": { "texture": "#wood", "uv": [ 0.0, 0.0, 15.5, 3.0 ] },
						"down": { "texture": "#wood", "uv": [ 0.0, 0.0, 15.5, 3.0 ] }
					}
				},
				{
					"name": "Cube6",
					"from": [ -8.0, 8.0, 0.0 ],
					"to": [ -7.2, 9.0, 16.0 ],
					"rotationOrigin": [ -8.0, 8.0, 0.0 ],
					"faces": {
						"north": { "texture": "#material", "uv": [ 0.0, 0.0, 0.5, 1.0 ] },
						"east": { "texture": "#material", "uv": [ 0.0, 15.0, 16.0, 16.0 ] },
						"south": { "texture": "#material", "uv": [ 0.0, 0.0, 0.5, 1.0 ] },
						"west": { "texture": "#material", "uv": [ 0.0, 15.0, 16.0, 16.0 ] },
						"up": { "texture": "#material", "uv": [ 0.0, 0.0, 0.5, 16.0 ] },
						"down": { "texture": "#material", "uv": [ 0.0, 0.0, 0.5, 16.0 ] }
					}
				},
				{
					"name": "Cube7",
					"from": [ -8.0, 9.0, 2.3 ],
					"to": [ -7.2, 10.0, 13.55 ],
					"rotationOrigin": [ -8.0, 9.0, 2.3 ],
					"faces": {
						"north": { "texture": "#material", "uv": [ 0.0, 0.0, 0.5, 1.0 ] },
						"east": { "texture": "#material", "uv": [ 2.0, 14.0, 13.0, 15.0 ] },
						"south": { "texture": "#material", "uv": [ 0.0, 0.0, 0.5, 1.0 ] },
						"west": { "texture": "#material", "uv": [ 2.5, 14.0, 13.5, 15.0 ] },
						"up": { "texture": "#material", "uv": [ 0.0, 0.0, 0.5, 11.0 ] },
						"down": { "texture": "#material", "uv": [ 0.0, 0.0, 0.5, 11.0 ] }
					}
				},
				{
					"name": "Cube8",
					"from": [ -8.0, 10.0, 5.8 ],
					"to": [ -7.2, 12.0, 10.3 ],
					"rotationOrigin": [ -8.0, 10.0, 5.8 ],
					"faces": {
						"north": { "texture": "#wood", "uv": [ 0.0, 0.0, 0.5, 2.0 ] },
						"east": { "texture": "#wood", "uv": [ 0.0, 0.0, 4.5, 2.0 ] },
						"south": { "texture": "#wood", "uv": [ 0.0, 0.0, 0.5, 2.0 ] },
						"west": { "texture": "#wood", "uv": [ 0.0, 0.0, 4.5, 2.0 ] },
						"up": { "texture": "#wood", "uv": [ 0.0, 0.0, 0.5, 4.5 ] },
						"down": { "texture": "#wood", "uv": [ 0.0, 0.0, 0.5, 4.5 ] }
					}
				},
				{
					"name": "beam2",
					"from": [ -8.79, 9.2, 6.5 ],
					"to": [ -7.79, 12.2, 9.5 ],
					"rotationOrigin": [ -8.8, 9.2, 0.0 ],
					"faces": {
						"north": { "texture": "#wood", "uv": [ 0.0, 0.0, 1.0, 3.0 ] },
						"south": { "texture": "#wood", "uv": [ 0.0, 0.0, 1.0, 3.0 ] },
						"west": { "texture": "#wood", "uv": [ 0.0, 0.0, 3.0, 3.0 ], "windMode": [-1,-1,-1,-1] },
						"up": { "texture": "#wood", "uv": [ 0.0, 0.0, 1.0, 3.0 ] },
						"down": { "texture": "#wood", "uv": [ 0.0, 0.0, 1.0, 3.0 ] }
					}
				}
			]
		},
		{
			"name": "origin2",
			"from": [ 8.0, -8.0, 0.0 ],
			"to": [ 8.0, -8.0, 0.0 ],
			"rotationOrigin": [ 8.0, 0.0, 8.0 ],
			"rotationY": -180.0,
			"faces": {
			},
			"children": [
				{
					"name": "slope2",
					"from": [ -8.0, 16.0, 0.0 ],
					"to": [ -8.0, 16.0, 0.0 ],
					"rotationOrigin": [ -8.0, 16.0, 0.0 ],
					"rotationX": 10.0,
					"faces": {
					},
					"children": [
						{
							"name": "shingle6",
							"from": [ 0.0, -3.0, 8.48 ],
							"to": [ 16.0, -2.0, 10.98 ],
							"rotationOrigin": [ 0.0, -3.0, 8.6 ],
							"faces": {
								"east": { "texture": "#material", "uv": [ 0.0, 0.0, 2.5, 1.0 ] },
								"south": { "texture": "#material", "uv": [ 0.0, 0.0, 16.0, 1.0 ] },
								"west": { "texture": "#material", "uv": [ 0.0, 0.0, 2.5, 1.0 ] },
								"up": { "texture": "#material", "uv": [ 0.0, 6.5, 16.0, 9.0 ] },
								"down": { "texture": "#material", "uv": [ 0.0, 0.0, 16.0, 2.5 ] }
							},
							"children": [
								{
									"name": "shingle6end",
									"from": [ 16.0, 0.0, 0.0 ],
									"to": [ 18.0, 1.0, 2.5 ],
									"rotationOrigin": [ -2.0, 0.0, 0.12 ],
									"rotationX": 0.0,
									"rotationY": 0.0,
									"rotationZ": 0.0,
									"faces": {
										"north": { "texture": "#material", "uv": [ 0.0, 0.0, 2.0, 1.0 ] },
										"east": { "texture": "#material", "uv": [ 0.0, 0.0, 2.5, 1.0 ], "windMode": [-1,-1,-1,-1] },
										"south": { "texture": "#material", "uv": [ 0.0, 0.0, 2.0, 1.0 ] },
										"up": { "texture": "#material", "uv": [ 0.0, 6.5, 2.0, 9.0 ] },
										"down": { "texture": "#material", "uv": [ 0.0, 0.0, 2.0, 2.5 ] }
									}
								}
							]
						},
						{
							"name": "shingle7",
							"from": [ 0.0, -4.0, 10.77 ],
							"to": [ 16.0, -3.0, 14.77 ],
							"rotationOrigin": [ 0.0, -4.0, 10.8 ],
							"faces": {
								"north": { "texture": "#material", "uv": [ 0.0, 0.0, 16.0, 1.0 ] },
								"east": { "texture": "#material", "uv": [ 0.0, 0.0, 4.0, 1.0 ] },
								"south": { "texture": "#material", "uv": [ 0.0, 0.0, 16.0, 1.0 ] },
								"west": { "texture": "#material", "uv": [ 0.0, 0.0, 4.0, 1.0 ] },
								"up": { "texture": "#material", "uv": [ 0.0, 10.5, 16.0, 14.5 ] },
								"down": { "texture": "#material", "uv": [ 0.0, 0.0, 16.0, 4.0 ] }
							},
							"children": [
								{
									"name": "shingle7end",
									"from": [ 16.0, 0.0, 0.0 ],
									"to": [ 18.0, 1.0, 4.0 ],
									"rotationOrigin": [ -2.0, 0.0, 0.03 ],
									"rotationX": 0.0,
									"rotationY": 0.0,
									"rotationZ": 0.0,
									"faces": {
										"north": { "texture": "#material", "uv": [ 0.0, 0.0, 2.0, 1.0 ] },
										"east": { "texture": "#material", "uv": [ 0.0, 0.0, 4.0, 1.0 ], "windMode": [-1,-1,-1,-1] },
										"south": { "texture": "#material", "uv": [ 0.0, 0.0, 2.0, 1.0 ] },
										"up": { "texture": "#material", "uv": [ 0.0, 10.5, 2.0, 14.5 ] },
										"down": { "texture": "#material", "uv": [ 0.0, 0.0, 2.0, 4.0 ] }
									}
								}
							]
						},
						{
							"name": "shingle8",
							"from": [ 0.0, -5.0, 14.36 ],
							"to": [ 16.0, -4.0, 18.36 ],
							"rotationOrigin": [ 0.0, -5.0, 14.4 ],
							"faces": {
								"north": { "texture": "#material", "uv": [ 0.0, 0.0, 16.0, 1.0 ] },
								"east": { "texture": "#material", "uv": [ 0.0, 0.0, 4.0, 1.0 ] },
								"south": { "texture": "#material", "uv": [ 0.0, 0.0, 16.0, 1.0 ] },
								"west": { "texture": "#material", "uv": [ 0.0, 0.0, 4.0, 1.0 ] },
								"up": { "texture": "#material", "uv": [ 0.0, 0.0, 16.0, 4.0 ] },
								"down": { "texture": "#material", "uv": [ 0.0, 0.0, 16.0, 4.0 ] }
							},
							"children": [
								{
									"name": "shingle8end",
									"from": [ 16.0, 0.0, 0.0 ],
									"to": [ 18.0, 1.0, 4.0 ],
									"rotationOrigin": [ -2.0, 0.0, 0.04 ],
									"rotationX": 0.0,
									"rotationY": 0.0,
									"rotationZ": 0.0,
									"faces": {
										"north": { "texture": "#material", "uv": [ 0.0, 0.0, 2.0, 1.0 ] },
										"east": { "texture": "#material", "uv": [ 0.0, 0.0, 4.0, 1.0 ], "windMode": [-1,-1,-1,-1] },
										"south": { "texture": "#material", "uv": [ 0.0, 0.0, 2.0, 1.0 ] },
										"up": { "texture": "#material", "uv": [ 0.0, 0.0, 2.0, 4.0 ] },
										"down": { "texture": "#material", "uv": [ 0.0, 0.0, 2.0, 4.0 ] }
									}
								}
							]
						},
						{
							"name": "Cube4",
							"from": [ 0.48, 0.7024, 24.1933 ],
							"to": [ 0.98, 1.7024, 33.7933 ],
							"rotationOrigin": [ 0.5, 0.7024, 16.1933 ],
							"rotationX": 144.6,
							"rotationY": 0.0,
							"rotationZ": 180.0,
							"faces": {
								"north": { "texture": "#wood", "uv": [ 0.0, 0.0, 0.5, 1.0 ], "windMode": [-1,-1,-1,-1] },
								"east": { "texture": "#wood", "uv": [ 0.0, 0.0, 9.5, 1.0 ] },
								"south": { "texture": "#wood", "uv": [ 0.0, 0.0, 0.5, 1.0 ] },
								"west": { "texture": "#wood", "uv": [ 0.0, 0.0, 9.5, 1.0 ] },
								"up": { "texture": "#wood", "uv": [ 0.0, 0.0, 0.5, 9.5 ] },
								"down": { "texture": "#wood", "uv": [ 0.0, 0.0, 0.5, 9.5 ] }
							}
						},
						{
							"name": "Cube3",
							"from": [ 0.02, -4.2244, 8.0128 ],
							"to": [ 0.52, -3.2244, 17.6128 ],
							"rotationOrigin": [ 0.0, -4.2245, 8.0128 ],
							"rotationX": 15.4,
							"rotationY": 0.0,
							"rotationZ": 0.0,
							"faces": {
								"north": { "texture": "#wood", "uv": [ 0.0, 0.0, 0.5, 1.0 ] },
								"east": { "texture": "#wood", "uv": [ 0.0, 0.0, 9.5, 1.0 ] },
								"south": { "texture": "#wood", "uv": [ 0.0, 0.0, 0.5, 1.0 ] },
								"west": { "texture": "#wood", "uv": [ 0.0, 0.0, 9.5, 1.0 ] },
								"up": { "texture": "#wood", "uv": [ 0.0, 0.0, 0.5, 9.5 ] },
								"down": { "texture": "#wood", "uv": [ 0.0, 0.0, 0.5, 9.5 ] }
							}
						}
					]
				}
			]
		}
	]}