{
	"editor": {
		"collapsedPaths": "Root/root/slope2",
		"allAngles": false,
		"entityTextureMode": false
	},
	"textureWidth": 16,
	"textureHeight": 16,
	"textureSizes": {
	},
	"textures": {
		"snowcover": "game:block/liquid/snow/normal1"
	},
	"elements": [
		{
			"name": "origin",
			"from": [ 9.0, 0.0, 0.0 ],
			"to": [ 9.0, 0.0, 0.0 ],
			"rotationOrigin": [ 8.0, 0.0, 8.0 ],
			"rotationY": 90.0,
			"faces": {
			},
			"children": [
				{
					"name": "Cube6",
					"from": [ 6.2, 0.0, 0.0 ],
					"to": [ 7.0, 16.0, 16.0 ],
					"rotationOrigin": [ 6.2, 0.0, 0.0 ],
					"faces": {
						"north": { "texture": "#material", "uv": [ 0.0, 0.0, 0.5, 16.0 ] },
						"east": { "texture": "#material", "uv": [ 0.0, 0.0, 16.0, 16.0 ] },
						"south": { "texture": "#material", "uv": [ 0.0, 0.0, 0.5, 16.0 ], "windMode": [-1,-1,-1,-1] },
						"west": { "texture": "#material", "uv": [ 0.0, 0.0, 16.0, 16.0 ] },
						"up": { "texture": "#material", "uv": [ 0.0, 0.0, 0.5, 16.0 ], "windMode": [-1,-1,-1,-1], "windData": [1,1,1,1] },
						"down": { "texture": "#material", "uv": [ 0.0, 0.0, 0.5, 16.0 ] }
					},
					"children": [
						{
							"name": "Cube6-snow",
							"from": [ 0.0, 16.01, 0.0 ],
							"to": [ 0.8, 17.01, 16.0 ],
							"rotationOrigin": [ 6.2, 0.0, 0.0 ],
							"faces": {
								"north": { "texture": "#snowcover", "uv": [ 0.0, 0.0, 0.5, 1.0 ] },
								"east": { "texture": "#snowcover", "uv": [ 0.0, 0.0, 16.0, 1.0 ] },
								"south": { "texture": "#snowcover", "uv": [ 0.0, 0.0, 0.5, 1.0 ], "windMode": [-1,-1,-1,-1] },
								"west": { "texture": "#snowcover", "uv": [ 0.0, 0.0, 16.0, 1.0 ] },
								"up": { "texture": "#snowcover", "uv": [ 0.0, 0.0, 0.5, 16.0 ], "windMode": [-1,-1,-1,-1], "windData": [1,1,1,1] },
								"down": { "texture": "#snowcover", "uv": [ 0.0, 0.0, 0.5, 16.0 ] }
							}
						}
					]
				},
				{
					"name": "beam",
					"from": [ 5.21, 13.2, 0.0 ],
					"to": [ 6.21, 14.2, 16.0 ],
					"rotationOrigin": [ 5.21, 13.2, 0.0 ],
					"faces": {
						"north": { "texture": "#wood", "uv": [ 0.0, 0.0, 1.0, 1.0 ] },
						"south": { "texture": "#wood", "uv": [ 0.0, 0.0, 1.0, 1.0 ] },
						"west": { "texture": "#wood", "uv": [ 0.0, 0.0, 16.0, 1.0 ], "windMode": [-1,-1,-1,-1] },
						"up": { "texture": "#wood", "uv": [ 0.0, 0.0, 1.0, 16.0 ] },
						"down": { "texture": "#wood", "uv": [ 0.0, 0.0, 1.0, 16.0 ] }
					},
					"children": [
						{
							"name": "beam-snow",
							"from": [ 0.0, 1.01, 0.0 ],
							"to": [ 1.0, 2.01, 16.0 ],
							"rotationOrigin": [ 5.21, 13.2, 0.0 ],
							"faces": {
								"north": { "texture": "#snowcover", "uv": [ 0.0, 0.0, 1.0, 1.0 ] },
								"south": { "texture": "#snowcover", "uv": [ 0.0, 0.0, 1.0, 1.0 ] },
								"west": { "texture": "#snowcover", "uv": [ 0.0, 0.0, 16.0, 1.0 ], "windMode": [-1,-1,-1,-1] },
								"up": { "texture": "#snowcover", "uv": [ 0.0, 0.0, 1.0, 16.0 ] },
								"down": { "texture": "#snowcover", "uv": [ 0.0, 0.0, 1.0, 16.0 ] }
							}
						}
					]
				}
			]
		}
	]}