{
	"editor": {
		"collapsedPaths": "Root/root/slope2",
		"allAngles": false,
		"entityTextureMode": false
	},
	"textureWidth": 16,
	"textureHeight": 16,
	"textureSizes": {
	},
	"textures": {
		"snowcover": "game:block/liquid/snow/normal1"
	},
	"elements": [
		{
			"name": "origin",
			"from": [ 8.0, -8.0, 0.0 ],
			"to": [ 8.0, -8.0, 0.0 ],
			"rotationOrigin": [ 8.0, 0.0, 8.0 ],
			"faces": {
			},
			"children": [
				{
					"name": "slope",
					"from": [ -8.0, 16.0, 0.0 ],
					"to": [ -8.0, 16.0, 0.0 ],
					"rotationOrigin": [ -8.0, 16.0, 0.0 ],
					"rotationX": 10.0,
					"faces": {
					},
					"children": [
						{
							"name": "shingle3",
							"from": [ 0.0, -3.0, 8.48 ],
							"to": [ 16.0, -2.0, 11.18 ],
							"rotationOrigin": [ 0.0, -3.0, 8.5 ],
							"faces": {
								"east": { "texture": "#material", "uv": [ 0.0, 0.0, 2.5, 1.0 ], "windMode": [-1,-1,-1,-1] },
								"south": { "texture": "#material", "uv": [ 0.0, 0.0, 16.0, 1.0 ] },
								"west": { "texture": "#material", "uv": [ 0.0, 0.0, 2.5, 1.0 ] },
								"up": { "texture": "#material", "uv": [ 0.0, 6.5, 16.0, 9.0 ] },
								"down": { "texture": "#material", "uv": [ 0.0, 0.0, 16.0, 2.5 ] }
							}
						},
						{
							"name": "shingle4",
							"from": [ 0.0, -4.0, 10.77 ],
							"to": [ 16.0, -3.0, 14.77 ],
							"rotationOrigin": [ 0.0, -4.0, 10.8 ],
							"faces": {
								"north": { "texture": "#material", "uv": [ 0.0, 0.0, 16.0, 1.0 ] },
								"east": { "texture": "#material", "uv": [ 0.0, 0.0, 4.0, 1.0 ] },
								"south": { "texture": "#material", "uv": [ 0.0, 0.0, 16.0, 1.0 ] },
								"west": { "texture": "#material", "uv": [ 0.0, 0.0, 4.0, 1.0 ] },
								"up": { "texture": "#material", "uv": [ 0.0, 10.5, 16.0, 14.5 ] },
								"down": { "texture": "#material", "uv": [ 0.0, 0.0, 16.0, 4.0 ] }
							},
							"children": [
								{
									"name": "shingle4-snow",
									"from": [ 0.0, 1.01, 0.0 ],
									"to": [ 16.0, 3.01, 4.0 ],
									"rotationOrigin": [ 0.0, -4.0, 10.8 ],
									"faces": {
										"north": { "texture": "#snowcover", "uv": [ 0.0, 0.0, 16.0, 2.0 ] },
										"east": { "texture": "#snowcover", "uv": [ 0.0, 0.0, 4.0, 2.0 ] },
										"south": { "texture": "#snowcover", "uv": [ 0.0, 0.0, 16.0, 2.0 ] },
										"west": { "texture": "#snowcover", "uv": [ 0.0, 0.0, 4.0, 2.0 ] },
										"up": { "texture": "#snowcover", "uv": [ 0.0, 10.5, 16.0, 14.5 ] },
										"down": { "texture": "#snowcover", "uv": [ 0.0, 0.0, 16.0, 4.0 ] }
									}
								}
							]
						},
						{
							"name": "shingle5",
							"from": [ 0.0, -5.0, 14.36 ],
							"to": [ 16.0, -4.0, 18.36 ],
							"rotationOrigin": [ 0.0, -5.0, 14.4 ],
							"faces": {
								"north": { "texture": "#material", "uv": [ 0.0, 0.0, 16.0, 1.0 ] },
								"east": { "texture": "#material", "uv": [ 0.0, 0.0, 4.0, 1.0 ] },
								"south": { "texture": "#material", "uv": [ 0.0, 0.0, 16.0, 1.0 ] },
								"west": { "texture": "#material", "uv": [ 0.0, 0.0, 4.0, 1.0 ] },
								"up": { "texture": "#material", "uv": [ 0.0, 0.0, 16.0, 4.0 ] },
								"down": { "texture": "#material", "uv": [ 0.0, 0.0, 16.0, 4.0 ] }
							},
							"children": [
								{
									"name": "shingle5-snow",
									"from": [ 0.0, 1.01, 0.0 ],
									"to": [ 16.0, 3.01, 4.0 ],
									"rotationOrigin": [ 0.0, -5.0, 14.4 ],
									"faces": {
										"north": { "texture": "#snowcover", "uv": [ 0.0, 0.0, 16.0, 2.0 ] },
										"east": { "texture": "#snowcover", "uv": [ 0.0, 0.0, 4.0, 2.0 ] },
										"south": { "texture": "#snowcover", "uv": [ 0.0, 0.0, 16.0, 2.0 ] },
										"west": { "texture": "#snowcover", "uv": [ 0.0, 0.0, 4.0, 2.0 ] },
										"up": { "texture": "#snowcover", "uv": [ 0.0, 0.0, 16.0, 4.0 ] },
										"down": { "texture": "#snowcover", "uv": [ 0.0, 0.0, 16.0, 4.0 ] }
									}
								}
							]
						},
						{
							"name": "Cube4",
							"from": [ 15.48, -2.1, 8.3 ],
							"to": [ 15.98, -1.1, 17.9 ],
							"rotationOrigin": [ 15.5, -2.1, 0.3 ],
							"rotationX": 15.4,
							"faces": {
								"north": { "texture": "#wood", "uv": [ 0.0, 0.0, 0.5, 1.0 ], "windMode": [-1,-1,-1,-1] },
								"east": { "texture": "#wood", "uv": [ 0.0, 0.0, 9.5, 1.0 ] },
								"south": { "texture": "#wood", "uv": [ 0.0, 0.0, 0.5, 1.0 ] },
								"west": { "texture": "#wood", "uv": [ 0.0, 0.0, 9.5, 1.0 ] },
								"up": { "texture": "#wood", "uv": [ 0.0, 0.0, 0.5, 9.5 ] },
								"down": { "texture": "#wood", "uv": [ 0.0, 0.0, 0.5, 9.5 ] }
							}
						},
						{
							"name": "Cube2",
							"from": [ 0.02, -4.2244, 8.0128 ],
							"to": [ 0.52, -3.2244, 17.6128 ],
							"rotationOrigin": [ 0.0, -4.2244, 8.0128 ],
							"rotationX": 15.4,
							"faces": {
								"north": { "texture": "#wood", "uv": [ 0.0, 0.0, 0.5, 1.0 ] },
								"east": { "texture": "#wood", "uv": [ 0.0, 0.0, 9.5, 1.0 ] },
								"south": { "texture": "#wood", "uv": [ 0.0, 0.0, 0.5, 1.0 ] },
								"west": { "texture": "#wood", "uv": [ 0.0, 0.0, 9.5, 1.0 ] },
								"up": { "texture": "#wood", "uv": [ 0.0, 0.0, 0.5, 9.5 ] },
								"down": { "texture": "#wood", "uv": [ 0.0, 0.0, 0.5, 9.5 ] }
							}
						}
					]
				},
				{
					"name": "beam",
					"from": [ -7.99, 9.2, 6.5 ],
					"to": [ 7.99, 12.2, 9.5 ],
					"rotationOrigin": [ -8.0, 9.2, 0.0 ],
					"faces": {
						"north": { "texture": "#wood", "uv": [ 0.0, 0.0, 15.5, 3.0 ] },
						"east": { "texture": "#wood", "uv": [ 0.0, 0.0, 3.0, 3.0 ] },
						"south": { "texture": "#wood", "uv": [ 0.0, 0.0, 15.5, 3.0 ] },
						"west": { "texture": "#wood", "uv": [ 0.0, 0.0, 3.0, 3.0 ] },
						"up": { "texture": "#wood", "uv": [ 0.0, 0.0, 15.5, 3.0 ] },
						"down": { "texture": "#wood", "uv": [ 0.0, 0.0, 15.5, 3.0 ] }
					},
					"children": [
						{
							"name": "beam-snow",
							"from": [ 0.0, 2.61, -1.0 ],
							"to": [ 15.98, 5.21, 4.0 ],
							"rotationOrigin": [ -8.0, 8.8, -1.0 ],
							"faces": {
								"north": { "texture": "#snowcover", "uv": [ 0.0, 0.0, 15.5, 2.5 ] },
								"east": { "texture": "#snowcover", "uv": [ 0.0, 0.0, 5.0, 2.5 ] },
								"south": { "texture": "#snowcover", "uv": [ 0.0, 0.0, 15.5, 2.5 ] },
								"west": { "texture": "#snowcover", "uv": [ 0.0, 0.0, 5.0, 2.5 ] },
								"up": { "texture": "#snowcover", "uv": [ 0.0, 0.0, 15.5, 5.0 ] },
								"down": { "texture": "#snowcover", "uv": [ 0.0, 0.0, 15.5, 5.0 ] }
							}
						}
					]
				}
			]
		},
		{
			"name": "origin2",
			"from": [ 8.0, -8.0, 0.0 ],
			"to": [ 8.0, -8.0, 0.0 ],
			"rotationOrigin": [ 8.0, 0.0, 8.0 ],
			"rotationY": -180.0,
			"faces": {
			},
			"children": [
				{
					"name": "slope2",
					"from": [ -8.0, 16.0, 0.0 ],
					"to": [ -8.0, 16.0, 0.0 ],
					"rotationOrigin": [ -8.0, 16.0, 0.0 ],
					"rotationX": 10.0,
					"faces": {
					},
					"children": [
						{
							"name": "shingle6",
							"from": [ 0.0, -3.0, 8.48 ],
							"to": [ 16.0, -2.0, 10.98 ],
							"rotationOrigin": [ 0.0, -3.0, 8.6 ],
							"faces": {
								"east": { "texture": "#material", "uv": [ 0.0, 0.0, 2.5, 1.0 ] },
								"south": { "texture": "#material", "uv": [ 0.0, 0.0, 16.0, 1.0 ] },
								"west": { "texture": "#material", "uv": [ 0.0, 0.0, 2.5, 1.0 ] },
								"up": { "texture": "#material", "uv": [ 0.0, 6.5, 16.0, 9.0 ] },
								"down": { "texture": "#material", "uv": [ 0.0, 0.0, 16.0, 2.5 ] }
							}
						},
						{
							"name": "shingle7",
							"from": [ 0.0, -4.0, 10.77 ],
							"to": [ 16.0, -3.0, 14.77 ],
							"rotationOrigin": [ 0.0, -4.0, 10.8 ],
							"faces": {
								"north": { "texture": "#material", "uv": [ 0.0, 0.0, 16.0, 1.0 ] },
								"east": { "texture": "#material", "uv": [ 0.0, 0.0, 4.0, 1.0 ] },
								"south": { "texture": "#material", "uv": [ 0.0, 0.0, 16.0, 1.0 ] },
								"west": { "texture": "#material", "uv": [ 0.0, 0.0, 4.0, 1.0 ] },
								"up": { "texture": "#material", "uv": [ 0.0, 10.5, 16.0, 14.5 ] },
								"down": { "texture": "#material", "uv": [ 0.0, 0.0, 16.0, 4.0 ] }
							},
							"children": [
								{
									"name": "shingle7-snow",
									"from": [ 0.0, 1.01, 0.0 ],
									"to": [ 16.0, 3.01, 4.0 ],
									"rotationOrigin": [ 0.0, -4.0, 10.8 ],
									"faces": {
										"north": { "texture": "#snowcover", "uv": [ 0.0, 0.0, 16.0, 2.0 ] },
										"east": { "texture": "#snowcover", "uv": [ 0.0, 0.0, 4.0, 2.0 ] },
										"south": { "texture": "#snowcover", "uv": [ 0.0, 0.0, 16.0, 2.0 ] },
										"west": { "texture": "#snowcover", "uv": [ 0.0, 0.0, 4.0, 2.0 ] },
										"up": { "texture": "#snowcover", "uv": [ 0.0, 10.5, 16.0, 14.5 ] },
										"down": { "texture": "#snowcover", "uv": [ 0.0, 0.0, 16.0, 4.0 ] }
									}
								}
							]
						},
						{
							"name": "shingle8",
							"from": [ 0.0, -5.0, 14.36 ],
							"to": [ 16.0, -4.0, 18.36 ],
							"rotationOrigin": [ 0.0, -5.0, 14.4 ],
							"faces": {
								"north": { "texture": "#material", "uv": [ 0.0, 0.0, 16.0, 1.0 ] },
								"east": { "texture": "#material", "uv": [ 0.0, 0.0, 4.0, 1.0 ] },
								"south": { "texture": "#material", "uv": [ 0.0, 0.0, 16.0, 1.0 ] },
								"west": { "texture": "#material", "uv": [ 0.0, 0.0, 4.0, 1.0 ] },
								"up": { "texture": "#material", "uv": [ 0.0, 0.0, 16.0, 4.0 ] },
								"down": { "texture": "#material", "uv": [ 0.0, 0.0, 16.0, 4.0 ] }
							},
							"children": [
								{
									"name": "shingle8-snow",
									"from": [ 0.0, 1.01, 0.0 ],
									"to": [ 16.0, 3.01, 4.0 ],
									"rotationOrigin": [ 0.0, -5.0, 14.4 ],
									"faces": {
										"north": { "texture": "#snowcover", "uv": [ 0.0, 0.0, 16.0, 2.0 ] },
										"east": { "texture": "#snowcover", "uv": [ 0.0, 0.0, 4.0, 2.0 ] },
										"south": { "texture": "#snowcover", "uv": [ 0.0, 0.0, 16.0, 2.0 ] },
										"west": { "texture": "#snowcover", "uv": [ 0.0, 0.0, 4.0, 2.0 ] },
										"up": { "texture": "#snowcover", "uv": [ 0.0, 0.0, 16.0, 4.0 ] },
										"down": { "texture": "#snowcover", "uv": [ 0.0, 0.0, 16.0, 4.0 ] }
									}
								}
							]
						},
						{
							"name": "Cube5",
							"from": [ 15.48, -2.1, 8.3 ],
							"to": [ 15.98, -1.1, 17.9 ],
							"rotationOrigin": [ 15.5, -2.1, 0.3 ],
							"rotationX": 15.4,
							"faces": {
								"north": { "texture": "#wood", "uv": [ 0.0, 0.0, 0.5, 1.0 ] },
								"east": { "texture": "#wood", "uv": [ 0.0, 0.0, 9.5, 1.0 ] },
								"south": { "texture": "#wood", "uv": [ 0.0, 0.0, 0.5, 1.0 ] },
								"west": { "texture": "#wood", "uv": [ 0.0, 0.0, 9.5, 1.0 ] },
								"up": { "texture": "#wood", "uv": [ 0.0, 0.0, 0.5, 9.5 ] },
								"down": { "texture": "#wood", "uv": [ 0.0, 0.0, 0.5, 9.5 ] }
							}
						},
						{
							"name": "Cube3",
							"from": [ 0.02, -4.2244, 8.0128 ],
							"to": [ 0.52, -3.2244, 17.6128 ],
							"rotationOrigin": [ 0.0, -4.2244, 8.0128 ],
							"rotationX": 15.4,
							"faces": {
								"north": { "texture": "#wood", "uv": [ 0.0, 0.0, 0.5, 1.0 ] },
								"east": { "texture": "#wood", "uv": [ 0.0, 0.0, 9.5, 1.0 ] },
								"south": { "texture": "#wood", "uv": [ 0.0, 0.0, 0.5, 1.0 ] },
								"west": { "texture": "#wood", "uv": [ 0.0, 0.0, 9.5, 1.0 ] },
								"up": { "texture": "#wood", "uv": [ 0.0, 0.0, 0.5, 9.5 ] },
								"down": { "texture": "#wood", "uv": [ 0.0, 0.0, 0.5, 9.5 ] }
							}
						}
					]
				}
			]
		}
	]}