{
	"editor": {
		"collapsedPaths": "Root/root/slope2",
		"allAngles": false,
		"entityTextureMode": false
	},
	"textureWidth": 16,
	"textureHeight": 16,
	"textureSizes": {
	},
	"textures": {
	},
	"elements": [
		{
			"name": "origin",
			"from": [ 8.0, 0.0, 0.0 ],
			"to": [ 8.0, 0.0, 0.0 ],
			"rotationOrigin": [ 8.0, 0.0, 0.0 ],
			"faces": {
			},
			"children": [
				{
					"name": "slope",
					"from": [ -8.0, 16.0, 0.0 ],
					"to": [ -8.0, 16.0, 0.0 ],
					"rotationOrigin": [ -8.0, 16.0, 0.0 ],
					"rotationX": 29.6,
					"faces": {
					},
					"children": [
						{
							"name": "shingle1",
							"from": [ 0.0, -1.0, 0.0 ],
							"to": [ 16.0, 0.0, 4.0 ],
							"rotationOrigin": [ 0.0, -1.0, 0.0 ],
							"faces": {
								"north": { "texture": "#material", "uv": [ 0.0, 0.0, 16.0, 1.0 ] },
								"east": { "texture": "#material", "uv": [ 0.0, 0.0, 4.0, 1.0 ] },
								"south": { "texture": "#material", "uv": [ 0.0, 0.0, 16.0, 1.0 ] },
								"west": { "texture": "#material", "uv": [ 0.0, 0.0, 4.0, 1.0 ] },
								"up": { "texture": "#material", "uv": [ 0.0, 0.0, 16.0, 4.0 ] },
								"down": { "texture": "#material", "uv": [ 0.0, 0.0, 16.0, 4.0 ] }
							}
						},
						{
							"name": "shingle2",
							"from": [ 0.0, -2.0, 3.59 ],
							"to": [ 16.0, -1.0, 7.59 ],
							"rotationOrigin": [ 0.0, -2.0, 3.6 ],
							"faces": {
								"north": { "texture": "#material", "uv": [ 0.0, 0.0, 16.0, 1.0 ] },
								"east": { "texture": "#material", "uv": [ 0.0, 0.0, 4.0, 1.0 ] },
								"south": { "texture": "#material", "uv": [ 0.0, 0.0, 16.0, 1.0 ] },
								"west": { "texture": "#material", "uv": [ 0.0, 0.0, 4.0, 1.0 ] },
								"up": { "texture": "#material", "uv": [ 0.0, 3.0, 16.0, 7.0 ] },
								"down": { "texture": "#material", "uv": [ 0.0, 3.0, 16.0, 7.0 ] }
							}
						},
						{
							"name": "shingle3",
							"from": [ 0.0, -3.0, 7.18 ],
							"to": [ 16.0, -2.0, 11.18 ],
							"rotationOrigin": [ 0.0, -3.0, 7.2 ],
							"faces": {
								"north": { "texture": "#material", "uv": [ 0.0, 0.0, 16.0, 1.0 ] },
								"east": { "texture": "#material", "uv": [ 0.0, 0.0, 4.0, 1.0 ] },
								"south": { "texture": "#material", "uv": [ 0.0, 0.0, 16.0, 1.0 ] },
								"west": { "texture": "#material", "uv": [ 0.0, 0.0, 4.0, 1.0 ] },
								"up": { "texture": "#material", "uv": [ 0.0, 6.5, 16.0, 10.5 ] },
								"down": { "texture": "#material", "uv": [ 0.0, 0.0, 16.0, 4.0 ] }
							}
						},
						{
							"name": "shingle4",
							"from": [ 0.0, -4.0, 10.77 ],
							"to": [ 16.0, -3.0, 14.77 ],
							"rotationOrigin": [ 0.0, -4.0, 10.8 ],
							"faces": {
								"north": { "texture": "#material", "uv": [ 0.0, 0.0, 16.0, 1.0 ] },
								"east": { "texture": "#material", "uv": [ 0.0, 0.0, 4.0, 1.0 ] },
								"south": { "texture": "#material", "uv": [ 0.0, 0.0, 16.0, 1.0 ] },
								"west": { "texture": "#material", "uv": [ 0.0, 0.0, 4.0, 1.0 ] },
								"up": { "texture": "#material", "uv": [ 0.0, 10.5, 16.0, 14.5 ] },
								"down": { "texture": "#material", "uv": [ 0.0, 0.0, 16.0, 4.0 ] }
							}
						},
						{
							"name": "shingle5",
							"from": [ 0.0, -5.0, 14.36 ],
							"to": [ 16.0, -4.0, 18.36 ],
							"rotationOrigin": [ 0.0, -5.0, 14.4 ],
							"faces": {
								"north": { "texture": "#material", "uv": [ 0.0, 0.0, 16.0, 1.0 ] },
								"east": { "texture": "#material", "uv": [ 0.0, 0.0, 4.0, 1.0 ] },
								"south": { "texture": "#material", "uv": [ 0.0, 0.0, 16.0, 1.0 ] },
								"west": { "texture": "#material", "uv": [ 0.0, 0.0, 4.0, 1.0 ] },
								"up": { "texture": "#material", "uv": [ 0.0, 0.0, 16.0, 4.0 ] },
								"down": { "texture": "#material", "uv": [ 0.0, 0.0, 16.0, 4.0 ] }
							}
						},
						{
							"name": "shingle6",
							"from": [ 0.0, -6.0, 17.82 ],
							"to": [ 16.0, -5.0, 21.82 ],
							"rotationOrigin": [ 0.0, -6.0, 18.0 ],
							"faces": {
								"north": { "texture": "#material", "uv": [ 0.0, 0.0, 16.0, 1.0 ] },
								"east": { "texture": "#material", "uv": [ 0.0, 0.0, 4.0, 1.0 ] },
								"south": { "texture": "#material", "uv": [ 0.0, 0.0, 16.0, 1.0 ] },
								"west": { "texture": "#material", "uv": [ 0.0, 0.0, 4.0, 1.0 ] },
								"up": { "texture": "#material", "uv": [ 0.0, -0.5, 16.0, 3.5 ] },
								"down": { "texture": "#material", "uv": [ 0.0, 0.0, 16.0, 4.0 ] }
							}
						},
						{
							"name": "Cube2",
							"from": [ 0.02, -2.1, 0.3 ],
							"to": [ 0.52, -1.1, 16.3 ],
							"rotationOrigin": [ 0.0, -2.1, 0.3 ],
							"rotationX": 15.4,
							"faces": {
								"north": { "texture": "#wood", "uv": [ 0.0, 0.0, 0.5, 1.0 ] },
								"east": { "texture": "#wood", "uv": [ 0.0, 0.0, 16.0, 1.0 ] },
								"south": { "texture": "#wood", "uv": [ 0.0, 0.0, 0.5, 1.0 ] },
								"west": { "texture": "#wood", "uv": [ 0.0, 0.0, 16.0, 1.0 ] },
								"up": { "texture": "#wood", "uv": [ 0.0, 0.0, 0.5, 16.0 ] },
								"down": { "texture": "#wood", "uv": [ 0.0, 0.0, 0.5, 16.0 ] }
							},
							"children": [
								{
									"name": "Cube3",
									"from": [ 0.0, 0.0, 16.0 ],
									"to": [ 0.5, 1.0, 23.63 ],
									"rotationOrigin": [ 0.0, 0.0, 16.0 ],
									"faces": {
										"north": { "texture": "#wood", "uv": [ 0.0, 0.0, 0.5, 1.0 ] },
										"east": { "texture": "#wood", "uv": [ 0.0, 0.0, 7.5, 1.0 ] },
										"south": { "texture": "#wood", "uv": [ 0.0, 0.0, 0.5, 1.0 ] },
										"west": { "texture": "#wood", "uv": [ 0.0, 0.0, 7.5, 1.0 ] },
										"up": { "texture": "#wood", "uv": [ 0.0, 0.0, 0.5, 7.5 ] },
										"down": { "texture": "#wood", "uv": [ 0.0, 0.0, 0.5, 7.5 ] }
									}
								}
							]
						},
						{
							"name": "Cube4",
							"from": [ 15.48, -2.1, 0.3 ],
							"to": [ 15.98, -1.1, 16.3 ],
							"rotationOrigin": [ 15.5, -2.1, 0.3 ],
							"rotationX": 15.4,
							"faces": {
								"north": { "texture": "#wood", "uv": [ 0.0, 0.0, 0.5, 1.0 ] },
								"east": { "texture": "#wood", "uv": [ 0.0, 0.0, 16.0, 1.0 ] },
								"south": { "texture": "#wood", "uv": [ 0.0, 0.0, 0.5, 1.0 ] },
								"west": { "texture": "#wood", "uv": [ 0.0, 0.0, 16.0, 1.0 ] },
								"up": { "texture": "#wood", "uv": [ 0.0, 0.0, 0.5, 16.0 ] },
								"down": { "texture": "#wood", "uv": [ 0.0, 0.0, 0.5, 16.0 ] }
							},
							"children": [
								{
									"name": "Cube5",
									"from": [ 0.0, 0.0, 16.0 ],
									"to": [ 0.5, 1.0, 23.63 ],
									"rotationOrigin": [ 0.0, 0.0, 16.0 ],
									"faces": {
										"north": { "texture": "#wood", "uv": [ 0.0, 0.0, 0.5, 1.0 ] },
										"east": { "texture": "#wood", "uv": [ 0.0, 0.0, 7.5, 1.0 ] },
										"south": { "texture": "#wood", "uv": [ 0.0, 0.0, 0.5, 1.0 ] },
										"west": { "texture": "#wood", "uv": [ 0.0, 0.0, 7.5, 1.0 ] },
										"up": { "texture": "#wood", "uv": [ 0.0, 0.0, 0.5, 7.5 ] },
										"down": { "texture": "#wood", "uv": [ 0.0, 0.0, 0.5, 7.5 ] }
									}
								}
							]
						}
					]
				},
				{
					"name": "beam",
					"from": [ -7.99, 11.2, 0.0 ],
					"to": [ 7.99, 14.2, 3.0 ],
					"rotationOrigin": [ -8.0, 11.2, 0.0 ],
					"faces": {
						"north": { "texture": "#wood", "uv": [ 0.0, 0.0, 15.75, 3.0 ] },
						"east": { "texture": "#wood", "uv": [ 0.0, 0.0, 3.0, 3.0 ] },
						"south": { "texture": "#wood", "uv": [ 0.0, 0.0, 15.75, 3.0 ] },
						"west": { "texture": "#wood", "uv": [ 0.0, 0.0, 3.0, 3.0 ] },
						"up": { "texture": "#wood", "uv": [ 0.0, 0.0, 15.75, 3.0 ] },
						"down": { "texture": "#wood", "uv": [ 0.0, 0.0, 15.75, 3.0 ] }
					}
				}
			]
		}
	]}