{
	"editor": {
		"collapsedPaths": "Root/root/slope2",
		"allAngles": false,
		"entityTextureMode": false
	},
	"textureWidth": 16,
	"textureHeight": 16,
	"textureSizes": {
	},
	"textures": {
		"snowcover": "game:block/liquid/snow/normal1"
	},
	"elements": [
		{
			"name": "origin",
			"from": [ 8.0, 0.0, 0.0 ],
			"to": [ 8.0, 0.0, 0.0 ],
			"rotationOrigin": [ 8.0, 0.0, 0.0 ],
			"faces": {
			},
			"children": [
				{
					"name": "slope",
					"from": [ -8.0, 16.0, 0.0 ],
					"to": [ -8.0, 16.0, 0.0 ],
					"rotationOrigin": [ -8.0, 16.0, 0.0 ],
					"rotationX": 29.6,
					"faces": {
					},
					"children": [
						{
							"name": "shingle1",
							"from": [ 15.0, -1.0, 1.0 ],
							"to": [ 16.0, 0.0, 4.0 ],
							"rotationOrigin": [ 15.0, -1.0, 1.0 ],
							"faces": {
								"east": { "texture": "#material", "uv": [ 0.0, 0.0, 3.0, 1.0 ] },
								"south": { "texture": "#material", "uv": [ 0.0, 0.0, 1.0, 1.0 ] },
								"west": { "texture": "#material", "uv": [ 0.0, 0.0, 3.0, 1.0 ] },
								"up": { "texture": "#material", "uv": [ 0.0, 0.0, 1.0, 3.0 ] },
								"down": { "texture": "#material", "uv": [ 0.0, 0.0, 1.0, 3.0 ] }
							},
							"children": [
								{
									"name": "shingle1-snow",
									"from": [ -2.3, 1.01, -1.0 ],
									"to": [ 1.0, 3.01, 3.0 ],
									"rotationOrigin": [ 12.7, -1.0, 1.0 ],
									"faces": {
										"north": { "texture": "#snowcover", "uv": [ 0.0, 0.0, 3.0, 2.0 ], "windMode": [-1,-1,-1,-1], "windData": [0,1,1,0] },
										"east": { "texture": "#snowcover", "uv": [ 0.0, 0.0, 4.0, 2.0 ], "windMode": [-1,-1,-1,-1], "windData": [0,1,0,0] },
										"south": { "texture": "#snowcover", "uv": [ 0.0, 0.0, 3.0, 2.0 ] },
										"west": { "texture": "#snowcover", "uv": [ 0.0, 0.0, 4.0, 2.0 ] },
										"up": { "texture": "#snowcover", "uv": [ 0.0, 0.0, 3.0, 4.0 ] },
										"down": { "texture": "#snowcover", "uv": [ 0.0, 0.0, 3.0, 4.0 ] }
									}
								}
							]
						},
						{
							"name": "shingle2",
							"from": [ 12.6, -2.0, 4.59 ],
							"to": [ 13.6, -1.0, 7.59 ],
							"rotationOrigin": [ 12.6, -2.0, 4.6 ],
							"faces": {
								"east": { "texture": "#material", "uv": [ 0.0, 0.0, 3.0, 1.0 ] },
								"south": { "texture": "#material", "uv": [ 0.0, 0.0, 1.0, 1.0 ] },
								"west": { "texture": "#material", "uv": [ 0.0, 0.0, 3.0, 1.0 ] },
								"up": { "texture": "#material", "uv": [ 0.0, 3.0, 1.0, 6.0 ] },
								"down": { "texture": "#material", "uv": [ 0.0, 3.0, 1.0, 6.0 ] }
							}
						},
						{
							"name": "shingle3",
							"from": [ 10.0, -3.0, 8.18 ],
							"to": [ 11.0, -2.0, 11.18 ],
							"rotationOrigin": [ 10.0, -3.0, 8.2 ],
							"faces": {
								"south": { "texture": "#material", "uv": [ 0.0, 0.0, 1.0, 1.0 ] },
								"west": { "texture": "#material", "uv": [ 0.0, 0.0, 3.0, 1.0 ], "windMode": [-1,-1,-1,-1] },
								"up": { "texture": "#material", "uv": [ 0.0, 6.5, 1.0, 9.5 ] },
								"down": { "texture": "#material", "uv": [ 0.0, 0.0, 1.0, 3.0 ] }
							}
						},
						{
							"name": "shingle4",
							"from": [ 7.5, -4.0, 10.77 ],
							"to": [ 16.0, -3.0, 14.77 ],
							"rotationOrigin": [ 7.5, -4.0, 10.8 ],
							"faces": {
								"north": { "texture": "#material", "uv": [ 0.0, 0.0, 8.5, 1.0 ] },
								"east": { "texture": "#material", "uv": [ 0.0, 0.0, 4.0, 1.0 ] },
								"south": { "texture": "#material", "uv": [ 0.0, 0.0, 8.5, 1.0 ] },
								"up": { "texture": "#material", "uv": [ 0.0, 10.5, 8.5, 14.5 ] },
								"down": { "texture": "#material", "uv": [ 0.0, 0.0, 8.5, 4.0 ] }
							},
							"children": [
								{
									"name": "shingle4-snow",
									"from": [ -2.9, 1.01, 0.0 ],
									"to": [ 8.6, 3.01, 4.0 ],
									"rotationOrigin": [ 4.6, -4.0, 10.8 ],
									"faces": {
										"north": { "texture": "#snowcover", "uv": [ 0.0, 0.0, 11.5, 2.0 ], "windMode": [-1,-1,-1,-1] },
										"east": { "texture": "#snowcover", "uv": [ 0.0, 0.0, 4.0, 2.0 ], "windMode": [-1,-1,-1,-1] },
										"south": { "texture": "#snowcover", "uv": [ 0.0, 0.0, 11.5, 2.0 ] },
										"west": { "texture": "#snowcover", "uv": [ 0.0, 0.0, 4.0, 2.0 ], "windMode": [-1,-1,-1,-1] },
										"up": { "texture": "#snowcover", "uv": [ 0.0, 10.5, 11.5, 14.5 ] },
										"down": { "texture": "#snowcover", "uv": [ 0.0, 0.0, 11.5, 4.0 ] }
									}
								}
							]
						},
						{
							"name": "shingle5",
							"from": [ 5.0, -5.0, 14.36 ],
							"to": [ 16.0, -4.0, 18.36 ],
							"rotationOrigin": [ 5.0, -5.0, 14.4 ],
							"faces": {
								"north": { "texture": "#material", "uv": [ 0.0, 0.0, 11.0, 1.0 ] },
								"east": { "texture": "#material", "uv": [ 0.0, 0.0, 4.0, 1.0 ] },
								"south": { "texture": "#material", "uv": [ 0.0, 0.0, 11.0, 1.0 ] },
								"up": { "texture": "#material", "uv": [ 0.0, 0.0, 11.0, 4.0 ], "windMode": [-1,-1,-1,-1] },
								"down": { "texture": "#material", "uv": [ 0.0, 0.0, 11.0, 4.0 ] }
							},
							"children": [
								{
									"name": "shingle5-snow",
									"from": [ -3.0, 1.01, 0.0 ],
									"to": [ 11.0, 3.01, 4.0 ],
									"rotationOrigin": [ 2.0, -5.0, 14.4 ],
									"faces": {
										"north": { "texture": "#snowcover", "uv": [ 0.0, 0.0, 14.0, 2.0 ], "windMode": [-1,-1,-1,-1] },
										"east": { "texture": "#snowcover", "uv": [ 0.0, 0.0, 4.0, 2.0 ], "windMode": [-1,-1,-1,-1] },
										"south": { "texture": "#snowcover", "uv": [ 0.0, 0.0, 14.0, 2.0 ] },
										"west": { "texture": "#snowcover", "uv": [ 0.0, 0.0, 4.0, 2.0 ], "windMode": [-1,-1,-1,-1] },
										"up": { "texture": "#snowcover", "uv": [ 0.0, 0.0, 14.0, 4.0 ], "windMode": [-1,-1,-1,-1] },
										"down": { "texture": "#snowcover", "uv": [ 0.0, 0.0, 14.0, 4.0 ] }
									}
								}
							]
						},
						{
							"name": "shingle6",
							"from": [ 2.5, -6.0, 17.82 ],
							"to": [ 16.0, -5.0, 21.82 ],
							"rotationOrigin": [ 2.5, -6.0, 18.0 ],
							"faces": {
								"north": { "texture": "#material", "uv": [ 0.0, 0.0, 13.5, 1.0 ] },
								"east": { "texture": "#material", "uv": [ 0.0, 0.0, 4.0, 1.0 ] },
								"south": { "texture": "#material", "uv": [ 0.0, 0.0, 13.5, 1.0 ] },
								"up": { "texture": "#material", "uv": [ 0.0, -0.5, 13.5, 3.5 ] },
								"down": { "texture": "#material", "uv": [ 0.0, 0.0, 13.5, 4.0 ] }
							},
							"children": [
								{
									"name": "shingle6-snow",
									"from": [ -2.5, 1.01, 0.0 ],
									"to": [ 13.5, 3.01, 4.0 ],
									"rotationOrigin": [ 0.0, -6.0, 18.0 ],
									"faces": {
										"north": { "texture": "#snowcover", "uv": [ 0.0, 0.0, 16.0, 2.0 ] },
										"east": { "texture": "#snowcover", "uv": [ 0.0, 0.0, 4.0, 2.0 ], "windMode": [-1,-1,-1,-1] },
										"south": { "texture": "#snowcover", "uv": [ 0.0, 0.0, 16.0, 2.0 ] },
										"west": { "texture": "#snowcover", "uv": [ 0.0, 0.0, 4.0, 2.0 ], "windMode": [-1,-1,-1,-1] },
										"up": { "texture": "#snowcover", "uv": [ 0.0, 0.0, 16.0, 4.0 ] },
										"down": { "texture": "#snowcover", "uv": [ 0.0, 0.0, 16.0, 4.0 ] }
									}
								}
							]
						},
						{
							"name": "shingle2.1",
							"from": [ 13.5, -2.0, 3.59 ],
							"to": [ 16.0, -1.0, 7.59 ],
							"rotationOrigin": [ 13.5, -2.0, 3.6 ],
							"faces": {
								"north": { "texture": "#material", "uv": [ 0.0, 0.0, 2.5, 1.0 ] },
								"east": { "texture": "#material", "uv": [ 0.0, 0.0, 4.0, 1.0 ] },
								"south": { "texture": "#material", "uv": [ 0.0, 0.0, 2.5, 1.0 ] },
								"west": { "texture": "#material", "uv": [ 0.0, 0.0, 4.0, 1.0 ] },
								"up": { "texture": "#material", "uv": [ 0.0, 3.0, 2.5, 7.0 ] },
								"down": { "texture": "#material", "uv": [ 0.0, 3.0, 2.5, 7.0 ] }
							},
							"children": [
								{
									"name": "shingle2.1-snow",
									"from": [ -3.5, 1.01, 0.0 ],
									"to": [ 2.5, 3.01, 4.0 ],
									"rotationOrigin": [ 10.0, -2.0, 3.6 ],
									"faces": {
										"north": { "texture": "#snowcover", "uv": [ 0.0, 0.0, 6.0, 2.0 ] },
										"east": { "texture": "#snowcover", "uv": [ 0.0, 0.0, 4.0, 2.0 ], "windMode": [-1,-1,-1,-1] },
										"south": { "texture": "#snowcover", "uv": [ 0.0, 0.0, 6.0, 2.0 ] },
										"west": { "texture": "#snowcover", "uv": [ 0.0, 0.0, 4.0, 2.0 ], "windMode": [-1,-1,-1,-1] },
										"up": { "texture": "#snowcover", "uv": [ 0.0, 3.0, 6.0, 7.0 ] },
										"down": { "texture": "#snowcover", "uv": [ 0.0, 3.0, 6.0, 7.0 ] }
									}
								}
							]
						},
						{
							"name": "shingle3.1",
							"from": [ 11.0, -3.0, 7.18 ],
							"to": [ 16.0, -2.0, 11.18 ],
							"rotationOrigin": [ 11.0, -3.0, 7.2 ],
							"faces": {
								"north": { "texture": "#material", "uv": [ 0.0, 0.0, 5.0, 1.0 ] },
								"east": { "texture": "#material", "uv": [ 0.0, 0.0, 4.0, 1.0 ] },
								"south": { "texture": "#material", "uv": [ 0.0, 0.0, 5.0, 1.0 ] },
								"up": { "texture": "#material", "uv": [ 0.0, 6.5, 5.0, 10.5 ] },
								"down": { "texture": "#material", "uv": [ 0.0, 0.0, 5.0, 4.0 ] }
							},
							"children": [
								{
									"name": "shingle3.1-snow",
									"from": [ -4.0, 1.01, 0.0 ],
									"to": [ 5.0, 3.01, 4.0 ],
									"rotationOrigin": [ 7.0, -3.0, 7.2 ],
									"faces": {
										"north": { "texture": "#snowcover", "uv": [ 0.0, 0.0, 9.0, 2.0 ] },
										"east": { "texture": "#snowcover", "uv": [ 0.0, 0.0, 4.0, 2.0 ], "windMode": [-1,-1,-1,-1] },
										"south": { "texture": "#snowcover", "uv": [ 0.0, 0.0, 9.0, 2.0 ] },
										"west": { "texture": "#snowcover", "uv": [ 0.0, 0.0, 4.0, 2.0 ], "windMode": [-1,-1,-1,-1] },
										"up": { "texture": "#snowcover", "uv": [ 0.0, 6.5, 9.0, 10.5 ] },
										"down": { "texture": "#snowcover", "uv": [ 0.0, 0.0, 9.0, 4.0 ] }
									}
								}
							]
						},
						{
							"name": "shingle4.1",
							"from": [ 7.0, -4.0, 11.77 ],
							"to": [ 7.5, -3.0, 14.77 ],
							"rotationOrigin": [ 7.0, -4.0, 11.8 ],
							"faces": {
								"south": { "texture": "#material", "uv": [ 0.0, 0.0, 0.5, 1.0 ] },
								"west": { "texture": "#material", "uv": [ 0.0, 0.0, 3.0, 1.0 ], "windMode": [-1,-1,-1,-1] },
								"up": { "texture": "#material", "uv": [ 0.0, 10.5, 0.5, 13.5 ] },
								"down": { "texture": "#material", "uv": [ 0.0, 0.0, 0.5, 3.0 ], "windMode": [-1,-1,-1,-1] }
							}
						},
						{
							"name": "shingle5.1",
							"from": [ 4.5, -5.0, 15.36 ],
							"to": [ 5.0, -4.0, 18.36 ],
							"rotationOrigin": [ 4.5, -5.0, 15.4 ],
							"faces": {
								"south": { "texture": "#material", "uv": [ 0.0, 0.0, 0.5, 1.0 ] },
								"west": { "texture": "#material", "uv": [ 0.0, 0.0, 3.0, 1.0 ] },
								"up": { "texture": "#material", "uv": [ 0.0, 0.0, 0.5, 3.0 ] },
								"down": { "texture": "#material", "uv": [ 0.0, 0.0, 0.5, 3.0 ] }
							}
						},
						{
							"name": "shingle6.1",
							"from": [ 1.8, -6.0, 18.82 ],
							"to": [ 2.5, -5.0, 21.82 ],
							"rotationOrigin": [ 1.8, -6.0, 19.0 ],
							"faces": {
								"south": { "texture": "#material", "uv": [ 0.0, 0.0, 0.5, 1.0 ] },
								"west": { "texture": "#material", "uv": [ 0.0, 0.0, 3.0, 1.0 ] },
								"up": { "texture": "#material", "uv": [ 0.0, -0.5, 0.5, 2.5 ] },
								"down": { "texture": "#material", "uv": [ 0.0, 0.0, 0.5, 3.0 ] }
							},
							"children": [
								{
									"name": "shingle6.1-snow",
									"from": [ -3.0, 1.01, 1.0 ],
									"to": [ -1.8, 3.01, 3.0 ],
									"rotationOrigin": [ -1.2, -6.0, 19.0 ],
									"faces": {
										"north": { "texture": "#snowcover", "uv": [ 0.0, 0.0, 1.0, 2.0 ], "windMode": [-1,-1,-1,-1] },
										"east": { "texture": "#snowcover", "uv": [ 0.0, 0.0, 2.0, 2.0 ], "windMode": [-1,-1,-1,-1] },
										"south": { "texture": "#snowcover", "uv": [ 0.0, 0.0, 1.0, 2.0 ] },
										"west": { "texture": "#snowcover", "uv": [ 0.0, 0.0, 2.0, 2.0 ], "windMode": [-1,-1,-1,-1] },
										"up": { "texture": "#snowcover", "uv": [ 0.0, 0.0, 1.0, 2.0 ] },
										"down": { "texture": "#snowcover", "uv": [ 0.0, 0.0, 1.0, 2.0 ] }
									}
								}
							]
						}
					]
				},
				{
					"name": "beam",
					"from": [ -9.0, -1.6, 15.0 ],
					"to": [ -7.0, 14.4, 17.0 ],
					"rotationOrigin": [ -7.0, -1.6, 15.0 ],
					"rotationX": -36.0,
					"rotationY": 12.7,
					"rotationZ": -36.0,
					"faces": {
						"north": { "texture": "#wood", "uv": [ 0.0, 0.0, 2.0, 16.0 ] },
						"east": { "texture": "#wood", "uv": [ 0.0, 0.0, 2.0, 16.0 ] },
						"south": { "texture": "#wood", "uv": [ 0.0, 0.0, 2.0, 16.0 ] },
						"west": { "texture": "#wood", "uv": [ 0.0, 0.0, 2.0, 16.0 ] },
						"up": { "texture": "#wood", "uv": [ 0.0, 0.0, 2.0, 2.0 ] },
						"down": { "texture": "#wood", "uv": [ 0.0, 0.0, 2.0, 2.0 ] }
					},
					"children": [
						{
							"name": "beam2",
							"from": [ 0.0, 16.0, 0.0 ],
							"to": [ 2.0, 27.8, 2.0 ],
							"rotationOrigin": [ 2.0, 16.0, 0.0 ],
							"faces": {
								"north": { "texture": "#wood", "uv": [ 0.0, 0.0, 2.0, 11.75 ] },
								"east": { "texture": "#wood", "uv": [ 0.0, 0.0, 2.0, 11.75 ] },
								"south": { "texture": "#wood", "uv": [ 0.0, 0.0, 2.0, 11.75 ] },
								"west": { "texture": "#wood", "uv": [ 0.0, 0.0, 2.0, 11.75 ] },
								"up": { "texture": "#wood", "uv": [ 0.0, 0.0, 2.0, 2.0 ] },
								"down": { "texture": "#wood", "uv": [ 0.0, 0.0, 2.0, 2.0 ] }
							}
						}
					]
				},
				{
					"name": "Cube4",
					"from": [ 7.48, 14.0259, -0.7764 ],
					"to": [ 7.98, 15.0259, 15.2236 ],
					"rotationOrigin": [ 7.5, 14.0259, -0.7764 ],
					"rotationX": 45.0,
					"faces": {
						"north": { "texture": "#wood", "uv": [ 0.0, 0.0, 0.5, 1.0 ] },
						"east": { "texture": "#wood", "uv": [ 0.0, 0.0, 16.0, 1.0 ] },
						"south": { "texture": "#wood", "uv": [ 0.0, 0.0, 0.5, 1.0 ] },
						"west": { "texture": "#wood", "uv": [ 0.0, 0.0, 16.0, 1.0 ] },
						"up": { "texture": "#wood", "uv": [ 0.0, 0.0, 0.5, 16.0 ] },
						"down": { "texture": "#wood", "uv": [ 0.0, 0.0, 0.5, 16.0 ] }
					},
					"children": [
						{
							"name": "Cube5",
							"from": [ 0.0, 0.0, 16.0 ],
							"to": [ 0.5, 1.0, 22.63 ],
							"rotationOrigin": [ 0.0, 0.0, 16.0 ],
							"faces": {
								"north": { "texture": "#wood", "uv": [ 0.0, 0.0, 0.5, 1.0 ] },
								"east": { "texture": "#wood", "uv": [ 0.0, 0.0, 6.5, 1.0 ] },
								"south": { "texture": "#wood", "uv": [ 0.0, 0.0, 0.5, 1.0 ] },
								"west": { "texture": "#wood", "uv": [ 0.0, 0.0, 6.5, 1.0 ] },
								"up": { "texture": "#wood", "uv": [ 0.0, 0.0, 0.5, 6.5 ] },
								"down": { "texture": "#wood", "uv": [ 0.0, 0.0, 0.5, 6.5 ] }
							}
						}
					]
				}
			]
		},
		{
			"name": "origin2",
			"from": [ 16.0, 0.0, 0.0 ],
			"to": [ 16.0, 0.0, 0.0 ],
			"rotationOrigin": [ 16.0, 0.0, 0.0 ],
			"rotationY": -90.0,
			"faces": {
			},
			"children": [
				{
					"name": "slope2",
					"from": [ 0.0, 16.0, 0.0 ],
					"to": [ 0.0, 16.0, 0.0 ],
					"rotationOrigin": [ 0.0, 16.0, 0.0 ],
					"rotationX": 29.6,
					"faces": {
					},
					"children": [
						{
							"name": "shingle7",
							"from": [ 0.0, -1.0, 1.0 ],
							"to": [ 1.0, 0.0, 4.0 ],
							"rotationOrigin": [ 0.0, -1.0, 1.0 ],
							"faces": {
								"north": { "texture": "#material", "uv": [ 0.0, 0.0, 1.0, 1.0 ] },
								"east": { "texture": "#material", "uv": [ 0.0, 0.0, 3.0, 1.0 ] },
								"south": { "texture": "#material", "uv": [ 0.0, 0.0, 1.0, 1.0 ] },
								"west": { "texture": "#material", "uv": [ 0.0, 0.0, 3.0, 1.0 ] },
								"up": { "texture": "#material", "uv": [ 0.0, 0.0, 1.0, 3.0 ] },
								"down": { "texture": "#material", "uv": [ 0.0, 0.0, 1.0, 3.0 ] }
							},
							"children": [
								{
									"name": "shingle7-snow",
									"from": [ 0.0, 1.01, -1.0 ],
									"to": [ 3.3, 3.01, 3.0 ],
									"rotationOrigin": [ 0.0, -1.0, 1.0 ],
									"faces": {
										"north": { "texture": "#snowcover", "uv": [ 0.0, 0.0, 3.0, 2.0 ] },
										"east": { "texture": "#snowcover", "uv": [ 0.0, 0.0, 4.0, 2.0 ] },
										"south": { "texture": "#snowcover", "uv": [ 0.0, 0.0, 3.0, 2.0 ] },
										"west": { "texture": "#snowcover", "uv": [ 0.0, 0.0, 4.0, 2.0 ] },
										"up": { "texture": "#snowcover", "uv": [ 0.0, 0.0, 3.0, 4.0 ] },
										"down": { "texture": "#snowcover", "uv": [ 0.0, 0.0, 3.0, 4.0 ] }
									}
								}
							]
						},
						{
							"name": "shingle8",
							"from": [ 2.5, -2.0, 4.59 ],
							"to": [ 3.5, -1.0, 7.59 ],
							"rotationOrigin": [ 2.5, -2.0, 4.6 ],
							"faces": {
								"east": { "texture": "#material", "uv": [ 0.0, 0.0, 3.0, 1.0 ] },
								"south": { "texture": "#material", "uv": [ 0.0, 0.0, 1.0, 1.0 ] },
								"west": { "texture": "#material", "uv": [ 0.0, 0.0, 3.0, 1.0 ] },
								"up": { "texture": "#material", "uv": [ 0.0, 3.0, 1.0, 6.0 ] },
								"down": { "texture": "#material", "uv": [ 0.0, 3.0, 1.0, 6.0 ] }
							}
						},
						{
							"name": "shingle9",
							"from": [ 5.0, -3.0, 8.18 ],
							"to": [ 6.0, -2.0, 11.18 ],
							"rotationOrigin": [ 5.0, -3.0, 8.2 ],
							"faces": {
								"east": { "texture": "#material", "uv": [ 0.0, 0.0, 3.0, 1.0 ], "windMode": [-1,-1,-1,-1] },
								"south": { "texture": "#material", "uv": [ 0.0, 0.0, 1.0, 1.0 ] },
								"up": { "texture": "#material", "uv": [ 0.0, 6.5, 1.0, 9.5 ] },
								"down": { "texture": "#material", "uv": [ 0.0, 0.0, 1.0, 3.0 ] }
							}
						},
						{
							"name": "shingle11",
							"from": [ 0.0, -5.0, 14.36 ],
							"to": [ 11.0, -4.0, 18.36 ],
							"rotationOrigin": [ 0.0, -5.0, 14.4 ],
							"faces": {
								"north": { "texture": "#material", "uv": [ 0.0, 0.0, 11.0, 1.0 ] },
								"south": { "texture": "#material", "uv": [ 0.0, 0.0, 11.0, 1.0 ] },
								"west": { "texture": "#material", "uv": [ 0.0, 0.0, 4.0, 1.0 ] },
								"up": { "texture": "#material", "uv": [ 0.0, 0.0, 11.0, 4.0 ] },
								"down": { "texture": "#material", "uv": [ 0.0, 0.0, 11.0, 4.0 ] }
							},
							"children": [
								{
									"name": "shingle11-snow",
									"from": [ 0.0, 1.01, 0.0 ],
									"to": [ 14.0, 3.01, 4.0 ],
									"rotationOrigin": [ 0.0, -5.0, 14.4 ],
									"faces": {
										"north": { "texture": "#snowcover", "uv": [ 0.0, 0.0, 14.0, 2.0 ] },
										"east": { "texture": "#snowcover", "uv": [ 0.0, 0.0, 4.0, 2.0 ], "windMode": [-1,-1,-1,-1] },
										"south": { "texture": "#snowcover", "uv": [ 0.0, 0.0, 14.0, 2.0 ] },
										"west": { "texture": "#snowcover", "uv": [ 0.0, 0.0, 4.0, 2.0 ] },
										"up": { "texture": "#snowcover", "uv": [ 0.0, 0.0, 14.0, 4.0 ] },
										"down": { "texture": "#snowcover", "uv": [ 0.0, 0.0, 14.0, 4.0 ] }
									}
								}
							]
						},
						{
							"name": "shingle12",
							"from": [ 0.0, -6.0, 17.82 ],
							"to": [ 13.5, -5.0, 21.82 ],
							"rotationOrigin": [ 0.0, -6.0, 18.0 ],
							"faces": {
								"north": { "texture": "#material", "uv": [ 0.0, 0.0, 13.5, 1.0 ] },
								"south": { "texture": "#material", "uv": [ 0.0, 0.0, 13.5, 1.0 ] },
								"west": { "texture": "#material", "uv": [ 0.0, 0.0, 4.0, 1.0 ] },
								"up": { "texture": "#material", "uv": [ 0.0, -0.5, 13.5, 3.5 ] },
								"down": { "texture": "#material", "uv": [ 0.0, 0.0, 13.5, 4.0 ] }
							},
							"children": [
								{
									"name": "shingle12-snow",
									"from": [ 0.0, 1.01, 0.0 ],
									"to": [ 16.0, 3.01, 4.0 ],
									"rotationOrigin": [ 0.0, -6.0, 18.0 ],
									"faces": {
										"north": { "texture": "#snowcover", "uv": [ 0.0, 0.0, 16.0, 2.0 ] },
										"east": { "texture": "#snowcover", "uv": [ 0.0, 0.0, 4.0, 2.0 ], "windMode": [-1,-1,-1,-1] },
										"south": { "texture": "#snowcover", "uv": [ 0.0, 0.0, 16.0, 2.0 ] },
										"west": { "texture": "#snowcover", "uv": [ 0.0, 0.0, 4.0, 2.0 ] },
										"up": { "texture": "#snowcover", "uv": [ 0.0, 0.0, 16.0, 4.0 ] },
										"down": { "texture": "#snowcover", "uv": [ 0.0, 0.0, 16.0, 4.0 ] }
									}
								}
							]
						},
						{
							"name": "shingle8.1",
							"from": [ 0.0, -2.0, 3.59 ],
							"to": [ 2.5, -1.0, 7.59 ],
							"rotationOrigin": [ 0.0, -2.0, 3.6 ],
							"faces": {
								"north": { "texture": "#material", "uv": [ 0.0, 0.0, 2.5, 1.0 ] },
								"east": { "texture": "#material", "uv": [ 0.0, 0.0, 4.0, 1.0 ] },
								"south": { "texture": "#material", "uv": [ 0.0, 0.0, 2.5, 1.0 ], "windMode": [-1,-1,-1,-1] },
								"west": { "texture": "#material", "uv": [ 0.0, 0.0, 4.0, 1.0 ] },
								"up": { "texture": "#material", "uv": [ 0.0, 3.0, 2.5, 7.0 ] },
								"down": { "texture": "#material", "uv": [ 0.0, 3.0, 2.5, 7.0 ] }
							},
							"children": [
								{
									"name": "shingle8.1-snow",
									"from": [ 0.0, 1.01, 0.0 ],
									"to": [ 6.0, 3.01, 4.0 ],
									"rotationOrigin": [ 0.0, -2.0, 3.6 ],
									"faces": {
										"north": { "texture": "#snowcover", "uv": [ 0.0, 0.0, 6.0, 2.0 ] },
										"east": { "texture": "#snowcover", "uv": [ 0.0, 0.0, 4.0, 2.0 ], "windMode": [-1,-1,-1,-1] },
										"south": { "texture": "#snowcover", "uv": [ 0.0, 0.0, 6.0, 2.0 ], "windMode": [-1,-1,-1,-1] },
										"west": { "texture": "#snowcover", "uv": [ 0.0, 0.0, 4.0, 2.0 ] },
										"up": { "texture": "#snowcover", "uv": [ 0.0, 3.0, 6.0, 7.0 ] },
										"down": { "texture": "#snowcover", "uv": [ 0.0, 3.0, 6.0, 7.0 ] }
									}
								}
							]
						},
						{
							"name": "shingle9.1",
							"from": [ 0.0, -3.0, 7.18 ],
							"to": [ 5.0, -2.0, 11.18 ],
							"rotationOrigin": [ 0.0, -3.0, 7.2 ],
							"faces": {
								"north": { "texture": "#material", "uv": [ 0.0, 0.0, 5.0, 1.0 ] },
								"south": { "texture": "#material", "uv": [ 0.0, 0.0, 5.0, 1.0 ], "windMode": [-1,-1,-1,-1] },
								"west": { "texture": "#material", "uv": [ 0.0, 0.0, 4.0, 1.0 ], "windMode": [-1,-1,-1,-1] },
								"up": { "texture": "#material", "uv": [ 0.0, 6.5, 5.0, 10.5 ] },
								"down": { "texture": "#material", "uv": [ 0.0, 0.0, 5.0, 4.0 ] }
							},
							"children": [
								{
									"name": "shingle9.1-snow",
									"from": [ 0.0, 1.01, 0.0 ],
									"to": [ 9.0, 3.01, 4.0 ],
									"rotationOrigin": [ 0.0, -3.0, 7.2 ],
									"faces": {
										"north": { "texture": "#snowcover", "uv": [ 0.0, 0.0, 9.0, 2.0 ] },
										"east": { "texture": "#snowcover", "uv": [ 0.0, 0.0, 4.0, 2.0 ], "windMode": [-1,-1,-1,-1] },
										"south": { "texture": "#snowcover", "uv": [ 0.0, 0.0, 9.0, 2.0 ], "windMode": [-1,-1,-1,-1] },
										"west": { "texture": "#snowcover", "uv": [ 0.0, 0.0, 4.0, 2.0 ], "windMode": [-1,-1,-1,-1] },
										"up": { "texture": "#snowcover", "uv": [ 0.0, 6.5, 9.0, 10.5 ] },
										"down": { "texture": "#snowcover", "uv": [ 0.0, 0.0, 9.0, 4.0 ] }
									}
								}
							]
						},
						{
							"name": "shingle10",
							"from": [ 0.0, -4.0, 10.77 ],
							"to": [ 8.5, -3.0, 14.77 ],
							"rotationOrigin": [ 0.0, -4.0, 10.8 ],
							"faces": {
								"north": { "texture": "#material", "uv": [ 0.0, 0.0, 8.5, 1.0 ] },
								"south": { "texture": "#material", "uv": [ 0.0, 0.0, 8.5, 1.0 ] },
								"west": { "texture": "#material", "uv": [ 0.0, 0.0, 4.0, 1.0 ] },
								"up": { "texture": "#material", "uv": [ 0.0, 10.5, 8.5, 14.5 ] },
								"down": { "texture": "#material", "uv": [ 0.0, 0.0, 8.5, 4.0 ] }
							},
							"children": [
								{
									"name": "shingle10-snow",
									"from": [ 0.0, 1.01, 0.0 ],
									"to": [ 11.5, 3.01, 4.0 ],
									"rotationOrigin": [ 0.0, -4.0, 10.8 ],
									"faces": {
										"north": { "texture": "#snowcover", "uv": [ 0.0, 0.0, 11.5, 2.0 ] },
										"east": { "texture": "#snowcover", "uv": [ 0.0, 0.0, 4.0, 2.0 ], "windMode": [-1,-1,-1,-1] },
										"south": { "texture": "#snowcover", "uv": [ 0.0, 0.0, 11.5, 2.0 ] },
										"west": { "texture": "#snowcover", "uv": [ 0.0, 0.0, 4.0, 2.0 ] },
										"up": { "texture": "#snowcover", "uv": [ 0.0, 10.5, 11.5, 14.5 ] },
										"down": { "texture": "#snowcover", "uv": [ 0.0, 0.0, 11.5, 4.0 ] }
									}
								}
							]
						},
						{
							"name": "shingle10.1",
							"from": [ 8.5, -4.0, 11.77 ],
							"to": [ 9.0, -3.0, 14.77 ],
							"rotationOrigin": [ 8.5, -4.0, 11.8 ],
							"faces": {
								"east": { "texture": "#material", "uv": [ 0.0, 0.0, 3.0, 1.0 ], "windMode": [-1,-1,-1,-1] },
								"south": { "texture": "#material", "uv": [ 0.0, 0.0, 0.5, 1.0 ] },
								"up": { "texture": "#material", "uv": [ 0.0, 10.5, 0.5, 13.5 ] },
								"down": { "texture": "#material", "uv": [ 0.0, 0.0, 0.5, 3.0 ] }
							}
						},
						{
							"name": "shingle12.1",
							"from": [ 13.5, -6.0, 18.82 ],
							"to": [ 14.2, -5.0, 21.82 ],
							"rotationOrigin": [ 13.5, -6.0, 19.0 ],
							"faces": {
								"east": { "texture": "#material", "uv": [ 0.0, 0.0, 3.0, 1.0 ], "windMode": [-1,-1,-1,-1] },
								"south": { "texture": "#material", "uv": [ 0.0, 0.0, 0.5, 1.0 ] },
								"up": { "texture": "#material", "uv": [ 0.0, -0.5, 0.5, 2.5 ] },
								"down": { "texture": "#material", "uv": [ 0.0, 0.0, 0.5, 3.0 ] }
							},
							"children": [
								{
									"name": "shingle12.1-snow",
									"from": [ 2.5, 1.01, 1.0 ],
									"to": [ 3.7, 3.01, 3.0 ],
									"rotationOrigin": [ 16.0, -6.0, 19.0 ],
									"faces": {
										"north": { "texture": "#snowcover", "uv": [ 0.0, 0.0, 1.0, 2.0 ], "windMode": [-1,-1,-1,-1] },
										"east": { "texture": "#snowcover", "uv": [ 0.0, 0.0, 2.0, 2.0 ], "windMode": [-1,-1,-1,-1] },
										"south": { "texture": "#snowcover", "uv": [ 0.0, 0.0, 1.0, 2.0 ] },
										"up": { "texture": "#snowcover", "uv": [ 0.0, 0.0, 1.0, 2.0 ] },
										"down": { "texture": "#snowcover", "uv": [ 0.0, 0.0, 1.0, 2.0 ] }
									}
								}
							]
						},
						{
							"name": "shingle11.1",
							"from": [ 11.0, -5.0, 15.36 ],
							"to": [ 11.5, -4.0, 18.36 ],
							"rotationOrigin": [ 11.0, -5.0, 15.4 ],
							"faces": {
								"east": { "texture": "#material", "uv": [ 0.0, 0.0, 3.0, 1.0 ] },
								"south": { "texture": "#material", "uv": [ 0.0, 0.0, 0.5, 1.0 ] },
								"up": { "texture": "#material", "uv": [ 0.0, 0.0, 0.5, 3.0 ] },
								"down": { "texture": "#material", "uv": [ 0.0, 0.0, 0.5, 3.0 ] }
							}
						}
					]
				},
				{
					"name": "Cube6",
					"from": [ 0.02, 14.0259, -0.7764 ],
					"to": [ 0.52, 15.0259, 15.2236 ],
					"rotationOrigin": [ 0.0, 14.0259, -0.7764 ],
					"rotationX": 45.0,
					"faces": {
						"north": { "texture": "#wood", "uv": [ 0.0, 0.0, 0.5, 1.0 ] },
						"east": { "texture": "#wood", "uv": [ 0.0, 0.0, 16.0, 1.0 ] },
						"south": { "texture": "#wood", "uv": [ 0.0, 0.0, 0.5, 1.0 ] },
						"west": { "texture": "#wood", "uv": [ 0.0, 0.0, 16.0, 1.0 ] },
						"up": { "texture": "#wood", "uv": [ 0.0, 0.0, 0.5, 16.0 ] },
						"down": { "texture": "#wood", "uv": [ 0.0, 0.0, 0.5, 16.0 ] }
					},
					"children": [
						{
							"name": "Cube7",
							"from": [ 0.0, 0.0, 16.0 ],
							"to": [ 0.5, 1.0, 22.63 ],
							"rotationOrigin": [ 0.0, 0.0, 16.0 ],
							"faces": {
								"north": { "texture": "#wood", "uv": [ 0.0, 0.0, 0.5, 1.0 ] },
								"east": { "texture": "#wood", "uv": [ 0.0, 0.0, 6.5, 1.0 ] },
								"south": { "texture": "#wood", "uv": [ 0.0, 0.0, 0.5, 1.0 ] },
								"west": { "texture": "#wood", "uv": [ 0.0, 0.0, 6.5, 1.0 ] },
								"up": { "texture": "#wood", "uv": [ 0.0, 0.0, 0.5, 6.5 ] },
								"down": { "texture": "#wood", "uv": [ 0.0, 0.0, 0.5, 6.5 ] }
							}
						}
					]
				}
			]
		}
	]}