{
	"editor": {
		"collapsedPaths": "Root/root/slope2",
		"allAngles": false,
		"entityTextureMode": false
	},
	"textureWidth": 16,
	"textureHeight": 16,
	"textureSizes": {
	},
	"textures": {
	},
	"elements": [
		{
			"name": "origin",
			"from": [ 8.0, -8.0, 0.0 ],
			"to": [ 8.0, -8.0, 0.0 ],
			"rotationOrigin": [ 16.0, -8.0, 0.0 ],
			"faces": {
			},
			"children": [
				{
					"name": "slope",
					"from": [ -8.0, 16.0, 0.0 ],
					"to": [ -8.0, 16.0, 0.0 ],
					"rotationOrigin": [ -8.0, 16.0, 0.0 ],
					"rotationX": 10.0,
					"faces": {
					},
					"children": [
						{
							"name": "shingle1",
							"from": [ 14.1, -1.0, 1.0 ],
							"to": [ 16.0, 0.0, 4.0 ],
							"rotationOrigin": [ 14.1, -1.0, 1.0 ],
							"faces": {
								"north": { "texture": "#material", "uv": [ 0.0, 0.0, 1.5, 1.0 ] },
								"east": { "texture": "#material", "uv": [ 0.0, 0.0, 3.0, 1.0 ] },
								"south": { "texture": "#material", "uv": [ 0.0, 0.0, 1.5, 1.0 ] },
								"west": { "texture": "#material", "uv": [ 0.0, 0.0, 3.0, 1.0 ] },
								"up": { "texture": "#material", "uv": [ 0.0, 0.0, 1.5, 3.0 ] },
								"down": { "texture": "#material", "uv": [ 0.0, 0.0, 1.5, 3.0 ] }
							}
						},
						{
							"name": "shingle2",
							"from": [ 12.5, -2.0, 3.59 ],
							"to": [ 16.0, -1.0, 7.59 ],
							"rotationOrigin": [ 12.5, -2.0, 3.6 ],
							"faces": {
								"north": { "texture": "#material", "uv": [ 0.0, 0.0, 3.5, 1.0 ] },
								"east": { "texture": "#material", "uv": [ 0.0, 0.0, 4.0, 1.0 ] },
								"south": { "texture": "#material", "uv": [ 0.0, 0.0, 3.5, 1.0 ] },
								"up": { "texture": "#material", "uv": [ 0.0, 3.0, 3.5, 7.0 ] },
								"down": { "texture": "#material", "uv": [ 0.0, 3.0, 3.5, 7.0 ] }
							}
						},
						{
							"name": "shingle3",
							"from": [ 9.0, -3.0, 7.18 ],
							"to": [ 16.0, -2.0, 11.18 ],
							"rotationOrigin": [ 9.0, -3.0, 7.2 ],
							"faces": {
								"north": { "texture": "#material", "uv": [ 0.0, 0.0, 7.0, 1.0 ] },
								"east": { "texture": "#material", "uv": [ 0.0, 0.0, 4.0, 1.0 ] },
								"south": { "texture": "#material", "uv": [ 0.0, 0.0, 7.0, 1.0 ] },
								"up": { "texture": "#material", "uv": [ 0.0, 6.5, 7.0, 10.5 ] },
								"down": { "texture": "#material", "uv": [ 0.0, 0.0, 7.0, 4.0 ] }
							}
						},
						{
							"name": "shingle4",
							"from": [ 4.9, -4.0, 10.77 ],
							"to": [ 16.0, -3.0, 14.77 ],
							"rotationOrigin": [ 4.9, -4.0, 10.8 ],
							"faces": {
								"north": { "texture": "#material", "uv": [ 0.0, 0.0, 11.0, 1.0 ] },
								"east": { "texture": "#material", "uv": [ 0.0, 0.0, 4.0, 1.0 ] },
								"south": { "texture": "#material", "uv": [ 0.0, 0.0, 11.0, 1.0 ] },
								"west": { "texture": "#material", "uv": [ 0.0, 0.0, 4.0, 1.0 ] },
								"up": { "texture": "#material", "uv": [ 0.0, 10.5, 11.0, 14.5 ] },
								"down": { "texture": "#material", "uv": [ 0.0, 0.0, 11.0, 4.0 ] }
							}
						},
						{
							"name": "shingle5",
							"from": [ 1.6, -5.0, 14.36 ],
							"to": [ 16.0, -4.0, 18.36 ],
							"rotationOrigin": [ 1.6, -5.0, 14.4 ],
							"faces": {
								"north": { "texture": "#material", "uv": [ 0.0, 0.0, 14.0, 1.0 ] },
								"east": { "texture": "#material", "uv": [ 0.0, 0.0, 4.0, 1.0 ] },
								"south": { "texture": "#material", "uv": [ 0.0, 0.0, 14.0, 1.0 ] },
								"west": { "texture": "#material", "uv": [ 0.0, 0.0, 4.0, 1.0 ] },
								"up": { "texture": "#material", "uv": [ 0.0, 0.0, 14.0, 4.0 ] },
								"down": { "texture": "#material", "uv": [ 0.0, 0.0, 14.0, 4.0 ] }
							}
						},
						{
							"name": "shingle2.1",
							"from": [ 11.1, -2.0, 4.19 ],
							"to": [ 12.5, -1.0, 7.59 ],
							"rotationOrigin": [ 11.1, -2.0, 4.2 ],
							"faces": {
								"south": { "texture": "#material", "uv": [ 0.0, 0.0, 1.0, 1.0 ] },
								"west": { "texture": "#material", "uv": [ 0.0, 0.0, 3.0, 1.0 ], "windMode": [-1,-1,-1,-1] },
								"up": { "texture": "#material", "uv": [ 0.0, 3.0, 1.0, 6.0 ] },
								"down": { "texture": "#material", "uv": [ 0.0, 3.0, 1.0, 6.0 ] }
							}
						},
						{
							"name": "shingle3.1",
							"from": [ 7.7, -3.0, 7.88 ],
							"to": [ 9.0, -2.0, 11.18 ],
							"rotationOrigin": [ 7.7, -3.0, 7.9 ],
							"faces": {
								"east": { "texture": "#material", "uv": [ 0.0, 0.0, 3.0, 1.0 ] },
								"south": { "texture": "#material", "uv": [ 0.0, 0.0, 1.0, 1.0 ] },
								"west": { "texture": "#material", "uv": [ 0.0, 0.0, 3.0, 1.0 ] },
								"up": { "texture": "#material", "uv": [ 0.0, 6.5, 1.0, 9.5 ] },
								"down": { "texture": "#material", "uv": [ 0.0, 0.0, 1.0, 3.0 ] }
							}
						},
						{
							"name": "shingle4.1",
							"from": [ 3.9, -4.0, 12.27 ],
							"to": [ 4.9, -3.0, 14.77 ],
							"rotationOrigin": [ 3.9, -4.0, 12.3 ],
							"faces": {
								"east": { "texture": "#material", "uv": [ 0.0, 0.0, 2.5, 1.0 ] },
								"south": { "texture": "#material", "uv": [ 0.0, 0.0, 1.0, 1.0 ] },
								"west": { "texture": "#material", "uv": [ 0.0, 0.0, 2.5, 1.0 ] },
								"up": { "texture": "#material", "uv": [ 0.0, 10.5, 1.0, 13.0 ] },
								"down": { "texture": "#material", "uv": [ 0.0, 0.0, 1.0, 2.5 ] }
							}
						}
					]
				},
				{
					"name": "Cube4",
					"from": [ 7.48, 13.8798, -0.0692 ],
					"to": [ 7.98, 14.8798, 15.9308 ],
					"rotationOrigin": [ 7.5, 13.8798, -0.0692 ],
					"rotationX": 25.4,
					"faces": {
						"north": { "texture": "#wood", "uv": [ 0.0, 0.0, 0.5, 1.0 ] },
						"east": { "texture": "#wood", "uv": [ 0.0, 0.0, 16.0, 1.0 ] },
						"south": { "texture": "#wood", "uv": [ 0.0, 0.0, 0.5, 1.0 ] },
						"west": { "texture": "#wood", "uv": [ 0.0, 0.0, 16.0, 1.0 ] },
						"up": { "texture": "#wood", "uv": [ 0.0, 0.0, 0.5, 16.0 ] },
						"down": { "texture": "#wood", "uv": [ 0.0, 0.0, 0.5, 16.0 ] }
					},
					"children": [
						{
							"name": "Cube5",
							"from": [ 0.0, 0.0, 16.0 ],
							"to": [ 0.5, 1.0, 18.33 ],
							"rotationOrigin": [ 0.0, 0.0, 16.0 ],
							"faces": {
								"north": { "texture": "#wood", "uv": [ 0.0, 0.0, 0.5, 1.0 ] },
								"east": { "texture": "#wood", "uv": [ 0.0, 0.0, 2.0, 1.0 ] },
								"south": { "texture": "#wood", "uv": [ 0.0, 0.0, 0.5, 1.0 ] },
								"west": { "texture": "#wood", "uv": [ 0.0, 0.0, 2.0, 1.0 ] },
								"up": { "texture": "#wood", "uv": [ 0.0, 0.0, 0.5, 2.0 ] },
								"down": { "texture": "#wood", "uv": [ 0.0, 0.0, 0.5, 2.0 ] }
							}
						}
					]
				},
				{
					"name": "Cube6",
					"from": [ 8.0892, 13.8798, 0.0 ],
					"to": [ 8.5892, 14.8798, 16.0 ],
					"rotationOrigin": [ 8.0692, 13.8798, 0.0 ],
					"rotationX": 90.0,
					"rotationY": -64.6,
					"rotationZ": 90.0,
					"faces": {
						"north": { "texture": "#wood", "uv": [ 0.0, 0.0, 0.5, 1.0 ] },
						"east": { "texture": "#wood", "uv": [ 0.0, 0.0, 16.0, 1.0 ] },
						"south": { "texture": "#wood", "uv": [ 0.0, 0.0, 0.5, 1.0 ] },
						"west": { "texture": "#wood", "uv": [ 0.0, 0.0, 16.0, 1.0 ] },
						"up": { "texture": "#wood", "uv": [ 0.0, 0.0, 0.5, 16.0 ] },
						"down": { "texture": "#wood", "uv": [ 0.0, 0.0, 0.5, 16.0 ] }
					},
					"children": [
						{
							"name": "Cube7",
							"from": [ 0.0, 0.0, 16.0 ],
							"to": [ 0.5, 1.0, 18.33 ],
							"rotationOrigin": [ 0.0, 0.0, 16.0 ],
							"faces": {
								"north": { "texture": "#wood", "uv": [ 0.0, 0.0, 0.5, 1.0 ] },
								"east": { "texture": "#wood", "uv": [ 0.0, 0.0, 2.0, 1.0 ] },
								"south": { "texture": "#wood", "uv": [ 0.0, 0.0, 0.5, 1.0 ] },
								"west": { "texture": "#wood", "uv": [ 0.0, 0.0, 2.0, 1.0 ] },
								"up": { "texture": "#wood", "uv": [ 0.0, 0.0, 0.5, 2.0 ] },
								"down": { "texture": "#wood", "uv": [ 0.0, 0.0, 0.5, 2.0 ] }
							}
						}
					]
				},
				{
					"name": "origin2",
					"from": [ 7.9972, 0.0, 8.0055 ],
					"to": [ 7.9972, 0.0, 8.0055 ],
					"rotationOrigin": [ 8.0, 0.0, 8.0 ],
					"rotationY": -89.98,
					"faces": {
					},
					"children": [
						{
							"name": "slope2",
							"from": [ -8.0, 16.0, 0.0 ],
							"to": [ -8.0, 16.0, 0.0 ],
							"rotationOrigin": [ -8.0, 16.0, 0.0 ],
							"rotationX": 10.0,
							"faces": {
							},
							"children": [
								{
									"name": "shingle6",
									"from": [ 0.0, -1.0, 1.0 ],
									"to": [ 1.9, 0.0, 4.0 ],
									"rotationOrigin": [ 0.0, -1.0, 1.0 ],
									"faces": {
										"north": { "texture": "#material", "uv": [ 0.0, 0.0, 1.5, 1.0 ] },
										"east": { "texture": "#material", "uv": [ 0.0, 0.0, 3.0, 1.0 ] },
										"south": { "texture": "#material", "uv": [ 0.0, 0.0, 1.5, 1.0 ] },
										"west": { "texture": "#material", "uv": [ 0.0, 0.0, 3.0, 1.0 ] },
										"up": { "texture": "#material", "uv": [ 0.0, 0.0, 1.5, 3.0 ] },
										"down": { "texture": "#material", "uv": [ 0.0, 0.0, 1.5, 3.0 ] }
									}
								},
								{
									"name": "shingle7",
									"from": [ 0.0, -2.0, 3.59 ],
									"to": [ 3.5, -1.0, 7.59 ],
									"rotationOrigin": [ 0.0, -2.0, 3.6 ],
									"faces": {
										"north": { "texture": "#material", "uv": [ 0.0, 0.0, 3.5, 1.0 ] },
										"south": { "texture": "#material", "uv": [ 0.0, 0.0, 3.5, 1.0 ] },
										"west": { "texture": "#material", "uv": [ 0.0, 0.0, 4.0, 1.0 ], "windMode": [-1,-1,-1,-1] },
										"up": { "texture": "#material", "uv": [ 0.0, 3.0, 3.5, 7.0 ] },
										"down": { "texture": "#material", "uv": [ 0.0, 3.0, 3.5, 7.0 ] }
									}
								},
								{
									"name": "shingle8",
									"from": [ 0.0, -3.0, 7.18 ],
									"to": [ 7.0, -2.0, 11.18 ],
									"rotationOrigin": [ 0.0, -3.0, 7.2 ],
									"faces": {
										"north": { "texture": "#material", "uv": [ 0.0, 0.0, 7.0, 1.0 ] },
										"south": { "texture": "#material", "uv": [ 0.0, 0.0, 7.0, 1.0 ] },
										"west": { "texture": "#material", "uv": [ 0.0, 0.0, 4.0, 1.0 ] },
										"up": { "texture": "#material", "uv": [ 0.0, 6.5, 7.0, 10.5 ] },
										"down": { "texture": "#material", "uv": [ 0.0, 0.0, 7.0, 4.0 ] }
									}
								},
								{
									"name": "shingle9",
									"from": [ 0.0, -4.0, 10.77 ],
									"to": [ 10.5, -3.0, 14.77 ],
									"rotationOrigin": [ 0.0, -4.0, 10.8 ],
									"faces": {
										"north": { "texture": "#material", "uv": [ 0.0, 0.0, 10.5, 1.0 ] },
										"south": { "texture": "#material", "uv": [ 0.0, 0.0, 10.5, 1.0 ] },
										"west": { "texture": "#material", "uv": [ 0.0, 0.0, 4.0, 1.0 ] },
										"up": { "texture": "#material", "uv": [ 0.0, 10.5, 10.5, 14.5 ] },
										"down": { "texture": "#material", "uv": [ 0.0, 0.0, 10.5, 4.0 ] }
									}
								},
								{
									"name": "shingle10",
									"from": [ 0.0, -5.0, 14.36 ],
									"to": [ 14.4, -4.0, 18.36 ],
									"rotationOrigin": [ 0.0, -5.0, 14.4 ],
									"faces": {
										"north": { "texture": "#material", "uv": [ 0.0, 0.0, 14.0, 1.0 ] },
										"east": { "texture": "#material", "uv": [ 0.0, 0.0, 4.0, 1.0 ] },
										"south": { "texture": "#material", "uv": [ 0.0, 0.0, 14.0, 1.0 ] },
										"west": { "texture": "#material", "uv": [ 0.0, 0.0, 4.0, 1.0 ] },
										"up": { "texture": "#material", "uv": [ 0.0, 0.0, 14.0, 4.0 ] },
										"down": { "texture": "#material", "uv": [ 0.0, 0.0, 14.0, 4.0 ] }
									}
								},
								{
									"name": "shingle7.1",
									"from": [ 3.5, -2.0, 4.19 ],
									"to": [ 4.9, -1.0, 7.59 ],
									"rotationOrigin": [ 3.5, -2.0, 4.2 ],
									"faces": {
										"east": { "texture": "#material", "uv": [ 0.0, 0.0, 3.0, 1.0 ] },
										"south": { "texture": "#material", "uv": [ 0.0, 0.0, 1.0, 1.0 ] },
										"up": { "texture": "#material", "uv": [ 0.0, 3.0, 1.0, 6.0 ] },
										"down": { "texture": "#material", "uv": [ 0.0, 3.0, 1.0, 6.0 ] }
									}
								},
								{
									"name": "shingle8.1",
									"from": [ 7.0, -3.0, 7.88 ],
									"to": [ 8.3, -2.0, 11.18 ],
									"rotationOrigin": [ 7.0, -3.0, 7.9 ],
									"faces": {
										"east": { "texture": "#material", "uv": [ 0.0, 0.0, 3.0, 1.0 ] },
										"south": { "texture": "#material", "uv": [ 0.0, 0.0, 1.0, 1.0 ] },
										"up": { "texture": "#material", "uv": [ 0.0, 6.5, 1.0, 9.5 ] },
										"down": { "texture": "#material", "uv": [ 0.0, 0.0, 1.0, 3.0 ] }
									}
								},
								{
									"name": "shingle9.1",
									"from": [ 10.5, -4.0, 12.27 ],
									"to": [ 11.5, -3.0, 14.77 ],
									"rotationOrigin": [ 10.5, -4.0, 12.3 ],
									"faces": {
										"east": { "texture": "#material", "uv": [ 0.0, 0.0, 2.5, 1.0 ] },
										"south": { "texture": "#material", "uv": [ 0.0, 0.0, 1.0, 1.0 ] },
										"up": { "texture": "#material", "uv": [ 0.0, 10.5, 1.0, 13.0 ] },
										"down": { "texture": "#material", "uv": [ 0.0, 0.0, 1.0, 2.5 ] }
									}
								}
							]
						}
					]
				},
				{
					"name": "origin3",
					"from": [ 8.0, 9.5, 0.0 ],
					"to": [ 8.0, 9.5, 0.0 ],
					"rotationOrigin": [ 8.0, 9.5, 0.0 ],
					"faces": {
						"north": { "texture": "#wood", "uv": [ 0.0, 0.0, 0.5, 0.5 ] },
						"east": { "texture": "#wood", "uv": [ 0.0, 0.0, 0.5, 0.5 ] },
						"south": { "texture": "#wood", "uv": [ 0.0, 0.0, 0.5, 0.5 ] },
						"west": { "texture": "#wood", "uv": [ 0.0, 0.0, 0.5, 0.5 ] },
						"up": { "texture": "#wood", "uv": [ 0.0, 0.0, 0.5, 0.5 ] },
						"down": { "texture": "#wood", "uv": [ 0.0, 0.0, 0.5, 0.5 ] }
					},
					"children": [
						{
							"name": "beam",
							"from": [ -17.0, -1.7, 15.0 ],
							"to": [ -15.0, 14.3, 17.0 ],
							"rotationOrigin": [ -16.0, -1.7, 16.0 ],
							"rotationX": -45.0,
							"rotationY": 19.5,
							"rotationZ": -45.0,
							"faces": {
								"north": { "texture": "#wood", "uv": [ 0.0, 0.0, 2.0, 16.0 ] },
								"east": { "texture": "#wood", "uv": [ 0.0, 0.0, 2.0, 16.0 ] },
								"south": { "texture": "#wood", "uv": [ 0.0, 0.0, 2.0, 16.0 ] },
								"west": { "texture": "#wood", "uv": [ 0.0, 0.0, 2.0, 16.0 ] },
								"up": { "texture": "#wood", "uv": [ 0.0, 0.0, 2.0, 2.0 ] },
								"down": { "texture": "#wood", "uv": [ 0.0, 0.0, 2.0, 2.0 ] }
							},
							"children": [
								{
									"name": "beam2",
									"from": [ 0.0, 16.0, 0.0 ],
									"to": [ 2.0, 25.0, 2.0 ],
									"rotationOrigin": [ 1.0, 16.0, 1.0 ],
									"faces": {
										"north": { "texture": "#wood", "uv": [ 0.0, 0.0, 2.0, 9.0 ] },
										"east": { "texture": "#wood", "uv": [ 0.0, 0.0, 2.0, 9.0 ] },
										"south": { "texture": "#wood", "uv": [ 0.0, 0.0, 2.0, 9.0 ] },
										"west": { "texture": "#wood", "uv": [ 0.0, 0.0, 2.0, 9.0 ] },
										"up": { "texture": "#wood", "uv": [ 0.0, 0.0, 2.0, 2.0 ] },
										"down": { "texture": "#wood", "uv": [ 0.0, 0.0, 2.0, 2.0 ] }
									}
								}
							]
						}
			
					]
				}
			]
		}
	]}