{
	"editor": {
		"collapsedPaths": "Root/root/slope2,Root/origin3/origin4/slope4",
		"allAngles": false,
		"entityTextureMode": false
	},
	"textureWidth": 16,
	"textureHeight": 16,
	"textureSizes": {
	},
	"textures": {
		"snowcover": "game:block/liquid/snow/normal1"
	},
	"elements": [
		{
			"name": "origin",
			"from": [ 16.0, 0.0, 8.0 ],
			"to": [ 16.0, 0.0, 8.0 ],
			"rotationOrigin": [ 16.0, 0.0, 8.0 ],
			"rotationY": -90.0,
			"faces": {
			},
			"children": [
				{
					"name": "slope",
					"from": [ -8.0, 16.0, 0.0 ],
					"to": [ -8.0, 16.0, 0.0 ],
					"rotationOrigin": [ -8.0, 16.0, 0.0 ],
					"rotationX": 47.0,
					"faces": {
					},
					"children": [
						{
							"name": "shingle2",
							"from": [ 0.0, -2.0, 3.59 ],
							"to": [ 2.0, -1.0, 7.59 ],
							"rotationOrigin": [ 0.0, -2.0, 3.6 ],
							"faces": {
								"north": { "texture": "#material", "uv": [ 0.0, 0.0, 2.0, 1.0 ] },
								"east": { "texture": "#material", "uv": [ 0.0, 0.0, 4.0, 1.0 ] },
								"south": { "texture": "#material", "uv": [ 0.0, 0.0, 2.0, 1.0 ] },
								"west": { "texture": "#material", "uv": [ 0.0, 0.0, 4.0, 1.0 ] },
								"up": { "texture": "#material", "uv": [ 0.0, 3.0, 2.0, 7.0 ] },
								"down": { "texture": "#material", "uv": [ 0.0, 3.0, 2.0, 7.0 ] }
							},
							"children": [
								{
									"name": "shingle2-snow",
									"from": [ 0.0, 1.01, 0.0 ],
									"to": [ 2.0, 2.01, 4.0 ],
									"rotationOrigin": [ 0.0, -2.0, 3.6 ],
									"faces": {
										"north": { "texture": "#snowcover", "uv": [ 0.0, 0.0, 2.0, 1.0 ] },
										"east": { "texture": "#snowcover", "uv": [ 0.0, 0.0, 4.0, 1.0 ] },
										"south": { "texture": "#snowcover", "uv": [ 0.0, 0.0, 2.0, 1.0 ] },
										"west": { "texture": "#snowcover", "uv": [ 0.0, 0.0, 4.0, 1.0 ] },
										"up": { "texture": "#snowcover", "uv": [ 0.0, 3.0, 2.0, 7.0 ] },
										"down": { "texture": "#snowcover", "uv": [ 0.0, 3.0, 2.0, 7.0 ] }
									}
								}
							]
						},
						{
							"name": "shingle3",
							"from": [ 0.0, -3.0, 7.18 ],
							"to": [ 3.5, -2.0, 11.18 ],
							"rotationOrigin": [ 0.0, -3.0, 7.2 ],
							"faces": {
								"north": { "texture": "#material", "uv": [ 0.0, 0.0, 3.5, 1.0 ] },
								"east": { "texture": "#material", "uv": [ 0.0, 0.0, 4.0, 1.0 ] },
								"south": { "texture": "#material", "uv": [ 0.0, 0.0, 3.5, 1.0 ] },
								"west": { "texture": "#material", "uv": [ 0.0, 0.0, 4.0, 1.0 ] },
								"up": { "texture": "#material", "uv": [ 0.0, 6.5, 3.5, 10.5 ] },
								"down": { "texture": "#material", "uv": [ 0.0, 0.0, 3.5, 4.0 ] }
							},
							"children": [
								{
									"name": "shingle3-snow",
									"from": [ 0.0, 1.01, 0.0 ],
									"to": [ 3.5, 2.01, 4.0 ],
									"rotationOrigin": [ 0.0, -3.0, 7.2 ],
									"faces": {
										"north": { "texture": "#snowcover", "uv": [ 0.0, 0.0, 3.5, 1.0 ] },
										"east": { "texture": "#snowcover", "uv": [ 0.0, 0.0, 4.0, 1.0 ] },
										"south": { "texture": "#snowcover", "uv": [ 0.0, 0.0, 3.5, 1.0 ] },
										"west": { "texture": "#snowcover", "uv": [ 0.0, 0.0, 4.0, 1.0 ] },
										"up": { "texture": "#snowcover", "uv": [ 0.0, 6.5, 3.5, 10.5 ] },
										"down": { "texture": "#snowcover", "uv": [ 0.0, 0.0, 3.5, 4.0 ] }
									}
								}
							]
						},
						{
							"name": "shingle4",
							"from": [ 0.0, -4.0, 10.77 ],
							"to": [ 5.0, -3.0, 14.77 ],
							"rotationOrigin": [ 0.0, -4.0, 10.8 ],
							"faces": {
								"north": { "texture": "#material", "uv": [ 0.0, 0.0, 5.0, 1.0 ] },
								"east": { "texture": "#material", "uv": [ 0.0, 0.0, 4.0, 1.0 ] },
								"south": { "texture": "#material", "uv": [ 0.0, 0.0, 5.0, 1.0 ] },
								"west": { "texture": "#material", "uv": [ 0.0, 0.0, 4.0, 1.0 ] },
								"up": { "texture": "#material", "uv": [ 0.0, 10.5, 5.0, 14.5 ] },
								"down": { "texture": "#material", "uv": [ 0.0, 0.0, 5.0, 4.0 ] }
							},
							"children": [
								{
									"name": "shingle4-snow",
									"from": [ 0.0, 1.01, 0.0 ],
									"to": [ 5.0, 2.01, 4.0 ],
									"rotationOrigin": [ 0.0, -4.0, 10.8 ],
									"faces": {
										"north": { "texture": "#snowcover", "uv": [ 0.0, 0.0, 5.0, 1.0 ] },
										"east": { "texture": "#snowcover", "uv": [ 0.0, 0.0, 4.0, 1.0 ] },
										"south": { "texture": "#snowcover", "uv": [ 0.0, 0.0, 5.0, 1.0 ] },
										"west": { "texture": "#snowcover", "uv": [ 0.0, 0.0, 4.0, 1.0 ] },
										"up": { "texture": "#snowcover", "uv": [ 0.0, 10.5, 5.0, 14.5 ] },
										"down": { "texture": "#snowcover", "uv": [ 0.0, 0.0, 5.0, 4.0 ] }
									}
								}
							]
						},
						{
							"name": "shingle5",
							"from": [ 0.0, -5.0, 14.36 ],
							"to": [ 7.0, -4.0, 18.36 ],
							"rotationOrigin": [ 0.0, -5.0, 14.4 ],
							"faces": {
								"north": { "texture": "#material", "uv": [ 0.0, 0.0, 7.0, 1.0 ] },
								"east": { "texture": "#material", "uv": [ 0.0, 0.0, 4.0, 1.0 ] },
								"south": { "texture": "#material", "uv": [ 0.0, 0.0, 7.0, 1.0 ] },
								"west": { "texture": "#material", "uv": [ 0.0, 0.0, 4.0, 1.0 ] },
								"up": { "texture": "#material", "uv": [ 0.0, 0.0, 7.0, 4.0 ] },
								"down": { "texture": "#material", "uv": [ 0.0, 0.0, 7.0, 4.0 ] }
							},
							"children": [
								{
									"name": "shingle5-snow",
									"from": [ 0.0, 1.01, 0.0 ],
									"to": [ 7.0, 2.01, 4.0 ],
									"rotationOrigin": [ 0.0, -5.0, 14.4 ],
									"faces": {
										"north": { "texture": "#snowcover", "uv": [ 0.0, 0.0, 7.0, 1.0 ] },
										"east": { "texture": "#snowcover", "uv": [ 0.0, 0.0, 4.0, 1.0 ] },
										"south": { "texture": "#snowcover", "uv": [ 0.0, 0.0, 7.0, 1.0 ] },
										"west": { "texture": "#snowcover", "uv": [ 0.0, 0.0, 4.0, 1.0 ] },
										"up": { "texture": "#snowcover", "uv": [ 0.0, 0.0, 7.0, 4.0 ] },
										"down": { "texture": "#snowcover", "uv": [ 0.0, 0.0, 7.0, 4.0 ] }
									}
								}
							]
						}
					]
				},
				{
					"name": "beam",
					"from": [ -1.0, -2.0, 7.0 ],
					"to": [ 1.0, 18.0, 9.0 ],
					"rotationOrigin": [ -1.0, -2.0, 7.0 ],
					"rotationX": -24.0,
					"rotationY": -5.0,
					"rotationZ": 24.0,
					"faces": {
						"north": { "texture": "#wood", "uv": [ 0.0, 0.0, 2.0, 16.0 ], "autoUv": false },
						"east": { "texture": "#wood", "uv": [ 0.0, 0.0, 2.0, 16.0 ], "autoUv": false, "windMode": [-1,-1,-1,-1] },
						"south": { "texture": "#wood", "uv": [ 0.0, 0.0, 2.0, 16.0 ], "autoUv": false, "windMode": [-1,-1,-1,-1] },
						"west": { "texture": "#wood", "uv": [ 0.0, 0.0, 2.0, 16.0 ], "autoUv": false, "windMode": [-1,-1,-1,-1] },
						"up": { "texture": "#wood", "uv": [ 0.0, 0.0, 2.0, 2.0 ], "windMode": [-1,-1,-1,-1] },
						"down": { "texture": "#wood", "uv": [ 0.0, 0.0, 2.0, 2.0 ], "windMode": [-1,-1,-1,-1] }
					}
				},
				{
					"name": "origin2",
					"from": [ -8.0026, 0.0, -7.5 ],
					"to": [ -8.0026, 0.0, -7.5 ],
					"rotationOrigin": [ -8.0, 0.0, -7.5 ],
					"rotationY": 89.98,
					"faces": {
					},
					"children": [
						{
							"name": "slope2",
							"from": [ -16.0, 16.0, 0.0 ],
							"to": [ -16.0, 16.0, 0.0 ],
							"rotationOrigin": [ -16.0, 16.0, 0.0 ],
							"rotationX": 47.0,
							"faces": {
							},
							"children": [
								{
									"name": "shingle7",
									"from": [ 6.5, -2.0, 3.59 ],
									"to": [ 8.5, -1.0, 7.59 ],
									"rotationOrigin": [ 6.5, -2.0, 3.6 ],
									"faces": {
										"north": { "texture": "#material", "uv": [ 0.0, 0.0, 2.0, 1.0 ] },
										"east": { "texture": "#material", "uv": [ 0.0, 0.0, 4.0, 1.0 ] },
										"south": { "texture": "#material", "uv": [ 0.0, 0.0, 2.0, 1.0 ] },
										"west": { "texture": "#material", "uv": [ 0.0, 0.0, 4.0, 1.0 ] },
										"up": { "texture": "#material", "uv": [ 0.0, 3.0, 2.0, 7.0 ] },
										"down": { "texture": "#material", "uv": [ 0.0, 3.0, 2.0, 7.0 ] }
									},
									"children": [
										{
											"name": "shingle7-snow",
											"from": [ 0.0, 1.01, 0.0 ],
											"to": [ 2.0, 2.01, 4.0 ],
											"rotationOrigin": [ 6.5, -2.0, 3.6 ],
											"faces": {
												"north": { "texture": "#snowcover", "uv": [ 0.0, 0.0, 2.0, 1.0 ] },
												"east": { "texture": "#snowcover", "uv": [ 0.0, 0.0, 4.0, 1.0 ] },
												"south": { "texture": "#snowcover", "uv": [ 0.0, 0.0, 2.0, 1.0 ] },
												"west": { "texture": "#snowcover", "uv": [ 0.0, 0.0, 4.0, 1.0 ] },
												"up": { "texture": "#snowcover", "uv": [ 0.0, 3.0, 2.0, 7.0 ] },
												"down": { "texture": "#snowcover", "uv": [ 0.0, 3.0, 2.0, 7.0 ] }
											}
										}
									]
								},
								{
									"name": "shingle8",
									"from": [ 5.0, -3.0, 7.18 ],
									"to": [ 8.5, -2.0, 11.18 ],
									"rotationOrigin": [ 5.0, -3.0, 7.2 ],
									"faces": {
										"north": { "texture": "#material", "uv": [ 0.0, 0.0, 3.5, 1.0 ] },
										"east": { "texture": "#material", "uv": [ 0.0, 0.0, 4.0, 1.0 ] },
										"south": { "texture": "#material", "uv": [ 0.0, 0.0, 3.5, 1.0 ] },
										"west": { "texture": "#material", "uv": [ 0.0, 0.0, 4.0, 1.0 ] },
										"up": { "texture": "#material", "uv": [ 0.0, 6.5, 3.5, 10.5 ] },
										"down": { "texture": "#material", "uv": [ 0.0, 0.0, 3.5, 4.0 ] }
									},
									"children": [
										{
											"name": "shingle8-snow",
											"from": [ 0.0, 1.01, 0.0 ],
											"to": [ 3.5, 2.01, 4.0 ],
											"rotationOrigin": [ 5.0, -3.0, 7.2 ],
											"faces": {
												"north": { "texture": "#snowcover", "uv": [ 0.0, 0.0, 3.5, 1.0 ] },
												"east": { "texture": "#snowcover", "uv": [ 0.0, 0.0, 4.0, 1.0 ] },
												"south": { "texture": "#snowcover", "uv": [ 0.0, 0.0, 3.5, 1.0 ] },
												"west": { "texture": "#snowcover", "uv": [ 0.0, 0.0, 4.0, 1.0 ] },
												"up": { "texture": "#snowcover", "uv": [ 0.0, 6.5, 3.5, 10.5 ] },
												"down": { "texture": "#snowcover", "uv": [ 0.0, 0.0, 3.5, 4.0 ] }
											}
										}
									]
								},
								{
									"name": "shingle9",
									"from": [ 3.5, -4.0, 10.77 ],
									"to": [ 8.5, -3.0, 14.77 ],
									"rotationOrigin": [ 3.5, -4.0, 10.8 ],
									"faces": {
										"north": { "texture": "#material", "uv": [ 0.0, 0.0, 5.0, 1.0 ] },
										"east": { "texture": "#material", "uv": [ 0.0, 0.0, 4.0, 1.0 ] },
										"south": { "texture": "#material", "uv": [ 0.0, 0.0, 5.0, 1.0 ] },
										"west": { "texture": "#material", "uv": [ 0.0, 0.0, 4.0, 1.0 ] },
										"up": { "texture": "#material", "uv": [ 0.0, 10.5, 5.0, 14.5 ] },
										"down": { "texture": "#material", "uv": [ 0.0, 0.0, 5.0, 4.0 ] }
									},
									"children": [
										{
											"name": "shingle9-snow",
											"from": [ 0.0, 1.01, 0.0 ],
											"to": [ 5.0, 2.01, 4.0 ],
											"rotationOrigin": [ 3.5, -4.0, 10.8 ],
											"faces": {
												"north": { "texture": "#snowcover", "uv": [ 0.0, 0.0, 5.0, 1.0 ] },
												"east": { "texture": "#snowcover", "uv": [ 0.0, 0.0, 4.0, 1.0 ] },
												"south": { "texture": "#snowcover", "uv": [ 0.0, 0.0, 5.0, 1.0 ] },
												"west": { "texture": "#snowcover", "uv": [ 0.0, 0.0, 4.0, 1.0 ] },
												"up": { "texture": "#snowcover", "uv": [ 0.0, 10.5, 5.0, 14.5 ] },
												"down": { "texture": "#snowcover", "uv": [ 0.0, 0.0, 5.0, 4.0 ] }
											}
										}
									]
								},
								{
									"name": "shingle10",
									"from": [ 1.5, -5.0, 14.36 ],
									"to": [ 8.5, -4.0, 18.36 ],
									"rotationOrigin": [ 1.5, -5.0, 14.4 ],
									"faces": {
										"north": { "texture": "#material", "uv": [ 0.0, 0.0, 7.0, 1.0 ] },
										"east": { "texture": "#material", "uv": [ 0.0, 0.0, 4.0, 1.0 ] },
										"south": { "texture": "#material", "uv": [ 0.0, 0.0, 7.0, 1.0 ] },
										"west": { "texture": "#material", "uv": [ 0.0, 0.0, 4.0, 1.0 ] },
										"up": { "texture": "#material", "uv": [ 0.0, 0.0, 7.0, 4.0 ] },
										"down": { "texture": "#material", "uv": [ 0.0, 0.0, 7.0, 4.0 ] }
									},
									"children": [
										{
											"name": "shingle10-snow",
											"from": [ 0.0, 1.01, 0.0 ],
											"to": [ 7.0, 2.01, 4.0 ],
											"rotationOrigin": [ 1.5, -5.0, 14.4 ],
											"faces": {
												"north": { "texture": "#snowcover", "uv": [ 0.0, 0.0, 7.0, 1.0 ] },
												"east": { "texture": "#snowcover", "uv": [ 0.0, 0.0, 4.0, 1.0 ] },
												"south": { "texture": "#snowcover", "uv": [ 0.0, 0.0, 7.0, 1.0 ] },
												"west": { "texture": "#snowcover", "uv": [ 0.0, 0.0, 4.0, 1.0 ] },
												"up": { "texture": "#snowcover", "uv": [ 0.0, 0.0, 7.0, 4.0 ] },
												"down": { "texture": "#snowcover", "uv": [ 0.0, 0.0, 7.0, 4.0 ] }
											}
										}
									]
								}
							]
						}
					]
				},
				{
					"name": "Cube6",
					"from": [ -9.3062, 14.3484, 0.5 ],
					"to": [ -8.8062, 15.3484, 16.5 ],
					"rotationOrigin": [ -9.3312, 14.3484, 0.5 ],
					"rotationX": 90.0,
					"rotationY": 27.0,
					"rotationZ": -90.0,
					"faces": {
						"north": { "texture": "#wood", "uv": [ 0.0, 0.0, 0.5, 1.0 ] },
						"east": { "texture": "#wood", "uv": [ 0.0, 0.0, 16.0, 1.0 ] },
						"south": { "texture": "#wood", "uv": [ 0.0, 0.0, 0.5, 1.0 ] },
						"west": { "texture": "#wood", "uv": [ 0.0, 0.0, 16.0, 1.0 ] },
						"up": { "texture": "#wood", "uv": [ 0.0, 0.0, 0.5, 16.0 ] },
						"down": { "texture": "#wood", "uv": [ 0.0, 0.0, 0.5, 16.0 ] }
					},
					"children": [
						{
							"name": "Cube7",
							"from": [ 0.0, 0.0, 16.0 ],
							"to": [ 0.5, 1.0, 18.63 ],
							"rotationOrigin": [ 0.0, 0.0, 16.0 ],
							"faces": {
								"north": { "texture": "#wood", "uv": [ 0.0, 0.0, 0.5, 1.0 ] },
								"east": { "texture": "#wood", "uv": [ 0.0, 0.0, 2.5, 1.0 ] },
								"south": { "texture": "#wood", "uv": [ 0.0, 0.0, 0.5, 1.0 ] },
								"west": { "texture": "#wood", "uv": [ 0.0, 0.0, 2.5, 1.0 ] },
								"up": { "texture": "#wood", "uv": [ 0.0, 0.0, 0.5, 2.5 ] },
								"down": { "texture": "#wood", "uv": [ 0.0, 0.0, 0.5, 2.5 ] }
							}
						},
						{
							"name": "Cube2",
							"from": [ 1.8312, 1.1861, 0.6044 ],
							"to": [ 2.3312, 2.1861, 16.6044 ],
							"rotationOrigin": [ 1.8062, 1.1861, 0.6044 ],
							"rotationX": 27.0,
							"rotationY": -27.0,
							"rotationZ": 90.0,
							"faces": {
								"north": { "texture": "#wood", "uv": [ 0.0, 0.0, 0.5, 1.0 ] },
								"east": { "texture": "#wood", "uv": [ 0.0, 0.0, 16.0, 1.0 ] },
								"south": { "texture": "#wood", "uv": [ 0.0, 0.0, 0.5, 1.0 ] },
								"west": { "texture": "#wood", "uv": [ 0.0, 0.0, 16.0, 1.0 ] },
								"up": { "texture": "#wood", "uv": [ 0.0, 0.0, 0.5, 16.0 ] },
								"down": { "texture": "#wood", "uv": [ 0.0, 0.0, 0.5, 16.0 ] }
							}
						},
						{
							"name": "Cube3",
							"from": [ -5.4576, -5.2637, 13.318 ],
							"to": [ -4.9576, -4.2637, 15.948 ],
							"rotationOrigin": [ -5.4576, -5.2637, 13.318 ],
							"rotationX": 27.0,
							"rotationY": -27.0,
							"rotationZ": 90.0,
							"faces": {
								"north": { "texture": "#wood", "uv": [ 0.0, 0.0, 0.5, 1.0 ] },
								"east": { "texture": "#wood", "uv": [ 0.0, 0.0, 2.5, 1.0 ] },
								"south": { "texture": "#wood", "uv": [ 0.0, 0.0, 0.5, 1.0 ] },
								"west": { "texture": "#wood", "uv": [ 0.0, 0.0, 2.5, 1.0 ] },
								"up": { "texture": "#wood", "uv": [ 0.0, 0.0, 0.5, 2.5 ] },
								"down": { "texture": "#wood", "uv": [ 0.0, 0.0, 0.5, 2.5 ] }
							}
						}
					]
				}
			]
		}
	]}