{
	"editor": {
		"collapsedPaths": "Root/root/slope2",
		"allAngles": false,
		"entityTextureMode": false
	},
	"textureWidth": 16,
	"textureHeight": 16,
	"textureSizes": {
	},
	"textures": {
		"snowcover": "game:block/liquid/snow/normal1"
	},
	"elements": [
		{
			"name": "origin1",
			"from": [ 8.0, 0.0, 16.0 ],
			"to": [ 8.0, 0.0, 16.0 ],
			"rotationOrigin": [ 8.0, 0.0, 16.0 ],
			"rotationY": -90.0,
			"faces": {
			},
			"children": [
				{
					"name": "slope",
					"from": [ -15.0, 16.0, 0.0 ],
					"to": [ -15.0, 16.0, 0.0 ],
					"rotationOrigin": [ -15.0, 16.0, 0.0 ],
					"rotationX": 47.0,
					"faces": {
					},
					"children": [
						{
							"name": "shingle2",
							"from": [ -1.0, -2.0, 3.59 ],
							"to": [ 9.0, -1.0, 7.59 ],
							"rotationOrigin": [ -1.0, -2.0, 3.6 ],
							"faces": {
								"north": { "texture": "#material", "uv": [ 0.0, 0.0, 10.0, 1.0 ] },
								"east": { "texture": "#material", "uv": [ 0.0, 0.0, 4.0, 1.0 ] },
								"south": { "texture": "#material", "uv": [ 0.0, 0.0, 10.0, 1.0 ] },
								"west": { "texture": "#material", "uv": [ 0.0, 0.0, 4.0, 1.0 ] },
								"up": { "texture": "#material", "uv": [ 0.0, 3.0, 10.0, 7.0 ] },
								"down": { "texture": "#material", "uv": [ 0.0, 3.0, 10.0, 7.0 ] }
							},
							"children": [
								{
									"name": "shingle2-snow",
									"from": [ 0.0, 1.01, 0.0 ],
									"to": [ 10.0, 2.01, 4.0 ],
									"rotationOrigin": [ -1.0, -2.0, 3.6 ],
									"faces": {
										"north": { "texture": "#snowcover", "uv": [ 0.0, 0.0, 10.0, 1.0 ] },
										"east": { "texture": "#snowcover", "uv": [ 0.0, 0.0, 4.0, 1.0 ] },
										"south": { "texture": "#snowcover", "uv": [ 0.0, 0.0, 10.0, 1.0 ] },
										"west": { "texture": "#snowcover", "uv": [ 0.0, 0.0, 4.0, 1.0 ] },
										"up": { "texture": "#snowcover", "uv": [ 0.0, 3.0, 10.0, 7.0 ] },
										"down": { "texture": "#snowcover", "uv": [ 0.0, 3.0, 10.0, 7.0 ] }
									}
								}
							]
						},
						{
							"name": "shingle3",
							"from": [ -1.0, -3.0, 7.18 ],
							"to": [ 10.5, -2.0, 11.18 ],
							"rotationOrigin": [ -1.0, -3.0, 7.2 ],
							"faces": {
								"north": { "texture": "#material", "uv": [ 0.0, 0.0, 11.5, 1.0 ] },
								"east": { "texture": "#material", "uv": [ 0.0, 0.0, 4.0, 1.0 ] },
								"south": { "texture": "#material", "uv": [ 0.0, 0.0, 11.5, 1.0 ] },
								"west": { "texture": "#material", "uv": [ 0.0, 0.0, 4.0, 1.0 ] },
								"up": { "texture": "#material", "uv": [ 0.0, 6.5, 11.5, 10.5 ] },
								"down": { "texture": "#material", "uv": [ 0.0, 0.0, 11.5, 4.0 ] }
							},
							"children": [
								{
									"name": "shingle3-snow",
									"from": [ 0.0, 1.01, 0.0 ],
									"to": [ 11.5, 2.01, 4.0 ],
									"rotationOrigin": [ -1.0, -3.0, 7.2 ],
									"faces": {
										"north": { "texture": "#snowcover", "uv": [ 0.0, 0.0, 11.5, 1.0 ] },
										"east": { "texture": "#snowcover", "uv": [ 0.0, 0.0, 4.0, 1.0 ] },
										"south": { "texture": "#snowcover", "uv": [ 0.0, 0.0, 11.5, 1.0 ] },
										"west": { "texture": "#snowcover", "uv": [ 0.0, 0.0, 4.0, 1.0 ] },
										"up": { "texture": "#snowcover", "uv": [ 0.0, 6.5, 11.5, 10.5 ] },
										"down": { "texture": "#snowcover", "uv": [ 0.0, 0.0, 11.5, 4.0 ] }
									}
								}
							]
						},
						{
							"name": "shingle4",
							"from": [ -1.0, -4.0, 10.77 ],
							"to": [ 12.0, -3.0, 14.77 ],
							"rotationOrigin": [ -1.0, -4.0, 10.8 ],
							"faces": {
								"north": { "texture": "#material", "uv": [ 0.0, 0.0, 13.0, 1.0 ] },
								"east": { "texture": "#material", "uv": [ 0.0, 0.0, 4.0, 1.0 ] },
								"south": { "texture": "#material", "uv": [ 0.0, 0.0, 13.0, 1.0 ] },
								"west": { "texture": "#material", "uv": [ 0.0, 0.0, 4.0, 1.0 ] },
								"up": { "texture": "#material", "uv": [ 0.0, 10.5, 13.0, 14.5 ] },
								"down": { "texture": "#material", "uv": [ 0.0, 0.0, 13.0, 4.0 ] }
							},
							"children": [
								{
									"name": "shingle4-snow",
									"from": [ 0.0, 1.01, 0.0 ],
									"to": [ 13.0, 2.01, 4.0 ],
									"rotationOrigin": [ -1.0, -4.0, 10.8 ],
									"faces": {
										"north": { "texture": "#snowcover", "uv": [ 0.0, 0.0, 13.0, 1.0 ] },
										"east": { "texture": "#snowcover", "uv": [ 0.0, 0.0, 4.0, 1.0 ] },
										"south": { "texture": "#snowcover", "uv": [ 0.0, 0.0, 13.0, 1.0 ] },
										"west": { "texture": "#snowcover", "uv": [ 0.0, 0.0, 4.0, 1.0 ] },
										"up": { "texture": "#snowcover", "uv": [ 0.0, 10.5, 13.0, 14.5 ] },
										"down": { "texture": "#snowcover", "uv": [ 0.0, 0.0, 13.0, 4.0 ] }
									}
								}
							]
						},
						{
							"name": "shingle5",
							"from": [ -1.0, -5.0, 14.36 ],
							"to": [ 14.0, -4.0, 18.36 ],
							"rotationOrigin": [ -1.0, -5.0, 14.4 ],
							"faces": {
								"north": { "texture": "#material", "uv": [ 0.0, 0.0, 15.0, 1.0 ] },
								"east": { "texture": "#material", "uv": [ 0.0, 0.0, 4.0, 1.0 ] },
								"south": { "texture": "#material", "uv": [ 0.0, 0.0, 15.0, 1.0 ] },
								"west": { "texture": "#material", "uv": [ 0.0, 0.0, 4.0, 1.0 ] },
								"up": { "texture": "#material", "uv": [ 0.0, 0.0, 15.0, 4.0 ] },
								"down": { "texture": "#material", "uv": [ 0.0, 0.0, 15.0, 4.0 ] }
							},
							"children": [
								{
									"name": "shingle5-snow",
									"from": [ 0.0, 1.01, 0.0 ],
									"to": [ 15.0, 2.01, 4.0 ],
									"rotationOrigin": [ -1.0, -5.0, 14.4 ],
									"faces": {
										"north": { "texture": "#snowcover", "uv": [ 0.0, 0.0, 15.0, 1.0 ] },
										"east": { "texture": "#snowcover", "uv": [ 0.0, 0.0, 4.0, 1.0 ] },
										"south": { "texture": "#snowcover", "uv": [ 0.0, 0.0, 15.0, 1.0 ] },
										"west": { "texture": "#snowcover", "uv": [ 0.0, 0.0, 4.0, 1.0 ] },
										"up": { "texture": "#snowcover", "uv": [ 0.0, 0.0, 15.0, 4.0 ] },
										"down": { "texture": "#snowcover", "uv": [ 0.0, 0.0, 15.0, 4.0 ] }
									}
								}
							]
						},
						{
							"name": "shingle1",
							"from": [ -1.0, -1.0, -0.11 ],
							"to": [ 7.0, 0.0, 3.89 ],
							"rotationOrigin": [ -1.0, -1.0, -0.1 ],
							"faces": {
								"north": { "texture": "#material", "uv": [ 0.0, 0.0, 8.0, 1.0 ] },
								"east": { "texture": "#material", "uv": [ 0.0, 0.0, 4.0, 1.0 ] },
								"south": { "texture": "#material", "uv": [ 0.0, 0.0, 8.0, 1.0 ] },
								"west": { "texture": "#material", "uv": [ 0.0, 0.0, 4.0, 1.0 ] },
								"up": { "texture": "#material", "uv": [ 0.0, 3.0, 8.0, 7.0 ] },
								"down": { "texture": "#material", "uv": [ 0.0, 3.0, 8.0, 7.0 ] }
							},
							"children": [
								{
									"name": "shingle1-snow",
									"from": [ 0.0, 1.01, 0.0 ],
									"to": [ 8.0, 2.01, 4.0 ],
									"rotationOrigin": [ -1.0, -1.0, -0.1 ],
									"faces": {
										"north": { "texture": "#snowcover", "uv": [ 0.0, 0.0, 8.0, 1.0 ] },
										"east": { "texture": "#snowcover", "uv": [ 0.0, 0.0, 4.0, 1.0 ] },
										"south": { "texture": "#snowcover", "uv": [ 0.0, 0.0, 8.0, 1.0 ] },
										"west": { "texture": "#snowcover", "uv": [ 0.0, 0.0, 4.0, 1.0 ] },
										"up": { "texture": "#snowcover", "uv": [ 0.0, 3.0, 8.0, 7.0 ] },
										"down": { "texture": "#snowcover", "uv": [ 0.0, 3.0, 8.0, 7.0 ] }
									}
								}
							]
						}
					]
				},
				{
					"name": "beam",
					"from": [ -1.0, -2.0, 7.0 ],
					"to": [ 1.0, 18.0, 9.0 ],
					"rotationOrigin": [ -1.0, -2.0, 7.0 ],
					"rotationX": -24.0,
					"rotationY": -5.0,
					"rotationZ": 24.0,
					"faces": {
						"north": { "texture": "#wood", "uv": [ 0.0, 0.0, 2.0, 16.0 ], "autoUv": false, "windMode": [-1,-1,-1,-1] },
						"east": { "texture": "#wood", "uv": [ 0.0, 0.0, 2.0, 16.0 ], "autoUv": false, "windMode": [-1,-1,-1,-1] },
						"south": { "texture": "#wood", "uv": [ 0.0, 0.0, 2.0, 16.0 ], "autoUv": false, "windMode": [-1,-1,-1,-1] },
						"west": { "texture": "#wood", "uv": [ 0.0, 0.0, 2.0, 16.0 ], "autoUv": false, "windMode": [-1,-1,-1,-1] },
						"up": { "texture": "#wood", "uv": [ 0.0, 0.0, 2.0, 2.0 ], "windMode": [-1,-1,-1,-1] },
						"down": { "texture": "#wood", "uv": [ 0.0, 0.0, 2.0, 2.0 ], "windMode": [-1,-1,-1,-1] }
					}
				},
				{
					"name": "origin2",
					"from": [ -8.0026, 0.0, -7.5 ],
					"to": [ -8.0026, 0.0, -7.5 ],
					"rotationOrigin": [ -8.0, 0.0, -7.5 ],
					"rotationY": 89.98,
					"faces": {
					},
					"children": [
						{
							"name": "slope2",
							"from": [ -16.0, 16.0, 0.0 ],
							"to": [ -16.0, 16.0, 0.0 ],
							"rotationOrigin": [ -16.0, 16.0, 0.0 ],
							"rotationX": 47.0,
							"faces": {
							},
							"children": [
								{
									"name": "shingle7",
									"from": [ 6.5, -2.0, 3.59 ],
									"to": [ 16.5, -1.0, 7.59 ],
									"rotationOrigin": [ 6.5, -2.0, 3.6 ],
									"faces": {
										"north": { "texture": "#material", "uv": [ 0.0, 0.0, 10.0, 1.0 ] },
										"east": { "texture": "#material", "uv": [ 0.0, 0.0, 4.0, 1.0 ] },
										"south": { "texture": "#material", "uv": [ 0.0, 0.0, 10.0, 1.0 ] },
										"west": { "texture": "#material", "uv": [ 0.0, 0.0, 4.0, 1.0 ] },
										"up": { "texture": "#material", "uv": [ 0.0, 3.0, 10.0, 7.0 ] },
										"down": { "texture": "#material", "uv": [ 0.0, 3.0, 10.0, 7.0 ] }
									},
									"children": [
										{
											"name": "shingle7-snow",
											"from": [ 0.0, 1.01, 0.0 ],
											"to": [ 10.0, 2.01, 4.0 ],
											"rotationOrigin": [ 6.5, -2.0, 3.6 ],
											"faces": {
												"north": { "texture": "#snowcover", "uv": [ 0.0, 0.0, 10.0, 1.0 ] },
												"east": { "texture": "#snowcover", "uv": [ 0.0, 0.0, 4.0, 1.0 ] },
												"south": { "texture": "#snowcover", "uv": [ 0.0, 0.0, 10.0, 1.0 ] },
												"west": { "texture": "#snowcover", "uv": [ 0.0, 0.0, 4.0, 1.0 ] },
												"up": { "texture": "#snowcover", "uv": [ 0.0, 3.0, 10.0, 7.0 ] },
												"down": { "texture": "#snowcover", "uv": [ 0.0, 3.0, 10.0, 7.0 ] }
											}
										}
									]
								},
								{
									"name": "shingle8",
									"from": [ 5.0, -3.0, 7.18 ],
									"to": [ 16.5, -2.0, 11.18 ],
									"rotationOrigin": [ 5.0, -3.0, 7.2 ],
									"faces": {
										"north": { "texture": "#material", "uv": [ 0.0, 0.0, 11.5, 1.0 ] },
										"east": { "texture": "#material", "uv": [ 0.0, 0.0, 4.0, 1.0 ] },
										"south": { "texture": "#material", "uv": [ 0.0, 0.0, 11.5, 1.0 ] },
										"west": { "texture": "#material", "uv": [ 0.0, 0.0, 4.0, 1.0 ] },
										"up": { "texture": "#material", "uv": [ 0.0, 6.5, 11.5, 10.5 ] },
										"down": { "texture": "#material", "uv": [ 0.0, 0.0, 11.5, 4.0 ] }
									},
									"children": [
										{
											"name": "shingle8-snow",
											"from": [ 0.0, 1.01, 0.0 ],
											"to": [ 11.5, 2.01, 4.0 ],
											"rotationOrigin": [ 5.0, -3.0, 7.2 ],
											"faces": {
												"north": { "texture": "#snowcover", "uv": [ 0.0, 0.0, 11.5, 1.0 ] },
												"east": { "texture": "#snowcover", "uv": [ 0.0, 0.0, 4.0, 1.0 ] },
												"south": { "texture": "#snowcover", "uv": [ 0.0, 0.0, 11.5, 1.0 ] },
												"west": { "texture": "#snowcover", "uv": [ 0.0, 0.0, 4.0, 1.0 ] },
												"up": { "texture": "#snowcover", "uv": [ 0.0, 6.5, 11.5, 10.5 ] },
												"down": { "texture": "#snowcover", "uv": [ 0.0, 0.0, 11.5, 4.0 ] }
											}
										}
									]
								},
								{
									"name": "shingle9",
									"from": [ 3.5, -4.0, 10.77 ],
									"to": [ 16.5, -3.0, 14.77 ],
									"rotationOrigin": [ 3.5, -4.0, 10.8 ],
									"faces": {
										"north": { "texture": "#material", "uv": [ 0.0, 0.0, 13.0, 1.0 ] },
										"east": { "texture": "#material", "uv": [ 0.0, 0.0, 4.0, 1.0 ] },
										"south": { "texture": "#material", "uv": [ 0.0, 0.0, 13.0, 1.0 ] },
										"west": { "texture": "#material", "uv": [ 0.0, 0.0, 4.0, 1.0 ] },
										"up": { "texture": "#material", "uv": [ 0.0, 10.5, 13.0, 14.5 ] },
										"down": { "texture": "#material", "uv": [ 0.0, 0.0, 13.0, 4.0 ] }
									},
									"children": [
										{
											"name": "shingle9-snow",
											"from": [ 0.0, 1.01, 0.0 ],
											"to": [ 13.0, 2.01, 4.0 ],
											"rotationOrigin": [ 3.5, -4.0, 10.8 ],
											"faces": {
												"north": { "texture": "#snowcover", "uv": [ 0.0, 0.0, 13.0, 1.0 ] },
												"east": { "texture": "#snowcover", "uv": [ 0.0, 0.0, 4.0, 1.0 ] },
												"south": { "texture": "#snowcover", "uv": [ 0.0, 0.0, 13.0, 1.0 ] },
												"west": { "texture": "#snowcover", "uv": [ 0.0, 0.0, 4.0, 1.0 ] },
												"up": { "texture": "#snowcover", "uv": [ 0.0, 10.5, 13.0, 14.5 ] },
												"down": { "texture": "#snowcover", "uv": [ 0.0, 0.0, 13.0, 4.0 ] }
											}
										}
									]
								},
								{
									"name": "shingle10",
									"from": [ 1.5, -5.0, 14.36 ],
									"to": [ 16.5, -4.0, 18.36 ],
									"rotationOrigin": [ 1.5, -5.0, 14.4 ],
									"faces": {
										"north": { "texture": "#material", "uv": [ 0.0, 0.0, 15.0, 1.0 ] },
										"east": { "texture": "#material", "uv": [ 0.0, 0.0, 4.0, 1.0 ] },
										"south": { "texture": "#material", "uv": [ 0.0, 0.0, 15.0, 1.0 ] },
										"west": { "texture": "#material", "uv": [ 0.0, 0.0, 4.0, 1.0 ] },
										"up": { "texture": "#material", "uv": [ 0.0, 0.0, 15.0, 4.0 ] },
										"down": { "texture": "#material", "uv": [ 0.0, 0.0, 15.0, 4.0 ] }
									},
									"children": [
										{
											"name": "shingle10-snow",
											"from": [ 0.0, 1.01, 0.0 ],
											"to": [ 15.0, 2.01, 4.0 ],
											"rotationOrigin": [ 1.5, -5.0, 14.4 ],
											"faces": {
												"north": { "texture": "#snowcover", "uv": [ 0.0, 0.0, 15.0, 1.0 ] },
												"east": { "texture": "#snowcover", "uv": [ 0.0, 0.0, 4.0, 1.0 ] },
												"south": { "texture": "#snowcover", "uv": [ 0.0, 0.0, 15.0, 1.0 ] },
												"west": { "texture": "#snowcover", "uv": [ 0.0, 0.0, 4.0, 1.0 ] },
												"up": { "texture": "#snowcover", "uv": [ 0.0, 0.0, 15.0, 4.0 ] },
												"down": { "texture": "#snowcover", "uv": [ 0.0, 0.0, 15.0, 4.0 ] }
											}
										}
									]
								},
								{
									"name": "shingle6",
									"from": [ 8.5, -1.0, -0.11 ],
									"to": [ 16.5, 0.0, 3.89 ],
									"rotationOrigin": [ 8.5, -1.0, -0.1 ],
									"faces": {
										"north": { "texture": "#material", "uv": [ 0.0, 0.0, 8.0, 1.0 ] },
										"east": { "texture": "#material", "uv": [ 0.0, 0.0, 4.0, 1.0 ] },
										"south": { "texture": "#material", "uv": [ 0.0, 0.0, 8.0, 1.0 ] },
										"west": { "texture": "#material", "uv": [ 0.0, 0.0, 4.0, 1.0 ] },
										"up": { "texture": "#material", "uv": [ 0.0, 3.0, 8.0, 7.0 ] },
										"down": { "texture": "#material", "uv": [ 0.0, 3.0, 8.0, 7.0 ] }
									},
									"children": [
										{
											"name": "shingle6-snow",
											"from": [ 0.0, 1.01, 0.0 ],
											"to": [ 8.0, 2.01, 4.0 ],
											"rotationOrigin": [ 8.5, -1.0, -0.1 ],
											"faces": {
												"north": { "texture": "#snowcover", "uv": [ 0.0, 0.0, 8.0, 1.0 ] },
												"east": { "texture": "#snowcover", "uv": [ 0.0, 0.0, 4.0, 1.0 ] },
												"south": { "texture": "#snowcover", "uv": [ 0.0, 0.0, 8.0, 1.0 ] },
												"west": { "texture": "#snowcover", "uv": [ 0.0, 0.0, 4.0, 1.0 ] },
												"up": { "texture": "#snowcover", "uv": [ 0.0, 3.0, 8.0, 7.0 ] },
												"down": { "texture": "#snowcover", "uv": [ 0.0, 3.0, 8.0, 7.0 ] }
											}
										}
									]
								}
							]
						}
					]
				},
				{
					"name": "origin1.1",
					"from": [ -7.0, 0.0, -7.0 ],
					"to": [ -7.0, 0.0, -7.0 ],
					"rotationOrigin": [ -7.0, 0.0, -7.0 ],
					"faces": {
					},
					"children": [
						{
							"name": "Cube6",
							"from": [ -2.31, 14.35, -0.5 ],
							"to": [ -1.81, 15.35, 15.5 ],
							"rotationOrigin": [ -2.3312, 14.3484, -0.5 ],
							"rotationX": 90.0,
							"rotationY": 27.0,
							"rotationZ": -90.0,
							"faces": {
								"north": { "texture": "#wood", "uv": [ 0.0, 0.0, 0.5, 1.0 ] },
								"east": { "texture": "#wood", "uv": [ 0.0, 0.0, 16.0, 1.0 ] },
								"south": { "texture": "#wood", "uv": [ 0.0, 0.0, 0.5, 1.0 ] },
								"west": { "texture": "#wood", "uv": [ 0.0, 0.0, 16.0, 1.0 ] },
								"up": { "texture": "#wood", "uv": [ 0.0, 0.0, 0.5, 16.0 ] },
								"down": { "texture": "#wood", "uv": [ 0.0, 0.0, 0.5, 16.0 ] }
							},
							"children": [
								{
									"name": "Cube7",
									"from": [ 0.0, 0.0, 16.0 ],
									"to": [ 0.5, 1.0, 18.63 ],
									"rotationOrigin": [ 0.0, 0.0, 16.0 ],
									"faces": {
										"north": { "texture": "#wood", "uv": [ 0.0, 0.0, 0.5, 1.0 ] },
										"east": { "texture": "#wood", "uv": [ 0.0, 0.0, 2.5, 1.0 ] },
										"south": { "texture": "#wood", "uv": [ 0.0, 0.0, 0.5, 1.0 ] },
										"west": { "texture": "#wood", "uv": [ 0.0, 0.0, 2.5, 1.0 ] },
										"up": { "texture": "#wood", "uv": [ 0.0, 0.0, 0.5, 2.5 ] },
										"down": { "texture": "#wood", "uv": [ 0.0, 0.0, 0.5, 2.5 ] }
									}
								}
							]
						},
						{
							"name": "Cube2",
							"from": [ -8.97, 14.3491, 5.67 ],
							"to": [ -8.47, 15.3491, 21.67 ],
							"rotationOrigin": [ -8.9986, 14.3491, 5.6688 ],
							"rotationX": 63.0,
							"faces": {
								"north": { "texture": "#wood", "uv": [ 0.0, 0.0, 0.5, 1.0 ] },
								"east": { "texture": "#wood", "uv": [ 0.0, 0.0, 16.0, 1.0 ] },
								"south": { "texture": "#wood", "uv": [ 0.0, 0.0, 0.5, 1.0 ] },
								"west": { "texture": "#wood", "uv": [ 0.0, 0.0, 16.0, 1.0 ] },
								"up": { "texture": "#wood", "uv": [ 0.0, 0.0, 0.5, 16.0 ] },
								"down": { "texture": "#wood", "uv": [ 0.0, 0.0, 0.5, 16.0 ] }
							},
							"children": [
								{
									"name": "Cube3",
									"from": [ 0.0, 0.0, 15.9999 ],
									"to": [ 0.5, 1.0, 18.6299 ],
									"rotationOrigin": [ 0.0, 0.0, 15.9999 ],
									"faces": {
										"north": { "texture": "#wood", "uv": [ 0.0, 0.0, 0.5, 1.0 ] },
										"east": { "texture": "#wood", "uv": [ 0.0, 0.0, 2.5, 1.0 ] },
										"south": { "texture": "#wood", "uv": [ 0.0, 0.0, 0.5, 1.0 ] },
										"west": { "texture": "#wood", "uv": [ 0.0, 0.0, 2.5, 1.0 ] },
										"up": { "texture": "#wood", "uv": [ 0.0, 0.0, 0.5, 2.5 ] },
										"down": { "texture": "#wood", "uv": [ 0.0, 0.0, 0.5, 2.5 ] }
									}
								}
							]
						}
					]
				},
				{
					"name": "beam2",
					"from": [ -10.0, 11.2, -8.0 ],
					"to": [ -7.0, 14.2, 1.0 ],
					"rotationOrigin": [ -10.0, -4.8, -8.0 ],
					"faces": {
						"north": { "texture": "#wood", "uv": [ 0.0, 0.0, 3.0, 3.0 ] },
						"east": { "texture": "#wood", "uv": [ 0.0, 0.0, 9.0, 3.0 ] },
						"south": { "texture": "#wood", "uv": [ 0.0, 0.0, 3.0, 3.0 ] },
						"west": { "texture": "#wood", "uv": [ 0.0, 0.0, 9.0, 3.0 ] },
						"up": { "texture": "#wood", "uv": [ 0.0, 0.0, 3.0, 9.0 ] },
						"down": { "texture": "#wood", "uv": [ 0.0, 0.0, 3.0, 9.0 ] }
					}
				},
				{
					"name": "beam3",
					"from": [ -16.0, 11.2, -2.0 ],
					"to": [ -10.0, 14.2, 1.0 ],
					"rotationOrigin": [ -16.0, -4.8, -2.0 ],
					"faces": {
						"north": { "texture": "#wood", "uv": [ 0.0, 0.0, 6.0, 3.0 ] },
						"east": { "texture": "#wood", "uv": [ 0.0, 0.0, 3.0, 3.0 ], "windMode": [-1,-1,-1,-1] },
						"south": { "texture": "#wood", "uv": [ 0.0, 0.0, 6.0, 3.0 ] },
						"west": { "texture": "#wood", "uv": [ 0.0, 0.0, 3.0, 3.0 ], "windMode": [-1,-1,-1,-1] },
						"up": { "texture": "#wood", "uv": [ 0.0, 0.0, 6.0, 3.0 ] },
						"down": { "texture": "#wood", "uv": [ 0.0, 0.0, 6.0, 3.0 ] }
					}
				}
			]
		}
	]}