{
	"editor": {
		"collapsedPaths": "Root/root/slope2",
		"allAngles": false,
		"entityTextureMode": false
	},
	"textureWidth": 16,
	"textureHeight": 16,
	"textureSizes": {
	},
	"textures": {

	},
	"elements": [
		{
			"name": "origin",
			"from": [ 8.0, 0.0, 8.0 ],
			"to": [ 8.0, 0.0, 8.0 ],
			"rotationOrigin": [ 8.0, 0.0, 8.0 ],
			"faces": {
			},
			"children": [
				{
					"name": "slope",
					"from": [ -8.0, 16.0, 0.0 ],
					"to": [ -8.0, 16.0, 0.0 ],
					"rotationOrigin": [ -8.0, 16.0, 0.0 ],
					"rotationX": 47.0,
					"faces": {
					},
					"children": [
						{
							"name": "shingle1",
							"from": [ 0.0, -1.0, 0.0 ],
							"to": [ 16.0, 0.0, 4.0 ],
							"rotationOrigin": [ 0.0, -1.0, 0.0 ],
							"faces": {
								"north": { "texture": "#material", "uv": [ 0.0, 0.0, 16.0, 1.0 ] },
								"south": { "texture": "#material", "uv": [ 0.0, 0.0, 16.0, 1.0 ] },
								"west": { "texture": "#material", "uv": [ 0.0, 0.0, 4.0, 1.0 ] },
								"up": { "texture": "#material", "uv": [ 0.0, 0.0, 16.0, 4.0 ] },
								"down": { "texture": "#material", "uv": [ 0.0, 0.0, 16.0, 4.0 ] }
							},
							"children": [
								{
									"name": "shingle1end",
									"from": [ 16.0, 0.0, 0.0 ],
									"to": [ 18.0, 1.0, 4.0 ],
									"faces": {
										"north": { "texture": "#material", "uv": [ 0.0, 0.0, 2.0, 1.0 ] },
										"east": { "texture": "#material", "uv": [ 0.0, 0.0, 4.0, 1.0 ] },
										"south": { "texture": "#material", "uv": [ 0.0, 0.0, 2.0, 1.0 ] },
										"up": { "texture": "#material", "uv": [ 0.0, 0.0, 2.0, 4.0 ] },
										"down": { "texture": "#material", "uv": [ 0.0, 0.0, 2.0, 4.0 ] }
									}
								}
							]
						},
						{
							"name": "shingle2",
							"from": [ 0.0, -2.0, 3.59 ],
							"to": [ 16.0, -1.0, 7.59 ],
							"rotationOrigin": [ 0.0, -2.0, 3.6 ],
							"faces": {
								"north": { "texture": "#material", "uv": [ 0.0, 0.0, 16.0, 1.0 ] },
								"south": { "texture": "#material", "uv": [ 0.0, 0.0, 16.0, 1.0 ] },
								"west": { "texture": "#material", "uv": [ 0.0, 0.0, 4.0, 1.0 ] },
								"up": { "texture": "#material", "uv": [ 0.0, 3.0, 16.0, 7.0 ] },
								"down": { "texture": "#material", "uv": [ 0.0, 3.0, 16.0, 7.0 ] }
							},
							"children": [
								{
									"name": "shingle2end",
									"from": [ 16.0, 0.0, 0.0 ],
									"to": [ 18.0, 1.0, 4.0 ],
									"rotationOrigin": [ 0.0, 0.0, 0.01 ],
									"faces": {
										"north": { "texture": "#material", "uv": [ 0.0, 0.0, 2.0, 1.0 ] },
										"east": { "texture": "#material", "uv": [ 0.0, 0.0, 4.0, 1.0 ] },
										"south": { "texture": "#material", "uv": [ 0.0, 0.0, 2.0, 1.0 ] },
										"up": { "texture": "#material", "uv": [ 0.0, 3.0, 2.0, 7.0 ] },
										"down": { "texture": "#material", "uv": [ 0.0, 3.0, 2.0, 7.0 ] }
									}
								}
							]
						},
						{
							"name": "shingle3",
							"from": [ 0.0, -3.0, 7.18 ],
							"to": [ 16.0, -2.0, 11.18 ],
							"rotationOrigin": [ 0.0, -3.0, 7.2 ],
							"faces": {
								"north": { "texture": "#material", "uv": [ 0.0, 0.0, 16.0, 1.0 ] },
								"south": { "texture": "#material", "uv": [ 0.0, 0.0, 16.0, 1.0 ] },
								"west": { "texture": "#material", "uv": [ 0.0, 0.0, 4.0, 1.0 ] },
								"up": { "texture": "#material", "uv": [ 0.0, 6.5, 16.0, 10.5 ] },
								"down": { "texture": "#material", "uv": [ 0.0, 0.0, 16.0, 4.0 ] }
							},
							"children": [
								{
									"name": "shingle3end",
									"from": [ 16.0, 0.0, 0.0 ],
									"to": [ 18.0, 1.0, 4.0 ],
									"rotationOrigin": [ 0.0, 0.0, 0.02 ],
									"faces": {
										"north": { "texture": "#material", "uv": [ 0.0, 0.0, 2.0, 1.0 ] },
										"east": { "texture": "#material", "uv": [ 0.0, 0.0, 4.0, 1.0 ] },
										"south": { "texture": "#material", "uv": [ 0.0, 0.0, 2.0, 1.0 ] },
										"up": { "texture": "#material", "uv": [ 0.0, 6.5, 2.0, 10.5 ] },
										"down": { "texture": "#material", "uv": [ 0.0, 0.0, 2.0, 4.0 ] }
									}
								}
							]
						},
						{
							"name": "shingle4",
							"from": [ 0.0, -4.0, 10.77 ],
							"to": [ 16.0, -3.0, 14.77 ],
							"rotationOrigin": [ 0.0, -4.0, 10.8 ],
							"faces": {
								"north": { "texture": "#material", "uv": [ 0.0, 0.0, 16.0, 1.0 ] },
								"south": { "texture": "#material", "uv": [ 0.0, 0.0, 16.0, 1.0 ], "windMode": [-1,-1,-1,-1] },
								"west": { "texture": "#material", "uv": [ 0.0, 0.0, 4.0, 1.0 ] },
								"up": { "texture": "#material", "uv": [ 0.0, 10.5, 16.0, 14.5 ] },
								"down": { "texture": "#material", "uv": [ 0.0, 0.0, 16.0, 4.0 ] }
							},
							"children": [
								{
									"name": "shingle4end",
									"from": [ 16.0, 0.0, 0.0 ],
									"to": [ 18.0, 1.0, 4.0 ],
									"rotationOrigin": [ 0.0, 0.0, 0.03 ],
									"faces": {
										"north": { "texture": "#material", "uv": [ 0.0, 0.0, 2.0, 1.0 ] },
										"east": { "texture": "#material", "uv": [ 0.0, 0.0, 4.0, 1.0 ] },
										"south": { "texture": "#material", "uv": [ 0.0, 0.0, 2.0, 1.0 ] },
										"up": { "texture": "#material", "uv": [ 0.0, 10.5, 2.0, 14.5 ] },
										"down": { "texture": "#material", "uv": [ 0.0, 0.0, 2.0, 4.0 ] }
									}
								}
							]
						},
						{
							"name": "shingle5",
							"from": [ 0.0, -5.0, 14.36 ],
							"to": [ 16.0, -4.0, 18.36 ],
							"rotationOrigin": [ 0.0, -5.0, 14.4 ],
							"faces": {
								"north": { "texture": "#material", "uv": [ 0.0, 0.0, 16.0, 1.0 ] },
								"south": { "texture": "#material", "uv": [ 0.0, 0.0, 16.0, 1.0 ] },
								"west": { "texture": "#material", "uv": [ 0.0, 0.0, 4.0, 1.0 ] },
								"up": { "texture": "#material", "uv": [ 0.0, 0.0, 16.0, 4.0 ] },
								"down": { "texture": "#material", "uv": [ 0.0, 0.0, 16.0, 4.0 ] }
							},
							"children": [
								{
									"name": "shingle5end",
									"from": [ 16.0, 0.0, 0.0 ],
									"to": [ 18.0, 1.0, 4.0 ],
									"rotationOrigin": [ 0.0, 0.0, 0.04 ],
									"faces": {
										"north": { "texture": "#material", "uv": [ 0.0, 0.0, 2.0, 1.0 ] },
										"east": { "texture": "#material", "uv": [ 0.0, 0.0, 4.0, 1.0 ] },
										"south": { "texture": "#material", "uv": [ 0.0, 0.0, 2.0, 1.0 ] },
										"up": { "texture": "#material", "uv": [ 0.0, 0.0, 2.0, 4.0 ] },
										"down": { "texture": "#material", "uv": [ 0.0, 0.0, 2.0, 4.0 ] }
									}
								}
							]
						},
						{
							"name": "Cube2",
							"from": [ 0.0, -2.1, 0.3 ],
							"to": [ 0.5, -1.1, 16.3 ],
							"rotationOrigin": [ 0.0, -2.1, 0.3 ],
							"rotationX": 15.4,
							"faces": {
								"north": { "texture": "#wood", "uv": [ 0.0, 0.0, 0.5, 1.0 ] },
								"east": { "texture": "#wood", "uv": [ 0.0, 0.0, 16.0, 1.0 ] },
								"south": { "texture": "#wood", "uv": [ 0.0, 0.0, 0.5, 1.0 ] },
								"west": { "texture": "#wood", "uv": [ 0.0, 0.0, 16.0, 1.0 ] },
								"up": { "texture": "#wood", "uv": [ 0.0, 0.0, 0.5, 16.0 ] },
								"down": { "texture": "#wood", "uv": [ 0.0, 0.0, 0.5, 16.0 ] }
							},
							"children": [
								{
									"name": "Cube3",
									"from": [ 0.0, 0.0, 16.0 ],
									"to": [ 0.5, 1.0, 19.63 ],
									"rotationOrigin": [ 0.0, 0.0, 16.0 ],
									"faces": {
										"north": { "texture": "#wood", "uv": [ 0.0, 0.0, 0.5, 1.0 ] },
										"east": { "texture": "#wood", "uv": [ 0.0, 0.0, 3.5, 1.0 ] },
										"south": { "texture": "#wood", "uv": [ 0.0, 0.0, 0.5, 1.0 ] },
										"west": { "texture": "#wood", "uv": [ 0.0, 0.0, 3.5, 1.0 ] },
										"up": { "texture": "#wood", "uv": [ 0.0, 0.0, 0.5, 3.5 ] },
										"down": { "texture": "#wood", "uv": [ 0.0, 0.0, 0.5, 3.5 ] }
									}
								}
							]
						},
						{
							"name": "Cube4",
							"from": [ 14.7, -2.1, 0.3 ],
							"to": [ 16.5, -1.1, 16.3 ],
							"rotationOrigin": [ 14.7, -2.1, 0.3 ],
							"rotationX": 15.4,
							"faces": {
								"north": { "texture": "#wood", "uv": [ 0.0, 0.0, 1.5, 1.0 ] },
								"east": { "texture": "#wood", "uv": [ 0.0, 0.0, 16.0, 1.0 ] },
								"south": { "texture": "#wood", "uv": [ 0.0, 0.0, 1.5, 1.0 ] },
								"west": { "texture": "#wood", "uv": [ 0.0, 0.0, 16.0, 1.0 ] },
								"up": { "texture": "#wood", "uv": [ 0.0, 0.0, 1.5, 16.0 ] },
								"down": { "texture": "#wood", "uv": [ 0.0, 0.0, 1.5, 16.0 ] }
							},
							"children": [
								{
									"name": "Cube5",
									"from": [ 0.0, 0.0, 16.0 ],
									"to": [ 1.8, 1.0, 19.63 ],
									"rotationOrigin": [ 0.0, 0.0, 16.0 ],
									"faces": {
										"north": { "texture": "#wood", "uv": [ 0.0, 0.0, 1.5, 1.0 ] },
										"east": { "texture": "#wood", "uv": [ 0.0, 0.0, 3.5, 1.0 ] },
										"south": { "texture": "#wood", "uv": [ 0.0, 0.0, 1.5, 1.0 ] },
										"west": { "texture": "#wood", "uv": [ 0.0, 0.0, 3.5, 1.0 ] },
										"up": { "texture": "#wood", "uv": [ 0.0, 0.0, 1.5, 3.5 ] },
										"down": { "texture": "#wood", "uv": [ 0.0, 0.0, 1.5, 3.5 ] }
									}
								}
							]
						}
					]
				},
				{
					"name": "beam",
					"from": [ -7.99, 11.2, -2.0 ],
					"to": [ 7.99, 14.2, 1.0 ],
					"rotationOrigin": [ -8.0, 11.2, -2.0 ],
					"faces": {
						"north": { "texture": "#wood", "uv": [ 0.0, 0.0, 15.5, 3.0 ] },
						"south": { "texture": "#wood", "uv": [ 0.0, 0.0, 15.5, 3.0 ] },
						"west": { "texture": "#wood", "uv": [ 0.0, 0.0, 3.0, 3.0 ] },
						"up": { "texture": "#wood", "uv": [ 0.0, 0.0, 15.5, 3.0 ] },
						"down": { "texture": "#wood", "uv": [ 0.0, 0.0, 15.5, 3.0 ] }
					},
					"children": [
						{
							"name": "beam2",
							"from": [ 14.2, 2.0, -6.0 ],
							"to": [ 15.2, 3.0, 0.0 ],
							"rotationOrigin": [ 14.2, 2.0, -6.0 ],
							"faces": {
								"north": { "texture": "#wood", "uv": [ 0.0, 0.0, 1.0, 1.0 ] },
								"west": { "texture": "#wood", "uv": [ 0.0, 0.0, 6.0, 1.0 ], "windMode": [-1,-1,-1,-1] },
								"up": { "texture": "#wood", "uv": [ 0.0, 0.0, 1.0, 6.0 ] },
								"down": { "texture": "#wood", "uv": [ 0.0, 0.0, 1.0, 6.0 ] }
							}
						}
					]
				}
			]
		},
		{
			"name": "origin2",
			"from": [ 9.0, 0.0, 0.0 ],
			"to": [ 9.0, 0.0, 0.0 ],
			"rotationOrigin": [ 8.0, 0.0, 8.0 ],
			"faces": {
			},
			"children": [
				{
					"name": "Cube6",
					"from": [ 6.2, 0.0, 0.0 ],
					"to": [ 7.0, 1.5, 16.0 ],
					"rotationOrigin": [ 6.2, 0.0, 0.0 ],
					"faces": {
						"north": { "texture": "#material", "uv": [ 0.0, 14.5, 0.75, 16.0 ] },
						"east": { "texture": "#material", "uv": [ 0.0, 14.5, 16.0, 16.0 ] },
						"south": { "texture": "#material", "uv": [ 15.25, 14.5, 16.0, 16.0 ], "windMode": [-1,-1,-1,-1] },
						"west": { "texture": "#material", "uv": [ 0.0, 14.5, 16.0, 16.0 ] },
						"down": { "texture": "#material", "uv": [ 0.0, 0.0, 0.75, 16.0 ] }
					}
				},
				{
					"name": "Cube7",
					"from": [ 6.2, 1.5, 0.0 ],
					"to": [ 7.0, 4.1, 14.9 ],
					"rotationOrigin": [ 6.2, 1.5, 0.0 ],
					"faces": {
						"north": { "texture": "#material", "uv": [ 0.0, 12.0, 0.75, 14.5 ] },
						"east": { "texture": "#material", "uv": [ 1.25, 12.0, 16.0, 14.5 ] },
						"south": { "texture": "#material", "uv": [ 15.25, 12.0, 16.0, 14.5 ] },
						"west": { "texture": "#material", "uv": [ 0.0, 12.0, 14.75, 14.5 ] }
					}
				},
				{
					"name": "Cube8",
					"from": [ 6.2, 4.1, 0.0 ],
					"to": [ 7.0, 5.5, 13.6 ],
					"rotationOrigin": [ 6.2, 4.1, 0.0 ],
					"faces": {
						"north": { "texture": "#material", "uv": [ 0.0, 10.75, 0.75, 12.0 ] },
						"east": { "texture": "#material", "uv": [ 2.5, 10.75, 16.0, 12.0 ] },
						"south": { "texture": "#material", "uv": [ 15.25, 10.75, 16.0, 12.0 ] },
						"west": { "texture": "#material", "uv": [ 0.0, 10.75, 13.5, 12.0 ] }
					}
				},
				{
					"name": "Cube9",
					"from": [ 6.2, 5.5, 0.0 ],
					"to": [ 7.0, 7.5, 13.15 ],
					"rotationOrigin": [ 6.2, 5.5, 0.0 ],
					"faces": {
						"north": { "texture": "#material", "uv": [ 0.0, 8.75, 0.75, 10.75 ] },
						"east": { "texture": "#material", "uv": [ 3.0, 8.75, 16.0, 10.75 ] },
						"south": { "texture": "#material", "uv": [ 15.25, 8.75, 16.0, 10.75 ] },
						"west": { "texture": "#material", "uv": [ 0.0, 8.75, 13.0, 10.75 ] }
					}
				},
				{
					"name": "Cube10",
					"from": [ 6.2, 7.5, 0.0 ],
					"to": [ 7.0, 8.9, 11.85 ],
					"rotationOrigin": [ 6.2, 7.5, 0.0 ],
					"faces": {
						"north": { "texture": "#material", "uv": [ 0.0, 7.5, 0.75, 8.75 ] },
						"east": { "texture": "#material", "uv": [ 4.25, 7.5, 16.0, 8.75 ] },
						"south": { "texture": "#material", "uv": [ 15.25, 7.5, 16.0, 8.75 ] },
						"west": { "texture": "#material", "uv": [ 0.0, 7.5, 11.75, 8.75 ] }
					}
				},
				{
					"name": "Cube11",
					"from": [ 6.2, 8.9, 0.0 ],
					"to": [ 7.0, 10.8, 11.45 ],
					"rotationOrigin": [ 6.2, 8.9, 0.0 ],
					"faces": {
						"north": { "texture": "#material", "uv": [ 0.0, 5.75, 0.75, 7.5 ] },
						"east": { "texture": "#material", "uv": [ 4.75, 5.75, 16.0, 7.5 ] },
						"south": { "texture": "#material", "uv": [ 15.25, 5.75, 16.0, 7.5 ] },
						"west": { "texture": "#material", "uv": [ 0.0, 5.75, 11.25, 7.5 ] }
					}
				},
				{
					"name": "Cube12",
					"from": [ 6.2, 10.8, 0.0 ],
					"to": [ 7.0, 12.1, 10.15 ],
					"rotationOrigin": [ 6.2, 10.8, 0.0 ],
					"faces": {
						"north": { "texture": "#material", "uv": [ 0.0, 4.5, 0.75, 5.75 ] },
						"east": { "texture": "#material", "uv": [ 6.0, 4.5, 16.0, 5.75 ] },
						"south": { "texture": "#material", "uv": [ 15.25, 4.5, 16.0, 5.75 ] },
						"west": { "texture": "#material", "uv": [ 0.0, 4.5, 10.0, 5.75 ] }
					}
				},
				{
					"name": "Cube13",
					"from": [ 6.2, 12.1, 0.0 ],
					"to": [ 7.0, 14.1, 9.75 ],
					"rotationOrigin": [ 6.2, 12.1, 0.0 ],
					"faces": {
						"north": { "texture": "#material", "uv": [ 0.0, 2.5, 0.75, 4.5 ] },
						"east": { "texture": "#material", "uv": [ 6.25, 2.5, 16.0, 4.5 ] },
						"south": { "texture": "#material", "uv": [ 15.25, 2.5, 16.0, 4.5 ] },
						"west": { "texture": "#material", "uv": [ 0.0, 2.5, 9.75, 4.5 ] }
					}
				},
				{
					"name": "Cube14",
					"from": [ 6.2, 14.1, 0.0 ],
					"to": [ 7.0, 15.3, 8.45 ],
					"rotationOrigin": [ 6.2, 14.1, 0.0 ],
					"faces": {
						"north": { "texture": "#material", "uv": [ 0.0, 1.25, 0.75, 2.25 ] },
						"east": { "texture": "#material", "uv": [ 7.75, 1.25, 16.0, 2.25 ] },
						"south": { "texture": "#material", "uv": [ 15.25, 1.25, 16.0, 2.25 ] },
						"west": { "texture": "#material", "uv": [ 0.0, 1.25, 8.25, 2.25 ] }
					}
				},
				{
					"name": "Cube15",
					"from": [ 6.2, 15.3, 0.0 ],
					"to": [ 7.0, 16.0, 8.0 ],
					"rotationOrigin": [ 6.2, 15.3, 0.0 ],
					"faces": {
						"north": { "texture": "#material", "uv": [ 0.0, 0.0, 0.75, 0.5 ] },
						"east": { "texture": "#material", "uv": [ 8.0, 0.0, 16.0, 0.5 ] },
						"south": { "texture": "#material", "uv": [ 15.25, 0.0, 16.0, 0.5 ] },
						"west": { "texture": "#material", "uv": [ 0.0, 0.0, 8.0, 0.5 ] },
						"up": { "texture": "#material", "uv": [ 0.0, 0.0, 0.75, 8.0 ], "windMode": [-1,-1,-1,-1], "windData": [1,1,1,1] }
					}
				}
			]
		}
	]}