{
	"editor": {
		"collapsedPaths": "Root/root/slope2",
		"allAngles": false,
		"entityTextureMode": false
	},
	"textureWidth": 16,
	"textureHeight": 16,
	"textureSizes": {
	},
	"textures": {

	},
	"elements": [
		{
			"name": "origin",
			"from": [ 8.0, 0.0, 0.0 ],
			"to": [ 8.0, 0.0, 0.0 ],
			"rotationOrigin": [ 8.0, 0.0, 0.0 ],
			"faces": {
			},
			"children": [
				{
					"name": "slope",
					"from": [ -8.0, 16.0, 0.0 ],
					"to": [ -8.0, 16.0, 0.0 ],
					"rotationOrigin": [ -8.0, 16.0, 0.0 ],
					"rotationX": 47.0,
					"faces": {
					},
					"children": [
						{
							"name": "shingle1",
							"from": [ -0.02, -1.0, 0.0 ],
							"to": [ 15.98, 0.0, 4.0 ],
							"rotationOrigin": [ 0.0, -1.0, 0.0 ],
							"faces": {
								"north": { "texture": "#material", "uv": [ 0.0, 0.0, 16.0, 1.0 ] },
								"south": { "texture": "#material", "uv": [ 0.0, 0.0, 16.0, 1.0 ] },
								"west": { "texture": "#material", "uv": [ 0.0, 0.0, 4.0, 1.0 ] },
								"up": { "texture": "#material", "uv": [ 0.0, 0.0, 16.0, 4.0 ] },
								"down": { "texture": "#material", "uv": [ 0.0, 0.0, 16.0, 4.0 ] }
							},
							"children": [
								{
									"name": "shingle1end",
									"from": [ 16.0, 0.0, 0.0 ],
									"to": [ 18.0, 1.0, 4.0 ],
									"rotationOrigin": [ 16.02, 0.0, 0.0 ],
									"faces": {
										"north": { "texture": "#material", "uv": [ 0.0, 0.0, 2.0, 1.0 ] },
										"east": { "texture": "#material", "uv": [ 0.0, 0.0, 4.0, 1.0 ] },
										"south": { "texture": "#material", "uv": [ 0.0, 0.0, 2.0, 1.0 ] },
										"up": { "texture": "#material", "uv": [ 0.0, 0.0, 2.0, 4.0 ] },
										"down": { "texture": "#material", "uv": [ 0.0, 0.0, 2.0, 4.0 ] }
									}
								}
							]
						},
						{
							"name": "shingle2",
							"from": [ 0.0, -2.0, 3.59 ],
							"to": [ 16.0, -1.0, 7.59 ],
							"rotationOrigin": [ 0.0, -2.0, 3.6 ],
							"faces": {
								"north": { "texture": "#material", "uv": [ 0.0, 0.0, 16.0, 1.0 ] },
								"south": { "texture": "#material", "uv": [ 0.0, 0.0, 16.0, 1.0 ] },
								"west": { "texture": "#material", "uv": [ 0.0, 0.0, 4.0, 1.0 ] },
								"up": { "texture": "#material", "uv": [ 0.0, 3.0, 16.0, 7.0 ] },
								"down": { "texture": "#material", "uv": [ 0.0, 3.0, 16.0, 7.0 ] }
							},
							"children": [
								{
									"name": "shingle2end",
									"from": [ 16.0, 0.0, 0.0 ],
									"to": [ 18.0, 1.0, 4.0 ],
									"rotationOrigin": [ 0.0, 0.0, 0.01 ],
									"faces": {
										"north": { "texture": "#material", "uv": [ 0.0, 0.0, 2.0, 1.0 ] },
										"east": { "texture": "#material", "uv": [ 0.0, 0.0, 4.0, 1.0 ] },
										"south": { "texture": "#material", "uv": [ 0.0, 0.0, 2.0, 1.0 ] },
										"up": { "texture": "#material", "uv": [ 0.0, 3.0, 2.0, 7.0 ] },
										"down": { "texture": "#material", "uv": [ 0.0, 3.0, 2.0, 7.0 ] }
									}
								}
							]
						},
						{
							"name": "shingle3",
							"from": [ 0.0, -3.0, 7.18 ],
							"to": [ 16.0, -2.0, 11.18 ],
							"rotationOrigin": [ 0.0, -3.0, 7.2 ],
							"faces": {
								"north": { "texture": "#material", "uv": [ 0.0, 0.0, 16.0, 1.0 ] },
								"south": { "texture": "#material", "uv": [ 0.0, 0.0, 16.0, 1.0 ] },
								"west": { "texture": "#material", "uv": [ 0.0, 0.0, 4.0, 1.0 ] },
								"up": { "texture": "#material", "uv": [ 0.0, 6.5, 16.0, 10.5 ] },
								"down": { "texture": "#material", "uv": [ 0.0, 0.0, 16.0, 4.0 ] }
							},
							"children": [
								{
									"name": "shingle3end",
									"from": [ 16.0, 0.0, 0.0 ],
									"to": [ 18.0, 1.0, 4.0 ],
									"rotationOrigin": [ 0.0, 0.0, 0.02 ],
									"faces": {
										"north": { "texture": "#material", "uv": [ 0.0, 0.0, 2.0, 1.0 ] },
										"east": { "texture": "#material", "uv": [ 0.0, 0.0, 4.0, 1.0 ] },
										"south": { "texture": "#material", "uv": [ 0.0, 0.0, 2.0, 1.0 ] },
										"up": { "texture": "#material", "uv": [ 0.0, 6.5, 2.0, 10.5 ] },
										"down": { "texture": "#material", "uv": [ 0.0, 0.0, 2.0, 4.0 ] }
									}
								}
							]
						},
						{
							"name": "shingle4",
							"from": [ 0.0, -4.0, 10.77 ],
							"to": [ 16.0, -3.0, 14.77 ],
							"rotationOrigin": [ 0.0, -4.0, 10.8 ],
							"faces": {
								"north": { "texture": "#material", "uv": [ 0.0, 0.0, 16.0, 1.0 ] },
								"south": { "texture": "#material", "uv": [ 0.0, 0.0, 16.0, 1.0 ] },
								"west": { "texture": "#material", "uv": [ 0.0, 0.0, 4.0, 1.0 ] },
								"up": { "texture": "#material", "uv": [ 0.0, 10.5, 16.0, 14.5 ] },
								"down": { "texture": "#material", "uv": [ 0.0, 0.0, 16.0, 4.0 ] }
							},
							"children": [
								{
									"name": "shingle4end",
									"from": [ 16.0, 0.0, 0.0 ],
									"to": [ 18.0, 1.0, 4.0 ],
									"rotationOrigin": [ 0.0, 0.0, 0.03 ],
									"faces": {
										"north": { "texture": "#material", "uv": [ 0.0, 0.0, 2.0, 1.0 ] },
										"east": { "texture": "#material", "uv": [ 0.0, 0.0, 4.0, 1.0 ] },
										"south": { "texture": "#material", "uv": [ 0.0, 0.0, 2.0, 1.0 ] },
										"up": { "texture": "#material", "uv": [ 0.0, 10.5, 2.0, 14.5 ] },
										"down": { "texture": "#material", "uv": [ 0.0, 0.0, 2.0, 4.0 ] }
									}
								}
							]
						},
						{
							"name": "shingle5",
							"from": [ 0.0, -5.0, 14.36 ],
							"to": [ 16.0, -4.0, 18.36 ],
							"rotationOrigin": [ 0.0, -5.0, 14.4 ],
							"faces": {
								"north": { "texture": "#material", "uv": [ 0.0, 0.0, 16.0, 1.0 ] },
								"south": { "texture": "#material", "uv": [ 0.0, 0.0, 16.0, 1.0 ] },
								"west": { "texture": "#material", "uv": [ 0.0, 0.0, 4.0, 1.0 ] },
								"up": { "texture": "#material", "uv": [ 0.0, 0.0, 16.0, 4.0 ] },
								"down": { "texture": "#material", "uv": [ 0.0, 0.0, 16.0, 4.0 ] }
							},
							"children": [
								{
									"name": "shingle5end",
									"from": [ 16.0, 0.0, 0.0 ],
									"to": [ 18.0, 1.0, 4.0 ],
									"rotationOrigin": [ 0.0, 0.0, 0.04 ],
									"faces": {
										"north": { "texture": "#material", "uv": [ 0.0, 0.0, 2.0, 1.0 ] },
										"east": { "texture": "#material", "uv": [ 0.0, 0.0, 4.0, 1.0 ] },
										"south": { "texture": "#material", "uv": [ 0.0, 0.0, 2.0, 1.0 ] },
										"up": { "texture": "#material", "uv": [ 0.0, 0.0, 2.0, 4.0 ], "windMode": [-1,-1,-1,-1] },
										"down": { "texture": "#material", "uv": [ 0.0, 0.0, 2.0, 4.0 ] }
									}
								}
							]
						},
						{
							"name": "Cube2",
							"from": [ -0.08, -2.1, 0.3 ],
							"to": [ 0.42, -1.1, 16.3 ],
							"rotationOrigin": [ -0.1, -2.1, 0.3 ],
							"rotationX": 16.0,
							"faces": {
								"north": { "texture": "#wood", "uv": [ 0.0, 0.0, 0.5, 1.0 ] },
								"east": { "texture": "#wood", "uv": [ 0.0, 0.0, 16.0, 1.0 ] },
								"south": { "texture": "#wood", "uv": [ 0.0, 0.0, 0.5, 1.0 ] },
								"west": { "texture": "#wood", "uv": [ 0.0, 0.0, 16.0, 1.0 ] },
								"up": { "texture": "#wood", "uv": [ 0.0, 0.0, 0.5, 16.0 ] },
								"down": { "texture": "#wood", "uv": [ 0.0, 0.0, 0.5, 16.0 ] }
							},
							"children": [
								{
									"name": "Cube3",
									"from": [ 0.0, 0.0, 16.0 ],
									"to": [ 0.5, 1.0, 18.63 ],
									"rotationOrigin": [ 0.0, 0.0, 16.0 ],
									"faces": {
										"north": { "texture": "#wood", "uv": [ 0.0, 0.0, 0.5, 1.0 ] },
										"east": { "texture": "#wood", "uv": [ 0.0, 0.0, 2.5, 1.0 ] },
										"south": { "texture": "#wood", "uv": [ 0.0, 0.0, 0.5, 1.0 ] },
										"west": { "texture": "#wood", "uv": [ 0.0, 0.0, 2.5, 1.0 ] },
										"up": { "texture": "#wood", "uv": [ 0.0, 0.0, 0.5, 2.5 ] },
										"down": { "texture": "#wood", "uv": [ 0.0, 0.0, 0.5, 2.5 ] }
									}
								}
							]
						},
						{
							"name": "Cube4",
							"from": [ 14.68, -2.1, 0.3 ],
							"to": [ 16.48, -1.1, 16.3 ],
							"rotationOrigin": [ 14.7, -2.1, 0.3 ],
							"rotationX": 16.0,
							"faces": {
								"north": { "texture": "#wood", "uv": [ 0.0, 0.0, 1.5, 1.0 ] },
								"east": { "texture": "#wood", "uv": [ 0.0, 0.0, 16.0, 1.0 ] },
								"south": { "texture": "#wood", "uv": [ 0.0, 0.0, 1.5, 1.0 ] },
								"west": { "texture": "#wood", "uv": [ 0.0, 0.0, 16.0, 1.0 ] },
								"up": { "texture": "#wood", "uv": [ 0.0, 0.0, 1.5, 16.0 ] },
								"down": { "texture": "#wood", "uv": [ 0.0, 0.0, 1.5, 16.0 ] }
							},
							"children": [
								{
									"name": "Cube5",
									"from": [ 0.0, 0.0, 16.0 ],
									"to": [ 1.8, 1.0, 18.63 ],
									"rotationOrigin": [ 0.0, 0.0, 16.0 ],
									"faces": {
										"north": { "texture": "#wood", "uv": [ 0.0, 0.0, 1.5, 1.0 ] },
										"east": { "texture": "#wood", "uv": [ 0.0, 0.0, 2.5, 1.0 ] },
										"south": { "texture": "#wood", "uv": [ 0.0, 0.0, 1.5, 1.0 ] },
										"west": { "texture": "#wood", "uv": [ 0.0, 0.0, 2.5, 1.0 ] },
										"up": { "texture": "#wood", "uv": [ 0.0, 0.0, 1.5, 2.5 ] },
										"down": { "texture": "#wood", "uv": [ 0.0, 0.0, 1.5, 2.5 ] }
									}
								}
							]
						}
					]
				},
				{
					"name": "beam",
					"from": [ -7.99, 11.2, 0.0 ],
					"to": [ 7.99, 14.7, 1.3 ],
					"rotationOrigin": [ -8.0, 11.2, 0.0 ],
					"faces": {
						"north": { "texture": "#wood", "uv": [ 0.0, 0.0, 15.5, 3.0 ] },
						"east": { "texture": "#wood", "uv": [ 0.0, 0.0, 1.0, 3.0 ] },
						"south": { "texture": "#wood", "uv": [ 0.0, 0.0, 15.5, 3.0 ] },
						"west": { "texture": "#wood", "uv": [ 0.0, 0.0, 1.0, 3.0 ] },
						"up": { "texture": "#wood", "uv": [ 0.0, 0.0, 15.5, 1.0 ] },
						"down": { "texture": "#wood", "uv": [ 0.0, 0.0, 15.5, 1.0 ] }
					}
				},
				{
					"name": "Cube6",
					"from": [ 7.2, 0.0, 0.0 ],
					"to": [ 8.0, 1.0, 8.0 ],
					"rotationOrigin": [ 15.2, 0.0, 0.0 ],
					"faces": {
						"north": { "texture": "#material", "uv": [ 0.0, 0.0, 0.5, 1.0 ] },
						"east": { "texture": "#material", "uv": [ 8.0, 15.0, 16.0, 16.0 ] },
						"west": { "texture": "#material", "uv": [ 0.0, 15.0, 8.0, 16.0 ] },
						"down": { "texture": "#material", "uv": [ 0.0, 0.0, 0.5, 8.0 ] }
					},
					"children": [
						{
							"name": "Cube7",
							"from": [ 0.0, 1.0, 0.0 ],
							"to": [ 0.8, 3.8, 7.2 ],
							"rotationOrigin": [ 8.0, 1.0, 0.0 ],
							"faces": {
								"north": { "texture": "#material", "uv": [ 0.0, 0.0, 0.5, 2.5 ] },
								"east": { "texture": "#material", "uv": [ 9.0, 12.5, 16.0, 15.0 ] },
								"west": { "texture": "#material", "uv": [ 0.0, 12.5, 7.0, 15.0 ] }
							}
						},
						{
							"name": "Cube8",
							"from": [ 0.0, 3.8, 0.0 ],
							"to": [ 0.8, 5.1, 6.0 ],
							"rotationOrigin": [ 8.0, 3.8, 0.0 ],
							"faces": {
								"north": { "texture": "#material", "uv": [ 0.0, 0.0, 0.5, 1.0 ] },
								"east": { "texture": "#material", "uv": [ 10.0, 11.0, 16.0, 12.0 ] },
								"west": { "texture": "#material", "uv": [ 0.0, 11.0, 6.0, 12.0 ] }
							}
						},
						{
							"name": "Cube9",
							"from": [ 0.0, 5.1, 0.0 ],
							"to": [ 0.8, 7.2, 5.4 ],
							"rotationOrigin": [ 8.0, 5.1, 0.0 ],
							"faces": {
								"north": { "texture": "#material", "uv": [ 0.0, 0.0, 0.5, 2.0 ] },
								"east": { "texture": "#material", "uv": [ 11.0, 9.0, 16.0, 11.0 ] },
								"west": { "texture": "#material", "uv": [ 0.0, 9.0, 5.0, 11.0 ] }
							}
						},
						{
							"name": "Cube10",
							"from": [ 0.0, 7.2, 0.0 ],
							"to": [ 0.8, 8.7, 4.1 ],
							"rotationOrigin": [ 8.0, 7.2, 0.0 ],
							"faces": {
								"north": { "texture": "#material", "uv": [ 0.0, 0.0, 0.5, 1.5 ] },
								"east": { "texture": "#material", "uv": [ 12.0, 7.0, 16.0, 8.5 ] },
								"west": { "texture": "#material", "uv": [ 0.0, 7.5, 4.0, 9.0 ] }
							}
						},
						{
							"name": "Cube11",
							"from": [ 0.0, 8.7, 0.0 ],
							"to": [ 0.8, 10.7, 3.5 ],
							"rotationOrigin": [ 8.0, 8.7, 0.0 ],
							"faces": {
								"north": { "texture": "#material", "uv": [ 0.0, 0.0, 0.5, 2.0 ] },
								"east": { "texture": "#material", "uv": [ 12.5, 5.0, 16.0, 7.0 ] },
								"west": { "texture": "#material", "uv": [ 0.0, 5.5, 3.5, 7.5 ] }
							}
						},
						{
							"name": "Cube12",
							"from": [ 0.0, 10.7, 0.0 ],
							"to": [ 0.8, 12.1, 2.2 ],
							"rotationOrigin": [ 8.0, 10.7, 0.0 ],
							"faces": {
								"north": { "texture": "#material", "uv": [ 0.0, 0.0, 0.5, 1.0 ] },
								"east": { "texture": "#material", "uv": [ 14.0, 3.0, 16.0, 4.0 ] },
								"west": { "texture": "#material", "uv": [ 0.0, 3.0, 2.0, 4.0 ] }
							}
						},
						{
							"name": "Cube13",
							"from": [ 0.0, 12.1, 0.0 ],
							"to": [ 0.8, 13.5, 1.9 ],
							"rotationOrigin": [ 8.0, 12.1, 0.0 ],
							"faces": {
								"north": { "texture": "#material", "uv": [ 0.0, 0.0, 0.5, 1.0 ] },
								"east": { "texture": "#material", "uv": [ 0.0, 3.5, 1.5, 4.5 ] },
								"west": { "texture": "#material", "uv": [ 14.5, 1.5, 16.0, 2.5 ] }
							}
						}
					]
				}
			]
		}
	]}