{
	"editor": {
		"collapsedPaths": "Root/root/slope2",
		"allAngles": false,
		"entityTextureMode": false
	},
	"textureWidth": 16,
	"textureHeight": 16,
	"textureSizes": {
	},
	"textures": {
	},
	"elements": [
		{
			"name": "origin",
			"from": [ 8.0, 0.0, 16.0 ],
			"to": [ 8.0, 0.0, 16.0 ],
			"rotationOrigin": [ 8.0, 0.0, 16.0 ],
			"rotationY": -90.0,
			"faces": {
			},
			"children": [
				{
					"name": "slope",
					"from": [ -8.0, 16.0, 0.0 ],
					"to": [ -8.0, 16.0, 0.0 ],
					"rotationOrigin": [ -8.0, 16.0, 0.0 ],
					"rotationX": 47.0,
					"faces": {
					},
					"children": [
						{
							"name": "shingle2",
							"from": [ -8.0, -2.0, 3.59 ],
							"to": [ 2.0, -1.0, 7.59 ],
							"rotationOrigin": [ 0.0, -2.0, 3.6 ],
							"faces": {
								"north": { "texture": "#material", "uv": [ 0.0, 0.0, 10.0, 1.0 ] },
								"east": { "texture": "#material", "uv": [ 0.0, 0.0, 4.0, 1.0 ] },
								"south": { "texture": "#material", "uv": [ 0.0, 0.0, 10.0, 1.0 ] },
								"west": { "texture": "#material", "uv": [ 0.0, 0.0, 4.0, 1.0 ] },
								"up": { "texture": "#material", "uv": [ 0.0, 3.0, 10.0, 7.0 ] },
								"down": { "texture": "#material", "uv": [ 0.0, 3.0, 10.0, 7.0 ] }
							},
							"children": [
								{
									"name": "shingle6",
									"from": [ 0.0, 1.0, -3.6 ],
									"to": [ 8.5, 2.0, 0.4 ],
									"rotationOrigin": [ 8.0, 1.0, -3.59 ],
									"rotationX": 0.0,
									"rotationY": 0.0,
									"rotationZ": 0.0,
									"faces": {
										"north": { "texture": "#material", "uv": [ 0.0, 0.0, 8.5, 1.0 ] },
										"east": { "texture": "#material", "uv": [ 0.0, 0.0, 4.0, 1.0 ] },
										"south": { "texture": "#material", "uv": [ 0.0, 0.0, 8.5, 1.0 ] },
										"west": { "texture": "#material", "uv": [ 0.0, 0.0, 4.0, 1.0 ] },
										"up": { "texture": "#material", "uv": [ 0.0, 3.0, 8.5, 7.0 ] },
										"down": { "texture": "#material", "uv": [ 0.0, 3.0, 8.5, 7.0 ] }
									}
								}
							]
						},
						{
							"name": "shingle3",
							"from": [ -8.0, -3.0, 7.18 ],
							"to": [ 3.5, -2.0, 11.18 ],
							"rotationOrigin": [ 0.0, -3.0, 7.2 ],
							"faces": {
								"north": { "texture": "#material", "uv": [ 0.0, 0.0, 11.5, 1.0 ] },
								"east": { "texture": "#material", "uv": [ 0.0, 0.0, 4.0, 1.0 ] },
								"south": { "texture": "#material", "uv": [ 0.0, 0.0, 11.5, 1.0 ] },
								"west": { "texture": "#material", "uv": [ 0.0, 0.0, 4.0, 1.0 ] },
								"up": { "texture": "#material", "uv": [ 0.0, 6.5, 11.5, 10.5 ] },
								"down": { "texture": "#material", "uv": [ 0.0, 0.0, 11.5, 4.0 ] }
							}
						},
						{
							"name": "shingle4",
							"from": [ -8.0, -4.0, 10.77 ],
							"to": [ 5.0, -3.0, 14.77 ],
							"rotationOrigin": [ 0.0, -4.0, 10.8 ],
							"faces": {
								"north": { "texture": "#material", "uv": [ 0.0, 0.0, 13.0, 1.0 ] },
								"east": { "texture": "#material", "uv": [ 0.0, 0.0, 4.0, 1.0 ] },
								"south": { "texture": "#material", "uv": [ 0.0, 0.0, 13.0, 1.0 ] },
								"west": { "texture": "#material", "uv": [ 0.0, 0.0, 4.0, 1.0 ] },
								"up": { "texture": "#material", "uv": [ 0.0, 10.5, 13.0, 14.5 ] },
								"down": { "texture": "#material", "uv": [ 0.0, 0.0, 13.0, 4.0 ] }
							}
						},
						{
							"name": "shingle5",
							"from": [ -8.0, -5.0, 14.36 ],
							"to": [ 7.0, -4.0, 18.36 ],
							"rotationOrigin": [ 0.0, -5.0, 14.4 ],
							"faces": {
								"north": { "texture": "#material", "uv": [ 0.0, 0.0, 15.0, 1.0 ] },
								"east": { "texture": "#material", "uv": [ 0.0, 0.0, 4.0, 1.0 ] },
								"south": { "texture": "#material", "uv": [ 0.0, 0.0, 15.0, 1.0 ] },
								"west": { "texture": "#material", "uv": [ 0.0, 0.0, 4.0, 1.0 ] },
								"up": { "texture": "#material", "uv": [ 0.0, 0.0, 15.0, 4.0 ] },
								"down": { "texture": "#material", "uv": [ 0.0, 0.0, 15.0, 4.0 ] }
							}
						}
					]
				},
				{
					"name": "beam",
					"from": [ -1.0, -2.0, 7.0 ],
					"to": [ 1.0, 17.0, 9.0 ],
					"rotationOrigin": [ -1.0, -2.0, 7.0 ],
					"rotationX": -24.0,
					"rotationY": -5.0,
					"rotationZ": 24.0,
					"faces": {
						"north": { "texture": "#wood", "uv": [ 0.0, 0.0, 2.0, 16.0 ], "autoUv": false },
						"east": { "texture": "#wood", "uv": [ 0.0, 0.0, 2.0, 16.0 ], "autoUv": false, "windMode": [-1,-1,-1,-1] },
						"south": { "texture": "#wood", "uv": [ 0.0, 0.0, 2.0, 16.0 ], "autoUv": false, "windMode": [-1,-1,-1,-1] },
						"west": { "texture": "#wood", "uv": [ 0.0, 0.0, 2.0, 16.0 ], "autoUv": false, "windMode": [-1,-1,-1,-1] },
						"up": { "texture": "#wood", "uv": [ 0.0, 0.0, 2.0, 2.0 ], "windMode": [-1,-1,-1,-1] },
						"down": { "texture": "#wood", "uv": [ 0.0, 0.0, 2.0, 2.0 ], "windMode": [-1,-1,-1,-1] }
					}
				},
				{
					"name": "origin2",
					"from": [ -8.0, 0.0, -7.5 ],
					"to": [ -8.0, 0.0, -7.5 ],
					"rotationOrigin": [ -8.0, 0.0, -7.5 ],
					"rotationY": 89.98,
					"faces": {
					},
					"children": [
						{
							"name": "slope2",
							"from": [ -16.0, 16.0, 0.0 ],
							"to": [ -16.0, 16.0, 0.0 ],
							"rotationOrigin": [ -16.0, 16.0, 0.0 ],
							"rotationX": 47.0,
							"faces": {
							},
							"children": [
								{
									"name": "shingle7",
									"from": [ 6.5, -2.0, 3.59 ],
									"to": [ 10.5, -1.0, 7.59 ],
									"rotationOrigin": [ 6.5, -2.0, 3.6 ],
									"faces": {
										"north": { "texture": "#material", "uv": [ 0.0, 0.0, 4.0, 1.0 ] },
										"east": { "texture": "#material", "uv": [ 0.0, 0.0, 4.0, 1.0 ] },
										"south": { "texture": "#material", "uv": [ 0.0, 0.0, 4.0, 1.0 ] },
										"west": { "texture": "#material", "uv": [ 0.0, 0.0, 4.0, 1.0 ] },
										"up": { "texture": "#material", "uv": [ 0.0, 3.0, 4.0, 7.0 ] },
										"down": { "texture": "#material", "uv": [ 0.0, 3.0, 4.0, 7.0 ] }
									}
								},
								{
									"name": "shingle8",
									"from": [ 5.0, -3.0, 7.18 ],
									"to": [ 12.0, -2.0, 11.18 ],
									"rotationOrigin": [ 5.0, -3.0, 7.2 ],
									"faces": {
										"north": { "texture": "#material", "uv": [ 0.0, 0.0, 7.0, 1.0 ] },
										"east": { "texture": "#material", "uv": [ 0.0, 0.0, 4.0, 1.0 ] },
										"south": { "texture": "#material", "uv": [ 0.0, 0.0, 7.0, 1.0 ] },
										"west": { "texture": "#material", "uv": [ 0.0, 0.0, 4.0, 1.0 ] },
										"up": { "texture": "#material", "uv": [ 0.0, 6.5, 7.0, 10.5 ] },
										"down": { "texture": "#material", "uv": [ 0.0, 0.0, 7.0, 4.0 ] }
									}
								},
								{
									"name": "shingle9",
									"from": [ 3.5, -4.0, 10.77 ],
									"to": [ 13.5, -3.0, 14.77 ],
									"rotationOrigin": [ 3.5, -4.0, 10.8 ],
									"faces": {
										"north": { "texture": "#material", "uv": [ 0.0, 0.0, 10.0, 1.0 ] },
										"east": { "texture": "#material", "uv": [ 0.0, 0.0, 4.0, 1.0 ] },
										"south": { "texture": "#material", "uv": [ 0.0, 0.0, 10.0, 1.0 ] },
										"west": { "texture": "#material", "uv": [ 0.0, 0.0, 4.0, 1.0 ] },
										"up": { "texture": "#material", "uv": [ 0.0, 10.5, 10.0, 14.5 ] },
										"down": { "texture": "#material", "uv": [ 0.0, 0.0, 10.0, 4.0 ] }
									}
								},
								{
									"name": "shingle10",
									"from": [ 1.5, -5.0, 14.36 ],
									"to": [ 15.5, -4.0, 18.36 ],
									"rotationOrigin": [ 1.5, -5.0, 14.4 ],
									"faces": {
										"north": { "texture": "#material", "uv": [ 0.0, 0.0, 14.0, 1.0 ] },
										"east": { "texture": "#material", "uv": [ 0.0, 0.0, 4.0, 1.0 ] },
										"south": { "texture": "#material", "uv": [ 0.0, 0.0, 14.0, 1.0 ] },
										"west": { "texture": "#material", "uv": [ 0.0, 0.0, 4.0, 1.0 ] },
										"up": { "texture": "#material", "uv": [ 0.0, 0.0, 14.0, 4.0 ] },
										"down": { "texture": "#material", "uv": [ 0.0, 0.0, 14.0, 4.0 ] }
									}
								}
							]
						},
						{
							"name": "slope4",
							"from": [ -7.5026, 16.0, 8.5052 ],
							"to": [ -7.5026, 16.0, 8.5052 ],
							"rotationOrigin": [ -7.5026, 16.0, 8.5052 ],
							"rotationX": 90.0,
							"rotationY": 43.0,
							"rotationZ": -90.0,
							"faces": {
							},
							"children": [
								{
									"name": "shingle14",
									"from": [ 6.5, -2.0, 3.59 ],
									"to": [ 16.5, -1.0, 7.59 ],
									"rotationOrigin": [ 6.5, -2.0, 3.6 ],
									"faces": {
										"north": { "texture": "#material", "uv": [ 0.0, 0.0, 10.0, 1.0 ] },
										"east": { "texture": "#material", "uv": [ 0.0, 0.0, 4.0, 1.0 ] },
										"south": { "texture": "#material", "uv": [ 0.0, 0.0, 10.0, 1.0 ] },
										"west": { "texture": "#material", "uv": [ 0.0, 0.0, 4.0, 1.0 ] },
										"up": { "texture": "#material", "uv": [ 0.0, 3.0, 10.0, 7.0 ] },
										"down": { "texture": "#material", "uv": [ 0.0, 3.0, 10.0, 7.0 ] }
									},
									"children": [
										{
											"name": "shingle18",
											"from": [ 1.51, 1.0, -3.5 ],
											"to": [ 10.01, 2.0, 0.5 ],
											"rotationOrigin": [ 1.5, 1.0, -3.49 ],
											"rotationX": 0.0,
											"rotationY": 0.0,
											"rotationZ": 0.0,
											"faces": {
												"north": { "texture": "#material", "uv": [ 0.0, 0.0, 8.5, 1.0 ] },
												"east": { "texture": "#material", "uv": [ 0.0, 0.0, 4.0, 1.0 ] },
												"south": { "texture": "#material", "uv": [ 0.0, 0.0, 8.5, 1.0 ] },
												"west": { "texture": "#material", "uv": [ 0.0, 0.0, 4.0, 1.0 ] },
												"up": { "texture": "#material", "uv": [ 0.0, 3.0, 8.5, 7.0 ] },
												"down": { "texture": "#material", "uv": [ 0.0, 3.0, 8.5, 7.0 ] }
											}
										}
									]
								},
								{
									"name": "shingle15",
									"from": [ 5.0, -3.0, 7.18 ],
									"to": [ 16.5, -2.0, 11.18 ],
									"rotationOrigin": [ 5.0, -3.0, 7.2 ],
									"faces": {
										"north": { "texture": "#material", "uv": [ 0.0, 0.0, 11.5, 1.0 ] },
										"east": { "texture": "#material", "uv": [ 0.0, 0.0, 4.0, 1.0 ] },
										"south": { "texture": "#material", "uv": [ 0.0, 0.0, 11.5, 1.0 ] },
										"west": { "texture": "#material", "uv": [ 0.0, 0.0, 4.0, 1.0 ] },
										"up": { "texture": "#material", "uv": [ 0.0, 6.5, 11.5, 10.5 ] },
										"down": { "texture": "#material", "uv": [ 0.0, 0.0, 11.5, 4.0 ] }
									}
								},
								{
									"name": "shingle16",
									"from": [ 3.5, -4.0, 10.77 ],
									"to": [ 16.5, -3.0, 14.77 ],
									"rotationOrigin": [ 3.5, -4.0, 10.8 ],
									"faces": {
										"north": { "texture": "#material", "uv": [ 0.0, 0.0, 13.0, 1.0 ] },
										"east": { "texture": "#material", "uv": [ 0.0, 0.0, 4.0, 1.0 ] },
										"south": { "texture": "#material", "uv": [ 0.0, 0.0, 13.0, 1.0 ] },
										"west": { "texture": "#material", "uv": [ 0.0, 0.0, 4.0, 1.0 ] },
										"up": { "texture": "#material", "uv": [ 0.0, 10.5, 13.0, 14.5 ] },
										"down": { "texture": "#material", "uv": [ 0.0, 0.0, 13.0, 4.0 ] }
									}
								},
								{
									"name": "shingle17",
									"from": [ 1.5, -5.0, 14.36 ],
									"to": [ 16.5, -4.0, 18.36 ],
									"rotationOrigin": [ 1.5, -5.0, 14.4 ],
									"faces": {
										"north": { "texture": "#material", "uv": [ 0.0, 0.0, 15.0, 1.0 ] },
										"east": { "texture": "#material", "uv": [ 0.0, 0.0, 4.0, 1.0 ] },
										"south": { "texture": "#material", "uv": [ 0.0, 0.0, 15.0, 1.0 ] },
										"west": { "texture": "#material", "uv": [ 0.0, 0.0, 4.0, 1.0 ] },
										"up": { "texture": "#material", "uv": [ 0.0, 0.0, 15.0, 4.0 ] },
										"down": { "texture": "#material", "uv": [ 0.0, 0.0, 15.0, 4.0 ] }
									}
								}
							]
						}
					]
				},
				{
					"name": "beam2",
					"from": [ -1.0, -2.0, -7.0 ],
					"to": [ 1.0, 17.0, -5.0 ],
					"rotationOrigin": [ -1.0, -2.0, -7.0 ],
					"rotationX": -77.861,
					"rotationY": 65.515,
					"rotationZ": 102.924,
					"faces": {
						"north": { "texture": "#wood", "uv": [ 0.0, 0.0, 2.0, 16.0 ], "autoUv": false },
						"east": { "texture": "#wood", "uv": [ 0.0, 0.0, 2.0, 16.0 ], "autoUv": false },
						"south": { "texture": "#wood", "uv": [ 0.0, 0.0, 2.0, 16.0 ], "autoUv": false },
						"west": { "texture": "#wood", "uv": [ 0.0, 0.0, 2.0, 16.0 ], "autoUv": false },
						"up": { "texture": "#wood", "uv": [ 0.0, 0.0, 2.0, 2.0 ] },
						"down": { "texture": "#wood", "uv": [ 0.0, 0.0, 2.0, 2.0 ] }
					}
				}
			]
		},
		{
			"name": "origin3",
			"from": [ 16.0, 0.0, 8.0 ],
			"to": [ 16.0, 0.0, 8.0 ],
			"rotationOrigin": [ 16.0, 0.0, 8.0 ],
			"faces": {
			},
			"children": [
				{
					"name": "origin4",
					"from": [ -8.0026, 0.0, -15.5 ],
					"to": [ -8.0026, 0.0, -15.5 ],
					"rotationOrigin": [ -8.0, 0.0, -15.5 ],
					"rotationY": 89.98,
					"faces": {
					},
					"children": [
						{
							"name": "Cube2",
							"from": [ -7.4719, 14.3483, 1.3338 ],
							"to": [ -6.9719, 15.3483, 17.3338 ],
							"rotationOrigin": [ -7.4969, 14.3483, 1.3338 ],
							"rotationX": 117.0,
							"rotationY": -0.009,
							"rotationZ": 179.982,
							"faces": {
								"north": { "texture": "#wood", "uv": [ 0.0, 0.0, 0.5, 1.0 ] },
								"east": { "texture": "#wood", "uv": [ 0.0, 0.0, 16.0, 1.0 ] },
								"south": { "texture": "#wood", "uv": [ 0.0, 0.0, 0.5, 1.0 ] },
								"west": { "texture": "#wood", "uv": [ 0.0, 0.0, 16.0, 1.0 ] },
								"up": { "texture": "#wood", "uv": [ 0.0, 0.0, 0.5, 16.0 ] },
								"down": { "texture": "#wood", "uv": [ 0.0, 0.0, 0.5, 16.0 ] }
							},
							"children": [
								{
									"name": "Cube3",
									"from": [ 1.0E-4, 1.0E-4, 15.9998 ],
									"to": [ 0.5001, 1.0001, 18.6298 ],
									"rotationOrigin": [ 1.0E-4, 1.0E-4, 15.9998 ],
									"rotationX": 0.0,
									"rotationY": 0.0,
									"rotationZ": 0.0,
									"faces": {
										"north": { "texture": "#wood", "uv": [ 0.0, 0.0, 0.5, 1.0 ] },
										"east": { "texture": "#wood", "uv": [ 0.0, 0.0, 2.5, 1.0 ] },
										"south": { "texture": "#wood", "uv": [ 0.0, 0.0, 0.5, 1.0 ] },
										"west": { "texture": "#wood", "uv": [ 0.0, 0.0, 2.5, 1.0 ] },
										"up": { "texture": "#wood", "uv": [ 0.0, 0.0, 0.5, 2.5 ] },
										"down": { "texture": "#wood", "uv": [ 0.0, 0.0, 0.5, 2.5 ] }
									}
								}
							]
						},
						{
							"name": "Cube8",
							"from": [ -7.972, 14.3466, -1.3301 ],
							"to": [ -7.472, 15.3466, 14.6699 ],
							"rotationOrigin": [ -7.9979, 14.3484, -1.3284 ],
							"rotationX": 63.0,
							"rotationY": 0.009,
							"rotationZ": -0.018,
							"faces": {
								"north": { "texture": "#wood", "uv": [ 0.0, 0.0, 0.5, 1.0 ] },
								"east": { "texture": "#wood", "uv": [ 0.0, 0.0, 16.0, 1.0 ] },
								"south": { "texture": "#wood", "uv": [ 0.0, 0.0, 0.5, 1.0 ] },
								"west": { "texture": "#wood", "uv": [ 0.0, 0.0, 16.0, 1.0 ] },
								"up": { "texture": "#wood", "uv": [ 0.0, 0.0, 0.5, 16.0 ] },
								"down": { "texture": "#wood", "uv": [ 0.0, 0.0, 0.5, 16.0 ] }
							},
							"children": [
								{
									"name": "Cube9",
									"from": [ 0.0, 0.0, 16.0 ],
									"to": [ 0.5, 1.0, 18.63 ],
									"rotationOrigin": [ 0.0, 0.0, 16.0 ],
									"faces": {
										"north": { "texture": "#wood", "uv": [ 0.0, 0.0, 0.5, 1.0 ] },
										"east": { "texture": "#wood", "uv": [ 0.0, 0.0, 2.5, 1.0 ] },
										"south": { "texture": "#wood", "uv": [ 0.0, 0.0, 0.5, 1.0 ] },
										"west": { "texture": "#wood", "uv": [ 0.0, 0.0, 2.5, 1.0 ] },
										"up": { "texture": "#wood", "uv": [ 0.0, 0.0, 0.5, 2.5 ] },
										"down": { "texture": "#wood", "uv": [ 0.0, 0.0, 0.5, 2.5 ] }
									}
								}
							]
						}
					]
				}
			]
		}
	]}