[
    {
        "op": "addeach",
        "path": "/server/behaviors/10/aitasks/0/entityCodes/-",
        "value": [
            "dog-wolf-male",
            "dog-wolf-female",
            "dog-hunting-male",
            "dog-hunting-female"
        ],
        "file": "game:entities/land/sheep-bighorn-lamb.json"
    },
    {
        "op": "add",
        "path": "/server/behaviors/10/aitasks/-",
        "value": {
            "code": "stayclosetoshepherd",
            "priority": 1.4,
            "movespeed": 0.025,
            "maxDistance": 7,
            "searchRange": 10,
            "animation": "Run",
            "animationSpeed": 4
        },
        "file": "game:entities/land/sheep-bighorn-lamb.json"
    }
]