{
  "code": "grimoire",
  "class": "ItemGrimoireRM",
  "enabled": true,

  //"storageFlags": 131073,

  "variantgroups": [
    {
      "code": "type",
      "loadFromProperties": "rustboundmagic:abstract/spelltype"
    }
  ],
  "skipVariants": [ "*-nospell", "*-transmutation" ],

  "attributes": {
    "handbook": {
      "groupBy": [ "grimoire-*" ],
      "extraSections": [
        {
          "title": "game:Created by",
          "text": "rustboundmagic:handbook-synthesis-text"
        }
      ]
    },
    "displaycaseable": true,
    "shelvable": true,
    "bookshelveable": true,
    "spellshelveable": true,
    "groundStorageTransform": {
      "rotation": {
        "x": 0,
        "y": 25,
        "z": 90
      },
      "origin": {
        "x": 0.5,
        "y": 0.0625,
        "z": 0.3
      }
    }
  },

  "creativeinventory": {
    "rustboundmagic": [ "" ]
  },

  "maxstacksize": 1,

  "shapebytype": {
    "*": { "base": "items/spells/grimoire" }
  },

  "texturesByType": {
    "*-rustorb1": {
      "default": { "base": "default" },
      "cover": { "base": "items/grimoire/cover-generic" },
      "spelliconbg": { "base": "color-black" },
      "spellicon": { "base": "items/spells/{type}" },
      "rarity": { "base": "blocks/arcanus/arcanusblocksolid-lesser" },
      "pages": { "base": "items/grimoire/inner-pages" }
    },
    "*-rustorb2": {
      "default": { "base": "default" },
      "cover": { "base": "items/grimoire/cover-generic" },
      "spelliconbg": { "base": "color-black" },
      "spellicon": { "base": "items/spells/{type}" },
      "rarity": { "base": "blocks/arcanus/arcanusblocksolid-greater" },
      "pages": { "base": "items/grimoire/inner-pages" }
    },
    "*-rustorb3": {
      "default": { "base": "default" },
      "cover": { "base": "items/grimoire/cover-generic" },
      "spelliconbg": { "base": "color-black" },
      "spellicon": { "base": "items/spells/{type}" },
      "rarity": { "base": "blocks/arcanus/arcanusblocksolid-superior" },
      "pages": { "base": "items/grimoire/inner-pages" }
    },
    "*-rustorb4": {
      "default": { "base": "default" },
      "cover": { "base": "items/grimoire/cover-generic" },
      "spelliconbg": { "base": "color-black" },
      "spellicon": { "base": "items/spells/{type}" },
      "rarity": { "base": "blocks/arcanus/arcanusblocksolid-celestial" },
      "pages": { "base": "items/grimoire/inner-pages" }
    },

    "*-plunder1": {
      "default": { "base": "default" },
      "cover": { "base": "items/grimoire/cover-generic" },
      "spelliconbg": { "base": "color-black" },
      "spellicon": { "base": "items/spells/{type}" },
      "rarity": { "base": "blocks/arcanus/arcanusblocksolid-lesser" },
      "pages": { "base": "items/grimoire/inner-pages" }
    },
    "*-plunder2": {
      "default": { "base": "default" },
      "cover": { "base": "items/grimoire/cover-generic" },
      "spelliconbg": { "base": "color-black" },
      "spellicon": { "base": "items/spells/{type}" },
      "rarity": { "base": "blocks/arcanus/arcanusblocksolid-greater" },
      "pages": { "base": "items/grimoire/inner-pages" }
    },
    "*-plunder3": {
      "default": { "base": "default" },
      "cover": { "base": "items/grimoire/cover-generic" },
      "spelliconbg": { "base": "color-black" },
      "spellicon": { "base": "items/spells/{type}" },
      "rarity": { "base": "blocks/arcanus/arcanusblocksolid-superior" },
      "pages": { "base": "items/grimoire/inner-pages" }
    },
    "*-plunder4": {
      "default": { "base": "default" },
      "cover": { "base": "items/grimoire/cover-generic" },
      "spelliconbg": { "base": "color-black" },
      "spellicon": { "base": "items/spells/{type}" },
      "rarity": { "base": "blocks/arcanus/arcanusblocksolid-celestial" },
      "pages": { "base": "items/grimoire/inner-pages" }
    },

    "*-silentsteps1": {
      "default": { "base": "default" },
      "cover": { "base": "items/grimoire/cover-generic" },
      "spelliconbg": { "base": "color-black" },
      "spellicon": { "base": "items/spells/{type}" },
      "rarity": { "base": "blocks/arcanus/arcanusblocksolid-lesser" },
      "pages": { "base": "items/grimoire/inner-pages" }
    },
    "*-silentsteps2": {
      "default": { "base": "default" },
      "cover": { "base": "items/grimoire/cover-generic" },
      "spelliconbg": { "base": "color-black" },
      "spellicon": { "base": "items/spells/{type}" },
      "rarity": { "base": "blocks/arcanus/arcanusblocksolid-greater" },
      "pages": { "base": "items/grimoire/inner-pages" }
    },
    "*-silentsteps3": {
      "default": { "base": "default" },
      "cover": { "base": "items/grimoire/cover-generic" },
      "spelliconbg": { "base": "color-black" },
      "spellicon": { "base": "items/spells/{type}" },
      "rarity": { "base": "blocks/arcanus/arcanusblocksolid-superior" },
      "pages": { "base": "items/grimoire/inner-pages" }
    },
    "*-silentsteps4": {
      "default": { "base": "default" },
      "cover": { "base": "items/grimoire/cover-generic" },
      "spelliconbg": { "base": "color-black" },
      "spellicon": { "base": "items/spells/{type}" },
      "rarity": { "base": "blocks/arcanus/arcanusblocksolid-celestial" },
      "pages": { "base": "items/grimoire/inner-pages" }
    },

    "*-equilibrium1": {
      "default": { "base": "default" },
      "cover": { "base": "items/grimoire/cover-generic" },
      "spelliconbg": { "base": "color-black" },
      "spellicon": { "base": "items/spells/{type}" },
      "rarity": { "base": "blocks/arcanus/arcanusblocksolid-lesser" },
      "pages": { "base": "items/grimoire/inner-pages" }
    },
    "*-equilibrium2": {
      "default": { "base": "default" },
      "cover": { "base": "items/grimoire/cover-generic" },
      "spelliconbg": { "base": "color-black" },
      "spellicon": { "base": "items/spells/{type}" },
      "rarity": { "base": "blocks/arcanus/arcanusblocksolid-greater" },
      "pages": { "base": "items/grimoire/inner-pages" }
    },
    "*-equilibrium3": {
      "default": { "base": "default" },
      "cover": { "base": "items/grimoire/cover-generic" },
      "spelliconbg": { "base": "color-black" },
      "spellicon": { "base": "items/spells/{type}" },
      "rarity": { "base": "blocks/arcanus/arcanusblocksolid-superior" },
      "pages": { "base": "items/grimoire/inner-pages" }
    },
    "*-equilibrium4": {
      "default": { "base": "default" },
      "cover": { "base": "items/grimoire/cover-generic" },
      "spelliconbg": { "base": "color-black" },
      "spellicon": { "base": "items/spells/{type}" },
      "rarity": { "base": "blocks/arcanus/arcanusblocksolid-celestial" },
      "pages": { "base": "items/grimoire/inner-pages" }
    },

    "*-agility1": {
      "default": { "base": "default" },
      "cover": { "base": "items/grimoire/cover-generic" },
      "spelliconbg": { "base": "color-black" },
      "spellicon": { "base": "items/spells/{type}" },
      "rarity": { "base": "blocks/arcanus/arcanusblocksolid-lesser" },
      "pages": { "base": "items/grimoire/inner-pages" }
    },
    "*-agility2": {
      "default": { "base": "default" },
      "cover": { "base": "items/grimoire/cover-generic" },
      "spelliconbg": { "base": "color-black" },
      "spellicon": { "base": "items/spells/{type}" },
      "rarity": { "base": "blocks/arcanus/arcanusblocksolid-greater" },
      "pages": { "base": "items/grimoire/inner-pages" }
    },
    "*-agility3": {
      "default": { "base": "default" },
      "cover": { "base": "items/grimoire/cover-generic" },
      "spelliconbg": { "base": "color-black" },
      "spellicon": { "base": "items/spells/{type}" },
      "rarity": { "base": "blocks/arcanus/arcanusblocksolid-superior" },
      "pages": { "base": "items/grimoire/inner-pages" }
    },
    "*-agility4": {
      "default": { "base": "default" },
      "cover": { "base": "items/grimoire/cover-generic" },
      "spelliconbg": { "base": "color-black" },
      "spellicon": { "base": "items/spells/{type}" },
      "rarity": { "base": "blocks/arcanus/arcanusblocksolid-celestial" },
      "pages": { "base": "items/grimoire/inner-pages" }
    },

    "*-befriendanimal1": {
      "default": { "base": "default" },
      "cover": { "base": "items/grimoire/cover-generic" },
      "spelliconbg": { "base": "color-black" },
      "spellicon": { "base": "items/spells/{type}" },
      "rarity": { "base": "blocks/arcanus/arcanusblocksolid-lesser" },
      "pages": { "base": "items/grimoire/inner-pages" }
    },
    "*-befriendanimal2": {
      "default": { "base": "default" },
      "cover": { "base": "items/grimoire/cover-generic" },
      "spelliconbg": { "base": "color-black" },
      "spellicon": { "base": "items/spells/{type}" },
      "rarity": { "base": "blocks/arcanus/arcanusblocksolid-greater" },
      "pages": { "base": "items/grimoire/inner-pages" }
    },
    "*-befriendanimal3": {
      "default": { "base": "default" },
      "cover": { "base": "items/grimoire/cover-generic" },
      "spelliconbg": { "base": "color-black" },
      "spellicon": { "base": "items/spells/{type}" },
      "rarity": { "base": "blocks/arcanus/arcanusblocksolid-superior" },
      "pages": { "base": "items/grimoire/inner-pages" }
    },
    "*-befriendanimal4": {
      "default": { "base": "default" },
      "cover": { "base": "items/grimoire/cover-generic" },
      "spelliconbg": { "base": "color-black" },
      "spellicon": { "base": "items/spells/{type}" },
      "rarity": { "base": "blocks/arcanus/arcanusblocksolid-celestial" },
      "pages": { "base": "items/grimoire/inner-pages" }
    },

    "*-hydratefarmland1": {
      "default": { "base": "default" },
      "cover": { "base": "items/grimoire/cover-generic" },
      "spelliconbg": { "base": "color-black" },
      "spellicon": { "base": "items/spells/{type}" },
      "rarity": { "base": "blocks/arcanus/arcanusblocksolid-lesser" },
      "pages": { "base": "items/grimoire/inner-pages" }
    },
    "*-hydratefarmland2": {
      "default": { "base": "default" },
      "cover": { "base": "items/grimoire/cover-generic" },
      "spelliconbg": { "base": "color-black" },
      "spellicon": { "base": "items/spells/{type}" },
      "rarity": { "base": "blocks/arcanus/arcanusblocksolid-greater" },
      "pages": { "base": "items/grimoire/inner-pages" }
    },
    "*-hydratefarmland3": {
      "default": { "base": "default" },
      "cover": { "base": "items/grimoire/cover-generic" },
      "spelliconbg": { "base": "color-black" },
      "spellicon": { "base": "items/spells/{type}" },
      "rarity": { "base": "blocks/arcanus/arcanusblocksolid-superior" },
      "pages": { "base": "items/grimoire/inner-pages" }
    },
    "*-hydratefarmland4": {
      "default": { "base": "default" },
      "cover": { "base": "items/grimoire/cover-generic" },
      "spelliconbg": { "base": "color-black" },
      "spellicon": { "base": "items/spells/{type}" },
      "rarity": { "base": "blocks/arcanus/arcanusblocksolid-celestial" },
      "pages": { "base": "items/grimoire/inner-pages" }
    },

    "*-fertilize1": {
      "default": { "base": "default" },
      "cover": { "base": "items/grimoire/cover-generic" },
      "spelliconbg": { "base": "color-black" },
      "spellicon": { "base": "items/spells/{type}" },
      "rarity": { "base": "blocks/arcanus/arcanusblocksolid-lesser" },
      "pages": { "base": "items/grimoire/inner-pages" }
    },
    "*-fertilize2": {
      "default": { "base": "default" },
      "cover": { "base": "items/grimoire/cover-generic" },
      "spelliconbg": { "base": "color-black" },
      "spellicon": { "base": "items/spells/{type}" },
      "rarity": { "base": "blocks/arcanus/arcanusblocksolid-greater" },
      "pages": { "base": "items/grimoire/inner-pages" }
    },
    "*-fertilize3": {
      "default": { "base": "default" },
      "cover": { "base": "items/grimoire/cover-generic" },
      "spelliconbg": { "base": "color-black" },
      "spellicon": { "base": "items/spells/{type}" },
      "rarity": { "base": "blocks/arcanus/arcanusblocksolid-superior" },
      "pages": { "base": "items/grimoire/inner-pages" }
    },
    "*-fertilize4": {
      "default": { "base": "default" },
      "cover": { "base": "items/grimoire/cover-generic" },
      "spelliconbg": { "base": "color-black" },
      "spellicon": { "base": "items/spells/{type}" },
      "rarity": { "base": "blocks/arcanus/arcanusblocksolid-celestial" },
      "pages": { "base": "items/grimoire/inner-pages" }
    },

    "*-growth1": {
      "default": { "base": "default" },
      "cover": { "base": "items/grimoire/cover-generic" },
      "spelliconbg": { "base": "color-black" },
      "spellicon": { "base": "items/spells/{type}" },
      "rarity": { "base": "blocks/arcanus/arcanusblocksolid-lesser" },
      "pages": { "base": "items/grimoire/inner-pages" }
    },
    "*-growth2": {
      "default": { "base": "default" },
      "cover": { "base": "items/grimoire/cover-generic" },
      "spelliconbg": { "base": "color-black" },
      "spellicon": { "base": "items/spells/{type}" },
      "rarity": { "base": "blocks/arcanus/arcanusblocksolid-greater" },
      "pages": { "base": "items/grimoire/inner-pages" }
    },
    "*-growth3": {
      "default": { "base": "default" },
      "cover": { "base": "items/grimoire/cover-generic" },
      "spelliconbg": { "base": "color-black" },
      "spellicon": { "base": "items/spells/{type}" },
      "rarity": { "base": "blocks/arcanus/arcanusblocksolid-superior" },
      "pages": { "base": "items/grimoire/inner-pages" }
    },
    "*-growth4": {
      "default": { "base": "default" },
      "cover": { "base": "items/grimoire/cover-generic" },
      "spelliconbg": { "base": "color-black" },
      "spellicon": { "base": "items/spells/{type}" },
      "rarity": { "base": "blocks/arcanus/arcanusblocksolid-celestial" },
      "pages": { "base": "items/grimoire/inner-pages" }
    },

    "*-truenorth": {
      "default": { "base": "default" },
      "cover": { "base": "items/grimoire/cover-generic" },
      "spelliconbg": { "base": "color-black" },
      "spellicon": { "base": "items/spells/{type}" },
      "rarity": { "base": "blocks/arcanus/arcanusblocksolid-lesser" },
      "pages": { "base": "items/grimoire/inner-pages" }
    },

    "*-summonlight1": {
      "default": { "base": "default" },
      "cover": { "base": "items/grimoire/cover-generic" },
      "spelliconbg": { "base": "color-black" },
      "spellicon": { "base": "items/spells/{type}" },
      "rarity": { "base": "blocks/arcanus/arcanusblocksolid-lesser" },
      "pages": { "base": "items/grimoire/inner-pages" }
    },
    "*-summonlight2": {
      "default": { "base": "default" },
      "cover": { "base": "items/grimoire/cover-generic" },
      "spelliconbg": { "base": "color-black" },
      "spellicon": { "base": "items/spells/{type}" },
      "rarity": { "base": "blocks/arcanus/arcanusblocksolid-greater" },
      "pages": { "base": "items/grimoire/inner-pages" }
    },
    "*-summonlight3": {
      "default": { "base": "default" },
      "cover": { "base": "items/grimoire/cover-generic" },
      "spelliconbg": { "base": "color-black" },
      "spellicon": { "base": "items/spells/{type}" },
      "rarity": { "base": "blocks/arcanus/arcanusblocksolid-superior" },
      "pages": { "base": "items/grimoire/inner-pages" }
    },
    "*-summonlight4": {
      "default": { "base": "default" },
      "cover": { "base": "items/grimoire/cover-generic" },
      "spelliconbg": { "base": "color-black" },
      "spellicon": { "base": "items/spells/{type}" },
      "rarity": { "base": "blocks/arcanus/arcanusblocksolid-celestial" },
      "pages": { "base": "items/grimoire/inner-pages" }
    },

    "*-summoncorpse": {
      "default": { "base": "default" },
      "cover": { "base": "items/grimoire/cover-generic" },
      "spelliconbg": { "base": "color-black" },
      "spellicon": { "base": "items/spells/{type}" },
      "rarity": { "base": "blocks/arcanus/arcanusblocksolid-lesser" },
      "pages": { "base": "items/grimoire/inner-pages" }
    },

    "*-lifetap": {
      "default": { "base": "default" },
      "cover": { "base": "items/grimoire/cover-generic" },
      "spelliconbg": { "base": "color-black" },
      "spellicon": { "base": "items/spells/{type}" },
      "rarity": { "base": "blocks/arcanus/arcanusblocksolid-greater" },
      "pages": { "base": "items/grimoire/inner-pages" }
    },

    "*-excavation1": {
      "default": { "base": "default" },
      "cover": { "base": "items/grimoire/cover-generic" },
      "spelliconbg": { "base": "color-black" },
      "spellicon": { "base": "items/spells/{type}" },
      "rarity": { "base": "blocks/arcanus/arcanusblocksolid-greater" },
      "pages": { "base": "items/grimoire/inner-pages" }
    },
    "*-excavation2": {
      "default": { "base": "default" },
      "cover": { "base": "items/grimoire/cover-generic" },
      "spelliconbg": { "base": "color-black" },
      "spellicon": { "base": "items/spells/{type}" },
      "rarity": { "base": "blocks/arcanus/arcanusblocksolid-superior" },
      "pages": { "base": "items/grimoire/inner-pages" }
    },
    "*-excavation3": {
      "default": { "base": "default" },
      "cover": { "base": "items/grimoire/cover-generic" },
      "spelliconbg": { "base": "color-black" },
      "spellicon": { "base": "items/spells/{type}" },
      "rarity": { "base": "blocks/arcanus/arcanusblocksolid-celestial" },
      "pages": { "base": "items/grimoire/inner-pages" }
    },

    "*-nourishingaura1": {
      "default": { "base": "default" },
      "cover": { "base": "items/grimoire/cover-generic" },
      "spelliconbg": { "base": "color-black" },
      "spellicon": { "base": "items/spells/{type}" },
      "rarity": { "base": "blocks/arcanus/arcanusblocksolid-greater" },
      "pages": { "base": "items/grimoire/inner-pages" }
    },
    "*-nourishingaura2": {
      "default": { "base": "default" },
      "cover": { "base": "items/grimoire/cover-generic" },
      "spelliconbg": { "base": "color-black" },
      "spellicon": { "base": "items/spells/{type}" },
      "rarity": { "base": "blocks/arcanus/arcanusblocksolid-superior" },
      "pages": { "base": "items/grimoire/inner-pages" }
    },
    "*-nourishingaura3": {
      "default": { "base": "default" },
      "cover": { "base": "items/grimoire/cover-generic" },
      "spelliconbg": { "base": "color-black" },
      "spellicon": { "base": "items/spells/{type}" },
      "rarity": { "base": "blocks/arcanus/arcanusblocksolid-celestial" },
      "pages": { "base": "items/grimoire/inner-pages" }
    },

    "*-rapidshot1": {
      "default": { "base": "default" },
      "cover": { "base": "items/grimoire/cover-generic" },
      "spelliconbg": { "base": "color-black" },
      "spellicon": { "base": "items/spells/{type}" },
      "rarity": { "base": "blocks/arcanus/arcanusblocksolid-greater" },
      "pages": { "base": "items/grimoire/inner-pages" }
    },
    "*-rapidshot2": {
      "default": { "base": "default" },
      "cover": { "base": "items/grimoire/cover-generic" },
      "spelliconbg": { "base": "color-black" },
      "spellicon": { "base": "items/spells/{type}" },
      "rarity": { "base": "blocks/arcanus/arcanusblocksolid-superior" },
      "pages": { "base": "items/grimoire/inner-pages" }
    },
    "*-rapidshot3": {
      "default": { "base": "default" },
      "cover": { "base": "items/grimoire/cover-generic" },
      "spelliconbg": { "base": "color-black" },
      "spellicon": { "base": "items/spells/{type}" },
      "rarity": { "base": "blocks/arcanus/arcanusblocksolid-celestial" },
      "pages": { "base": "items/grimoire/inner-pages" }
    },

    "*-strengthen1": {
      "default": { "base": "default" },
      "cover": { "base": "items/grimoire/cover-generic" },
      "spelliconbg": { "base": "color-black" },
      "spellicon": { "base": "items/spells/{type}" },
      "rarity": { "base": "blocks/arcanus/arcanusblocksolid-greater" },
      "pages": { "base": "items/grimoire/inner-pages" }
    },
    "*-strengthen2": {
      "default": { "base": "default" },
      "cover": { "base": "items/grimoire/cover-generic" },
      "spelliconbg": { "base": "color-black" },
      "spellicon": { "base": "items/spells/{type}" },
      "rarity": { "base": "blocks/arcanus/arcanusblocksolid-superior" },
      "pages": { "base": "items/grimoire/inner-pages" }
    },
    "*-strengthen3": {
      "default": { "base": "default" },
      "cover": { "base": "items/grimoire/cover-generic" },
      "spelliconbg": { "base": "color-black" },
      "spellicon": { "base": "items/spells/{type}" },
      "rarity": { "base": "blocks/arcanus/arcanusblocksolid-celestial" },
      "pages": { "base": "items/grimoire/inner-pages" }
    },

    "*-swiftness1": {
      "default": { "base": "default" },
      "cover": { "base": "items/grimoire/cover-generic" },
      "spelliconbg": { "base": "color-black" },
      "spellicon": { "base": "items/spells/{type}" },
      "rarity": { "base": "blocks/arcanus/arcanusblocksolid-greater" },
      "pages": { "base": "items/grimoire/inner-pages" }
    },
    "*-swiftness2": {
      "default": { "base": "default" },
      "cover": { "base": "items/grimoire/cover-generic" },
      "spelliconbg": { "base": "color-black" },
      "spellicon": { "base": "items/spells/{type}" },
      "rarity": { "base": "blocks/arcanus/arcanusblocksolid-superior" },
      "pages": { "base": "items/grimoire/inner-pages" }
    },
    "*-swiftness3": {
      "default": { "base": "default" },
      "cover": { "base": "items/grimoire/cover-generic" },
      "spelliconbg": { "base": "color-black" },
      "spellicon": { "base": "items/spells/{type}" },
      "rarity": { "base": "blocks/arcanus/arcanusblocksolid-celestial" },
      "pages": { "base": "items/grimoire/inner-pages" }
    },

    "*-tinkerer1": {
      "default": { "base": "default" },
      "cover": { "base": "items/grimoire/cover-generic" },
      "spelliconbg": { "base": "color-black" },
      "spellicon": { "base": "items/spells/{type}" },
      "rarity": { "base": "blocks/arcanus/arcanusblocksolid-greater" },
      "pages": { "base": "items/grimoire/inner-pages" }
    },
    "*-tinkerer2": {
      "default": { "base": "default" },
      "cover": { "base": "items/grimoire/cover-generic" },
      "spelliconbg": { "base": "color-black" },
      "spellicon": { "base": "items/spells/{type}" },
      "rarity": { "base": "blocks/arcanus/arcanusblocksolid-superior" },
      "pages": { "base": "items/grimoire/inner-pages" }
    },
    "*-tinkerer3": {
      "default": { "base": "default" },
      "cover": { "base": "items/grimoire/cover-generic" },
      "spelliconbg": { "base": "color-black" },
      "spellicon": { "base": "items/spells/{type}" },
      "rarity": { "base": "blocks/arcanus/arcanusblocksolid-celestial" },
      "pages": { "base": "items/grimoire/inner-pages" }
    },

    "*-surfaceascent": {
      "default": { "base": "default" },
      "cover": { "base": "items/grimoire/cover-generic" },
      "spelliconbg": { "base": "color-black" },
      "spellicon": { "base": "items/spells/{type}" },
      "rarity": { "base": "blocks/arcanus/arcanusblocksolid-greater" },
      "pages": { "base": "items/grimoire/inner-pages" }
    },

    "*-endlessbreath": {
      "default": { "base": "default" },
      "cover": { "base": "items/grimoire/cover-generic" },
      "spelliconbg": { "base": "color-black" },
      "spellicon": { "base": "items/spells/{type}" },
      "rarity": { "base": "blocks/arcanus/arcanusblocksolid-greater" },
      "pages": { "base": "items/grimoire/inner-pages" }
    },

    "*-corpseswap": {
      "default": { "base": "default" },
      "cover": { "base": "items/grimoire/cover-generic" },
      "spelliconbg": { "base": "color-black" },
      "spellicon": { "base": "items/spells/{type}" },
      "rarity": { "base": "blocks/arcanus/arcanusblocksolid-greater" },
      "pages": { "base": "items/grimoire/inner-pages" }
    },

    "*-butcher1": {
      "default": { "base": "default" },
      "cover": { "base": "items/grimoire/cover-generic" },
      "spelliconbg": { "base": "color-black" },
      "spellicon": { "base": "items/spells/{type}" },
      "rarity": { "base": "blocks/arcanus/arcanusblocksolid-superior" },
      "pages": { "base": "items/grimoire/inner-pages" }
    },
    "*-butcher2": {
      "default": { "base": "default" },
      "cover": { "base": "items/grimoire/cover-generic" },
      "spelliconbg": { "base": "color-black" },
      "spellicon": { "base": "items/spells/{type}" },
      "rarity": { "base": "blocks/arcanus/arcanusblocksolid-celestial" },
      "pages": { "base": "items/grimoire/inner-pages" }
    },

    "*-velocity1": {
      "default": { "base": "default" },
      "cover": { "base": "items/grimoire/cover-generic" },
      "spelliconbg": { "base": "color-black" },
      "spellicon": { "base": "items/spells/{type}" },
      "rarity": { "base": "blocks/arcanus/arcanusblocksolid-superior" },
      "pages": { "base": "items/grimoire/inner-pages" }
    },
    "*-velocity2": {
      "default": { "base": "default" },
      "cover": { "base": "items/grimoire/cover-generic" },
      "spelliconbg": { "base": "color-black" },
      "spellicon": { "base": "items/spells/{type}" },
      "rarity": { "base": "blocks/arcanus/arcanusblocksolid-celestial" },
      "pages": { "base": "items/grimoire/inner-pages" }
    },

    "*-featherfall": {
      "default": { "base": "default" },
      "cover": { "base": "items/grimoire/cover-generic" },
      "spelliconbg": { "base": "color-black" },
      "spellicon": { "base": "items/spells/{type}" },
      "rarity": { "base": "blocks/arcanus/arcanusblocksolid-superior" },
      "pages": { "base": "items/grimoire/inner-pages" }
    },

    "*-prosperity": {
      "default": { "base": "default" },
      "cover": { "base": "items/grimoire/cover-generic" },
      "spelliconbg": { "base": "color-black" },
      "spellicon": { "base": "items/spells/{type}" },
      "rarity": { "base": "blocks/arcanus/arcanusblocksolid-celestial" },
      "pages": { "base": "items/grimoire/inner-pages" }
    },

    "*-revive": {
      "default": { "base": "default" },
      "cover": { "base": "items/grimoire/cover-generic" },
      "spelliconbg": { "base": "color-black" },
      "spellicon": { "base": "items/spells/{type}" },
      "rarity": { "base": "blocks/arcanus/arcanusblocksolid-celestial" },
      "pages": { "base": "items/grimoire/inner-pages" }
    },

    "*-fly": {
      "default": { "base": "default" },
      "cover": { "base": "items/grimoire/cover-generic" },
      "spelliconbg": { "base": "color-black" },
      "spellicon": { "base": "items/spells/{type}" },
      "rarity": { "base": "blocks/arcanus/arcanusblocksolid-celestial" },
      "pages": { "base": "items/grimoire/inner-pages" }
    },

    "*-duplicate": {
      "default": { "base": "default" },
      "cover": { "base": "items/grimoire/cover-generic" },
      "spelliconbg": { "base": "color-black" },
      "spellicon": { "base": "items/spells/{type}" },
      "rarity": { "base": "blocks/arcanus/arcanusblocksolid-celestial" },
      "pages": { "base": "items/grimoire/inner-pages" }
    },

    "*-resistelements1": {
      "default": { "base": "default" },
      "cover": { "base": "items/grimoire/cover-generic" },
      "spelliconbg": { "base": "color-black" },
      "spellicon": { "base": "items/spells/{type}" },
      "rarity": { "base": "blocks/arcanus/arcanusblocksolid-lesser" },
      "pages": { "base": "items/grimoire/inner-pages" }
    },
    "*-resistelements2": {
      "default": { "base": "default" },
      "cover": { "base": "items/grimoire/cover-generic" },
      "spelliconbg": { "base": "color-black" },
      "spellicon": { "base": "items/spells/{type}" },
      "rarity": { "base": "blocks/arcanus/arcanusblocksolid-greater" },
      "pages": { "base": "items/grimoire/inner-pages" }
    },
    "*-resistelements3": {
      "default": { "base": "default" },
      "cover": { "base": "items/grimoire/cover-generic" },
      "spelliconbg": { "base": "color-black" },
      "spellicon": { "base": "items/spells/{type}" },
      "rarity": { "base": "blocks/arcanus/arcanusblocksolid-superior" },
      "pages": { "base": "items/grimoire/inner-pages" }
    },
    "*-resistelements4": {
      "default": { "base": "default" },
      "cover": { "base": "items/grimoire/cover-generic" },
      "spelliconbg": { "base": "color-black" },
      "spellicon": { "base": "items/spells/{type}" },
      "rarity": { "base": "blocks/arcanus/arcanusblocksolid-celestial" },
      "pages": { "base": "items/grimoire/inner-pages" }
    },

    "*-rustriposte1": {
      "default": { "base": "default" },
      "cover": { "base": "items/grimoire/cover-generic" },
      "spelliconbg": { "base": "color-black" },
      "spellicon": { "base": "items/spells/{type}" },
      "rarity": { "base": "blocks/arcanus/arcanusblocksolid-superior" },
      "pages": { "base": "items/grimoire/inner-pages" }
    },
    "*-rustriposte2": {
      "default": { "base": "default" },
      "cover": { "base": "items/grimoire/cover-generic" },
      "spelliconbg": { "base": "color-black" },
      "spellicon": { "base": "items/spells/{type}" },
      "rarity": { "base": "blocks/arcanus/arcanusblocksolid-celestial" },
      "pages": { "base": "items/grimoire/inner-pages" }
    },

    "*": {
      "default": { "base": "default" },
      "cover": { "base": "items/grimoire/cover-generic" },
      "spelliconbg": { "base": "color-black" },
      "spellicon": { "base": "items/spells/{type}" },
      "rarity": { "base": "blocks/arcanus/arcanusblocksolid-lesser" },
      "pages": { "base": "items/grimoire/inner-pages" }
    }
  },

  "durabilitybytype": {
    "*": 100
  },

  "guiTransform": {
    "translation": {
      "x": 0,
      "y": 0,
      "z": 0
    },
    "rotation": {
      "x": -180,
      "y": 123,
      "z": 33
    },
    "origin": {
      "x": 0.48,
      "y": 0.21,
      "z": 0.5
    },
    "scaleXyz": {
      "x": -3.23,
      "y": 3.23,
      "z": 3.23
    }
  },
  "fpHandTransform": {
    "translation": {
      "x": 0,
      "y": 0.2,
      "z": 0
    },
    "rotation": {
      "x": -14,
      "y": -152,
      "z": 28
    },
    "origin": {
      "x": 0.5,
      "y": 0.1,
      "z": 0.5
    },
    "scale": 2.07
  },
  "tpHandTransform": {
    "translation": {
      "x": -0.79,
      "y": -0.36,
      "z": -0.73
    },
    "rotation": {
      "x": 0,
      "y": -84,
      "z": 7
    },
    "origin": {
      "x": 0.5,
      "y": 0.1,
      "z": 0.5
    },
    "scale": 0.67
  },
  "groundTransform": {
    "translation": {
      "x": 0,
      "y": 0,
      "z": 0
    },
    "rotation": {
      "x": 0,
      "y": 0,
      "z": 90
    },
    "origin": {
      "x": 0.41,
      "y": 0,
      "z": 0.5
    },
    "scale": 3.4
  }


}
