[
  {
    "op": "add",
    "path": "/client/behaviors/-",
    "value": {
      "code": "EntityBehaviorElementalDamageModifiersRM"
    },
    "file": "game:entities/land/pig-wild-piglet.json"
  },



  {
    "op": "add",
    "path": "/attributes/weaknessElementRM",
    "value": "poison",
    "file": "game:entities/land/pig-wild-piglet.json"
  },
  {
    "op": "add",
    "path": "/attributes/weaknessAmountRM",
    "value": 1.5,
    "file": "game:entities/land/pig-wild-piglet.json"
  },

  {
    "op": "add",
    "path": "/attributes/resistanceElementRM",
    "value": "fire",
    "file": "game:entities/land/pig-wild-piglet.json"
  },
  {
    "op": "add",
    "path": "/attributes/resistanceAmountRM",
    "value": 0.5,
    "file": "game:entities/land/pig-wild-piglet.json"
  },

  {
    "op": "add",
    "path": "/attributes/strengthElementRM",
    "value": "none",
    "file": "game:entities/land/pig-wild-piglet.json"
  },
  {
    "op": "add",
    "path": "/attributes/strengthAmountRM",
    "value": 0,
    "file": "game:entities/land/pig-wild-piglet.json"
  }
]