[
  {
    "op": "replace",
    "file": "game:blocktypes/clay/clayform.json",
    "path": "/textures",
    "value": {
      "clayworkitem-blue": { "base": "block/clay/blueclay" },
      "clayworkitem-fire": { "base": "block/clay/fireclay" },
      "clayworkitem-brown": { "base": "block/clay/brownclay" },
      "clayworkitem-red": { "base": "block/clay/redclay" }
    }
  },
  {
    "op": "replace",
    "file": "game:itemtypes/resource/clayworkitem.json",
    "path": "/variantgroups",
    "value": [
      {
        "code": "type",
        "states": [ "blue", "fire", "brown", "red" ]
      }
    ]
  },
  {
    "op": "replace",
    "file": "game:itemtypes/resource/clay.json",
    "path": "/variantgroups",
    "value": [
      {
        "code": "type",
        "states": [ "blue", "fire", "brown", "red" ]
      }
    ]
  },
  {
    "op": "remove",
    "file": "game:blocktypes/hardenedclay.json",
    "path": "/attributes"
  },
  {
    "op": "remove",
    "file": "game:itemtypes/resource/shingle.json",
    "path": "/skipVariants"
  },
  {
    "op": "replace",
    "file": "game:itemtypes/resource/rawbrick.json",
    "path": "/variantgroups",
    "value": [
      {
        "code": "type",
        "states": [ "blue", "fire", "brown", "red" ]
      }
    ]
  },
  {
    "op": "remove",
    "file": "game:itemtypes/resource/burnedbrick.json",
    "path": "/attributes/handbook/excludeByType"
  },
  {
    "op": "remove",
    "file": "game:blocktypes/clay/brick.json",
    "path": "/attributes/handbook/excludeByType"
  },
  {
    "op": "remove",
    "file": "game:blocktypes/clay/hardened.json",
    "path": "/attributes/handbook/excludeByType"
  },
  {
    "op": "remove",
    "file": "game:blocktypes/clay/chimney.json",
    "path": "/attributes/handbook/excludeByType"
  },
  {
    "op": "remove",
    "file": "game:blocktypes/clay/brickslab.json",
    "path": "/attributes/handbook/excludeByType"
  },
  {
    "op": "remove",
    "file": "game:blocktypes/clay/brickstairs.json",
    "path": "/attributes/handbook/excludeByType"
  }
]