﻿[

  {
    "op": "addeach",
    "path": "/ingredients/5/validStacks/-",
    "value": [{ type: "item", code: "primitivesurvival:fishfillet-raw",  shapeElement: "bowl/fish/*", textureMapping: ["normal", "fishfillet-raw"] }, { type: "item", code: "expandedfoods:crabnugget-raw",  shapeElement: "bowl/meatnugget 1/*", textureMapping: ["meatnugget", "crabmeat"] }, { type: "item", code: "expandedfoods:snakenugget-raw",  shapeElement: "bowl/meatnugget 1/*", textureMapping: ["meatnugget", "snakemeat"] }, { type: "item", code: "expandedfoods:sausagecrab-normal-raw",  shapeElement: "bowl/meatnugget 1/*", textureMapping: ["meatnugget", "crabmeat"]  }, { type: "item", code: "expandedfoods:sausagecrab-normal-dried",  shapeElement: "bowl/meatnugget 1/*", textureMapping: ["meatnugget", "crabmeat"]  }, { type: "item", code: "expandedfoods:sausagecrab-cheese-raw",  shapeElement: "bowl/meatnugget 1/*", textureMapping: ["meatnugget", "crabmeat"]  }, { type: "item", code: "expandedfoods:sausagecrab-cheese-dried",  shapeElement: "bowl/meatnugget 1/*", textureMapping: ["meatnugget", "crabmeat"]  }, { type: "item", code: "expandedfoods:sausagesnake-normal-raw",  shapeElement: "bowl/meatnugget 1/*", textureMapping: ["meatnugget", "snakemeat"]  }, { type: "item", code: "expandedfoods:sausagesnake-normal-dried",  shapeElement: "bowl/meatnugget 1/*", textureMapping: ["meatnugget", "snakemeat"]  }, { type: "item", code: "expandedfoods:sausagesnake-cheese-raw",  shapeElement: "bowl/meatnugget 1/*", textureMapping: ["meatnugget", "snakemeat"]  }, { type: "item", code: "expandedfoods:sausagesnake-cheese-dried",  shapeElement: "bowl/meatnugget 1/*", textureMapping: ["meatnugget", "snakemeat"]  }, { type: "item", code: "primitivesurvival:smokedmeat-fish-raw",  shapeElement: "bowl/fish/*", textureMapping: ["normal", "group1"] }, { type: "item", code: "primitivesurvival:smokedmeat-redmeat-raw",  shapeElement: "bowl/red meat/*", textureMapping: ["meat", "group2"] }, { type: "item", code: "primitivesurvival:smokedmeat-bushmeat-raw",  shapeElement: "bowl/red meat/*", textureMapping: ["meat", "group7"] }, { type: "item", code: "primitivesurvival:smokedmeat-poultry-raw",  shapeElement: "bowl/poultry/*", textureMapping: ["meat", "group3"] }, { type: "item", code: "primitivesurvival:curedsmokedmeat-fish-raw",  shapeElement: "bowl/fish/*", textureMapping: ["normal", "group1"] }, { type: "item", code: "primitivesurvival:curedsmokedmeat-redmeat-raw",  shapeElement: "bowl/red meat/*", textureMapping: ["meat", "group2"] }, { type: "item", code: "primitivesurvival:curedsmokedmeat-bushmeat-raw",  shapeElement: "bowl/red meat/*", textureMapping: ["meat", "group7"] }, { type: "item", code: "primitivesurvival:curedsmokedmeat-poultry-raw",  shapeElement: "bowl/poultry/*", textureMapping: ["meat", "group3"] }, ], 
    "file": "game:recipes/cooking/augratin.json",
    "side": "server",
    dependsOn: [{ "modid": "primitivesurvival" }]
  },
  {
    "op": "addeach",
    "path": "/ingredients/5/validStacks/-",
    "value": [{ type: "item", code: "expandedfoods:sausagecrabherb-normal-raw",  shapeElement: "bowl/meatnugget 1/*", textureMapping: ["meatnugget", "crabmeat"]  }, { type: "item", code: "expandedfoods:sausagecrabherb-normal-dried",  shapeElement: "bowl/meatnugget 1/*", textureMapping: ["meatnugget", "crabmeat"]  }, { type: "item", code: "expandedfoods:sausagecrabherb-cheese-raw",  shapeElement: "bowl/meatnugget 1/*", textureMapping: ["meatnugget", "crabmeat"]  }, { type: "item", code: "expandedfoods:sausagecrabherb-cheese-dried",  shapeElement: "bowl/meatnugget 1/*", textureMapping: ["meatnugget", "crabmeat"]  }, { type: "item", code: "expandedfoods:sausagesnakeherb-normal-raw",  shapeElement: "bowl/meatnugget 1/*", textureMapping: ["meatnugget", "snakemeat"]  }, { type: "item", code: "expandedfoods:sausagesnakeherb-normal-dried",  shapeElement: "bowl/meatnugget 1/*", textureMapping: ["meatnugget", "snakemeat"]  }, { type: "item", code: "expandedfoods:sausagesnakeherb-cheese-raw",  shapeElement: "bowl/meatnugget 1/*", textureMapping: ["meatnugget", "snakemeat"]  }, { type: "item", code: "expandedfoods:sausagesnakeherb-cheese-dried",  shapeElement: "bowl/meatnugget 1/*", textureMapping: ["meatnugget", "snakemeat"]  },],
    "file": "game:recipes/cooking/augratin.json",
    "side": "server",
    dependsOn: [{ "modid": "primitivesurvival" }, { "modid": "wildcraft" }]
  },
  {
    "op": "addeach",
    "path": "/ingredients/6/validStacks/-",
    "value": [{ type: "item", code: "primitivesurvival:fishfillet-raw",  shapeElement: "bowl/fish 2/*", textureMapping: ["normal", "fishfillet-raw"] }, { type: "item", code: "expandedfoods:crabnugget-raw",  shapeElement: "bowl/meatnugget 2/*", textureMapping: ["meatnugget", "crabmeat"] }, { type: "item", code: "expandedfoods:snakenugget-raw",  shapeElement: "bowl/meatnugget 2/*", textureMapping: ["meatnugget", "snakemeat"] }, { type: "item", code: "expandedfoods:sausagecrab-normal-raw",  shapeElement: "bowl/meatnugget 2/*", textureMapping: ["meatnugget", "crabmeat"]  }, { type: "item", code: "expandedfoods:sausagecrab-normal-dried",  shapeElement: "bowl/meatnugget 2/*", textureMapping: ["meatnugget", "crabmeat"]  }, { type: "item", code: "expandedfoods:sausagecrab-cheese-raw",  shapeElement: "bowl/meatnugget 2/*", textureMapping: ["meatnugget", "crabmeat"]  }, { type: "item", code: "expandedfoods:sausagecrab-cheese-dried",  shapeElement: "bowl/meatnugget 2/*", textureMapping: ["meatnugget", "crabmeat"]  }, { type: "item", code: "expandedfoods:sausagesnake-normal-raw",  shapeElement: "bowl/meatnugget 2/*", textureMapping: ["meatnugget", "snakemeat"]  }, { type: "item", code: "expandedfoods:sausagesnake-normal-dried",  shapeElement: "bowl/meatnugget 22/*", textureMapping: ["meatnugget", "snakemeat"]  }, { type: "item", code: "expandedfoods:sausagesnake-cheese-raw",  shapeElement: "bowl/meatnugget 2/*", textureMapping: ["meatnugget", "snakemeat"]  }, { type: "item", code: "expandedfoods:sausagesnake-cheese-dried",  shapeElement: "bowl/meatnugget 2/*", textureMapping: ["meatnugget", "snakemeat"]  }, { type: "item", code: "primitivesurvival:smokedmeat-fish-raw",  shapeElement: "bowl/fish 2/*", textureMapping: ["normal", "group1"] }, { type: "item", code: "primitivesurvival:smokedmeat-redmeat-raw",  shapeElement: "bowl/red meat 2/*", textureMapping: ["meat", "group2"] }, { type: "item", code: "primitivesurvival:smokedmeat-bushmeat-raw",  shapeElement: "bowl/red meat 2/*", textureMapping: ["meat", "group7"] }, { type: "item", code: "primitivesurvival:smokedmeat-poultry-raw",  shapeElement: "bowl/poultry 2/*", textureMapping: ["meat", "group3"] }, { type: "item", code: "primitivesurvival:curedsmokedmeat-fish-raw",  shapeElement: "bowl/fish 2/*", textureMapping: ["normal", "group1"] }, { type: "item", code: "primitivesurvival:curedsmokedmeat-redmeat-raw",  shapeElement: "bowl/red meat 2/*", textureMapping: ["meat", "group2"] }, { type: "item", code: "primitivesurvival:curedsmokedmeat-bushmeat-raw",  shapeElement: "bowl/red meat 2/*", textureMapping: ["meat", "group7"] }, { type: "item", code: "primitivesurvival:curedsmokedmeat-poultry-raw",  shapeElement: "bowl/poultry 2/*", textureMapping: ["meat", "group3"] }, ],
    "file": "game:recipes/cooking/augratin.json",
    "side": "server",
    dependsOn: [{ "modid": "primitivesurvival" }]
  },
  {
    "op": "addeach",
    "path": "/ingredients/6/validStacks/-",
    "value": [{ type: "item", code: "expandedfoods:sausagecrabherb-normal-raw",  shapeElement: "bowl/meatnugget 1/*", textureMapping: ["meatnugget", "crabmeat"]  }, { type: "item", code: "expandedfoods:sausagecrabherb-normal-dried",  shapeElement: "bowl/meatnugget 1/*", textureMapping: ["meatnugget", "crabmeat"]  }, { type: "item", code: "expandedfoods:sausagecrabherb-cheese-raw",  shapeElement: "bowl/meatnugget 1/*", textureMapping: ["meatnugget", "crabmeat"]  }, { type: "item", code: "expandedfoods:sausagecrabherb-cheese-dried",  shapeElement: "bowl/meatnugget 1/*", textureMapping: ["meatnugget", "crabmeat"]  }, { type: "item", code: "expandedfoods:sausagesnakeherb-normal-raw",  shapeElement: "bowl/meatnugget 1/*", textureMapping: ["meatnugget", "snakemeat"]  }, { type: "item", code: "expandedfoods:sausagesnakeherb-normal-dried",  shapeElement: "bowl/meatnugget 1/*", textureMapping: ["meatnugget", "snakemeat"]  }, { type: "item", code: "expandedfoods:sausagesnakeherb-cheese-raw",  shapeElement: "bowl/meatnugget 1/*", textureMapping: ["meatnugget", "snakemeat"]  }, { type: "item", code: "expandedfoods:sausagesnakeherb-cheese-dried",  shapeElement: "bowl/meatnugget 1/*", textureMapping: ["meatnugget", "snakemeat"]  },],
    "file": "game:recipes/cooking/augratin.json",
    "side": "server",
    dependsOn: [{ "modid": "primitivesurvival" }, { "modid": "wildcraft" }]
  },
]