{
	"editor": {
		"allAngles": false,
		"singleTexture": false
	},
	"textureWidth": 16,
	"textureHeight": 16,
	"textures": {
		"material-top": "block/stone/mineral/milkyquartz-top",
		"material": "block/stone/mineral/milkyquartz"
	},
	"elements": [
		{
			"name": "origin",
			"from": [ 8.0, 0.0, 8.0 ], 
			"to": [ 8.0, 0.0, 8.0 ], 
			"rotationOrigin": [ 8.0, 0.0, 8.0 ],
			"faces": {
				"north": { "texture": "#material", "uv": [ 6.5, 12.0, 6.5, 12.0 ], "enabled": false },
				"east": { "texture": "#material", "uv": [ 4.5, 11.0, 4.5, 11.0 ], "enabled": false },
				"south": { "texture": "#material", "uv": [ 5.5, 14.5, 5.5, 14.5 ], "enabled": false },
				"west": { "texture": "#material", "uv": [ 6.0, 13.0, 6.0, 13.0 ], "enabled": false },
				"up": { "texture": "#material", "uv": [ 11.0, 12.0, 11.0, 12.0 ], "enabled": false },
				"down": { "texture": "#material", "uv": [ 3.0, 14.0, 3.0, 14.0 ], "enabled": false }
			},
			"children": [
				{
					"name": "crystal 1",
					"from": [ -0.5, -0.5, -0.5 ], 
					"to": [ 3.0, 8.5, 3.0 ], 
					"renderPass": 3,
					"rotationOrigin": [ 1.0, -0.5, 1.0 ],
					"rotationX": 16.0,
					"rotationY": 4.0,
					"rotationZ": 6.0,
					"faces": {
						"north": { "texture": "#material", "uv": [ 2.0, 1.0, 5.5, 10.0 ] },
						"east": { "texture": "#material", "uv": [ 9.0, 1.0, 12.5, 10.0 ] },
						"south": { "texture": "#material", "uv": [ 12.0, 1.0, 15.5, 10.0 ] },
						"west": { "texture": "#material", "uv": [ 8.5, 1.0, 12.0, 10.0 ] },
						"up": { "texture": "#material-top", "uv": [ 9.5, 10.0, 13.0, 13.5 ] },
						"down": { "texture": "#material", "uv": [ 0.0, 0.0, 3.5, 3.5 ], "enabled": false }
					}
				},
				{
					"name": "crystal 3",
					"from": [ -3.5, -0.4, -3.5 ], 
					"to": [ -1.0, 6.6, -1.0 ], 
					"renderPass": 3,
					"rotationOrigin": [ -2.0, -0.4, -2.0 ],
					"rotationX": -21.0,
					"rotationY": 28.0,
					"rotationZ": 15.0,
					"faces": {
						"north": { "texture": "#material", "uv": [ 2.0, 1.0, 4.5, 8.0 ] },
						"east": { "texture": "#material", "uv": [ 9.0, 1.0, 11.5, 8.0 ] },
						"south": { "texture": "#material", "uv": [ 13.0, 1.0, 15.5, 8.0 ] },
						"west": { "texture": "#material", "uv": [ 8.5, 1.0, 11.0, 8.0 ] },
						"up": { "texture": "#material-top", "uv": [ 11.5, 10.5, 14.0, 13.0 ] },
						"down": { "texture": "#material", "uv": [ 0.0, 0.0, 2.5, 2.5 ], "enabled": false }
					}
				},
				{
					"name": "crystal 4",
					"from": [ 2.2, -0.7, 2.5 ], 
					"to": [ 4.7, 12.3, 5.0 ], 
					"renderPass": 3,
					"rotationOrigin": [ 3.7, -0.7, 4.0 ],
					"rotationX": 19.0,
					"rotationY": 36.0,
					"rotationZ": -19.0,
					"faces": {
						"north": { "texture": "#material", "uv": [ 2.0, 1.0, 4.5, 14.0 ] },
						"east": { "texture": "#material", "uv": [ 9.0, 1.0, 11.5, 14.0 ] },
						"south": { "texture": "#material", "uv": [ 12.0, 1.0, 14.5, 14.0 ] },
						"west": { "texture": "#material", "uv": [ 8.5, 1.0, 11.0, 14.0 ] },
						"up": { "texture": "#material-top", "uv": [ 4.5, 8.5, 7.0, 11.0 ] },
						"down": { "texture": "#material", "uv": [ 0.0, 0.0, 2.5, 2.5 ], "enabled": false }
					}
				},
				{
					"name": "crystal 5",
					"from": [ 0.9, -0.8, -3.7 ], 
					"to": [ 4.4, 10.2, -0.2 ], 
					"renderPass": 3,
					"rotationOrigin": [ 2.4, -0.8, -2.2 ],
					"rotationX": -16.0,
					"rotationY": 4.0,
					"rotationZ": -16.0,
					"faces": {
						"north": { "texture": "#material", "uv": [ 2.0, 1.0, 5.5, 12.0 ] },
						"east": { "texture": "#material", "uv": [ 9.0, 1.0, 12.5, 12.0 ] },
						"south": { "texture": "#material", "uv": [ 12.0, 1.0, 15.5, 12.0 ] },
						"west": { "texture": "#material", "uv": [ 8.5, 1.0, 12.0, 12.0 ] },
						"up": { "texture": "#material-top", "uv": [ 4.0, 3.5, 7.5, 7.0 ] },
						"down": { "texture": "#material", "uv": [ 0.0, 0.0, 3.5, 3.5 ], "enabled": false }
					}
				},
				{
					"name": "crystal 7",
					"from": [ 3.8, -0.6, 0.5 ], 
					"to": [ 5.8, 4.4, 2.5 ], 
					"renderPass": 3,
					"rotationOrigin": [ 5.3, -0.6, 2.0 ],
					"rotationX": -25.0,
					"rotationY": -39.0,
					"rotationZ": -34.0,
					"faces": {
						"north": { "texture": "#material", "uv": [ 2.0, 1.0, 4.0, 6.0 ] },
						"east": { "texture": "#material", "uv": [ 9.0, 1.0, 11.0, 6.0 ] },
						"south": { "texture": "#material", "uv": [ 12.0, 1.0, 14.0, 6.0 ] },
						"west": { "texture": "#material", "uv": [ 8.5, 1.0, 10.5, 6.0 ] },
						"up": { "texture": "#material-top", "uv": [ 2.0, 4.5, 4.0, 6.5 ] },
						"down": { "texture": "#material", "uv": [ 0.0, 0.0, 2.0, 2.0 ], "enabled": false }
					}
				},
				{
					"name": "crystal 8",
					"from": [ -1.0, -0.4, 2.5 ], 
					"to": [ 0.5, 4.6, 4.0 ], 
					"renderPass": 3,
					"rotationOrigin": [ 0.5, -0.4, 4.0 ],
					"rotationX": 8.0,
					"rotationY": 59.0,
					"rotationZ": 35.0,
					"faces": {
						"north": { "texture": "#material", "uv": [ 2.0, 1.0, 3.5, 6.0 ] },
						"east": { "texture": "#material", "uv": [ 9.0, 1.0, 10.5, 6.0 ] },
						"south": { "texture": "#material", "uv": [ 13.0, 1.0, 14.5, 6.0 ] },
						"west": { "texture": "#material", "uv": [ 8.5, 1.0, 10.0, 6.0 ] },
						"up": { "texture": "#material-top", "uv": [ 13.5, 10.0, 15.0, 11.5 ] },
						"down": { "texture": "#material", "uv": [ 0.0, 0.0, 1.5, 1.5 ], "enabled": false }
					}
				},
				{
					"name": "crystal 9",
					"from": [ -3.7, -0.5, -0.5 ], 
					"to": [ -1.7, 9.0, 1.5 ], 
					"renderPass": 3,
					"rotationOrigin": [ -2.2, -0.5, 1.0 ],
					"rotationX": -18.0,
					"rotationY": 39.0,
					"rotationZ": 30.0,
					"faces": {
						"north": { "texture": "#material", "uv": [ 2.0, 1.0, 4.0, 10.5 ] },
						"east": { "texture": "#material", "uv": [ 9.0, 1.0, 11.0, 10.5 ] },
						"south": { "texture": "#material", "uv": [ 13.0, 1.0, 15.0, 10.5 ] },
						"west": { "texture": "#material", "uv": [ 8.5, 1.0, 10.5, 10.5 ] },
						"up": { "texture": "#material-top", "uv": [ 2.0, 9.0, 4.0, 11.0 ] },
						"down": { "texture": "#material", "uv": [ 0.0, 0.0, 2.0, 2.0 ], "enabled": false }
					}
				},
				{
					"name": "crystal 10",
					"from": [ -1.5, -0.5, -2.7 ], 
					"to": [ 0.5, 12.5, -0.7 ], 
					"renderPass": 3,
					"rotationOrigin": [ 0.0, -0.5, -1.2 ],
					"rotationX": -8.0,
					"rotationY": 43.0,
					"rotationZ": 9.0,
					"faces": {
						"north": { "texture": "#material", "uv": [ 2.0, 1.0, 4.0, 14.0 ] },
						"east": { "texture": "#material", "uv": [ 9.0, 1.0, 11.0, 14.0 ] },
						"south": { "texture": "#material", "uv": [ 13.0, 1.0, 15.0, 14.0 ] },
						"west": { "texture": "#material", "uv": [ 8.5, 1.0, 10.5, 14.0 ] },
						"up": { "texture": "#material-top", "uv": [ 12.5, 13.0, 14.5, 15.0 ] },
						"down": { "texture": "#material", "uv": [ 0.0, 0.0, 2.0, 2.0 ], "enabled": false }
					}
				},
				{
					"name": "crystal 11",
					"from": [ -2.1, -0.6, -5.5 ], 
					"to": [ -0.1, 2.4, -3.5 ], 
					"renderPass": 3,
					"rotationOrigin": [ -0.6, -0.6, -4.0 ],
					"rotationX": -32.0,
					"rotationY": -56.0,
					"rotationZ": -11.0,
					"faces": {
						"north": { "texture": "#material", "uv": [ 2.0, 1.0, 4.0, 4.0 ] },
						"east": { "texture": "#material", "uv": [ 9.0, 1.0, 11.0, 4.0 ] },
						"south": { "texture": "#material", "uv": [ 12.0, 1.0, 14.0, 4.0 ] },
						"west": { "texture": "#material", "uv": [ 8.5, 1.0, 10.5, 4.0 ] },
						"up": { "texture": "#material-top", "uv": [ 4.0, 11.0, 6.0, 13.0 ] },
						"down": { "texture": "#material", "uv": [ 0.0, 0.0, 2.0, 2.0 ], "enabled": false }
					}
				}
			]
		}
	]}