{
	"editor": {
		"allAngles": false,
		"entityTextureMode": false
	},
	"textureWidth": 16,
	"textureHeight": 16,
	"textureSizes": {
	},
	"textures": {
	},
	"elements": [
		{
			"name": "origin",
			"from": [ 7.1, -0.64, 6.4 ],
			"to": [ 7.1, -0.64, 6.4 ],
			"rotationOrigin": [ 7.1, -0.64, 6.4 ],
			"rotationY": -45.0,
			"rotationZ": 16.0,
			"faces": {
			},
			"children": [
				{
					"name": "base",
					"from": [ -1.6, 0.0, -1.6 ],
					"to": [ 1.6, 1.6, 3.2 ],
					"renderPass": 3,
					"faces": {
						"north": { "texture": "#material", "uv": [ 10.5, 1.0, 13.7, 2.6 ] },
						"east": { "texture": "#material", "uv": [ 0.0, 4.0, 4.8, 5.6 ] },
						"south": { "texture": "#material", "uv": [ 4.5, 7.0, 7.7, 8.6 ] },
						"west": { "texture": "#material", "uv": [ 9.5, 5.0, 14.3, 6.6 ] },
						"up": { "texture": "#material", "uv": [ 10.0, 2.0, 13.2, 6.8 ] }
					},
					"children": [
						{
							"name": "crystal 1",
							"from": [ 0.8, 0.8, 3.04 ],
							"to": [ 2.4, 8.8, 4.64 ],
							"renderPass": 3,
							"rotationOrigin": [ 1.6, 0.8, 3.84 ],
							"rotationX": 35.0,
							"faces": {
								"north": { "texture": "#material", "uv": [ 2.5, 1.0, 4.1, 9.0 ] },
								"east": { "texture": "#material", "uv": [ 6.0, 7.0, 7.6, 15.0 ] },
								"south": { "texture": "#material", "uv": [ 4.5, 1.5, 6.1, 9.5 ] },
								"west": { "texture": "#material", "uv": [ 1.0, 3.5, 2.6, 11.5 ] },
								"up": { "texture": "#material", "uv": [ 5.5, 2.0, 7.1, 3.6 ] }
							}
						},
						{
							"name": "crystal 2",
							"from": [ 0.96, 0.8, 1.92 ],
							"to": [ 2.56, 7.2, 3.52 ],
							"renderPass": 3,
							"rotationOrigin": [ 1.76, 0.8, 2.72 ],
							"rotationX": 20.0,
							"rotationY": -1.0,
							"rotationZ": -15.0,
							"faces": {
								"north": { "texture": "#material", "uv": [ 0.5, 9.0, 2.1, 15.4 ] },
								"east": { "texture": "#material", "uv": [ 8.0, 4.0, 9.6, 10.4 ] },
								"south": { "texture": "#material", "uv": [ 12.0, 9.0, 13.6, 15.4 ] },
								"west": { "texture": "#material", "uv": [ 8.5, 6.5, 10.1, 12.9 ] },
								"up": { "texture": "#material", "uv": [ 12.5, 10.5, 14.1, 12.1 ] }
							}
						},
						{
							"name": "crystal 3",
							"from": [ 0.48, 0.8, 0.48 ],
							"to": [ 2.08, 9.6, 2.08 ],
							"renderPass": 3,
							"rotationOrigin": [ 1.28, 0.8, 1.28 ],
							"rotationX": -30.0,
							"rotationY": 30.0,
							"rotationZ": 15.0,
							"faces": {
								"north": { "texture": "#material", "uv": [ 3.0, 3.0, 4.6, 11.8 ] },
								"east": { "texture": "#material", "uv": [ 8.0, 2.5, 9.6, 11.3 ] },
								"south": { "texture": "#material", "uv": [ 10.0, 5.5, 11.6, 14.3 ] },
								"west": { "texture": "#material", "uv": [ 4.0, 2.0, 5.6, 10.8 ] },
								"up": { "texture": "#material", "uv": [ 2.5, 5.5, 4.1, 7.1 ] }
							}
						},
						{
							"name": "crystal 4",
							"from": [ 0.8, 0.8, 0.96 ],
							"to": [ 2.4, 6.4, 2.56 ],
							"renderPass": 3,
							"rotationOrigin": [ 1.6, 0.8, 1.76 ],
							"rotationX": -41.0,
							"rotationZ": -30.0,
							"faces": {
								"north": { "texture": "#material", "uv": [ 7.5, 6.5, 9.1, 12.1 ] },
								"east": { "texture": "#material", "uv": [ 13.0, 5.0, 14.6, 10.6 ] },
								"south": { "texture": "#material", "uv": [ 8.0, 0.0, 9.6, 5.6 ] },
								"west": { "texture": "#material", "uv": [ 10.5, 9.5, 12.1, 15.1 ] },
								"up": { "texture": "#material", "uv": [ 7.5, 3.0, 9.1, 4.6 ] }
							}
						},
						{
							"name": "crystal 7",
							"from": [ 0.16, 0.8, 1.28 ],
							"to": [ 2.56, 6.4, 3.68 ],
							"renderPass": 3,
							"rotationOrigin": [ 1.28, 0.8, 2.4 ],
							"rotationX": 8.0,
							"rotationY": 14.0,
							"rotationZ": 30.0,
							"faces": {
								"north": { "texture": "#material", "uv": [ 9.5, 1.5, 11.9, 7.1 ] },
								"east": { "texture": "#material", "uv": [ 8.0, 7.5, 10.4, 13.1 ] },
								"south": { "texture": "#material", "uv": [ 3.5, 0.5, 5.9, 6.1 ] },
								"west": { "texture": "#material", "uv": [ 0.0, 2.0, 2.4, 7.6 ] },
								"up": { "texture": "#material", "uv": [ 12.5, 4.0, 14.9, 6.4 ] }
							}
						},
						{
							"name": "crystal 8",
							"from": [ 2.4, 1.12, 1.92 ],
							"to": [ 3.2, 5.92, 2.72 ],
							"renderPass": 3,
							"rotationOrigin": [ 2.72, 1.12, 2.24 ],
							"rotationX": 44.0,
							"rotationZ": -39.5,
							"faces": {
								"north": { "texture": "#material", "uv": [ 5.5, 7.0, 6.3, 11.8 ] },
								"east": { "texture": "#material", "uv": [ 10.5, 1.0, 11.3, 5.8 ] },
								"south": { "texture": "#material", "uv": [ 7.0, 10.0, 7.8, 14.8 ] },
								"west": { "texture": "#material", "uv": [ 3.5, 2.0, 4.3, 6.8 ] },
								"up": { "texture": "#material", "uv": [ 0.0, 6.5, 0.8, 7.3 ] }
							}
						},
						{
							"name": "crystal 9",
							"from": [ 0.0, 0.64, 0.0 ],
							"to": [ 0.8, 3.04, 0.8 ],
							"renderPass": 3,
							"rotationOrigin": [ 0.32, 0.64, 0.32 ],
							"rotationY": -25.0,
							"rotationZ": 47.0,
							"faces": {
								"north": { "texture": "#material", "uv": [ 14.5, 3.0, 15.3, 5.4 ] },
								"east": { "texture": "#material", "uv": [ 13.0, 13.0, 13.8, 15.4 ] },
								"south": { "texture": "#material", "uv": [ 5.5, 9.0, 6.3, 11.4 ] },
								"west": { "texture": "#material", "uv": [ 8.5, 2.5, 9.3, 4.9 ] },
								"up": { "texture": "#material", "uv": [ 4.0, 13.5, 4.8, 14.3 ] }
							}
						},
						{
							"name": "crystal 10",
							"from": [ 2.08, 1.12, 3.68 ],
							"to": [ 2.88, 4.32, 4.48 ],
							"renderPass": 3,
							"rotationOrigin": [ 2.4, 1.12, 4.0 ],
							"rotationX": 60.0,
							"rotationZ": -38.0,
							"faces": {
								"north": { "texture": "#material", "uv": [ 9.5, 4.0, 10.3, 7.2 ] },
								"east": { "texture": "#material", "uv": [ 0.5, 3.5, 1.3, 6.7 ] },
								"south": { "texture": "#material", "uv": [ 13.5, 4.5, 14.3, 7.7 ] },
								"west": { "texture": "#material", "uv": [ 6.5, 2.5, 7.3, 5.7 ] },
								"up": { "texture": "#material", "uv": [ 12.5, 8.0, 13.3, 8.8 ] }
							}
						}
					]
				}
			]
		},
		{
			"name": "origin",
			"from": [ 9.6, -0.84, 8.0 ],
			"to": [ 9.6, -0.84, 8.0 ],
			"rotationOrigin": [ 9.6, -0.84, 8.0 ],
			"rotationY": 16.0,
			"rotationZ": -16.0,
			"faces": {
			},
			"children": [
				{
					"name": "base",
					"from": [ -1.8, 0.0, -1.8 ],
					"to": [ 1.8, 1.8, 3.6 ],
					"renderPass": 3,
					"faces": {
						"north": { "texture": "#material", "uv": [ 7.5, 5.5, 11.0, 7.0 ] },
						"east": { "texture": "#material", "uv": [ 5.5, 9.5, 10.5, 11.0 ] },
						"south": { "texture": "#material", "uv": [ 9.5, 6.0, 13.0, 7.5 ] },
						"west": { "texture": "#material", "uv": [ 6.0, 4.5, 11.0, 6.0 ] },
						"up": { "texture": "#material", "uv": [ 7.0, 6.5, 10.5, 11.5 ] }
					},
					"children": [
						{
							"name": "crystal 1",
							"from": [ 0.9, 0.9, 3.42 ],
							"to": [ 2.7, 9.9, 5.22 ],
							"renderPass": 3,
							"rotationOrigin": [ 1.8, 0.9, 4.32 ],
							"rotationX": 35.0,
							"faces": {
								"north": { "texture": "#material", "uv": [ 11.5, 0.5, 13.3, 9.5 ] },
								"east": { "texture": "#material", "uv": [ 11.0, 6.0, 12.8, 15.0 ] },
								"south": { "texture": "#material", "uv": [ 7.5, 3.0, 9.3, 12.0 ] },
								"west": { "texture": "#material", "uv": [ 1.5, 0.0, 3.3, 9.0 ] },
								"up": { "texture": "#material", "uv": [ 14.0, 13.5, 15.8, 15.3 ] }
							}
						},
						{
							"name": "crystal 2",
							"from": [ 1.08, 0.9, 2.16 ],
							"to": [ 2.88, 8.1, 3.96 ],
							"renderPass": 3,
							"rotationOrigin": [ 1.98, 0.9, 3.06 ],
							"rotationX": 20.0,
							"rotationY": -1.0,
							"rotationZ": -15.0,
							"faces": {
								"north": { "texture": "#material", "uv": [ 7.5, 7.0, 9.3, 14.2 ] },
								"east": { "texture": "#material", "uv": [ 12.5, 4.5, 14.3, 11.7 ] },
								"south": { "texture": "#material", "uv": [ 7.5, 1.5, 9.3, 8.7 ] },
								"west": { "texture": "#material", "uv": [ 0.5, 8.5, 2.3, 15.7 ] },
								"up": { "texture": "#material", "uv": [ 2.5, 10.5, 4.3, 12.3 ] }
							}
						},
						{
							"name": "crystal 3",
							"from": [ 0.54, 0.9, 0.54 ],
							"to": [ 2.34, 10.8, 2.34 ],
							"renderPass": 3,
							"rotationOrigin": [ 1.44, 0.9, 1.44 ],
							"rotationX": -30.0,
							"rotationY": 30.0,
							"rotationZ": 26.0,
							"faces": {
								"north": { "texture": "#material", "uv": [ 6.5, 1.0, 8.3, 10.9 ] },
								"east": { "texture": "#material", "uv": [ 1.5, 3.5, 3.3, 13.4 ] },
								"south": { "texture": "#material", "uv": [ 1.5, 2.5, 3.3, 12.4 ] },
								"west": { "texture": "#material", "uv": [ 0.5, 5.5, 2.3, 15.4 ] },
								"up": { "texture": "#material", "uv": [ 5.5, 1.5, 7.3, 3.3 ] }
							}
						},
						{
							"name": "crystal 4",
							"from": [ 0.9, 0.9, 1.08 ],
							"to": [ 2.7, 7.2, 2.88 ],
							"renderPass": 3,
							"rotationOrigin": [ 1.8, 0.9, 1.98 ],
							"rotationX": -41.0,
							"rotationZ": -30.0,
							"faces": {
								"north": { "texture": "#material", "uv": [ 4.0, 5.0, 5.8, 11.3 ] },
								"east": { "texture": "#material", "uv": [ 5.5, 5.0, 7.3, 11.3 ] },
								"south": { "texture": "#material", "uv": [ 1.5, 8.0, 3.3, 14.3 ] },
								"west": { "texture": "#material", "uv": [ 10.0, 9.0, 11.8, 15.3 ] },
								"up": { "texture": "#material", "uv": [ 2.5, 4.5, 4.3, 6.3 ] }
							}
						},
						{
							"name": "crystal 7",
							"from": [ 0.18, 0.9, 1.44 ],
							"to": [ 2.88, 7.2, 4.14 ],
							"renderPass": 3,
							"rotationOrigin": [ 1.44, 0.9, 2.7 ],
							"rotationX": 8.0,
							"rotationY": 14.0,
							"rotationZ": 30.0,
							"faces": {
								"north": { "texture": "#material", "uv": [ 1.5, 6.0, 4.2, 12.3 ] },
								"east": { "texture": "#material", "uv": [ 7.0, 8.5, 9.7, 14.8 ] },
								"south": { "texture": "#material", "uv": [ 12.5, 6.0, 15.2, 12.3 ] },
								"west": { "texture": "#material", "uv": [ 8.5, 3.5, 11.2, 9.8 ] },
								"up": { "texture": "#material", "uv": [ 7.5, 11.5, 10.2, 14.2 ] }
							}
						},
						{
							"name": "crystal 8",
							"from": [ 2.7, 1.26, 2.16 ],
							"to": [ 3.6, 6.66, 3.06 ],
							"renderPass": 3,
							"rotationOrigin": [ 3.06, 1.26, 2.52 ],
							"rotationX": 25.0,
							"rotationZ": -41.0,
							"faces": {
								"north": { "texture": "#material", "uv": [ 14.0, 6.0, 14.9, 11.4 ] },
								"east": { "texture": "#material", "uv": [ 7.0, 5.0, 7.9, 10.4 ] },
								"south": { "texture": "#material", "uv": [ 13.0, 3.0, 13.9, 8.4 ] },
								"west": { "texture": "#material", "uv": [ 1.5, 8.0, 2.4, 13.4 ] },
								"up": { "texture": "#material", "uv": [ 7.0, 10.0, 7.9, 10.9 ] }
							}
						},
						{
							"name": "crystal 9",
							"from": [ 0.0, 0.72, 0.0 ],
							"to": [ 0.9, 3.42, 0.9 ],
							"renderPass": 3,
							"rotationOrigin": [ 0.36, 0.72, 0.36 ],
							"rotationY": -25.0,
							"rotationZ": 47.0,
							"faces": {
								"north": { "texture": "#material", "uv": [ 7.0, 8.5, 7.9, 11.2 ] },
								"east": { "texture": "#material", "uv": [ 6.0, 12.0, 6.9, 14.7 ] },
								"south": { "texture": "#material", "uv": [ 3.0, 5.0, 3.9, 7.7 ] },
								"west": { "texture": "#material", "uv": [ 10.5, 11.5, 11.4, 14.2 ] },
								"up": { "texture": "#material", "uv": [ 3.5, 2.5, 4.4, 3.4 ] }
							}
						},
						{
							"name": "crystal 10",
							"from": [ 2.34, 1.26, 4.14 ],
							"to": [ 3.24, 4.86, 5.04 ],
							"renderPass": 3,
							"rotationOrigin": [ 2.7, 1.26, 4.5 ],
							"rotationX": 60.0,
							"rotationZ": -38.0,
							"faces": {
								"north": { "texture": "#material", "uv": [ 13.5, 7.0, 14.4, 10.6 ] },
								"east": { "texture": "#material", "uv": [ 1.5, 10.0, 2.4, 13.6 ] },
								"south": { "texture": "#material", "uv": [ 12.0, 6.0, 12.9, 9.6 ] },
								"west": { "texture": "#material", "uv": [ 9.0, 11.0, 9.9, 14.6 ] },
								"up": { "texture": "#material", "uv": [ 6.0, 7.5, 6.9, 8.4 ] }
							}
						}
					]
				}
			]
		}
	]}