{
	"editor": {
		"allAngles": false,
		"singleTexture": false
	},
	"textureWidth": 16,
	"textureHeight": 16,
	"textures": {
		"material": "block/stone/mineral/milkyquartz"
	},
	"elements": [
		{
			"name": "origin",
			"from": [ 8.0, 0.0, 8.0 ], 
			"to": [ 8.0, 0.0, 8.0 ], 
			"rotationOrigin": [ 8.0, 0.0, 8.0 ],
			"faces": {
				"north": { "texture": "#material", "uv": [ 6.5, 12.0, 6.5, 12.0 ], "enabled": false },
				"east": { "texture": "#material", "uv": [ 4.5, 11.0, 4.5, 11.0 ], "enabled": false },
				"south": { "texture": "#material", "uv": [ 5.5, 14.5, 5.5, 14.5 ], "enabled": false },
				"west": { "texture": "#material", "uv": [ 6.0, 13.0, 6.0, 13.0 ], "enabled": false },
				"up": { "texture": "#material", "uv": [ 11.0, 12.0, 11.0, 12.0 ], "enabled": false },
				"down": { "texture": "#material", "uv": [ 3.0, 14.0, 3.0, 14.0 ], "enabled": false }
			},
			"children": [
				{
					"name": "crystal 1",
					"from": [ -0.5, -0.5, -0.5 ], 
					"to": [ 3.0, 9.5, 3.0 ], 
					"renderPass": 3,
					"rotationOrigin": [ 1.0, -0.5, 1.0 ],
					"rotationX": 16.0,
					"rotationY": 4.0,
					"rotationZ": 6.0,
					"faces": {
						"north": { "texture": "#material", "uv": [ 2.0, 1.0, 5.5, 11.0 ] },
						"east": { "texture": "#material", "uv": [ 9.0, 1.0, 12.5, 11.0 ] },
						"south": { "texture": "#material", "uv": [ 12.0, 1.0, 15.5, 11.0 ] },
						"west": { "texture": "#material", "uv": [ 8.5, 1.0, 12.0, 11.0 ] },
						"up": { "texture": "#material", "uv": [ 6.0, 1.0, 9.5, 4.5 ] },
						"down": { "texture": "#material", "uv": [ 0.0, 0.0, 3.5, 3.5 ], "enabled": false }
					}
				},
				{
					"name": "crystal 3",
					"from": [ -3.5, -0.4, -3.5 ], 
					"to": [ -1.0, 8.6, -1.0 ], 
					"renderPass": 3,
					"rotationOrigin": [ -2.0, -0.4, -2.0 ],
					"rotationX": -21.0,
					"rotationY": 28.0,
					"rotationZ": 15.0,
					"faces": {
						"north": { "texture": "#material", "uv": [ 2.0, 1.0, 4.5, 10.0 ] },
						"east": { "texture": "#material", "uv": [ 9.0, 1.0, 11.5, 10.0 ] },
						"south": { "texture": "#material", "uv": [ 13.0, 1.0, 15.5, 10.0 ] },
						"west": { "texture": "#material", "uv": [ 8.5, 1.0, 11.0, 10.0 ] },
						"up": { "texture": "#material", "uv": [ 6.0, 1.0, 8.5, 3.5 ] },
						"down": { "texture": "#material", "uv": [ 0.0, 0.0, 2.5, 2.5 ], "enabled": false }
					}
				},
				{
					"name": "crystal 4",
					"from": [ 2.2, -0.7, 2.5 ], 
					"to": [ 5.2, 3.3, 5.5 ], 
					"renderPass": 3,
					"rotationOrigin": [ 3.7, -0.7, 4.0 ],
					"rotationX": 19.0,
					"rotationY": 36.0,
					"rotationZ": -19.0,
					"faces": {
						"north": { "texture": "#material", "uv": [ 2.0, 1.0, 5.0, 5.0 ] },
						"east": { "texture": "#material", "uv": [ 9.0, 1.0, 12.0, 5.0 ] },
						"south": { "texture": "#material", "uv": [ 12.0, 1.0, 15.0, 5.0 ] },
						"west": { "texture": "#material", "uv": [ 8.5, 1.0, 11.5, 5.0 ] },
						"up": { "texture": "#material", "uv": [ 6.0, 1.0, 9.0, 4.0 ] },
						"down": { "texture": "#material", "uv": [ 0.0, 0.0, 3.0, 3.0 ], "enabled": false }
					}
				},
				{
					"name": "crystal 5",
					"from": [ 0.9, -0.8, -3.7 ], 
					"to": [ 4.9, 11.2, 0.3 ], 
					"renderPass": 3,
					"rotationOrigin": [ 2.4, -0.8, -2.2 ],
					"rotationX": -6.0,
					"rotationY": 4.0,
					"rotationZ": -3.0,
					"faces": {
						"north": { "texture": "#material", "uv": [ 2.0, 1.0, 6.0, 13.0 ] },
						"east": { "texture": "#material", "uv": [ 9.0, 1.0, 13.0, 13.0 ] },
						"south": { "texture": "#material", "uv": [ 12.0, 1.0, 16.0, 13.0 ] },
						"west": { "texture": "#material", "uv": [ 8.5, 1.0, 12.5, 13.0 ] },
						"up": { "texture": "#material", "uv": [ 6.0, 1.0, 10.0, 5.0 ] },
						"down": { "texture": "#material", "uv": [ 0.0, 0.0, 4.0, 4.0 ], "enabled": false }
					}
				},
				{
					"name": "crystal 7",
					"from": [ 3.8, -0.5, -7.5 ], 
					"to": [ 6.8, 2.5, -4.5 ], 
					"renderPass": 3,
					"rotationOrigin": [ 5.3, -0.5, -6.0 ],
					"rotationY": -39.0,
					"rotationZ": -8.0,
					"faces": {
						"north": { "texture": "#material", "uv": [ 2.0, 1.0, 5.0, 4.0 ] },
						"east": { "texture": "#material", "uv": [ 9.0, 1.0, 12.0, 4.0 ] },
						"south": { "texture": "#material", "uv": [ 12.0, 1.0, 15.0, 4.0 ] },
						"west": { "texture": "#material", "uv": [ 8.5, 1.0, 11.5, 4.0 ] },
						"up": { "texture": "#material", "uv": [ 6.0, 1.0, 9.0, 4.0 ] },
						"down": { "texture": "#material", "uv": [ 0.0, 0.0, 3.0, 3.0 ], "enabled": false }
					}
				},
				{
					"name": "crystal 8",
					"from": [ -4.5, -0.7, 2.5 ], 
					"to": [ -2.0, 5.3, 5.0 ], 
					"renderPass": 3,
					"rotationOrigin": [ -3.0, -0.7, 4.0 ],
					"rotationX": 8.0,
					"rotationY": 43.0,
					"rotationZ": 15.0,
					"faces": {
						"north": { "texture": "#material", "uv": [ 2.0, 1.0, 4.5, 7.0 ] },
						"east": { "texture": "#material", "uv": [ 9.0, 1.0, 11.5, 7.0 ] },
						"south": { "texture": "#material", "uv": [ 13.0, 1.0, 15.5, 7.0 ] },
						"west": { "texture": "#material", "uv": [ 8.5, 1.0, 11.0, 7.0 ] },
						"up": { "texture": "#material", "uv": [ 6.0, 1.0, 8.5, 3.5 ] },
						"down": { "texture": "#material", "uv": [ 0.0, 0.0, 2.5, 2.5 ], "enabled": false }
					}
				},
				{
					"name": "crystal 9",
					"from": [ -5.5, -0.5, -0.5 ], 
					"to": [ -3.5, 2.0, 1.5 ], 
					"renderPass": 3,
					"rotationOrigin": [ -4.0, -0.5, 1.0 ],
					"rotationX": -11.0,
					"rotationY": 39.0,
					"rotationZ": 22.0,
					"faces": {
						"north": { "texture": "#material", "uv": [ 2.0, 1.0, 4.0, 3.5 ] },
						"east": { "texture": "#material", "uv": [ 9.0, 1.0, 11.0, 3.5 ] },
						"south": { "texture": "#material", "uv": [ 13.0, 1.0, 15.0, 3.5 ] },
						"west": { "texture": "#material", "uv": [ 8.5, 1.0, 10.5, 3.5 ] },
						"up": { "texture": "#material", "uv": [ 6.0, 1.0, 8.0, 3.0 ] },
						"down": { "texture": "#material", "uv": [ 0.0, 0.0, 2.0, 2.0 ], "enabled": false }
					}
				},
				{
					"name": "crystal 10",
					"from": [ -0.5, -0.5, -1.5 ], 
					"to": [ 1.5, 13.5, 0.5 ], 
					"renderPass": 3,
					"rotationOrigin": [ 1.0, -0.5, 0.0 ],
					"rotationX": -8.0,
					"rotationY": 43.0,
					"rotationZ": 9.0,
					"faces": {
						"north": { "texture": "#material", "uv": [ 2.0, 1.0, 4.0, 15.0 ] },
						"east": { "texture": "#material", "uv": [ 9.0, 1.0, 11.0, 15.0 ] },
						"south": { "texture": "#material", "uv": [ 13.0, 1.0, 15.0, 15.0 ] },
						"west": { "texture": "#material", "uv": [ 8.5, 1.0, 10.5, 15.0 ] },
						"up": { "texture": "#material", "uv": [ 6.0, 1.0, 8.0, 3.0 ] },
						"down": { "texture": "#material", "uv": [ 0.0, 0.0, 2.0, 2.0 ], "enabled": false }
					}
				}
			]
		}
	]}