{
	code: "pasta",
	maxstacksize: 32,
  	class: "ExpandedFood",
	variantgroups: [
		{code: "type", states: ["dough", "flat", "cut", "cooked"]},
	],
	attributes: {
		displaycaseable: true,
		shelvable: true,
		inContainerTexture: { base: "item/food/pasta/ricepasta" },
		nutritionPropsWhenInMealByType: {
			"*-cut": {
				satiety: 240,
				foodcategory: "Grain"
			},
		},
		"onDisplayTransformByType": {
			"@*-(flat|cut|cooked)": { translation: { x: 0, y: -0.25, z: 0 }, scale: 0.5 },
		},
		"expandedNutritionPropsByType": {
			"*-dough": {
      			"game:flour-rice" : { saturation: 190, foodcategory: "Grain" },
      			"game:flour-rye" : { saturation: 155, foodcategory: "Grain" },
      			"game:flour-spelt" : { saturation: 155, foodcategory: "Grain" },
      			"game:flour-cassava" : { saturation: 155, foodcategory: "Grain" },
      			"game:flour-amaranth" : { saturation: 155, foodcategory: "Grain" },
      			"game:flour-sunflower" : { saturation: 155, foodcategory: "Grain" },
				"aculinaryartillery:eggyolkportion-chicken": { saturation: 17, foodcategory: "Protein"},
				"aculinaryartillery:eggyolkportion-pheasant": { saturation: 25, foodcategory: "Protein"},
				"aculinaryartillery:eggyolkportion-goldenpheasant": { saturation: 25, foodcategory: "Protein"},
				"aculinaryartillery:eggyolkportion-capercaillie": { saturation: 25, foodcategory: "Protein"},
				"aculinaryartillery:eggyolkportion-wildturkey": { saturation: 25, foodcategory: "Protein"},
				"aculinaryartillery:eggyolkfullportion-chicken": { saturation: 20, foodcategory: "Protein"},
				"aculinaryartillery:eggyolkfullportion-pheasant": { saturation: 28, foodcategory: "Protein"},
				"aculinaryartillery:eggyolkfullportion-goldenpheasant": { saturation: 28, foodcategory: "Protein"},
				"aculinaryartillery:eggyolkfullportion-capercaillie": { saturation: 28, foodcategory: "Protein"},
				"aculinaryartillery:eggyolkfullportion-wildturkey": { saturation: 28, foodcategory: "Protein"},
			},
		},
    	renderIngredientsByType: {
			"*-dough": {
      			"game:flour-flax" : "expandedfoods:shapes/item/food/bread/pasta/flax-pastaball.json",
				"game:flour-rye" : "expandedfoods:shapes/item/food/bread/pasta/rye-pastaball.json",
				"game:flour-spelt" : "expandedfoods:shapes/item/food/bread/pasta/spelt-pastaball.json",
				"game:flour-rice" : "expandedfoods:shapes/item/food/bread/pasta/rice-pastaball.json",
				"game:flour-cassava" : "expandedfoods:shapes/item/food/bread/pasta/cassava-pastaball.json",
				"game:flour-amaranth" : "expandedfoods:shapes/item/food/bread/pasta/amaranth-pastaball.json",
				"game:flour-sunflower" : "expandedfoods:shapes/item/food/bread/pasta/sunflower-pastaball.json",
				"game:flour-birch" : "expandedfoods:shapes/item/food/bread/pasta/birch-pastaball.json",
				"game:flour-pine" : "expandedfoods:shapes/item/food/bread/pasta/pine-pastaball.json",
				"game:flour-maple" : "expandedfoods:shapes/item/food/bread/pasta/maple-pastaball.json",
			},
			"*-flat": {
      			"game:flour-flax" : "expandedfoods:shapes/item/food/bread/pasta/flax-pasta.json",
				"game:flour-rye" : "expandedfoods:shapes/item/food/bread/pasta/rye-pasta.json",
				"game:flour-spelt" : "expandedfoods:shapes/item/food/bread/pasta/spelt-pasta.json",
				"game:flour-rice" : "expandedfoods:shapes/item/food/bread/pasta/rice-pasta.json",
				"game:flour-cassava" : "expandedfoods:shapes/item/food/bread/pasta/cassava-pasta.json",
				"game:flour-amaranth" : "expandedfoods:shapes/item/food/bread/pasta/amaranth-pasta.json",
				"game:flour-sunflower" : "expandedfoods:shapes/item/food/bread/pasta/sunflower-pasta.json",
				"game:flour-birch" : "expandedfoods:shapes/item/food/bread/pasta/birch-pasta.json",
				"game:flour-pine" : "expandedfoods:shapes/item/food/bread/pasta/pine-pasta.json",
				"game:flour-maple" : "expandedfoods:shapes/item/food/bread/pasta/maple-pasta.json",
			},
			"*-cut": {
      			"game:flour-flax" : "expandedfoods:shapes/item/food/bread/pasta/flax-pastacut.json",
				"game:flour-rye" : "expandedfoods:shapes/item/food/bread/pasta/rye-pastacut.json",
				"game:flour-spelt" : "expandedfoods:shapes/item/food/bread/pasta/spelt-pastacut.json",
				"game:flour-rice" : "expandedfoods:shapes/item/food/bread/pasta/rice-pastacut.json",
				"game:flour-cassava" : "expandedfoods:shapes/item/food/bread/pasta/cassava-pastacut.json",
				"game:flour-amaranth" : "expandedfoods:shapes/item/food/bread/pasta/amaranth-pastacut.json",
				"game:flour-sunflower" : "expandedfoods:shapes/item/food/bread/pasta/sunflower-pastacut.json",
				"game:flour-birch" : "expandedfoods:shapes/item/food/bread/pasta/birch-pastacut.json",
				"game:flour-pine" : "expandedfoods:shapes/item/food/bread/pasta/pine-pastacut.json",
				"game:flour-maple" : "expandedfoods:shapes/item/food/bread/pasta/maple-pastacut.json",
			},
			"*-cooked": {
      			"game:flour-flax" : "expandedfoods:shapes/item/food/bread/pasta/flax-pastacooked.json",
				"game:flour-rye" : "expandedfoods:shapes/item/food/bread/pasta/rye-pastacooked.json",
				"game:flour-spelt" : "expandedfoods:shapes/item/food/bread/pasta/spelt-pastacooked.json",
				"game:flour-rice" : "expandedfoods:shapes/item/food/bread/pasta/rice-pastacooked.json",
				"game:flour-cassava" : "expandedfoods:shapes/item/food/bread/pasta/cassava-pastacooked.json",
				"game:flour-amaranth" : "expandedfoods:shapes/item/food/bread/pasta/amaranth-pastacooked.json",
				"game:flour-sunflower" : "expandedfoods:shapes/item/food/bread/pasta/sunflower-pastacooked.json",
				"game:flour-birch" : "expandedfoods:shapes/item/food/bread/pasta/birch-pastacooked.json",
				"game:flour-pine" : "expandedfoods:shapes/item/food/bread/pasta/pine-pastacooked.json",
				"game:flour-maple" : "expandedfoods:shapes/item/food/bread/pasta/maple-pastacooked.json",
			},
		},
	},
  	textures: {
    		"flaxraw": {base: "item/food/dumpling/flaxraw" },
    		"riceraw": {base: "item/food/dumpling/riceraw" },
    		"speltraw": {base: "item/food/dumpling/speltraw" },
    		"ryeraw": {base: "item/food/dumpling/ryeraw" },
    		"cassavaraw": {base: "item/food/dumpling/cassavaraw" },
    		"amaranthraw": {base: "item/food/dumpling/amaranthraw" },
    		"sunflowerraw": {base: "item/food/dumpling/sunflowerraw" },
    		"birchraw": {base: "item/food/dumpling/birchraw" },
    		"pineraw": {base: "item/food/dumpling/pineraw" },
    		"mapleraw": {base: "item/food/dumpling/mapleraw" },
    		"flaxpasta": {base: "item/food/pasta/flaxpasta" },
    		"ricepasta": {base: "item/food/pasta/ricepasta" },
    		"speltpasta": {base: "item/food/pasta/speltpasta" },
    		"ryepasta": {base: "item/food/pasta/ryepasta" },
    		"cassavapasta": {base: "item/food/pasta/cassavapasta" },
    		"amaranthpasta": {base: "item/food/pasta/amaranthpasta" },
    		"sunflowerpasta": {base: "item/food/pasta/sunflowerpasta" },
    		"birchpasta": {base: "item/food/pasta/birchpasta" },
    		"pinepasta": {base: "item/food/pasta/pinepasta" },
    		"maplepasta": {base: "item/food/pasta/maplepasta" },
  	},
	shapeByType: {
		"*-dough": { base: "expandedfoods:item/food/bread/pasta/flax-pastaball" },
		"*-flat": { base: "expandedfoods:item/food/bread/pasta/flax-pasta" },
		"*-cut": { base: "expandedfoods:item/food/bread/pasta/flax-pastacut" },
		"*-cooked": { base: "expandedfoods:item/food/bread/pasta/flax-pastacooked" },
	},
	creativeinventory: { "general": ["*"], "items": ["*"], "expandedfoods": ["*"] },
	materialDensity: 200,
	nutritionPropsByType: {
		"*-cooked": { satiety: 180, foodcategory: "Grain" },
	},
	guiTransformByType: {
		"*-dough": {
			translation: { x: 2.5, y: -2.5, z: 0 },
			rotation: { x: 180, y: -115, z: 26 },
			origin: { x: 0.57, y: 0.07, z: 0.5 },
			scale: 4.5
		},
		"*-flat": {
			translation: { x: 1.55, y: -4.5, z: 0 },
			rotation: { x: 180, y: -131, z: 50 },
			origin: { x: 0.57, y: 0.07, z: 0.5 },
			scale: 2
		},
		"*-cut": {
			translation: { x: -1.5, y: -2.5, z: 0 },
			rotation: { x: 158, y: 158, z: -10 },
			origin: { x: 0.57, y: 0.07, z: 0.5 },
			scale: 3
		},
		"*-cooked": {
			translation: { x: 1.5, y: -4.5, z: 0 },
			rotation: { x: 180, y: -100, z: 60 },
			origin: { x: 0.57, y: 0.07, z: 0.5 },
			scale: 1.75
		},
	},
	groundTransformByType: {
		"*-dough": {
			rotation: { x: 0, y: 0, z: 0 },
			origin: { x: 0.5, y: 0.0, z: 0.5 },
			scale: 3
		},
		"*": {
			rotation: { x: 0, y: 0, z: 0 },
			origin: { x: 0.5, y: 0.0, z: 0.5 },
			scale: 2.5
		},
	},
	fpHandTransformByType: {
		"*-dough": {
			translation: { x: 0, y: 0.22, z: 0.2 },
			rotation: { x: 47, y: 1, z: -17 },
			origin: { x: 0.5, y: 0.1, z: 0.5 },
			scale: 2
		},
		"*": {
			translation: { x: 0, y: 0.22, z: 0.2 },
			rotation: { x: 47, y: 1, z: -17 },
			origin: { x: 0.5, y: 0.1, z: 0.5 },
			scale: 1
		},
	},
	tpHandTransformByType: {
		"*-cut": {
			translation: { x: -0.2, y: -0.1, z: -0.45 },
			rotation: { x: -10, y: 80, z: -11 },
			origin: { x: 0.23, y: 0, z: 0.13 },
			scale: 0.5
		},
		"*-dough": {
			translation: { x: -0.1, y: -0.15, z: -0.35 },
			rotation: { x: -10, y: 75, z: -11 },
			origin: { x: 0.23, y: 0, z: 0.13 },
			scale: 0.7
		},
		"*": {
			translation: { x: -0.3, y: 0.1, z: 0.05 },
			rotation: { x: -28, y: -2, z: 0 },
			origin: { x: 0.23, y: 0, z: 0.13 },
			scale: 0.35
		},
	},
	transitionablePropsByType: {
		"*": [{
			type: "Perish",
			freshHours: { avg: 72 },
			transitionHours: { avg: 36 },
			transitionedStack: { type: "item", code: "game:rot" },
			transitionRatio: 1
		}],
	}
}
