﻿[
	{
		"op": "add",
		"path": "/client/animations/-",
		"value": {
			code: "adzestrip",
			animation: "AdzeStrip",
			animationSpeed: 1.0,
			blendMode: "Add",
			elementWeight: {
				"UpperArmR": 7,
				"UpperArmL": 7,
			},
			elementBlendMode: {
				"UpperArmR": "AddAverage",
				"UpperArmL": "AddAverage",
			}
		},
		"file": "game:entities/humanoid/player",
		"side": "Server"
	},
	{
		"op": "add",
		"path": "/client/animations/-",
		"value": {
			code: "dumpsalve",
			animation: "DumpSalve",
			animationSpeed: 1.0,
			blendMode: "Add",
			elementWeight: {
				"UpperArmR": 20,
				"UpperArmL": 20,
				"LowerArmL": 100,
				"ItemAnchor": 100
			},
			elementBlendMode: {
				"UpperArmR": "AddAverage",
				"UpperArmL": "AddAverage",
				"LowerArmL": "AddAverage",
				"ItemAnchor": "AddAverage"
			}
		},
		"file": "game:entities/humanoid/player",
		"side": "Server"
	},
	{
		"op": "add",
		"path": "/client/animations/-",
		"value": {
			code: "meltpitchrepair",
			animation: "MeltPitchRepair",
			animationSpeed: 1.0,
			elementWeight: {
				"UpperArmR": 300,
				"UpperArmL": 300,
				"LowerArmL": 300,
				"LowerArmR": 300,
			},
			elementBlendMode: {
				"UpperArmR": "AddAverage",
				"UpperArmL": "AddAverage",
				"LowerArmL": "AddAverage",
				"LowerArmR": "AddAverage",
			}
		},
		"file": "game:entities/humanoid/player",
		"side": "Server"
	},
	{
		"op": "add",
		"path": "/server/behaviors/-",
		"value": { code: "MobileStorageDebuffRemoval" },
		"file": "game:entities/humanoid/player",
		"side": "Server"
	},
	{
		"op": "add",
		"path": "/client/behaviors/-",
		"value": { code: "MobileStorageDebuffRemoval" },
		"file": "game:entities/humanoid/player",
		"side": "Server"
	}
]