[
	{
	"comment": "Allow converting materials from pre 2.4.0 to the new codes",
	"ingredientPattern": "G",
	"ingredients": {
		"G": { "type": "item", "code": "em:crushed-ore-granite" }
	},
	"width": 1,
	"height": 1,
	"shapeless": true,
	"output": { "type": "item", "code": "em:crushed-stone-granite", "quantity": 1 }
	},
	{
	"ingredientPattern": "G",
	"ingredients": {
		"G": { "type": "item", "code": "em:powdered-ore-granite" }
	},
	"width": 1,
	"height": 1,
	"shapeless": true,
	"output": { "type": "item", "code": "em:powdered-stone-granite", "quantity": 1 }
	},
	{
	"ingredientPattern": "G",
	"ingredients": {
		"G": { "type": "item", "code": "em:powdered-ore-bauxite" }
	},
	"width": 1,
	"height": 1,
	"shapeless": true,
	"output": { "type": "item", "code": "em:powdered-stone-bauxite", "quantity": 1 }
	}
]
