{
	"editor": {
		"collapsedPaths": "Root/Crossbow/Latch,Root/Crossbow/Wheel/Cube2,Root/lever_1,Root/Bow/Bow_right_limb_19,Root/Crossbow/Wheel/Cube3,Root/Crossbow/Wheel,Root/Bow/Bow_right_limb_13,Root/Bow,Root/Stock,Root/Stock/Stock_front_1,Root/Bow/Bow_right_limb_7,Root/Crossbow/Latch/latch_4/Wheel/Cube5,Root/String,Root/Crossbow/Plate,Root/Crossbow/Latch/latch_4/Wheel/Cube6,Root/Crossbow/Latch/latch_4/Wheel,Root/Plate,Root/Crossbow/Lever,Root/Crossbow/String,Root/Bow_holder_1,Root/Bow_holder_4,Root/Bow_right_limb_7,Root/Bow_right_limb_1,Root/Cube12,Root/Crossbow/Stock,Root/Crossbow/Bow,Root/Stock/Stock_back_1,Root/Crossbow/Wheel/Cube12,Root/Crossbow/Stock/Stock_front_1/Stock_front_26,Root/Bow/Bow_right_limb_19/Bow_right_limb_7,Root/Cube2,Root/Cube3,Root/Wheel,Root/Crossbow/lever_1,Root/Crossbow/Stock/Front_0",
		"allAngles": false,
		"entityTextureMode": false
	},
	"textureWidth": 16,
	"textureHeight": 16,
	"textureSizes": {
	},
	"textures": {
		"linen": "block/cloth/linen/normal1",
		"brass": "block/metal/plate/brass",
		"iron": "block/metal/plate/iron",
		"metal": "block/metal/plate/tinbronze",
		"woodbow": "block/wood/debarked/larch",
		"wood": "block/wood/debarked/oak"
	},
	"elements": [
		{
			"name": "Crossbow",
			"from": [ 8.0, -0.5, 11.0 ],
			"to": [ 8.0, -0.5, 11.0 ],
			"rotationOrigin": [ 8.0, -0.5, 11.0 ],
			"faces": {
				"north": { "texture": "#metal", "uv": [ 0.0, 0.0, 0.5, 0.5 ] },
				"east": { "texture": "#metal", "uv": [ 0.0, 0.0, 0.5, 0.5 ] },
				"south": { "texture": "#metal", "uv": [ 0.0, 0.0, 0.5, 0.5 ] },
				"west": { "texture": "#metal", "uv": [ 0.0, 0.0, 0.5, 0.5 ] },
				"up": { "texture": "#metal", "uv": [ 0.0, 0.0, 0.5, 0.5 ] },
				"down": { "texture": "#metal", "uv": [ 0.0, 0.0, 0.5, 0.5 ] }
			},
			"children": [
				{
					"name": "String",
					"from": [ -0.5, 2.0, -6.3 ],
					"to": [ 1.0, 2.5, -5.8 ],
					"rotationOrigin": [ -0.5, 2.0, -6.2 ],
					"faces": {
						"north": { "texture": "#linen", "uv": [ 7.0, 3.5, 9.0, 4.5 ], "autoUv": false },
						"east": { "texture": "#linen", "uv": [ 0.0, 0.0, 0.5, 0.5 ] },
						"south": { "texture": "#linen", "uv": [ 8.0, 6.5, 10.0, 7.5 ], "autoUv": false },
						"west": { "texture": "#linen", "uv": [ 0.0, 0.0, 0.5, 0.5 ] },
						"up": { "texture": "#linen", "uv": [ 9.5, 7.5, 11.5, 8.5 ], "autoUv": false }
					},
					"children": [
						{
							"name": "String_2",
							"from": [ 1.5, 0.0, 0.0 ],
							"to": [ 11.5, 0.5, 0.5 ],
							"rotationOrigin": [ 1.5, 0.5, 0.5 ],
							"rotationZ": -4.0,
							"faces": {
								"north": { "texture": "#linen", "uv": [ 0.0, 1.5, 16.0, 2.5 ], "autoUv": false },
								"east": { "texture": "#linen", "uv": [ 0.0, 0.0, 0.5, 0.5 ] },
								"south": { "texture": "#linen", "uv": [ 0.0, 4.0, 16.0, 5.0 ], "autoUv": false },
								"up": { "texture": "#linen", "uv": [ 0.0, 7.0, 16.0, 8.0 ], "autoUv": false },
								"down": { "texture": "#linen", "uv": [ 0.0, 9.5, 16.0, 10.5 ], "autoUv": false }
							}
						},
						{
							"name": "String_6",
							"from": [ 0.0, 0.0, 0.5 ],
							"to": [ 10.0, 0.5, 1.0 ],
							"rotationOrigin": [ 0.0, 0.5, 0.5 ],
							"rotationY": -180.0,
							"rotationZ": -4.0,
							"faces": {
								"north": { "texture": "#linen", "uv": [ 0.0, 10.0, 16.0, 11.0 ], "autoUv": false },
								"east": { "texture": "#linen", "uv": [ 0.0, 0.0, 0.5, 0.5 ] },
								"south": { "texture": "#linen", "uv": [ 0.0, 3.5, 16.0, 4.5 ], "autoUv": false },
								"up": { "texture": "#linen", "uv": [ 0.0, 10.0, 16.0, 11.0 ], "autoUv": false },
								"down": { "texture": "#linen", "uv": [ 0.0, 13.5, 16.0, 14.5 ], "autoUv": false }
							}
						}
					]
				},
				{
					"name": "Bow",
					"from": [ -7.5, -0.5, -10.5 ],
					"to": [ -7.5, -0.5, -10.5 ],
					"rotationOrigin": [ 0.5, 0.2, -10.5 ],
					"rotationX": -15.0,
					"faces": {
						"north": { "texture": "#metal", "uv": [ 0.0, 0.0, 0.5, 0.5 ] },
						"east": { "texture": "#metal", "uv": [ 0.0, 0.0, 0.5, 0.5 ] },
						"south": { "texture": "#metal", "uv": [ 0.0, 0.0, 0.5, 0.5 ] },
						"west": { "texture": "#metal", "uv": [ 0.0, 0.0, 0.5, 0.5 ] },
						"up": { "texture": "#metal", "uv": [ 0.0, 0.0, 0.5, 0.5 ] },
						"down": { "texture": "#metal", "uv": [ 0.0, 0.0, 0.5, 0.5 ] }
					},
					"children": [
						{
							"name": "Bow_right_limb_1",
							"from": [ 9.0, 0.3022, 0.0 ],
							"to": [ 11.0, 1.3022, 1.3 ],
							"rotationOrigin": [ 9.0, 0.3022, 0.0 ],
							"rotationY": -1.0,
							"faces": {
								"north": { "texture": "#woodbow", "uv": [ 0.0, 0.0, 2.0, 1.0 ] },
								"east": { "texture": "#woodbow", "uv": [ 0.0, 0.0, 1.0, 1.0 ] },
								"south": { "texture": "#woodbow", "uv": [ 3.5, 3.0, 5.5, 4.0 ] },
								"west": { "texture": "#woodbow", "uv": [ 0.0, 0.0, 1.0, 1.0 ] },
								"up": { "texture": "#woodbow", "uv": [ 2.0, 7.0, 4.0, 8.5 ], "autoUv": false },
								"down": { "texture": "#woodbow", "uv": [ 0.5, 13.0, 2.5, 14.5 ], "autoUv": false }
							},
							"children": [
								{
									"name": "Bow_right_limb_2",
									"from": [ 2.0, 0.01, 0.0 ],
									"to": [ 4.0, 0.99, 1.2 ],
									"rotationOrigin": [ 2.0, 0.0, 0.0 ],
									"rotationY": -10.0,
									"faces": {
										"north": { "texture": "#woodbow", "uv": [ 0.0, 0.0, 2.0, 1.0 ], "autoUv": false },
										"east": { "texture": "#woodbow", "uv": [ 0.0, 0.0, 1.0, 0.5 ] },
										"south": { "texture": "#woodbow", "uv": [ 9.0, 0.0, 11.0, 1.0 ], "autoUv": false },
										"west": { "texture": "#woodbow", "uv": [ 0.0, 0.0, 1.0, 0.5 ] },
										"up": { "texture": "#woodbow", "uv": [ 4.0, 7.0, 6.0, 8.4 ], "autoUv": false },
										"down": { "texture": "#woodbow", "uv": [ 2.0, 13.0, 4.0, 14.4 ], "autoUv": false }
									},
									"children": [
										{
											"name": "Bow_right_limb_3",
											"from": [ 2.0, 0.01, 0.0 ],
											"to": [ 4.0, 0.97, 1.1 ],
											"rotationOrigin": [ 2.0, 0.0, 0.0 ],
											"rotationY": -10.0,
											"faces": {
												"north": { "texture": "#woodbow", "uv": [ 0.0, 0.0, 2.0, 1.1 ], "autoUv": false },
												"east": { "texture": "#woodbow", "uv": [ 0.0, 0.0, 1.0, 0.5 ] },
												"south": { "texture": "#woodbow", "uv": [ 7.5, 3.0, 9.5, 4.0 ], "autoUv": false },
												"west": { "texture": "#woodbow", "uv": [ 1.0, 1.0, 2.0, 1.5 ] },
												"up": { "texture": "#woodbow", "uv": [ 6.5, 7.0, 8.5, 8.3 ], "autoUv": false },
												"down": { "texture": "#woodbow", "uv": [ 5.5, 14.0, 7.5, 15.3 ], "autoUv": false }
											},
											"children": [
												{
													"name": "Bow_right_limb_4",
													"from": [ 2.0, 0.01, 0.0 ],
													"to": [ 4.0, 0.95, 1.0 ],
													"rotationOrigin": [ 2.0, 0.0, 0.0 ],
													"rotationY": -10.0,
													"faces": {
														"north": { "texture": "#woodbow", "uv": [ 0.0, 0.0, 2.0, 1.0 ], "autoUv": false },
														"east": { "texture": "#woodbow", "uv": [ 0.0, 0.0, 1.0, 0.5 ] },
														"south": { "texture": "#woodbow", "uv": [ 3.0, 4.5, 5.0, 5.5 ], "autoUv": false },
														"west": { "texture": "#woodbow", "uv": [ 0.0, 0.0, 1.0, 0.5 ] },
														"up": { "texture": "#woodbow", "uv": [ 5.0, 7.0, 7.0, 8.2 ], "autoUv": false },
														"down": { "texture": "#woodbow", "uv": [ 8.0, 14.0, 10.0, 15.2 ], "autoUv": false }
													},
													"children": [
														{
															"name": "Bow_right_limb_5",
															"from": [ 2.0, 0.01, 0.0 ],
															"to": [ 4.0, 0.93, 0.9 ],
															"rotationOrigin": [ 2.0, 0.0, 0.0 ],
															"rotationY": -10.0,
															"faces": {
																"north": { "texture": "#woodbow", "uv": [ 0.0, 0.0, 2.0, 1.0 ], "autoUv": false },
																"east": { "texture": "#woodbow", "uv": [ 0.0, 0.0, 1.0, 1.0 ], "autoUv": false },
																"south": { "texture": "#woodbow", "uv": [ 11.0, 6.0, 13.0, 7.0 ], "autoUv": false },
																"west": { "texture": "#woodbow", "uv": [ 0.0, 0.0, 0.5, 0.5 ] },
																"up": { "texture": "#woodbow", "uv": [ 7.5, 7.0, 9.5, 8.1 ], "autoUv": false },
																"down": { "texture": "#woodbow", "uv": [ 6.5, 14.0, 8.5, 15.1 ], "autoUv": false }
															},
															"children": [
																{
																	"name": "Bow_right_limb_6",
																	"from": [ 1.9, 0.2, 0.1 ],
																	"to": [ 3.6, 0.7, 0.9 ],
																	"rotationOrigin": [ 1.9, 0.2, 0.8 ],
																	"rotationY": 35.0,
																	"faces": {
																		"north": { "texture": "#woodbow", "uv": [ 0.0, 0.0, 1.5, 0.5 ] },
																		"east": { "texture": "#woodbow", "uv": [ 0.0, 0.0, 1.0, 0.5 ], "autoUv": false },
																		"south": { "texture": "#woodbow", "uv": [ 0.0, 0.0, 1.5, 0.5 ] },
																		"up": { "texture": "#woodbow", "uv": [ 0.0, 0.0, 1.5, 1.0 ], "autoUv": false },
																		"down": { "texture": "#woodbow", "uv": [ 0.0, 0.0, 1.5, 1.0 ], "autoUv": false }
																	},
																	"children": [
																		{
																			"name": "Bow_right_limb_13",
																			"from": [ 0.7, -0.2, -0.2 ],
																			"to": [ 1.5, 0.7, 1.5 ],
																			"rotationOrigin": [ 1.5, 0.4, 0.0 ],
																			"rotationY": -10.0,
																			"faces": {
																				"north": { "texture": "#linen", "uv": [ 0.0, 0.0, 1.5, 1.5 ], "autoUv": false },
																				"east": { "texture": "#linen", "uv": [ 0.0, 0.0, 3.0, 1.5 ], "autoUv": false },
																				"south": { "texture": "#linen", "uv": [ 0.0, 0.0, 1.5, 1.5 ], "autoUv": false },
																				"west": { "texture": "#linen", "uv": [ 0.0, 0.0, 3.0, 1.5 ], "autoUv": false, "windMode": [-1,-1,-1,-1] },
																				"up": { "texture": "#linen", "uv": [ 0.0, 0.0, 1.5, 3.0 ], "autoUv": false },
																				"down": { "texture": "#linen", "uv": [ 0.0, 0.0, 1.5, 3.0 ], "autoUv": false }
																			}
																		}
																	]
																}
															]
														}
													]
												}
											]
										}
									]
								},
								{
									"name": "Metal_part_3",
									"from": [ 0.4, -0.1, -0.1 ],
									"to": [ 0.5, 1.1, 1.4 ],
									"rotationOrigin": [ 0.4, -0.1, -0.1 ],
									"faces": {
										"north": { "texture": "#linen", "uv": [ 0.0, 0.0, 0.5, 1.0 ] },
										"east": { "texture": "#linen", "uv": [ 0.0, 0.0, 1.5, 1.0 ] },
										"south": { "texture": "#linen", "uv": [ 0.0, 0.0, 0.5, 1.0 ] },
										"west": { "texture": "#linen", "uv": [ 0.0, 0.0, 1.5, 1.0 ] },
										"up": { "texture": "#linen", "uv": [ 0.0, 0.0, 0.5, 1.5 ] },
										"down": { "texture": "#linen", "uv": [ 0.0, 0.0, 0.5, 1.5 ] }
									}
								}
							]
						},
						{
							"name": "Bow_right_limb_7",
							"from": [ 6.5, 1.3, 0.0 ],
							"to": [ 8.5, 2.3, 1.3 ],
							"rotationOrigin": [ 6.5, 1.3022, 0.0 ],
							"rotationY": 1.0,
							"rotationZ": 180.0,
							"faces": {
								"north": { "texture": "#woodbow", "uv": [ 0.0, 0.0, 2.0, 1.0 ] },
								"east": { "texture": "#woodbow", "uv": [ 0.0, 0.0, 1.0, 1.0 ] },
								"south": { "texture": "#woodbow", "uv": [ 3.5, 3.0, 5.5, 4.0 ] },
								"west": { "texture": "#woodbow", "uv": [ 0.0, 0.0, 1.0, 1.0 ] },
								"up": { "texture": "#woodbow", "uv": [ 8.0, 12.5, 10.0, 14.0 ], "autoUv": false },
								"down": { "texture": "#woodbow", "uv": [ 4.0, 7.0, 6.0, 8.5 ], "autoUv": false }
							},
							"children": [
								{
									"name": "Bow_right_limb_8",
									"from": [ 2.0, 0.01, 0.0 ],
									"to": [ 4.0, 0.99, 1.2 ],
									"rotationOrigin": [ 2.0, 0.0, 0.0 ],
									"rotationY": -10.0,
									"faces": {
										"north": { "texture": "#woodbow", "uv": [ 0.0, 0.0, 2.0, 1.0 ], "autoUv": false },
										"east": { "texture": "#woodbow", "uv": [ 0.0, 0.0, 1.0, 0.5 ] },
										"south": { "texture": "#woodbow", "uv": [ 9.0, 0.0, 11.0, 1.0 ], "autoUv": false },
										"west": { "texture": "#woodbow", "uv": [ 0.0, 0.0, 1.0, 0.5 ] },
										"up": { "texture": "#woodbow", "uv": [ 4.5, 12.5, 6.5, 13.9 ], "autoUv": false },
										"down": { "texture": "#woodbow", "uv": [ 13.5, 7.0, 15.5, 8.4 ], "autoUv": false }
									},
									"children": [
										{
											"name": "Bow_right_limb_9",
											"from": [ 2.0, 0.01, 0.0 ],
											"to": [ 4.0, 0.97, 1.1 ],
											"rotationOrigin": [ 2.0, 0.0, 0.0 ],
											"rotationY": -10.0,
											"faces": {
												"north": { "texture": "#woodbow", "uv": [ 0.0, 0.0, 2.0, 1.1 ], "autoUv": false },
												"east": { "texture": "#woodbow", "uv": [ 0.0, 0.0, 1.0, 0.5 ] },
												"south": { "texture": "#woodbow", "uv": [ 7.5, 3.0, 9.5, 4.0 ], "autoUv": false },
												"west": { "texture": "#woodbow", "uv": [ 1.0, 1.0, 2.0, 1.5 ] },
												"up": { "texture": "#woodbow", "uv": [ 7.0, 12.5, 9.0, 13.8 ], "autoUv": false },
												"down": { "texture": "#woodbow", "uv": [ 9.5, 7.0, 11.5, 8.3 ], "autoUv": false }
											},
											"children": [
												{
													"name": "Bow_right_limb_10",
													"from": [ 2.0, 0.01, 0.0 ],
													"to": [ 4.0, 0.95, 1.0 ],
													"rotationOrigin": [ 2.0, 0.0, 0.0 ],
													"rotationY": -10.0,
													"faces": {
														"north": { "texture": "#woodbow", "uv": [ 0.0, 0.0, 2.0, 1.0 ], "autoUv": false },
														"east": { "texture": "#woodbow", "uv": [ 0.0, 0.0, 1.0, 0.5 ] },
														"south": { "texture": "#woodbow", "uv": [ 3.0, 4.5, 5.0, 5.5 ], "autoUv": false },
														"west": { "texture": "#woodbow", "uv": [ 0.0, 0.0, 1.0, 0.5 ] },
														"up": { "texture": "#woodbow", "uv": [ 6.5, 12.5, 8.5, 13.7 ], "autoUv": false },
														"down": { "texture": "#woodbow", "uv": [ 5.0, 7.0, 7.0, 8.2 ], "autoUv": false }
													},
													"children": [
														{
															"name": "Bow_right_limb_11",
															"from": [ 2.0, 0.01, 0.0 ],
															"to": [ 4.0, 0.93, 0.9 ],
															"rotationOrigin": [ 2.0, 0.0, 0.0 ],
															"rotationY": -10.0,
															"faces": {
																"north": { "texture": "#woodbow", "uv": [ 0.0, 0.0, 2.0, 1.0 ], "autoUv": false },
																"east": { "texture": "#woodbow", "uv": [ 0.0, 0.0, 1.0, 1.0 ], "autoUv": false },
																"south": { "texture": "#woodbow", "uv": [ 11.0, 6.0, 13.0, 7.0 ], "autoUv": false },
																"west": { "texture": "#woodbow", "uv": [ 0.0, 0.0, 0.5, 0.5 ] },
																"up": { "texture": "#woodbow", "uv": [ 7.5, 12.5, 9.5, 13.6 ], "autoUv": false },
																"down": { "texture": "#woodbow", "uv": [ 4.0, 7.0, 6.0, 8.1 ], "autoUv": false }
															},
															"children": [
																{
																	"name": "Bow_right_limb_12",
																	"from": [ 1.9, 0.2, 0.1 ],
																	"to": [ 3.6, 0.7, 0.9 ],
																	"rotationOrigin": [ 1.9, 0.2, 0.8 ],
																	"rotationY": 35.0,
																	"faces": {
																		"north": { "texture": "#woodbow", "uv": [ 0.0, 0.0, 1.5, 0.5 ] },
																		"east": { "texture": "#woodbow", "uv": [ 0.0, 0.0, 1.0, 0.5 ], "autoUv": false },
																		"south": { "texture": "#woodbow", "uv": [ 0.0, 0.0, 1.5, 0.5 ] },
																		"up": { "texture": "#woodbow", "uv": [ 0.0, 0.0, 1.5, 1.0 ], "autoUv": false },
																		"down": { "texture": "#woodbow", "uv": [ 0.0, 0.0, 1.5, 1.0 ], "autoUv": false }
																	},
																	"children": [
																		{
																			"name": "Bow_right_limb_14",
																			"from": [ 0.7, -0.2, -0.2 ],
																			"to": [ 1.5, 0.7, 1.5 ],
																			"rotationOrigin": [ 1.4, 0.4, 0.0 ],
																			"rotationY": -10.0,
																			"faces": {
																				"north": { "texture": "#linen", "uv": [ 0.0, 0.0, 1.5, 1.5 ], "autoUv": false },
																				"east": { "texture": "#linen", "uv": [ 0.0, 0.0, 3.0, 1.5 ], "autoUv": false },
																				"south": { "texture": "#linen", "uv": [ 0.0, 0.0, 1.5, 1.5 ], "autoUv": false },
																				"west": { "texture": "#linen", "uv": [ 0.0, 0.0, 3.0, 1.5 ], "autoUv": false },
																				"up": { "texture": "#linen", "uv": [ 0.0, 0.0, 1.5, 3.0 ], "autoUv": false },
																				"down": { "texture": "#linen", "uv": [ 0.0, 0.0, 1.5, 3.0 ], "autoUv": false }
																			}
																		}
																	]
																}
															]
														}
													]
												}
											]
										}
									]
								},
								{
									"name": "Metal_part_7",
									"from": [ 0.5, 1.1022, -0.1 ],
									"to": [ 0.6, 2.3022, 1.4 ],
									"rotationOrigin": [ 0.4952, 1.1022, -0.1 ],
									"rotationZ": 180.0,
									"faces": {
										"north": { "texture": "#linen", "uv": [ 0.0, 0.0, 0.5, 1.0 ] },
										"east": { "texture": "#linen", "uv": [ 0.0, 0.0, 1.5, 1.0 ] },
										"south": { "texture": "#linen", "uv": [ 0.0, 0.0, 0.5, 1.0 ] },
										"west": { "texture": "#linen", "uv": [ 0.0, 0.0, 1.5, 1.0 ] },
										"up": { "texture": "#linen", "uv": [ 0.0, 0.0, 0.5, 1.5 ] },
										"down": { "texture": "#linen", "uv": [ 0.0, 0.0, 0.5, 1.5 ] }
									}
								}
							]
						},
						{
							"name": "Bow_right_limb_15",
							"from": [ 9.0, 1.3, 0.0 ],
							"to": [ 11.5, 2.3, 1.3 ],
							"rotationOrigin": [ 9.0, 1.3022, 0.0 ],
							"rotationX": 0.9,
							"rotationZ": 180.0,
							"faces": {
								"north": { "texture": "#woodbow", "uv": [ 0.0, 0.0, 2.5, 1.0 ] },
								"east": { "texture": "#woodbow", "uv": [ 0.0, 0.0, 1.0, 1.0 ] },
								"south": { "texture": "#woodbow", "uv": [ 3.5, 3.0, 6.0, 4.0 ] },
								"west": { "texture": "#woodbow", "uv": [ 0.0, 0.0, 1.0, 1.0 ] },
								"up": { "texture": "#woodbow", "uv": [ 8.0, 12.5, 10.0, 14.0 ], "autoUv": false },
								"down": { "texture": "#woodbow", "uv": [ 4.0, 7.0, 6.0, 8.5 ], "autoUv": false }
							}
						}
					]
				},
				{
					"name": "Stock",
					"from": [ -0.5, 0.0, -3.0 ],
					"to": [ -0.5, 0.0, -3.0 ],
					"rotationOrigin": [ -0.5, 0.0, -3.0 ],
					"faces": {
						"north": { "texture": "#wood", "uv": [ 0.0, 0.0, 0.5, 0.5 ] },
						"east": { "texture": "#wood", "uv": [ 0.0, 0.0, 0.5, 0.5 ] },
						"south": { "texture": "#wood", "uv": [ 0.0, 0.0, 0.5, 0.5 ] },
						"west": { "texture": "#wood", "uv": [ 0.0, 0.0, 0.5, 0.5 ] },
						"up": { "texture": "#wood", "uv": [ 0.0, 0.0, 0.5, 0.5 ] },
						"down": { "texture": "#wood", "uv": [ 0.0, 0.0, 0.5, 0.5 ] }
					},
					"children": [
						{
							"name": "Stock_front_1",
							"from": [ 0.5, 0.5, -8.0 ],
							"to": [ 0.5, 0.5, -7.0 ],
							"rotationOrigin": [ 0.5, 0.5, -8.0 ],
							"faces": {
								"north": { "texture": "#wood", "uv": [ 2.5, 8.5, 3.0, 9.0 ] },
								"east": { "texture": "#wood", "uv": [ 0.0, 0.0, 1.0, 0.5 ] },
								"south": { "texture": "#wood", "uv": [ 0.0, 0.0, 0.5, 0.5 ] },
								"west": { "texture": "#wood", "uv": [ 0.0, 0.0, 1.0, 0.5 ] },
								"up": { "texture": "#wood", "uv": [ 0.0, 0.0, 0.5, 1.0 ] },
								"down": { "texture": "#wood", "uv": [ 0.0, 0.0, 0.5, 1.0 ] }
							},
							"children": [
								{
									"name": "Stock_front_2",
									"from": [ -0.7, -0.5, 2.0 ],
									"to": [ -0.3, 1.5, 18.0 ],
									"rotationOrigin": [ -0.7, -0.5, 2.0 ],
									"faces": {
										"north": { "texture": "#wood", "uv": [ 8.0, 5.5, 8.5, 7.5 ] },
										"east": { "texture": "#wood", "uv": [ 0.0, 2.0, 16.0, 4.0 ] },
										"south": { "texture": "#wood", "uv": [ 0.0, 0.0, 0.5, 2.0 ] },
										"west": { "texture": "#wood", "uv": [ 0.0, 2.0, 16.0, 4.0 ] },
										"up": { "texture": "#wood", "uv": [ 0.0, 2.0, 16.0, 2.5 ], "rotation": 90 },
										"down": { "texture": "#wood", "uv": [ 4.0, 0.0, 4.5, 16.0 ] }
									},
									"children": [
										{
											"name": "Stock_front_8",
											"from": [ 0.0, 0.0, 16.0 ],
											"to": [ 0.4, 2.0, 19.7 ],
											"rotationOrigin": [ 0.0, 0.0, 16.0 ],
											"faces": {
												"north": { "texture": "#wood", "uv": [ 8.0, 5.5, 8.5, 7.5 ] },
												"east": { "texture": "#wood", "uv": [ 0.0, 2.0, 3.5, 4.0 ] },
												"south": { "texture": "#wood", "uv": [ 0.0, 0.0, 0.5, 2.0 ] },
												"west": { "texture": "#wood", "uv": [ 0.0, 2.0, 3.5, 4.0 ] },
												"up": { "texture": "#wood", "uv": [ 0.0, 2.0, 3.5, 2.5 ], "rotation": 90 },
												"down": { "texture": "#wood", "uv": [ 4.0, 0.0, 4.5, 3.5 ] }
											}
										}
									]
								},
								{
									"name": "Stock_front_3",
									"from": [ 0.8, -0.5, 2.0 ],
									"to": [ 1.2, 1.5, 18.0 ],
									"rotationOrigin": [ 0.8, -0.5, 2.0 ],
									"faces": {
										"north": { "texture": "#wood", "uv": [ 4.5, 5.0, 5.0, 7.0 ] },
										"east": { "texture": "#wood", "uv": [ 0.0, 0.5, 16.0, 2.5 ], "rotation": 180 },
										"south": { "texture": "#wood", "uv": [ 0.0, 0.0, 0.5, 2.0 ] },
										"west": { "texture": "#wood", "uv": [ 0.0, 2.0, 16.0, 4.0 ] },
										"up": { "texture": "#wood", "uv": [ 0.0, 2.0, 16.0, 2.5 ], "rotation": 90 },
										"down": { "texture": "#wood", "uv": [ 2.5, 0.0, 3.0, 16.0 ] }
									},
									"children": [
										{
											"name": "Stock_front_9",
											"from": [ 0.0, 0.0, 16.0 ],
											"to": [ 0.4, 2.0, 19.7 ],
											"rotationOrigin": [ 0.0, 0.0, 16.0 ],
											"faces": {
												"north": { "texture": "#wood", "uv": [ 4.5, 5.0, 5.0, 7.0 ] },
												"east": { "texture": "#wood", "uv": [ 5.0, 2.0, 8.5, 4.0 ] },
												"south": { "texture": "#wood", "uv": [ 0.0, 0.0, 0.5, 2.0 ] },
												"west": { "texture": "#wood", "uv": [ 0.0, 2.0, 3.5, 4.0 ] },
												"up": { "texture": "#wood", "uv": [ 4.5, 2.0, 8.0, 2.5 ], "rotation": 90, "windMode": [-1,-1,-1,-1] },
												"down": { "texture": "#wood", "uv": [ 2.5, 0.5, 3.0, 4.0 ] }
											}
										}
									]
								},
								{
									"name": "Stock_front_4",
									"from": [ -0.6, -1.0, -0.6 ],
									"to": [ 1.1, 0.0, 1.4 ],
									"rotationOrigin": [ -0.6, -1.0, -0.6 ],
									"rotationX": 15.0,
									"faces": {
										"north": { "texture": "#wood", "uv": [ 9.0, 4.0, 10.5, 5.0 ] },
										"east": { "texture": "#wood", "uv": [ 0.0, 0.0, 2.0, 1.0 ] },
										"south": { "texture": "#wood", "uv": [ 0.0, 0.0, 1.5, 1.0 ] },
										"west": { "texture": "#wood", "uv": [ 0.0, 0.0, 2.0, 1.0 ] },
										"up": { "texture": "#wood", "uv": [ 6.0, 1.5, 7.5, 3.5 ] },
										"down": { "texture": "#wood", "uv": [ 8.0, 4.5, 9.5, 6.5 ] }
									},
									"children": [
										{
											"name": "Stock_front_5",
											"from": [ 0.1, 0.0, 5.5 ],
											"to": [ 1.6, 2.0, 13.5 ],
											"rotationOrigin": [ 0.1, 0.0, 5.5 ],
											"rotationX": -21.5,
											"faces": {
												"north": { "texture": "#wood", "uv": [ 9.0, 4.0, 10.5, 6.0 ] },
												"east": { "texture": "#wood", "uv": [ 0.0, 0.0, 8.0, 2.0 ] },
												"south": { "texture": "#wood", "uv": [ 0.0, 0.0, 1.5, 2.0 ] },
												"west": { "texture": "#wood", "uv": [ 0.0, 0.0, 8.0, 2.0 ] },
												"up": { "texture": "#wood", "uv": [ 6.0, 0.0, 7.5, 8.0 ] },
												"down": { "texture": "#wood", "uv": [ 1.0, 2.5, 9.0, 4.0 ], "rotation": 90 }
											},
											"children": [
												{
													"name": "Stock_front_17",
													"from": [ 0.0, 0.0, 8.0 ],
													"to": [ 1.5, 1.4, 17.5 ],
													"rotationOrigin": [ 0.0, 0.0, 8.0 ],
													"faces": {
														"north": { "texture": "#wood", "uv": [ 9.0, 4.0, 10.5, 5.0 ] },
														"east": { "texture": "#wood", "uv": [ 0.0, 0.0, 9.5, 1.0 ] },
														"south": { "texture": "#wood", "uv": [ 0.0, 0.0, 1.5, 1.0 ] },
														"west": { "texture": "#wood", "uv": [ 0.0, 0.0, 9.5, 1.0 ] },
														"up": { "texture": "#wood", "uv": [ 6.0, 0.0, 7.5, 9.5 ] },
														"down": { "texture": "#wood", "uv": [ 6.5, 9.5, 16.0, 11.0 ], "rotation": 90 }
													}
												}
											]
										},
										{
											"name": "Stock_front_25",
											"from": [ 0.0, 0.0, 2.0 ],
											"to": [ 1.7, 2.2, 5.5 ],
											"rotationOrigin": [ 0.0, 0.0, 2.0 ],
											"faces": {
												"north": { "texture": "#wood", "uv": [ 9.0, 4.0, 10.5, 6.0 ] },
												"east": { "texture": "#wood", "uv": [ 0.0, 0.0, 3.5, 2.0 ] },
												"south": { "texture": "#wood", "uv": [ 0.0, 0.0, 1.5, 2.0 ] },
												"west": { "texture": "#wood", "uv": [ 0.0, 0.0, 3.5, 2.0 ] },
												"up": { "texture": "#wood", "uv": [ 6.0, 1.5, 7.5, 5.0 ] },
												"down": { "texture": "#wood", "uv": [ 2.0, 2.5, 5.5, 4.0 ], "rotation": 90 }
											}
										}
									]
								},
								{
									"name": "Stock_front_7",
									"from": [ -0.3, -0.5, 2.0 ],
									"to": [ 0.8, 1.5, 4.0 ],
									"rotationOrigin": [ -0.3, -0.5, 2.0 ],
									"faces": {
										"north": { "texture": "#wood", "uv": [ 4.5, 5.0, 5.5, 7.0 ] },
										"east": { "texture": "#wood", "uv": [ 0.0, 0.0, 2.0, 2.0 ] },
										"south": { "texture": "#wood", "uv": [ 0.0, 0.0, 1.0, 2.0 ] },
										"west": { "texture": "#wood", "uv": [ 0.0, 0.0, 2.0, 2.0 ] },
										"up": { "texture": "#wood", "uv": [ 2.0, 0.5, 3.0, 2.5 ] },
										"down": { "texture": "#wood", "uv": [ 2.5, 3.5, 3.5, 5.5 ] }
									}
								},
								{
									"name": "Stock_front_10",
									"from": [ -0.7, -0.5, 21.7 ],
									"to": [ 1.2, 1.5, 22.3 ],
									"rotationOrigin": [ -0.7, -0.5, 21.7 ],
									"faces": {
										"north": { "texture": "#wood", "uv": [ 5.5, 6.5, 7.0, 8.5 ] },
										"east": { "texture": "#wood", "uv": [ 2.5, 2.0, 4.5, 2.5 ], "rotation": 90, "windMode": [-1,-1,-1,-1] },
										"south": { "texture": "#wood", "uv": [ 14.5, 0.0, 16.0, 2.0 ] },
										"west": { "texture": "#wood", "uv": [ 1.5, 2.0, 3.5, 2.5 ], "rotation": 90, "windMode": [-1,-1,-1,-1] },
										"up": { "texture": "#wood", "uv": [ 2.5, 2.0, 4.0, 2.5 ] },
										"down": { "texture": "#wood", "uv": [ 2.5, 2.0, 4.0, 2.5 ], "windMode": [-1,-1,-1,-1] }
									},
									"children": [
										{
											"name": "Stock_front_19",
											"from": [ -0.1, 0.0, 2.1 ],
											"to": [ 1.9, 2.0, 3.2 ],
											"rotationOrigin": [ -0.1, 0.0, 2.1 ],
											"faces": {
												"north": { "texture": "#wood", "uv": [ 4.5, 5.0, 6.5, 7.0 ] },
												"east": { "texture": "#wood", "uv": [ 0.0, 0.0, 1.0, 2.0 ] },
												"south": { "texture": "#wood", "uv": [ 0.0, 0.0, 2.0, 2.0 ] },
												"west": { "texture": "#wood", "uv": [ 0.0, 0.0, 1.0, 2.0 ] },
												"up": { "texture": "#wood", "uv": [ 4.5, 0.0, 6.5, 1.0 ] },
												"down": { "texture": "#wood", "uv": [ 2.5, 0.5, 4.5, 1.5 ] }
											}
										},
										{
											"name": "Stock_front_20",
											"from": [ 0.2, 0.2, 0.6 ],
											"to": [ 1.7, 1.7, 2.1 ],
											"rotationOrigin": [ 0.2, 0.2, 0.6 ],
											"faces": {
												"north": { "texture": "#wood", "uv": [ 4.5, 5.0, 6.0, 6.5 ] },
												"east": { "texture": "#wood", "uv": [ 0.0, 0.0, 1.5, 1.5 ] },
												"south": { "texture": "#wood", "uv": [ 0.0, 0.0, 1.5, 1.5 ] },
												"west": { "texture": "#wood", "uv": [ 0.0, 0.0, 1.5, 1.5 ] },
												"up": { "texture": "#wood", "uv": [ 4.5, 0.0, 6.0, 1.5 ] },
												"down": { "texture": "#wood", "uv": [ 2.5, 0.5, 4.0, 2.0 ] }
											}
										}
									]
								},
								{
									"name": "Stock_front_16",
									"from": [ -0.3, 1.3, 21.5 ],
									"to": [ 0.8, 1.6, 22.0 ],
									"rotationOrigin": [ -0.3, 1.6, 21.5 ],
									"rotationX": 26.0,
									"faces": {
										"north": { "texture": "#iron", "uv": [ 4.5, 5.0, 5.5, 5.5 ] },
										"east": { "texture": "#iron", "uv": [ 0.0, 0.0, 0.5, 0.5 ] },
										"south": { "texture": "#iron", "uv": [ 0.0, 0.0, 1.0, 0.5 ] },
										"west": { "texture": "#iron", "uv": [ 0.0, 0.0, 0.5, 0.5 ] },
										"up": { "texture": "#iron", "uv": [ 4.0, 1.0, 5.0, 1.5 ] },
										"down": { "texture": "#iron", "uv": [ 2.5, 3.5, 3.5, 4.0 ] }
									}
								},
								{
									"name": "Stock_front_21",
									"from": [ -0.3, 0.3, 21.0 ],
									"to": [ 0.8, 1.6, 21.5 ],
									"rotationOrigin": [ -0.3, 0.3, 21.0 ],
									"faces": {
										"north": { "texture": "#iron", "uv": [ 4.5, 5.0, 5.5, 6.0 ] },
										"east": { "texture": "#iron", "uv": [ 0.0, 0.0, 0.5, 1.0 ] },
										"south": { "texture": "#iron", "uv": [ 0.0, 0.0, 1.0, 1.0 ] },
										"west": { "texture": "#iron", "uv": [ 0.0, 0.0, 0.5, 1.0 ] },
										"up": { "texture": "#iron", "uv": [ 4.0, 1.0, 5.0, 1.5 ] },
										"down": { "texture": "#iron", "uv": [ 2.5, 3.5, 3.5, 4.0 ] }
									},
									"children": [
										{
											"name": "Stock_front_22",
											"from": [ 0.1, 1.3, -0.3 ],
											"to": [ 1.0, 1.6, 0.5 ],
											"rotationOrigin": [ 0.1, 1.3, 0.5 ],
											"rotationX": -14.0,
											"faces": {
												"north": { "texture": "#iron", "uv": [ 4.5, 5.0, 5.0, 5.5 ] },
												"east": { "texture": "#iron", "uv": [ 0.0, 0.0, 0.5, 0.5 ] },
												"south": { "texture": "#iron", "uv": [ 0.0, 0.0, 0.5, 0.5 ] },
												"west": { "texture": "#iron", "uv": [ 0.0, 0.0, 0.5, 0.5 ] },
												"up": { "texture": "#iron", "uv": [ 4.0, 1.0, 4.5, 1.5 ] },
												"down": { "texture": "#iron", "uv": [ 2.5, 3.5, 3.0, 4.0 ] }
											},
											"children": [
												{
													"name": "Stock_front_23",
													"from": [ 0.1, 0.3, 0.0 ],
													"to": [ 0.8, 0.4, 0.9 ],
													"rotationOrigin": [ 0.1, 0.3, 0.8 ],
													"faces": {
														"north": { "texture": "#brass", "uv": [ 4.5, 5.0, 5.0, 5.5 ] },
														"east": { "texture": "#brass", "uv": [ 0.0, 0.0, 0.5, 0.5 ] },
														"south": { "texture": "#brass", "uv": [ 0.0, 0.0, 0.5, 0.5 ] },
														"west": { "texture": "#brass", "uv": [ 0.0, 0.0, 0.5, 0.5 ] },
														"up": { "texture": "#brass", "uv": [ 4.0, 1.0, 4.5, 1.5 ] },
														"down": { "texture": "#brass", "uv": [ 2.5, 3.5, 3.0, 4.0 ] }
													}
												},
												{
													"name": "Stock_front_24",
													"from": [ 0.1, 0.0, 0.8 ],
													"to": [ 0.8, 0.3, 0.9 ],
													"rotationOrigin": [ 0.1, 0.0, 1.6 ],
													"faces": {
														"north": { "texture": "#brass", "uv": [ 4.5, 5.0, 5.0, 5.5 ] },
														"east": { "texture": "#brass", "uv": [ 0.0, 0.0, 0.5, 0.5 ] },
														"south": { "texture": "#brass", "uv": [ 0.0, 0.0, 0.5, 0.5 ] },
														"west": { "texture": "#brass", "uv": [ 0.0, 0.0, 0.5, 0.5 ] },
														"up": { "texture": "#brass", "uv": [ 4.0, 1.0, 4.5, 1.5 ] },
														"down": { "texture": "#brass", "uv": [ 2.5, 3.5, 3.0, 4.0 ] }
													}
												}
											]
										}
									]
								},
								{
									"name": "Stock_front_27",
									"from": [ -0.7, -1.0, -1.0 ],
									"to": [ 1.2, 1.5, 2.0 ],
									"rotationOrigin": [ -0.7, -1.0, -1.0 ],
									"faces": {
										"north": { "texture": "#wood", "uv": [ 4.5, 5.0, 6.0, 7.5 ] },
										"east": { "texture": "#wood", "uv": [ 1.0, 2.0, 4.0, 4.5 ] },
										"south": { "texture": "#wood", "uv": [ 0.0, 0.0, 1.5, 2.5 ] },
										"west": { "texture": "#wood", "uv": [ 3.0, 2.0, 6.0, 4.5 ] },
										"up": { "texture": "#wood", "uv": [ 4.0, 1.0, 5.5, 4.0 ] },
										"down": { "texture": "#wood", "uv": [ 2.5, 3.5, 4.0, 6.5 ] }
									},
									"children": [
										{
											"name": "Stock_front_28",
											"from": [ -0.05, 2.5, 0.0 ],
											"to": [ 1.95, 2.7, 3.0 ],
											"rotationOrigin": [ 0.0, 2.5, 0.0 ],
											"faces": {
												"north": { "texture": "#iron", "uv": [ 4.5, 5.0, 6.5, 5.5 ] },
												"east": { "texture": "#iron", "uv": [ 0.0, 0.0, 3.0, 0.5 ] },
												"south": { "texture": "#iron", "uv": [ 0.0, 0.0, 2.0, 0.5 ] },
												"west": { "texture": "#iron", "uv": [ 0.0, 0.0, 3.0, 0.5 ] },
												"up": { "texture": "#iron", "uv": [ 4.0, 1.0, 6.0, 4.0 ] },
												"down": { "texture": "#iron", "uv": [ 2.5, 3.5, 4.5, 6.5 ] }
											},
											"children": [
												{
													"name": "Cube13",
													"from": [ 1.2, -0.3, 0.0 ],
													"to": [ 1.7, 0.2, 3.0 ],
													"rotationOrigin": [ 1.7, 0.2, 3.0 ],
													"rotationX": 8.0,
													"faces": {
														"north": { "texture": "#iron", "uv": [ 0.0, 0.0, 0.5, 0.5 ] },
														"east": { "texture": "#iron", "uv": [ 0.0, 0.0, 3.0, 0.5 ] },
														"south": { "texture": "#iron", "uv": [ 0.0, 0.0, 0.5, 0.5 ] },
														"west": { "texture": "#iron", "uv": [ 0.0, 0.0, 3.0, 0.5 ] },
														"up": { "texture": "#iron", "uv": [ 0.0, 0.0, 0.5, 3.0 ] },
														"down": { "texture": "#iron", "uv": [ 0.0, 0.0, 0.5, 3.0 ] }
													}
												},
												{
													"name": "Cube14",
													"from": [ 0.3, -0.3, 0.0 ],
													"to": [ 0.8, 0.2, 3.0 ],
													"rotationOrigin": [ 0.8, 0.2, 3.0 ],
													"rotationX": 8.0,
													"faces": {
														"north": { "texture": "#iron", "uv": [ 0.0, 0.0, 0.5, 0.5 ] },
														"east": { "texture": "#iron", "uv": [ 0.0, 0.0, 3.0, 0.5 ] },
														"south": { "texture": "#iron", "uv": [ 0.0, 0.0, 0.5, 0.5 ] },
														"west": { "texture": "#iron", "uv": [ 0.0, 0.0, 3.0, 0.5 ] },
														"up": { "texture": "#iron", "uv": [ 0.0, 0.0, 0.5, 3.0 ] },
														"down": { "texture": "#iron", "uv": [ 0.0, 0.0, 0.5, 3.0 ] }
													}
												},
												{
													"name": "Cube2",
													"from": [ 0.3, 0.0, 2.3 ],
													"to": [ 1.7, 0.19, 3.7 ],
													"rotationOrigin": [ 1.0, 0.0, 3.0 ],
													"rotationY": 45.0,
													"faces": {
														"north": { "texture": "#iron", "uv": [ 0.0, 0.0, 1.0, 0.5 ] },
														"east": { "texture": "#iron", "uv": [ 0.0, 0.0, 1.0, 0.5 ] },
														"south": { "texture": "#iron", "uv": [ 0.0, 0.0, 1.0, 0.5 ] },
														"west": { "texture": "#iron", "uv": [ 0.0, 0.0, 1.0, 0.5 ] },
														"up": { "texture": "#iron", "uv": [ 0.0, 0.0, 1.0, 1.0 ] },
														"down": { "texture": "#iron", "uv": [ 0.0, 0.0, 1.0, 1.0 ] }
													}
												}
											]
										},
										{
											"name": "Stock_front_29",
											"from": [ -0.05, -0.1, -0.4 ],
											"to": [ 1.95, 2.7, 0.0 ],
											"rotationOrigin": [ 0.0, 2.7, 0.0 ],
											"rotationX": -8.0,
											"faces": {
												"north": { "texture": "#iron", "uv": [ 4.5, 5.0, 6.5, 7.5 ] },
												"east": { "texture": "#iron", "uv": [ 0.0, 0.0, 0.5, 2.5 ] },
												"south": { "texture": "#iron", "uv": [ 0.0, 0.0, 2.0, 2.5 ] },
												"west": { "texture": "#iron", "uv": [ 0.0, 0.0, 0.5, 2.5 ] },
												"up": { "texture": "#iron", "uv": [ 4.0, 1.0, 6.0, 1.5 ] },
												"down": { "texture": "#iron", "uv": [ 2.5, 3.5, 4.5, 4.0 ] }
											}
										}
									]
								}
							]
						},
						{
							"name": "Metal_part_0",
							"from": [ 1.7, -0.5, -8.0 ],
							"to": [ 2.4, 1.6, -5.8 ],
							"rotationOrigin": [ 1.7, 0.5, -7.0 ],
							"rotationX": 15.0,
							"faces": {
								"north": { "texture": "#linen", "uv": [ 0.0, 0.0, 0.5, 2.0 ] },
								"east": { "texture": "#linen", "uv": [ 0.0, 0.0, 2.0, 2.0 ] },
								"south": { "texture": "#linen", "uv": [ 0.0, 0.0, 0.5, 2.0 ] },
								"west": { "texture": "#linen", "uv": [ 0.0, 0.0, 2.0, 2.0 ] },
								"up": { "texture": "#linen", "uv": [ 0.0, 0.0, 0.5, 2.0 ] },
								"down": { "texture": "#linen", "uv": [ 0.0, 0.0, 0.5, 2.0 ] }
							},
							"children": [
								{
									"name": "Metal_part_1",
									"from": [ 0.0, 0.5, 2.2 ],
									"to": [ 0.7, 1.6, 5.2 ],
									"rotationOrigin": [ 0.7, 0.5, 2.2 ],
									"rotationY": -8.0,
									"faces": {
										"north": { "texture": "#linen", "uv": [ 0.0, 0.0, 0.5, 1.0 ] },
										"east": { "texture": "#linen", "uv": [ 0.0, 0.0, 3.0, 1.0 ] },
										"south": { "texture": "#linen", "uv": [ 0.0, 0.0, 0.5, 1.0 ] },
										"west": { "texture": "#linen", "uv": [ 0.0, 0.0, 3.0, 1.0 ] },
										"up": { "texture": "#linen", "uv": [ 0.0, 0.0, 0.5, 3.0 ] },
										"down": { "texture": "#linen", "uv": [ 0.0, 0.0, 0.5, 3.0 ] }
									},
									"children": [
										{
											"name": "Metal_part_2",
											"from": [ 0.0, -0.01, 3.0 ],
											"to": [ 0.7, 1.09, 4.0 ],
											"rotationOrigin": [ 0.7, 0.0, 3.0 ],
											"rotationY": -45.0,
											"faces": {
												"north": { "texture": "#linen", "uv": [ 0.0, 0.0, 0.5, 1.0 ] },
												"east": { "texture": "#linen", "uv": [ 0.0, 0.0, 1.0, 1.0 ] },
												"south": { "texture": "#linen", "uv": [ 0.0, 0.0, 0.5, 1.0 ] },
												"west": { "texture": "#linen", "uv": [ 0.0, 0.0, 1.0, 1.0 ] },
												"up": { "texture": "#linen", "uv": [ 0.0, 0.0, 0.5, 1.0 ] },
												"down": { "texture": "#linen", "uv": [ 0.0, 0.0, 0.5, 1.0 ] }
											}
										}
									]
								}
							]
						},
						{
							"name": "Metal_part_4",
							"from": [ -0.9, -0.5, -8.0 ],
							"to": [ -0.2, 1.6, -5.8 ],
							"rotationOrigin": [ -0.9, 0.5, -7.0 ],
							"rotationX": 15.0,
							"faces": {
								"north": { "texture": "#linen", "uv": [ 0.0, 0.0, 0.5, 2.0 ] },
								"east": { "texture": "#linen", "uv": [ 0.0, 0.0, 2.0, 2.0 ] },
								"south": { "texture": "#linen", "uv": [ 0.0, 0.0, 0.5, 2.0 ] },
								"west": { "texture": "#linen", "uv": [ 0.0, 0.0, 2.0, 2.0 ] },
								"up": { "texture": "#linen", "uv": [ 0.0, 0.0, 0.5, 2.0 ] },
								"down": { "texture": "#linen", "uv": [ 0.0, 0.0, 0.5, 2.0 ] }
							},
							"children": [
								{
									"name": "Metal_part_5",
									"from": [ 0.0, 0.5, 2.2 ],
									"to": [ 0.7, 1.6, 5.2 ],
									"rotationOrigin": [ 0.0, 0.5, 2.2 ],
									"rotationY": 8.0,
									"faces": {
										"north": { "texture": "#linen", "uv": [ 0.0, 0.0, 0.5, 1.0 ] },
										"east": { "texture": "#linen", "uv": [ 0.0, 0.0, 3.0, 1.0 ] },
										"south": { "texture": "#linen", "uv": [ 0.0, 0.0, 0.5, 1.0 ] },
										"west": { "texture": "#linen", "uv": [ 0.0, 0.0, 3.0, 1.0 ] },
										"up": { "texture": "#linen", "uv": [ 0.0, 0.0, 0.5, 3.0 ] },
										"down": { "texture": "#linen", "uv": [ 0.0, 0.0, 0.5, 3.0 ] }
									},
									"children": [
										{
											"name": "Metal_part_6",
											"from": [ 0.0, -0.01, 3.0 ],
											"to": [ 0.7, 1.09, 4.0 ],
											"rotationOrigin": [ 0.0, 0.0, 3.0 ],
											"rotationY": 45.0,
											"faces": {
												"north": { "texture": "#linen", "uv": [ 0.0, 0.0, 0.5, 1.0 ] },
												"east": { "texture": "#linen", "uv": [ 0.0, 0.0, 1.0, 1.0 ] },
												"south": { "texture": "#linen", "uv": [ 0.0, 0.0, 0.5, 1.0 ] },
												"west": { "texture": "#linen", "uv": [ 0.0, 0.0, 1.0, 1.0 ] },
												"up": { "texture": "#linen", "uv": [ 0.0, 0.0, 0.5, 1.0 ] },
												"down": { "texture": "#linen", "uv": [ 0.0, 0.0, 0.5, 1.0 ] }
											}
										}
									]
								}
							]
						}
					]
				},
				{
					"name": "Bolt_point",
					"from": [ 0.25, 2.25, -2.8 ],
					"to": [ 0.25, 2.25, -2.8 ],
					"rotationOrigin": [ 0.25, 2.25, -2.8 ],
					"faces": {
						"north": { "texture": "#metal", "uv": [ 0.0, 0.0, 0.5, 0.5 ] },
						"east": { "texture": "#metal", "uv": [ 0.0, 0.0, 0.5, 0.5 ] },
						"south": { "texture": "#metal", "uv": [ 0.0, 0.0, 0.5, 0.5 ] },
						"west": { "texture": "#metal", "uv": [ 0.0, 0.0, 0.5, 0.5 ] },
						"up": { "texture": "#metal", "uv": [ 0.0, 0.0, 0.5, 0.5 ] },
						"down": { "texture": "#metal", "uv": [ 0.0, 0.0, 0.5, 0.5 ] }
					},
					"attachmentpoints": [
						{
							"code": "bolt",
							"posX": "0.0","posY": "0.0","posZ": "0.0",
							"rotationX": "0.0","rotationY": "90.0","rotationZ": "0.0"
						}
					]
				},
				{
					"name": "Latch",
					"from": [ 0.05, 0.7, -2.0 ],
					"to": [ 0.05, 0.7, -2.0 ],
					"rotationOrigin": [ 0.0, 0.7, -2.0 ],
					"rotationX": 90.0,
					"faces": {
						"north": { "texture": "#woodbow", "uv": [ 0.0, 0.0, 0.5, 0.5 ] },
						"east": { "texture": "#woodbow", "uv": [ 0.0, 0.0, 0.5, 0.5 ] },
						"south": { "texture": "#woodbow", "uv": [ 0.0, 0.0, 0.5, 0.5 ] },
						"west": { "texture": "#woodbow", "uv": [ 0.0, 0.0, 0.5, 0.5 ] },
						"up": { "texture": "#woodbow", "uv": [ 0.0, 0.0, 0.5, 0.5 ] },
						"down": { "texture": "#woodbow", "uv": [ 0.0, 0.0, 0.5, 0.5 ] }
					},
					"children": [
						{
							"name": "Latch_lever",
							"from": [ -0.1, 0.0, -0.5 ],
							"to": [ 0.5, 2.5, 0.2 ],
							"rotationOrigin": [ -0.1, 0.0, -0.5 ],
							"faces": {
								"north": { "texture": "#iron", "uv": [ 0.0, 0.0, 0.5, 2.5 ] },
								"east": { "texture": "#iron", "uv": [ 0.0, 0.0, 0.5, 2.5 ] },
								"south": { "texture": "#iron", "uv": [ 0.0, 0.0, 0.5, 2.5 ] },
								"west": { "texture": "#iron", "uv": [ 0.0, 0.0, 0.5, 2.5 ] },
								"up": { "texture": "#iron", "uv": [ 0.0, 0.0, 0.5, 0.5 ] },
								"down": { "texture": "#iron", "uv": [ 0.0, 0.0, 0.5, 0.5 ] }
							},
							"children": [
								{
									"name": "latch_1",
									"from": [ 0.0, 2.5, -0.9 ],
									"to": [ 0.6, 3.6, 0.7 ],
									"rotationOrigin": [ 0.0, 2.5, -0.9 ],
									"faces": {
										"north": { "texture": "#iron", "uv": [ 0.0, 0.0, 0.5, 1.0 ] },
										"east": { "texture": "#iron", "uv": [ 0.0, 0.0, 1.5, 1.0 ] },
										"south": { "texture": "#iron", "uv": [ 0.0, 0.0, 0.5, 1.0 ] },
										"west": { "texture": "#iron", "uv": [ 0.0, 0.0, 1.5, 1.0 ] },
										"up": { "texture": "#iron", "uv": [ 0.0, 0.0, 0.5, 1.5 ] },
										"down": { "texture": "#iron", "uv": [ 0.0, 0.0, 0.5, 1.5 ] }
									}
								},
								{
									"name": "latch_2",
									"from": [ 0.0, 3.6, -0.9 ],
									"to": [ 0.6, 11.9, -0.3 ],
									"rotationOrigin": [ 0.0, 3.6, -0.9 ],
									"faces": {
										"north": { "texture": "#iron", "uv": [ 0.0, 0.0, 0.5, 8.0 ] },
										"east": { "texture": "#iron", "uv": [ 0.0, 0.0, 0.5, 8.0 ] },
										"south": { "texture": "#iron", "uv": [ 0.0, 0.0, 0.5, 8.0 ] },
										"west": { "texture": "#iron", "uv": [ 0.0, 0.0, 0.5, 8.0 ] },
										"up": { "texture": "#iron", "uv": [ 0.0, 0.0, 0.5, 0.5 ] },
										"down": { "texture": "#iron", "uv": [ 0.0, 0.0, 0.5, 0.5 ] }
									}
								},
								{
									"name": "latch_4",
									"from": [ 0.0, 8.6, -1.1 ],
									"to": [ 0.6, 11.6, -0.9 ],
									"rotationOrigin": [ 0.0, 8.6, -1.1 ],
									"faces": {
										"north": { "texture": "#iron", "uv": [ 0.0, 0.0, 0.5, 3.0 ] },
										"east": { "texture": "#iron", "uv": [ 0.0, 0.0, 0.5, 3.0 ] },
										"south": { "texture": "#iron", "uv": [ 0.0, 0.0, 0.5, 3.0 ] },
										"west": { "texture": "#iron", "uv": [ 0.0, 0.0, 0.5, 3.0 ] },
										"up": { "texture": "#iron", "uv": [ 0.0, 0.0, 0.5, 0.5 ] },
										"down": { "texture": "#iron", "uv": [ 0.0, 0.0, 0.5, 0.5 ] }
									},
									"children": [
										{
											"name": "latch_10",
											"from": [ 0.0, 0.0, -0.1 ],
											"to": [ 0.6, 3.0, 0.0 ],
											"rotationOrigin": [ 0.0, 0.0, -0.1 ],
											"faces": {
												"north": { "texture": "#brass", "uv": [ 0.0, 0.0, 0.5, 3.0 ] },
												"east": { "texture": "#brass", "uv": [ 0.0, 0.0, 0.5, 3.0 ] },
												"south": { "texture": "#brass", "uv": [ 0.0, 0.0, 0.5, 3.0 ] },
												"west": { "texture": "#brass", "uv": [ 0.0, 0.0, 0.5, 3.0 ] },
												"up": { "texture": "#brass", "uv": [ 0.0, 0.0, 0.5, 0.5 ] },
												"down": { "texture": "#brass", "uv": [ 0.0, 0.0, 0.5, 0.5 ] }
											}
										},
										{
											"name": "latch_11",
											"from": [ 0.2, 0.2, -0.2 ],
											"to": [ 0.4, 0.4, -0.1 ],
											"rotationOrigin": [ 0.2, 0.2, -0.2 ],
											"faces": {
												"north": { "texture": "#iron", "uv": [ 0.0, 0.0, 0.5, 0.5 ] },
												"east": { "texture": "#iron", "uv": [ 0.0, 0.0, 0.5, 0.5 ] },
												"south": { "texture": "#iron", "uv": [ 0.0, 0.0, 0.5, 0.5 ] },
												"west": { "texture": "#iron", "uv": [ 0.0, 0.0, 0.5, 0.5 ] },
												"up": { "texture": "#iron", "uv": [ 0.0, 0.0, 0.5, 0.5 ] },
												"down": { "texture": "#iron", "uv": [ 0.0, 0.0, 0.5, 0.5 ] }
											}
										},
										{
											"name": "latch_12",
											"from": [ 0.2, 2.6, -0.2 ],
											"to": [ 0.4, 2.8, -0.1 ],
											"rotationOrigin": [ 0.2, 2.6, -0.2 ],
											"faces": {
												"north": { "texture": "#iron", "uv": [ 0.0, 0.0, 0.5, 0.5 ] },
												"east": { "texture": "#iron", "uv": [ 0.0, 0.0, 0.5, 0.5 ] },
												"south": { "texture": "#iron", "uv": [ 0.0, 0.0, 0.5, 0.5 ] },
												"west": { "texture": "#iron", "uv": [ 0.0, 0.0, 0.5, 0.5 ] },
												"up": { "texture": "#iron", "uv": [ 0.0, 0.0, 0.5, 0.5 ] },
												"down": { "texture": "#iron", "uv": [ 0.0, 0.0, 0.5, 0.5 ] }
											}
										}
									]
								},
								{
									"name": "latch_15",
									"from": [ -0.2, -0.5, 0.0 ],
									"to": [ 0.8, 0.2, 0.7 ],
									"rotationOrigin": [ -0.2, -0.5, 0.0 ],
									"faces": {
										"north": { "texture": "#iron", "uv": [ 0.0, 0.0, 1.0, 0.5 ] },
										"east": { "texture": "#iron", "uv": [ 0.0, 0.0, 0.5, 0.5 ] },
										"south": { "texture": "#iron", "uv": [ 0.0, 0.0, 1.0, 0.5 ] },
										"west": { "texture": "#iron", "uv": [ 0.0, 0.0, 0.5, 0.5 ] },
										"up": { "texture": "#iron", "uv": [ 0.0, 0.0, 1.0, 0.5 ] },
										"down": { "texture": "#iron", "uv": [ 0.0, 0.0, 1.0, 0.5 ] }
									}
								}
							]
						},
						{
							"name": "Trigger_mechanism",
							"from": [ -0.3, 2.1, -5.4 ],
							"to": [ 0.7, 2.2, -1.4 ],
							"rotationOrigin": [ -0.3, 3.0, -1.1 ],
							"rotationX": -90.0,
							"faces": {
								"north": { "texture": "#iron", "uv": [ 0.0, 0.0, 1.0, 0.5 ] },
								"east": { "texture": "#iron", "uv": [ 0.0, 0.0, 4.0, 0.5 ] },
								"south": { "texture": "#iron", "uv": [ 0.0, 0.0, 1.0, 0.5 ] },
								"west": { "texture": "#iron", "uv": [ 0.0, 0.0, 4.0, 0.5 ] },
								"up": { "texture": "#iron", "uv": [ 0.0, 0.0, 1.0, 4.0 ] },
								"down": { "texture": "#iron", "uv": [ 0.0, 0.0, 1.0, 4.0 ] }
							},
							"children": [
								{
									"name": "Trigger_box",
									"from": [ 0.0, 0.0, 0.0 ],
									"to": [ 0.1, 1.3, 4.7 ],
									"faces": {
										"north": { "texture": "#iron", "uv": [ 0.0, 0.0, 0.5, 1.0 ] },
										"east": { "texture": "#iron", "uv": [ 4.0, 0.0, 8.5, 1.0 ] },
										"south": { "texture": "#iron", "uv": [ 0.0, 0.0, 0.5, 1.0 ] },
										"west": { "texture": "#iron", "uv": [ 6.5, 0.0, 11.0, 1.0 ] },
										"up": { "texture": "#iron", "uv": [ 0.0, 0.0, 0.5, 4.5 ] },
										"down": { "texture": "#iron", "uv": [ 0.0, 0.0, 0.5, 4.5 ] }
									},
									"children": [
										{
											"name": "Cube4",
											"from": [ -0.05, 0.8, 4.2 ],
											"to": [ 1.05, 1.1, 4.5 ],
											"rotationOrigin": [ 0.0, 0.8, 4.2 ],
											"faces": {
												"north": { "texture": "#brass", "uv": [ 0.0, 0.0, 1.0, 0.5 ] },
												"east": { "texture": "#brass", "uv": [ 0.0, 0.0, 0.5, 0.5 ] },
												"south": { "texture": "#brass", "uv": [ 0.0, 0.0, 1.0, 0.5 ] },
												"west": { "texture": "#brass", "uv": [ 0.0, 0.0, 0.5, 0.5 ] },
												"up": { "texture": "#brass", "uv": [ 0.0, 0.0, 1.0, 0.5 ] },
												"down": { "texture": "#brass", "uv": [ 0.0, 0.0, 1.0, 0.5 ] }
											}
										},
										{
											"name": "Cube9",
											"from": [ -0.05, 0.9, 0.8 ],
											"to": [ 1.05, 1.2, 1.1 ],
											"rotationOrigin": [ 0.0, 0.9, 0.8 ],
											"faces": {
												"north": { "texture": "#brass", "uv": [ 0.0, 0.0, 1.0, 0.5 ] },
												"east": { "texture": "#brass", "uv": [ 0.0, 0.0, 0.5, 0.5 ] },
												"south": { "texture": "#brass", "uv": [ 0.0, 0.0, 1.0, 0.5 ] },
												"west": { "texture": "#brass", "uv": [ 0.0, 0.0, 0.5, 0.5 ] },
												"up": { "texture": "#brass", "uv": [ 0.0, 0.0, 1.0, 0.5 ] },
												"down": { "texture": "#brass", "uv": [ 0.0, 0.0, 1.0, 0.5 ] }
											}
										},
										{
											"name": "Cube10",
											"from": [ -0.05, 0.9, 3.3 ],
											"to": [ 1.05, 1.2, 3.6 ],
											"rotationOrigin": [ 0.0, 0.9, 3.3 ],
											"faces": {
												"north": { "texture": "#brass", "uv": [ 0.0, 0.0, 1.0, 0.5 ] },
												"east": { "texture": "#brass", "uv": [ 0.0, 0.0, 0.5, 0.5 ] },
												"south": { "texture": "#brass", "uv": [ 0.0, 0.0, 1.0, 0.5 ] },
												"west": { "texture": "#brass", "uv": [ 0.0, 0.0, 0.5, 0.5 ] },
												"up": { "texture": "#brass", "uv": [ 0.0, 0.0, 1.0, 0.5 ] },
												"down": { "texture": "#brass", "uv": [ 0.0, 0.0, 1.0, 0.5 ] }
											}
										},
										{
											"name": "latch_7",
											"from": [ 0.1, 0.1, 3.7 ],
											"to": [ 0.9, 1.3, 4.0 ],
											"rotationOrigin": [ 0.1, 0.1, 3.7 ],
											"faces": {
												"north": { "texture": "#iron", "uv": [ 0.0, 0.0, 0.5, 1.0 ] },
												"east": { "texture": "#iron", "uv": [ 0.0, 0.0, 0.5, 1.0 ] },
												"south": { "texture": "#iron", "uv": [ 0.0, 0.0, 0.5, 1.0 ] },
												"west": { "texture": "#iron", "uv": [ 0.0, 0.0, 0.5, 1.0 ] },
												"up": { "texture": "#iron", "uv": [ 0.0, 0.0, 0.5, 0.5 ] },
												"down": { "texture": "#iron", "uv": [ 0.0, 0.0, 0.5, 0.5 ] }
											}
										},
										{
											"name": "latch_5",
											"from": [ 0.9, 0.0, 0.0 ],
											"to": [ 1.0, 1.3, 4.7 ],
											"rotationOrigin": [ 0.9, 0.0, 0.0 ],
											"faces": {
												"north": { "texture": "#iron", "uv": [ 0.0, 0.0, 0.5, 1.0 ] },
												"east": { "texture": "#iron", "uv": [ 5.0, 0.5, 9.5, 1.5 ] },
												"south": { "texture": "#iron", "uv": [ 0.0, 0.0, 0.5, 1.0 ] },
												"west": { "texture": "#iron", "uv": [ 5.5, 0.0, 10.0, 1.0 ] },
												"up": { "texture": "#iron", "uv": [ 0.0, 0.0, 0.5, 4.5 ] },
												"down": { "texture": "#iron", "uv": [ 0.0, 0.0, 0.5, 4.5 ] }
											}
										},
										{
											"name": "latch_6",
											"from": [ 0.1, 0.0, 0.0 ],
											"to": [ 0.9, 1.3, 0.2 ],
											"rotationOrigin": [ 0.1, 0.0, 0.0 ],
											"faces": {
												"north": { "texture": "#iron", "uv": [ 0.0, 0.0, 0.5, 1.0 ] },
												"east": { "texture": "#iron", "uv": [ 0.0, 0.0, 0.5, 1.0 ] },
												"south": { "texture": "#iron", "uv": [ 0.0, 0.0, 0.5, 1.0 ] },
												"west": { "texture": "#iron", "uv": [ 0.0, 0.0, 0.5, 1.0 ] },
												"up": { "texture": "#iron", "uv": [ 0.0, 0.0, 0.5, 0.5 ] },
												"down": { "texture": "#iron", "uv": [ 0.0, 0.0, 0.5, 0.5 ] }
											}
										}
									]
								},
								{
									"name": "Wheel",
									"from": [ 0.3, 0.8, 0.5 ],
									"to": [ 0.7, 1.4, 1.5 ],
									"rotationOrigin": [ 0.3, 1.3, 1.0 ],
									"faces": {
										"north": { "texture": "#iron", "uv": [ 10.0, 5.5, 10.5, 6.0 ] },
										"east": { "texture": "#iron", "uv": [ 10.0, 4.5, 11.0, 5.0 ] },
										"south": { "texture": "#iron", "uv": [ 10.0, 5.0, 10.5, 5.5 ] },
										"west": { "texture": "#iron", "uv": [ 9.0, 4.0, 10.0, 4.5 ] },
										"up": { "texture": "#iron", "uv": [ 10.0, 5.0, 10.5, 6.0 ] },
										"down": { "texture": "#iron", "uv": [ 10.5, 4.5, 11.0, 5.5 ] }
									},
									"children": [
										{
											"name": "Cube5",
											"from": [ 0.4, 0.0, 0.0 ],
											"to": [ 0.6, 0.6, 1.0 ],
											"rotationOrigin": [ 0.4, 0.0, 0.0 ],
											"faces": {
												"north": { "texture": "#iron", "uv": [ 9.5, 4.5, 10.0, 5.0 ] },
												"east": { "texture": "#iron", "uv": [ 10.5, 4.5, 11.5, 5.0 ] },
												"south": { "texture": "#iron", "uv": [ 9.5, 4.5, 10.0, 5.0 ] },
												"west": { "texture": "#iron", "uv": [ 8.5, 4.0, 9.5, 4.5 ] },
												"up": { "texture": "#iron", "uv": [ 10.0, 4.0, 10.5, 5.0 ] },
												"down": { "texture": "#iron", "uv": [ 10.0, 4.0, 10.5, 5.0 ] }
											},
											"children": [
												{
													"name": "Cube8",
													"from": [ 0.0, 0.6, 0.0 ],
													"to": [ 0.2, 1.0, 0.5 ],
													"rotationOrigin": [ 0.0, 0.6, 0.0 ],
													"faces": {
														"north": { "texture": "#iron", "uv": [ 9.5, 4.0, 10.0, 4.5 ] },
														"east": { "texture": "#iron", "uv": [ 10.0, 4.5, 10.5, 5.0 ] },
														"south": { "texture": "#iron", "uv": [ 9.0, 3.5, 9.5, 4.0 ] },
														"west": { "texture": "#iron", "uv": [ 9.5, 4.0, 10.0, 4.5 ] },
														"up": { "texture": "#iron", "uv": [ 9.5, 4.5, 10.0, 5.0 ] },
														"down": { "texture": "#iron", "uv": [ 10.0, 5.0, 10.5, 5.5 ] }
													}
												},
												{
													"name": "Cube12",
													"from": [ -0.2, 0.6, 0.0 ],
													"to": [ 0.0, 1.0, 0.5 ],
													"rotationOrigin": [ -0.2, 0.6, 0.0 ],
													"rotationZ": -31.0,
													"faces": {
														"north": { "texture": "#iron", "uv": [ 9.5, 4.5, 10.0, 5.0 ] },
														"east": { "texture": "#iron", "uv": [ 9.5, 4.0, 10.0, 4.5 ] },
														"south": { "texture": "#iron", "uv": [ 11.0, 5.5, 11.5, 6.0 ] },
														"west": { "texture": "#iron", "uv": [ 10.0, 4.5, 10.5, 5.0 ] },
														"up": { "texture": "#iron", "uv": [ 10.5, 4.5, 11.0, 5.0 ] },
														"down": { "texture": "#iron", "uv": [ 9.5, 5.0, 10.0, 5.5 ] }
													}
												}
											]
										},
										{
											"name": "Cube6",
											"from": [ -0.2, 0.0, 0.0 ],
											"to": [ 0.0, 0.6, 1.0 ],
											"rotationOrigin": [ -0.2, 0.0, 0.0 ],
											"faces": {
												"north": { "texture": "#iron", "uv": [ 9.5, 4.5, 10.0, 5.0 ] },
												"east": { "texture": "#iron", "uv": [ 9.5, 4.5, 10.5, 5.0 ] },
												"south": { "texture": "#iron", "uv": [ 10.5, 4.5, 11.0, 5.0 ] },
												"west": { "texture": "#iron", "uv": [ 9.0, 4.5, 10.0, 5.0 ] },
												"up": { "texture": "#iron", "uv": [ 9.5, 4.5, 10.0, 5.5 ] },
												"down": { "texture": "#iron", "uv": [ 9.5, 4.5, 10.0, 5.5 ] }
											},
											"children": [
												{
													"name": "Cube7",
													"from": [ 0.0, 0.6, 0.0 ],
													"to": [ 0.2, 1.0, 0.5 ],
													"rotationOrigin": [ 0.0, 0.6, 0.0 ],
													"faces": {
														"north": { "texture": "#iron", "uv": [ 10.0, 4.5, 10.5, 5.0 ] },
														"east": { "texture": "#iron", "uv": [ 9.0, 4.5, 9.5, 5.0 ] },
														"south": { "texture": "#iron", "uv": [ 10.0, 4.0, 10.5, 4.5 ] },
														"west": { "texture": "#iron", "uv": [ 10.0, 4.5, 10.5, 5.0 ] },
														"up": { "texture": "#iron", "uv": [ 9.5, 5.0, 10.0, 5.5 ] },
														"down": { "texture": "#iron", "uv": [ 9.5, 4.5, 10.0, 5.0 ] }
													}
												},
												{
													"name": "Cube11",
													"from": [ 0.2, 0.6, 0.0 ],
													"to": [ 0.4, 1.0, 0.5 ],
													"rotationOrigin": [ 0.4, 0.6, 0.0 ],
													"rotationZ": 31.0,
													"faces": {
														"north": { "texture": "#iron", "uv": [ 10.0, 4.5, 10.5, 5.0 ] },
														"east": { "texture": "#iron", "uv": [ 10.0, 4.0, 10.5, 4.5 ] },
														"south": { "texture": "#iron", "uv": [ 9.0, 4.0, 9.5, 4.5 ] },
														"west": { "texture": "#iron", "uv": [ 9.5, 4.0, 10.0, 4.5 ] },
														"up": { "texture": "#iron", "uv": [ 9.0, 4.5, 9.5, 5.0 ] },
														"down": { "texture": "#iron", "uv": [ 9.5, 4.5, 10.0, 5.0 ] }
													}
												}
											]
										}
									]
								},
								{
									"name": "Trigger",
									"from": [ 0.15, 1.1, 2.4 ],
									"to": [ 0.85, 1.3, 3.7 ],
									"rotationOrigin": [ 0.1, 1.1, 3.5 ],
									"rotationX": -5.0,
									"faces": {
										"north": { "texture": "#iron", "uv": [ 10.0, 4.5, 10.5, 5.0 ] },
										"east": { "texture": "#iron", "uv": [ 9.5, 4.0, 10.5, 4.5 ] },
										"south": { "texture": "#iron", "uv": [ 11.0, 4.5, 11.5, 5.0 ] },
										"west": { "texture": "#iron", "uv": [ 9.0, 4.5, 10.0, 5.0 ] },
										"up": { "texture": "#iron", "uv": [ 9.5, 4.5, 10.0, 5.5 ] },
										"down": { "texture": "#iron", "uv": [ 9.5, 4.0, 10.0, 5.0 ] }
									},
									"children": [
										{
											"name": "latch_9",
											"from": [ 0.0, 0.2, 0.9 ],
											"to": [ 0.7, 0.4, 1.2 ],
											"rotationOrigin": [ 0.0, 0.4, 0.9 ],
											"faces": {
												"north": { "texture": "#iron", "uv": [ 9.0, 4.5, 9.5, 5.0 ] },
												"east": { "texture": "#iron", "uv": [ 10.5, 4.5, 11.0, 5.0 ] },
												"south": { "texture": "#iron", "uv": [ 9.5, 5.0, 10.0, 5.5 ] },
												"west": { "texture": "#iron", "uv": [ 10.0, 4.5, 10.5, 5.0 ] },
												"up": { "texture": "#iron", "uv": [ 9.5, 4.5, 10.0, 5.0 ] },
												"down": { "texture": "#iron", "uv": [ 10.0, 4.5, 10.5, 5.0 ] }
											}
										},
										{
											"name": "latch_13",
											"from": [ 0.0, 0.4, 0.9 ],
											"to": [ 0.7, 1.0, 1.0 ],
											"rotationOrigin": [ 0.0, 0.6, 0.9 ],
											"faces": {
												"north": { "texture": "#brass", "uv": [ 0.0, 0.0, 0.5, 0.5 ] },
												"east": { "texture": "#brass", "uv": [ 0.0, 0.0, 0.5, 0.5 ] },
												"south": { "texture": "#brass", "uv": [ 0.0, 0.0, 0.5, 0.5 ] },
												"west": { "texture": "#brass", "uv": [ 0.0, 0.0, 0.5, 0.5 ] },
												"up": { "texture": "#brass", "uv": [ 0.0, 0.0, 0.5, 0.5 ] },
												"down": { "texture": "#brass", "uv": [ 0.0, 0.0, 0.5, 0.5 ] }
											}
										},
										{
											"name": "latch_14",
											"from": [ 0.0, 0.4, 1.0 ],
											"to": [ 0.7, 1.0, 1.2 ],
											"rotationOrigin": [ 0.0, 0.6, 1.0 ],
											"faces": {
												"north": { "texture": "#iron", "uv": [ 9.5, 4.0, 10.0, 4.5 ] },
												"east": { "texture": "#iron", "uv": [ 10.5, 4.0, 11.0, 4.5 ] },
												"south": { "texture": "#iron", "uv": [ 9.0, 4.0, 9.5, 4.5 ] },
												"west": { "texture": "#iron", "uv": [ 9.5, 4.5, 10.0, 5.0 ] },
												"up": { "texture": "#iron", "uv": [ 10.0, 4.0, 10.5, 4.5 ] },
												"down": { "texture": "#iron", "uv": [ 10.0, 4.0, 10.5, 4.5 ] }
											}
										},
										{
											"name": "latch_16",
											"from": [ 0.0, 0.0, -1.0 ],
											"to": [ 0.7, 0.2, 0.0 ],
											"rotationOrigin": [ 0.0, 0.2, 0.0 ],
											"rotationX": 10.0,
											"faces": {
												"north": { "texture": "#iron", "uv": [ 9.5, 4.5, 10.0, 5.0 ] },
												"east": { "texture": "#iron", "uv": [ 10.0, 4.5, 11.0, 5.0 ] },
												"south": { "texture": "#iron", "uv": [ 10.0, 4.5, 10.5, 5.0 ] },
												"west": { "texture": "#iron", "uv": [ 9.5, 4.5, 10.5, 5.0 ] },
												"up": { "texture": "#iron", "uv": [ 10.0, 4.0, 10.5, 5.0 ] },
												"down": { "texture": "#iron", "uv": [ 9.5, 4.5, 10.0, 5.5 ] }
											}
										}
									]
								}
							]
						}
					]
				},
				{
					"name": "Pin",
					"from": [ -0.8, -0.1, -2.6 ],
					"to": [ 1.3, 0.6, -1.9 ],
					"rotationOrigin": [ -0.8, -0.1, -2.6 ],
					"faces": {
						"north": { "texture": "#iron", "uv": [ 0.0, 0.0, 2.0, 0.5 ] },
						"east": { "texture": "#iron", "uv": [ 0.0, 0.0, 0.5, 0.5 ] },
						"south": { "texture": "#iron", "uv": [ 0.0, 0.0, 2.0, 0.5 ] },
						"west": { "texture": "#iron", "uv": [ 0.0, 0.0, 0.5, 0.5 ] },
						"up": { "texture": "#iron", "uv": [ 0.0, 0.0, 2.0, 0.5 ] },
						"down": { "texture": "#iron", "uv": [ 0.0, 0.0, 2.0, 0.5 ] }
					}
				}
			]
		}
	],
	"animations": [
		{
			"name": "draw",
			"code": "draw",
			"quantityframes": 90,
			"onActivityStopped": "Rewind",
			"onAnimationEnd": "Hold",
			"keyframes": [
				{
					"frame": 0,
					"elements": {
						"String": { "offsetX": 0.0, "offsetY": 0.0, "offsetZ": 0.0 },
						"String_6": { "rotationX": 0.0, "rotationY": 0.0, "rotationZ": 0.0 },
						"String_2": { "rotationX": 0.0, "rotationY": 0.0, "rotationZ": 0.0 },
						"Bow_right_limb_1": { "rotationX": 0.0, "rotationY": 0.0, "rotationZ": 0.0 },
						"Bow_right_limb_2": { "rotationX": 0.0, "rotationY": 0.0, "rotationZ": 0.0 },
						"Bow_right_limb_3": { "rotationX": 0.0, "rotationY": 0.0, "rotationZ": 0.0 },
						"Bow_right_limb_4": { "rotationX": 0.0, "rotationY": 0.0, "rotationZ": 0.0 },
						"Bow_right_limb_5": { "rotationX": 0.0, "rotationY": 0.0, "rotationZ": 0.0 },
						"Bow_right_limb_13": { "rotationX": 0.0, "rotationY": 0.0, "rotationZ": 0.0 },
						"Bow_right_limb_7": { "rotationX": 0.0, "rotationY": 0.0, "rotationZ": 0.0 },
						"Bow_right_limb_8": { "rotationX": 0.0, "rotationY": 0.0, "rotationZ": 0.0 },
						"Bow_right_limb_9": { "rotationX": 0.0, "rotationY": 0.0, "rotationZ": 0.0 },
						"Bow_right_limb_10": { "rotationX": 0.0, "rotationY": 0.0, "rotationZ": 0.0 },
						"Bow_right_limb_11": { "rotationX": 0.0, "rotationY": 0.0, "rotationZ": 0.0 },
						"Bow_right_limb_14": { "rotationX": 0.0, "rotationY": 0.0, "rotationZ": 0.0 },
						"Latch": { "rotationX": 0.0, "rotationY": 0.0, "rotationZ": 0.0 },
						"Trigger_mechanism": { "rotationX": 0.0, "rotationY": 0.0, "rotationZ": 0.0 },
						"Wheel": { "rotationX": -78.0, "rotationY": 0.0, "rotationZ": 0.0 },
						"Trigger": { "rotationX": 12.0, "rotationY": 0.0, "rotationZ": 0.0 },
						"latch_16": { "rotationX": -24.0, "rotationY": 0.0, "rotationZ": 0.0 },
						"Stock_front_22": { "offsetX": 0.0, "offsetY": 0.0, "offsetZ": 0.0, "rotationX": 0.0, "rotationY": 0.0, "rotationZ": 0.0 },
						"Bolt_point": { "offsetX": 0.0, "offsetY": 0.0, "offsetZ": 0.0 }
					}
				},
				{
					"frame": 1,
					"elements": {
						"Stock_front_22": { "offsetX": 0.0, "offsetY": 0.0, "offsetZ": 0.2, "rotationX": 5.0, "rotationY": 0.0, "rotationZ": 0.0 }
					}
				},
				{
					"frame": 6,
					"elements": {
						"Stock_front_22": { "offsetX": 0.0, "offsetY": 0.0, "offsetZ": 0.0, "rotationX": 0.0, "rotationY": 0.0, "rotationZ": 0.0 }
					}
				},
				{
					"frame": 15,
					"elements": {
						"Latch": { "rotationX": -82.0, "rotationY": 0.0, "rotationZ": 0.0 },
						"Trigger_mechanism": { "rotationX": 45.5, "rotationY": 0.0, "rotationZ": 0.0 },
						"Wheel": { "rotationX": -78.0, "rotationY": 0.0, "rotationZ": 0.0 },
						"Trigger": { "rotationX": 11.0, "rotationY": 0.0, "rotationZ": 0.0 },
						"latch_16": { "rotationX": -24.0, "rotationY": 0.0, "rotationZ": 0.0 }
					}
				},
				{
					"frame": 20,
					"elements": {
						"String": { "offsetX": 0.0, "offsetY": 0.0, "offsetZ": 0.0 },
						"String_2": { "rotationX": 0.0, "rotationY": 0.0, "rotationZ": 0.0 },
						"String_6": { "rotationX": 0.0, "rotationY": 0.0, "rotationZ": 0.0 },
						"Bow_right_limb_1": { "rotationX": 0.0, "rotationY": 0.0, "rotationZ": 0.0 },
						"Bow_right_limb_2": { "rotationX": 0.0, "rotationY": 0.0, "rotationZ": 0.0 },
						"Bow_right_limb_3": { "rotationX": 0.0, "rotationY": 0.0, "rotationZ": 0.0 },
						"Bow_right_limb_4": { "rotationX": 0.0, "rotationY": 0.0, "rotationZ": 0.0 },
						"Bow_right_limb_5": { "rotationX": 0.0, "rotationY": 0.0, "rotationZ": 0.0 },
						"Bow_right_limb_13": { "rotationX": 0.0, "rotationY": 0.0, "rotationZ": 0.0 },
						"Bow_right_limb_7": { "rotationX": 0.0, "rotationY": 0.0, "rotationZ": 0.0 },
						"Bow_right_limb_8": { "rotationX": 0.0, "rotationY": 0.0, "rotationZ": 0.0 },
						"Bow_right_limb_9": { "rotationX": 0.0, "rotationY": 0.0, "rotationZ": 0.0 },
						"Bow_right_limb_10": { "rotationX": 0.0, "rotationY": 0.0, "rotationZ": 0.0 },
						"Bow_right_limb_11": { "rotationX": 0.0, "rotationY": 0.0, "rotationZ": 0.0 },
						"Bow_right_limb_14": { "rotationX": 0.0, "rotationY": 0.0, "rotationZ": 0.0 },
						"Latch": { "rotationX": -95.0, "rotationY": 0.0, "rotationZ": 0.0 },
						"Trigger_mechanism": { "rotationX": 53.5, "rotationY": 0.0, "rotationZ": 0.0 },
						"Wheel": { "rotationX": 0.0, "rotationY": 0.0, "rotationZ": 0.0 },
						"Trigger": { "rotationX": 0.0, "rotationY": 0.0, "rotationZ": 0.0 },
						"latch_16": { "rotationX": 0.0, "rotationY": 0.0, "rotationZ": 0.0 }
					}
				},
				{
					"frame": 25,
					"elements": {
						"String": { "offsetX": 0.0, "offsetY": 0.0, "offsetZ": 0.0 },
						"String_2": { "rotationX": 0.0, "rotationY": 0.0, "rotationZ": 0.0 },
						"String_6": { "rotationX": 0.0, "rotationY": 0.0, "rotationZ": 0.0 },
						"Bow_right_limb_1": { "rotationX": 0.0, "rotationY": 0.0, "rotationZ": 0.0 },
						"Bow_right_limb_2": { "rotationX": 0.0, "rotationY": 0.0, "rotationZ": 0.0 },
						"Bow_right_limb_3": { "rotationX": 0.0, "rotationY": 0.0, "rotationZ": 0.0 },
						"Bow_right_limb_4": { "rotationX": 0.0, "rotationY": 0.0, "rotationZ": 0.0 },
						"Bow_right_limb_5": { "rotationX": 0.0, "rotationY": 0.0, "rotationZ": 0.0 },
						"Bow_right_limb_13": { "rotationX": 0.0, "rotationY": 0.0, "rotationZ": 0.0 },
						"Bow_right_limb_7": { "rotationX": 0.0, "rotationY": 0.0, "rotationZ": 0.0 },
						"Bow_right_limb_8": { "rotationX": 0.0, "rotationY": 0.0, "rotationZ": 0.0 },
						"Bow_right_limb_9": { "rotationX": 0.0, "rotationY": 0.0, "rotationZ": 0.0 },
						"Bow_right_limb_10": { "rotationX": 0.0, "rotationY": 0.0, "rotationZ": 0.0 },
						"Bow_right_limb_11": { "rotationX": 0.0, "rotationY": 0.0, "rotationZ": 0.0 },
						"Bow_right_limb_14": { "rotationX": 0.0, "rotationY": 0.0, "rotationZ": 0.0 },
						"Stock_front_22": { "rotationX": 0.0, "rotationY": 0.0, "rotationZ": 0.0 },
						"Bolt_point": { "offsetX": 0.0, "offsetY": 0.0, "offsetZ": 0.0 },
						"Latch": { "rotationX": -95.0, "rotationY": 0.0, "rotationZ": 0.0 },
						"Trigger_mechanism": { "rotationX": 53.5, "rotationY": 0.0, "rotationZ": 0.0 },
						"Wheel": { "rotationX": 0.0, "rotationY": 0.0, "rotationZ": 0.0 },
						"Trigger": { "rotationX": 0.0, "rotationY": 0.0, "rotationZ": 0.0 },
						"latch_16": { "rotationX": 0.0, "rotationY": 0.0, "rotationZ": 0.0 }
					}
				},
				{
					"frame": 30,
					"elements": {
						"String": { "offsetX": 0.0, "offsetY": 0.5, "offsetZ": 0.8 },
						"String_6": { "rotationX": 0.0, "rotationY": -4.0, "rotationZ": -3.0 },
						"String_2": { "rotationX": 0.0, "rotationY": 4.0, "rotationZ": -3.0 }
					}
				},
				{
					"frame": 35,
					"elements": {
						"String": { "offsetX": 0.0, "offsetY": 1.0, "offsetZ": 1.7 },
						"String_6": { "rotationX": 0.0, "rotationY": -9.0, "rotationZ": -6.5 },
						"String_2": { "rotationX": 0.0, "rotationY": 9.0, "rotationZ": -6.5 }
					}
				},
				{
					"frame": 40,
					"elements": {
						"String": { "offsetX": 0.0, "offsetY": 1.0, "offsetZ": 2.6 },
						"String_2": { "rotationX": 0.0, "rotationY": 13.0, "rotationZ": -6.0 },
						"String_6": { "rotationX": 0.0, "rotationY": -13.0, "rotationZ": -6.0 }
					}
				},
				{
					"frame": 45,
					"elements": {
						"String": { "offsetX": 0.0, "offsetY": 0.7, "offsetZ": 3.4 },
						"String_6": { "rotationX": 0.0, "rotationY": -17.0, "rotationZ": -4.0 }
					}
				},
				{
					"frame": 49,
					"elements": {
						"Stock_front_22": { "rotationX": 0.0, "rotationY": 0.0, "rotationZ": 0.0 }
					}
				},
				{
					"frame": 50,
					"elements": {
						"String": { "offsetX": 0.0, "offsetY": 0.3, "offsetZ": 4.0 },
						"String_2": { "rotationX": 0.0, "rotationY": 20.0, "rotationZ": -1.5 },
						"String_6": { "rotationX": 0.0, "rotationY": -20.0, "rotationZ": -1.5 },
						"Bow_right_limb_1": { "rotationX": 0.0, "rotationY": -2.0, "rotationZ": 0.0 },
						"Bow_right_limb_2": { "rotationX": 0.0, "rotationY": -2.0, "rotationZ": 0.0 },
						"Bow_right_limb_3": { "rotationX": 0.0, "rotationY": -2.0, "rotationZ": 0.0 },
						"Bow_right_limb_4": { "rotationX": 0.0, "rotationY": -2.0, "rotationZ": 0.0 },
						"Bow_right_limb_5": { "rotationX": 0.0, "rotationY": -3.0, "rotationZ": 0.0 },
						"Bow_right_limb_13": { "rotationX": 0.0, "rotationY": 0.0, "rotationZ": 0.0 },
						"Bow_right_limb_7": { "rotationX": 0.0, "rotationY": 2.0, "rotationZ": 0.0 },
						"Bow_right_limb_8": { "rotationX": 0.0, "rotationY": -2.0, "rotationZ": 0.0 },
						"Bow_right_limb_9": { "rotationX": 0.0, "rotationY": -2.0, "rotationZ": 0.0 },
						"Bow_right_limb_10": { "rotationX": 0.0, "rotationY": -2.0, "rotationZ": 0.0 },
						"Bow_right_limb_11": { "rotationX": 0.0, "rotationY": -2.0, "rotationZ": 0.0 },
						"Bow_right_limb_14": { "rotationX": 0.0, "rotationY": 0.0, "rotationZ": 0.0 },
						"Latch": { "rotationX": 1.0, "rotationY": 0.0, "rotationZ": 0.0 },
						"Trigger_mechanism": { "rotationX": -1.0, "rotationY": 0.0, "rotationZ": 0.0 },
						"Wheel": { "rotationX": 0.0, "rotationY": 0.0, "rotationZ": 0.0 },
						"Trigger": { "rotationX": 0.0, "rotationY": 0.0, "rotationZ": 0.0 },
						"Stock_front_22": { "rotationX": -36.0, "rotationY": 0.0, "rotationZ": 0.0 }
					}
				},
				{
					"frame": 53,
					"elements": {
						"String": { "offsetX": 0.0, "offsetY": 0.3, "offsetZ": 4.0 },
						"String_2": { "rotationX": 0.0, "rotationY": 20.0, "rotationZ": -1.5 },
						"String_6": { "rotationX": 0.0, "rotationY": -20.0, "rotationZ": -1.5 },
						"Bow_right_limb_1": { "rotationX": 0.0, "rotationY": -2.0, "rotationZ": 0.0 },
						"Bow_right_limb_2": { "rotationX": 0.0, "rotationY": -2.0, "rotationZ": 0.0 },
						"Bow_right_limb_3": { "rotationX": 0.0, "rotationY": -2.0, "rotationZ": 0.0 },
						"Bow_right_limb_4": { "rotationX": 0.0, "rotationY": -2.0, "rotationZ": 0.0 },
						"Bow_right_limb_5": { "rotationX": 0.0, "rotationY": -3.0, "rotationZ": 0.0 },
						"Bow_right_limb_13": { "rotationX": 0.0, "rotationY": 0.0, "rotationZ": 0.0 },
						"Bow_right_limb_7": { "rotationX": 0.0, "rotationY": 2.0, "rotationZ": 0.0 },
						"Bow_right_limb_8": { "rotationX": 0.0, "rotationY": -2.0, "rotationZ": 0.0 },
						"Bow_right_limb_9": { "rotationX": 0.0, "rotationY": -2.0, "rotationZ": 0.0 },
						"Bow_right_limb_10": { "rotationX": 0.0, "rotationY": -2.0, "rotationZ": 0.0 },
						"Bow_right_limb_11": { "rotationX": 0.0, "rotationY": -2.0, "rotationZ": 0.0 },
						"Bow_right_limb_14": { "rotationX": 0.0, "rotationY": 0.0, "rotationZ": 0.0 },
						"Stock_front_22": { "rotationX": 0.0, "rotationY": 0.0, "rotationZ": 0.0 },
						"Latch": { "rotationX": 0.0, "rotationY": 0.0, "rotationZ": 0.0 },
						"Trigger_mechanism": { "rotationX": 0.0, "rotationY": 0.0, "rotationZ": 0.0 },
						"Wheel": { "rotationX": 0.0, "rotationY": 0.0, "rotationZ": 0.0 },
						"Trigger": { "rotationX": 0.0, "rotationY": 0.0, "rotationZ": 0.0 }
					}
				},
				{
					"frame": 55,
					"elements": {
						"Trigger": { "rotationX": 0.0, "rotationY": 0.0, "rotationZ": 0.0 },
						"latch_16": { "rotationX": 0.0, "rotationY": 0.0, "rotationZ": 0.0 }
					}
				},
				{
					"frame": 60,
					"elements": {
						"String": { "offsetX": 0.0, "offsetY": 0.3, "offsetZ": 4.0 },
						"String_2": { "rotationX": 0.0, "rotationY": 20.0, "rotationZ": -1.5 },
						"String_6": { "rotationX": 0.0, "rotationY": -20.0, "rotationZ": -1.5 },
						"Bow_right_limb_1": { "rotationX": 0.0, "rotationY": -2.0, "rotationZ": 0.0 },
						"Bow_right_limb_2": { "rotationX": 0.0, "rotationY": -2.0, "rotationZ": 0.0 },
						"Bow_right_limb_3": { "rotationX": 0.0, "rotationY": -2.0, "rotationZ": 0.0 },
						"Bow_right_limb_4": { "rotationX": 0.0, "rotationY": -2.0, "rotationZ": 0.0 },
						"Bow_right_limb_5": { "rotationX": 0.0, "rotationY": -3.0, "rotationZ": 0.0 },
						"Bow_right_limb_13": { "rotationX": 0.0, "rotationY": 0.0, "rotationZ": 0.0 },
						"Bow_right_limb_7": { "rotationX": 0.0, "rotationY": 2.0, "rotationZ": 0.0 },
						"Bow_right_limb_8": { "rotationX": 0.0, "rotationY": -2.0, "rotationZ": 0.0 },
						"Bow_right_limb_9": { "rotationX": 0.0, "rotationY": -2.0, "rotationZ": 0.0 },
						"Bow_right_limb_10": { "rotationX": 0.0, "rotationY": -2.0, "rotationZ": 0.0 },
						"Bow_right_limb_11": { "rotationX": 0.0, "rotationY": -2.0, "rotationZ": 0.0 },
						"Bow_right_limb_14": { "rotationX": 0.0, "rotationY": 0.0, "rotationZ": 0.0 },
						"Stock_front_22": { "rotationX": 0.0, "rotationY": 0.0, "rotationZ": 0.0 },
						"Latch": { "rotationX": 0.0, "rotationY": 0.0, "rotationZ": 0.0 },
						"Trigger_mechanism": { "rotationX": 0.0, "rotationY": 0.0, "rotationZ": 0.0 },
						"Wheel": { "rotationX": 0.0, "rotationY": 0.0, "rotationZ": 0.0 },
						"Trigger": { "rotationX": 4.0, "rotationY": 0.0, "rotationZ": 0.0 },
						"latch_16": { "rotationX": -8.0, "rotationY": 0.0, "rotationZ": 0.0 },
						"Bolt_point": { "offsetX": 0.0, "offsetY": 0.0, "offsetZ": 0.0 }
					}
				},
				{
					"frame": 63,
					"elements": {
						"Wheel": { "rotationX": -90.0, "rotationY": 0.0, "rotationZ": 0.0 },
						"Trigger": { "rotationX": 20.0, "rotationY": 0.0, "rotationZ": 0.0 },
						"latch_16": { "rotationX": -42.0, "rotationY": 0.0, "rotationZ": 0.0 },
						"Bolt_point": { "offsetX": 0.0, "offsetY": 0.0, "offsetZ": -2.0 }
					}
				},
				{
					"frame": 65,
					"elements": {
						"String": { "offsetX": 0.0, "offsetY": 0.0, "offsetZ": -0.4 },
						"String_2": { "rotationX": 0.0, "rotationY": 0.0, "rotationZ": -1.0 },
						"String_6": { "rotationX": 0.0, "rotationY": 0.0, "rotationZ": -1.0 },
						"Bow_right_limb_1": { "rotationX": 0.0, "rotationY": 0.0, "rotationZ": 0.0 },
						"Bow_right_limb_2": { "rotationX": 0.0, "rotationY": 1.0, "rotationZ": 0.0 },
						"Bow_right_limb_3": { "rotationX": 0.0, "rotationY": 1.0, "rotationZ": 0.0 },
						"Bow_right_limb_4": { "rotationX": 0.0, "rotationY": 1.0, "rotationZ": 0.0 },
						"Bow_right_limb_5": { "rotationX": 0.0, "rotationY": 1.0, "rotationZ": 0.0 },
						"Bow_right_limb_13": { "rotationX": 0.0, "rotationY": 0.0, "rotationZ": 0.0 },
						"Bow_right_limb_7": { "rotationX": 0.0, "rotationY": 0.0, "rotationZ": 0.0 },
						"Bow_right_limb_8": { "rotationX": 0.0, "rotationY": 1.0, "rotationZ": 0.0 },
						"Bow_right_limb_9": { "rotationX": 0.0, "rotationY": 1.0, "rotationZ": 0.0 },
						"Bow_right_limb_10": { "rotationX": 0.0, "rotationY": 1.0, "rotationZ": 0.0 },
						"Bow_right_limb_11": { "rotationX": 0.0, "rotationY": 1.0, "rotationZ": 0.0 },
						"Bow_right_limb_14": { "rotationX": 0.0, "rotationY": 0.0, "rotationZ": 0.0 },
						"Stock_front_22": { "rotationX": 0.0, "rotationY": 0.0, "rotationZ": 0.0 },
						"Latch": { "rotationX": 0.0, "rotationY": 0.0, "rotationZ": 0.0 },
						"Trigger_mechanism": { "rotationX": 0.0, "rotationY": 0.0, "rotationZ": 0.0 },
						"Wheel": { "rotationX": -78.0, "rotationY": 0.0, "rotationZ": 0.0 },
						"Trigger": { "rotationX": 12.0, "rotationY": 0.0, "rotationZ": 0.0 },
						"latch_16": { "rotationX": -24.0, "rotationY": 0.0, "rotationZ": 0.0 },
						"Bolt_point": { "offsetX": 0.0, "offsetY": 0.0, "offsetZ": -4.0 }
					}
				},
				{
					"frame": 70,
					"elements": {
						"Bolt_point": { "offsetX": 0.0, "offsetY": 0.0, "offsetZ": -25.0 },
						"Trigger": { "rotationX": 12.0, "rotationY": 0.0, "rotationZ": 0.0 },
						"latch_16": { "rotationX": -24.0, "rotationY": 0.0, "rotationZ": 0.0 },
						"String": { "offsetX": 0.0, "offsetY": 0.0, "offsetZ": 0.0 },
						"String_6": { "rotationX": 0.0, "rotationY": 0.0, "rotationZ": 0.0 },
						"String_2": { "rotationX": 0.0, "rotationY": 0.0, "rotationZ": 0.0 },
						"Bow_right_limb_8": { "rotationX": 0.0, "rotationY": 0.0, "rotationZ": 0.0 },
						"Bow_right_limb_9": { "rotationX": 0.0, "rotationY": 0.0, "rotationZ": 0.0 },
						"Bow_right_limb_10": { "rotationX": 0.0, "rotationY": 0.0, "rotationZ": 0.0 },
						"Bow_right_limb_11": { "rotationX": 0.0, "rotationY": 0.0, "rotationZ": 0.0 },
						"Bow_right_limb_2": { "rotationX": 0.0, "rotationY": 0.0, "rotationZ": 0.0 },
						"Bow_right_limb_3": { "rotationX": 0.0, "rotationY": 0.0, "rotationZ": 0.0 },
						"Bow_right_limb_4": { "rotationX": 0.0, "rotationY": 0.0, "rotationZ": 0.0 },
						"Bow_right_limb_5": { "rotationX": 0.0, "rotationY": 0.0, "rotationZ": 0.0 }
					}
				}
			]
		},

		{
			"name": "load",
			"code": "load",
			"quantityframes": 30,
			"onActivityStopped": "Rewind",
			"onAnimationEnd": "Hold",
			"keyframes": [
				{
					"frame": 0,
					"elements": {
						"Bolt_point": { "offsetX": 0.0, "offsetY": 25.0, "offsetZ": 7.0, "rotationX": 90.0, "rotationY": 0.0, "rotationZ": 0.0 }
					}
				},
				{
					"frame": 15,
					"elements": {
						"Bolt_point": { "offsetX": 0.0, "offsetY": 3.0, "offsetZ": -2.0, "rotationX": 28.0, "rotationY": 0.0, "rotationZ": 0.0 }
					}
				},
				{
					"frame": 29,
					"elements": {
						"Bolt_point": { "offsetX": 0.0, "offsetY": 0.0, "offsetZ": 0.0, "rotationX": 0.0, "rotationY": 0.0, "rotationZ": 0.0 }
					}
				}
			]
		}
	]
}