{
  "code": "elementalfragment",
  "class": "ItemElementalFragmentRM",
  "enabled": true,

  "storageFlags": 131073,

  "variantgroups": [
    {
      "code": "type",
      "states": [ "fire", "frost", "electricity", "gravity", "heal", "poison" ]
    }
  ],

  "creativeinventory": {
    "general": [ "*" ],
    "items": [ "*" ],
    "rustboundmagic": [ "*" ]
  },

  "maxstacksize": 64,
  "materialDensity": 1200,

  "shapebytype": {
    "*": {
      "base": "items/elementalfragment"
    }
  },
  "texturesByType": {
    "*": {
      "default": { "base": "default" },
      "quartz": { "base": "blocks/manastone/normal/manastoneblock-{type}" },
      "material1": { "base": "blocks/manastone/normal/manastoneblock-{type}" }
    }
  },

  "attributesByType": {
    "*": {
      "displaycaseable": true,
      "shelvable": true,
      "onshelfTransform": {
        "translation": {
          "x": 0,
          "y": -0.1,
          "z": 0
        },
        "scale": 0.8
      },
      "handbook": {
        "groupByByType": {
          "*": [ "elementalfragment-*" ]
        },
        "extraSections": [
          {
            "title": "game:Obtained by breaking",
            "text": "rustboundmagic:handbook-unstableelementalcrystalandimpureelementalcrystal-text"
          },
          {
            "title": "game:Obtained by killing",
            "text": "rustboundmagic:handbook-anycreaturewithelementalmodifiers-text"
          }
        ]
      }
    }
  },

  "guiTransform": {
    "translation": {
      "x": 2.5,
      "y": 0,
      "z": 0
    },
    "rotation": {
      "x": -35,
      "y": -36,
      "z": -180
    },
    "origin": {
      "x": 0.5,
      "y": 0.12,
      "z": 0.5
    },
    "scale": 3
  },
  "fpHandTransform": {
    "translation": {
      "x": 0,
      "y": 0.3,
      "z": 0
    },
    "rotation": {
      "x": -25,
      "y": 25,
      "z": 10
    },
    "scale": 1.75
  },
  "groundTransform": {
    "translation": {
      "x": 0,
      "y": 0.05,
      "z": 0
    },
    "rotation": {
      "x": 180,
      "y": 90,
      "z": 90
    },
    "origin": {
      "x": 0.5,
      "y": 0,
      "z": 0.5
    },
    "scale": 4
  },
  "tpHandTransform": {
    "translation": {
      "x": 0.11,
      "y": -1.07,
      "z": -0.09
    },
    "rotation": {
      "x": 126,
      "y": -86,
      "z": -40
    },
    "origin": {
      "x": -0.5,
      "y": 0,
      "z": 0
    },
    "scale": 0.75
  }
}
