{
  "code": "magicalrepairkit",
  "class": "ItemMagicalRepairKitRM",
  "enabled": true,

  //"storageFlags": 131073,

  "creativeinventory": {
    "general": [ "*" ],
    "items": [ "*" ],
    "rustboundmagic": [ "*" ]
  },

  "behaviors": [
    {
      "name": "GroundStorable",
      "properties": {
        "layout": "Quadrants",
        "collisionBox": {
          "x1": 0,
          "y1": 0,
          "z1": 0,
          "x2": 1,
          "y2": 0.125,
          "z2": 1
        }
      }
    }
  ],

  "maxstacksize": 16,
  "materialDensity": 600,

  "shapebytype": {
    "*": {
      "base": "items/magicalrepairkit"
    }
  },
  "texturesByType": {
    "*": {
      "default": { "base": "default" },
      "rustydust": { "base": "items/rust-solid" },
      "manastone": { "base": "blocks/manastone/normal/manastoneblock-none*" },
      "fibers": { "base": "items/shiftingfibers" }
    }
  },

  "attributesByType": {
    "*": {
      "displaycaseable": true,
      "shelvable": true,
      "onshelfTransform": {
        "translation": {
          "x": 0,
          "y": -0.1,
          "z": 0
        },
        "scale": 0.8
      },
      "groundStorageTransform": {
        "origin": {
          "x": 0.5,
          "y": 0,
          "z": 0.5
        },
        "scale": 1.25
      },
      "handbook": {
        "extraSections": [
          {
            "title": "rustboundmagic:handbook-grimoirerepair-title",
            "text": "rustboundmagic:handbook-grimoirerepair-text"
          }
        ]
      }
    }
  },

  "guiTransform": {
    "translation": {
      "x": 0,
      "y": 0,
      "z": 0
    },
    "rotation": {
      "x": 151,
      "y": 135,
      "z": 0
    },
    "origin": {
      "x": 0.5,
      "y": 0.05,
      "z": 0.56
    },
    "scale": 5
  },
  "fpHandTransform": {
    "translation": {
      "x": -0.2,
      "y": 0.75,
      "z": 0.6
    },
    "rotation": {
      "x": 0,
      "y": -50,
      "z": 0
    },
    "origin": {
      "x": 0.5,
      "y": 0,
      "z": 0.5
    },
    "scale": 2
  },
  "tpHandTransform": {
    "translation": {
      "x": -0.69,
      "y": -0.2,
      "z": -0.5
    },
    "rotation": {
      "x": -90,
      "y": 180,
      "z": 90
    },
    "origin": {
      "x": 0.5,
      "y": 0.09,
      "z": 0.5
    },
    "scale": 1
  },
  "groundTransform": {
    "translation": {
      "x": 0,
      "y": 0,
      "z": 0
    },
    "rotation": {
      "x": 0,
      "y": 0,
      "z": 0
    },
    "origin": {
      "x": 0.5,
      "y": 0,
      "z": 0.5
    },
    "scale": 5
  }
}
