{
  "code": "magicchalk",
  "class": "ItemMagicChalkRM",
  "enabled": true,

  //"storageFlags": 131073,

  "variantgroups": [
    {
      "code": "variant",
      "states": [ "normal", "arcane" ]
    }
  ],
  "creativeinventory": {
    "general": [ "*" ],
    "items": [ "*" ],
    "rustboundmagic": [ "*" ]
  },

  "maxstacksize": 1,
  "materialDensity": 200,

  "durabilitybytype": {
    "*-normal": 200,
    "*-arcane": 50
  },

  "shapebytype": {
    "*": {
      "base": "items/tools/magicchalk"
    }
  },
  "texturesByType": {
    "*-normal": {
      "default": { "base": "default" },
      "chalk": { "base": "game:block/stone/rock/chalk1" },
      "handle": { "base": "game:block/clay/hardened/brown1" }
    },
    "*-arcane": {
      "default": { "base": "default" },
      "chalk": { "base": "game:block/machine/statictranslocator/rustyglow" },
      "handle": { "base": "game:block/clay/hardened/brown1" }
    }
  },

  "attributesByType": {
    "*-normal": {
      "displaycaseable": true,
      "shelvable": true,
      "onshelfTransform": {
        "translation": {
          "x": 0,
          "y": -0.1,
          "z": 0
        },
        "scale": 0.8
      },
      "handbook": {
        "extraSections": [
          {
            "title": "rustboundmagic:handbook-magicchalk-title",
            "text": "rustboundmagic:handbook-magicchalk-text"
          }
        ]
      }
    },
    "*-arcane": {
      "displaycaseable": true,
      "shelvable": true,
      "onshelfTransform": {
        "translation": {
          "x": 0,
          "y": -0.1,
          "z": 0
        },
        "scale": 0.8
      },
      "handbook": {
        "extraSections": [
          {
            "title": "game:Created by",
            "text": "rustboundmagic:handbook-synthesistier2-text"
          },
          {
            "title": "rustboundmagic:handbook-magicchalk-title",
            "text": "rustboundmagic:handbook-magicchalk-text"
          }
        ]
      }
    }
  },



  "guiTransform": {
    "rotation": {
      "x": -23,
      "y": -39,
      "z": -139
    },
    "origin": {
      "x": 0.7,
      "y": -0.45,
      "z": 0
    },
    "scale": 2.25
  },
  "fpHandTransform": {
    "translation": {
      "x": 0.35,
      "y": -0.2,
      "z": 0
    },
    "rotation": {
      "x": 87,
      "y": 90,
      "z": -30
    },
    "scale": 2.25
  },
  "tpHandTransform": {
    "translation": {
      "x": -0.7,
      "y": -0.2498,
      "z": -0.7499
    },
    "rotation": {
      "x": 0,
      "y": 2,
      "z": 3
    },
    "scale": 0.65
  },
  "groundTransform": {
    "translation": {
      "x": 0,
      "y": 0,
      "z": 0
    },
    "rotation": {
      "x": 0,
      "y": 0,
      "z": 0
    },
    "origin": {
      "x": 0.5,
      "y": -0.03,
      "z": 0.5
    },
    "scale": 4
  }
}
