{
  "code": "nugget",
  "class": "ItemEldrathiumNuggetRM",
  "enabled": true,

  "storageFlags": 131073,

  "variantgroups": [
    {
      "code": "metal",
      "states": [ "eldrathium" ]
    }
  ],

  "creativeinventory": {
    "general": [ "*" ],
    "items": [ "*" ],
    "rustboundmagic": [ "*" ]
  },

  "behaviors": [
    {
      "name": "GroundStorable",
      "properties": {
        "layout": "Quadrants",
        "collisionBox": {
          "x1": 0,
          "y1": 0,
          "z1": 0,
          "x2": 1,
          "y2": 0.125,
          "z2": 1
        }
      }
    }
  ],

  "heldTpIdleAnimation": "holdbothhands",
  "maxstacksize": 64,
  "materialDensity": 8960,
  //"storageFlags": 5,

  //"shapebytype": {
  //  "*": {
  //    "base": "items/arcanus"
  //  }
  //},
  //"texturesByType": {
  //  "*": {
  //   "default": { "base": "default" },
  //    "quartz": { "base": "blocks/arcanus/arcanuscrystal-none" },
  //    "temporal": { "base": "blocks/arcanus/arcanuscrystal-none" }
  //  }
  //},

  "shapebytype": {
    "*": {
      "base": "game:item/nugget"
    }
  },
  "texturesByType": {
    "*": {
      "default": { "base": "default" },
      "ore": { "base": "blocks/eldrathium" }
    }
  },
  "attributesByType": {
    "*": {
      "handbook": {
        "extraSections": [
          {
            "title": "rustboundmagic:handbook-rustydust-title",
            "text": "rustboundmagic:handbook-rustydust-text"
          }
        ]
      }
    }
  },

  "guiTransform": {
    "translation": {
      "x": 0,
      "y": 0,
      "z": 0
    },
    "rotation": {
      "x": 176,
      "y": 132,
      "z": -21
    },
    "origin": {
      "x": 0.5,
      "y": 0.07,
      "z": 0.5
    },
    "scale": 5.61
  },
  "fpHandTransform": {
    "translation": {
      "x": 0,
      "y": 0.2,
      "z": 0
    },
    "rotation": {
      "x": 0,
      "y": 24,
      "z": 20
    },
    "origin": {
      "x": 0.5,
      "y": 0.1,
      "z": 0.5
    },
    "scale": 2.68
  },
  "groundTransform": {
    "translation": {
      "x": 0,
      "y": 0,
      "z": 0
    },
    "rotation": {
      "x": 0,
      "y": 0,
      "z": 0
    },
    "origin": {
      "x": 0.5,
      "y": 0,
      "z": 0.5
    },
    "scale": 5
  },
  "tpHandTransform": {
    "translation": {
      "x": -0.8,
      "y": -0.1,
      "z": -0.7
    },
    "rotation": {
      "x": 5,
      "y": 82,
      "z": 16
    },
    "origin": {
      "x": 0.5,
      "y": 0.1,
      "z": 0.5
    },
    "scale": 0.7
  }
}
