{
  "code": "rustydust",
  "class": "ItemRustyDustRM",
  "enabled": true,

  "storageFlags": 131073,

  //"variantgroups": [
  //  {
  //    "code": "type",
  //    "states": [ "lesser", "greater", "superior", "celestial" ]
  //  }
  //],

  "creativeinventory": {
    "general": [ "*" ],
    "items": [ "*" ],
    "rustboundmagic": [ "*" ]
  },

  //"behaviors": [
  //  {
  //    "name": "GroundStorable",
  //    "properties": {
  //      "layout": "Quadrants",
  //      "collisionBox": {
  //        "x1": 0,
  //        "y1": 0,
  //        "z1": 0,
  //        "x2": 1,
  //        "y2": 0.125,
  //        "z2": 1
  //      }
  //    }
  //  }
  //],

  "heldTpIdleAnimation": "holdbothhands",
  "maxstacksize": 64,
  "materialDensity": 600,
  //"storageFlags": 5,

  //"shapebytype": {
  //  "*": {
  //    "base": "items/arcanus"
  //  }
  //},
  //"texturesByType": {
  //  "*": {
  //   "default": { "base": "default" },
  //    "quartz": { "base": "blocks/arcanus/arcanuscrystal-none" },
  //    "temporal": { "base": "blocks/arcanus/arcanuscrystal-none" }
  //  }
  //},

  "shapebytype": {
    "*": {
      "base": "items/rustydust"
    }
  },
  "texturesByType": {
    "*": {
      "default": { "base": "default" },
      "rust": { "base": "items/rust-solid" }
    }
  },
  "attributesByType": {
    "*": {
      "handbook": {
        "extraSections": [
          {
            "title": "rustboundmagic:handbook-rustydust-title",
            "text": "rustboundmagic:handbook-rustydust-text"
          }
        ]
      },
      "dissolveInWater": true
      //"displaycaseable": true,
      //"shelvable": true,
      //"onshelfTransform": {
      //  "translation": {
      //    "x": 0,
      //    "y": -0.1,
      //    "z": 0
      //  },
      //  "scale": 0.8
      //},
      //"groundStorageTransform": {
      //  "origin": {
      //    "x": 0.5,
      //    "y": 0,
      //    "z": 0.5
      //  },
      //  "scale": 0.75
      //}
    }
  },


  "guiTransform": {
    "translation": {
      "x": 3,
      "y": 1,
      "z": -25
    },
    "rotation": {
      "x": 155,
      "y": 12,
      "z": 0
    },
    "origin": {
      "x": 0.4,
      "y": -0.1,
      "z": 0.8
    },
    "scale": 2.54
  },
  "fpHandTransform": {
    "rotation": {
      "x": 54,
      "y": 99,
      "z": -30
    },
    "scale": 1.34
  },
  "tpHandTransform": {
    "translation": {
      "x": -1.67,
      "y": -1.25,
      "z": -0.8
    },
    "rotation": {
      "x": 70,
      "y": 11,
      "z": -65
    },
    "scale": 0.41
  },
  "groundTransform": {
    "translation": {
      "x": 0,
      "y": 0.2,
      "z": 0
    },
    "rotation": {
      "x": -4,
      "y": 8,
      "z": 0
    },
    "origin": {
      "x": 0.5,
      "y": 0.5,
      "z": 0.5299
    },
    "scale": 1.92
  }
}
