{
  "code": "shiftingfibers",
  "class": "ItemShiftingFibersRM",
  "enabled": true,

  "storageFlags": 131073,

  //"variantgroups": [
  //  {
  //    "code": "type",
  //    "states": [ "lesser", "greater", "superior", "celestial" ]
  //  }
  //],

  "creativeinventory": {
    "general": [ "*" ],
    "items": [ "*" ],
    "rustboundmagic": [ "*" ]
  },

  //"behaviors": [
  //  {
  //    "name": "GroundStorable",
  //    "properties": {
  //      "layout": "Quadrants",
  //      "collisionBox": {
  //        "x1": 0,
  //        "y1": 0,
  //        "z1": 0,
  //        "x2": 1,
  //        "y2": 0.125,
  //        "z2": 1
  //      }
  //    }
  //  }
  //],

  "maxstacksize": 64,
  "materialDensity": 200,
  //"storageFlags": 5,

  //"shapebytype": {
  //  "*": {
  //    "base": "items/arcanus"
  //  }
  //},
  //"texturesByType": {
  //  "*": {
  //   "default": { "base": "default" },
  //    "quartz": { "base": "blocks/arcanus/arcanuscrystal-none" },
  //    "temporal": { "base": "blocks/arcanus/arcanuscrystal-none" }
  //  }
  //},

  "shapebytype": {
    "*": {
      "base": "items/shiftingfibers"
    }
  },
  "texturesByType": {
    "*": {
      "default": { "base": "default" },
      "fibers": { "base": "items/shiftingfibers" }
    }
  },
  "attributesByType": {
    "*": {
      "handbook": {
        "extraSections": [
        ]
      }
      //"shelvable": true,
      //"displaycaseable": true,
      //"onshelfTransform": {
      //  "translation": {
      //    "x": 0,
      //    "y": -0.1,
      //    "z": 0
      //  },
      //  "scale": 0.8
      //},
      //"groundStorageTransform": {
      //  "rotation": {
      //    "x": 0,
      //    "y": 38,
      //    "z": 0
      //  },
      //  "origin": {
      //    "x": 0.5,
      //    "y": 0,
      //    "z": 0.5
      //  },
      //  "scale": 0.85
      //}
    }
  },


  "guiTransform": {
    "rotation": {
      "x": 120,
      "y": 11,
      "z": -20
    },
    "origin": {
      "x": 0.45,
      "y": 0.3,
      "z": 0.4
    },
    "scale": 1.69
  },
  "fpHandTransform": {
    "rotation": {
      "x": 110,
      "y": 92,
      "z": -30
    },
    "origin": {
      "x": 0.6,
      "y": 0.2,
      "z": 0.4
    },
    "scale": 1.1
  },
  "tpHandTransform": {
    "translation": {
      "x": -1.7,
      "y": -1.1,
      "z": -1.45
    },
    "rotation": {
      "x": -10,
      "y": -1,
      "z": -29
    },
    "scale": 0.34
  },
  "groundTransform": {
    "translation": {
      "x": 0,
      "y": 0.18,
      "z": 0
    },
    "rotation": {
      "x": 1,
      "y": 0,
      "z": 0
    },
    "origin": {
      "x": 0.5,
      "y": 0.22,
      "z": 0.5299
    },
    "scale": 4
  }
}
