{
  "code": "sigilofawakening",
  "class": "ItemSigilOfAwakeningRM",
  "enabled": true,

  "storageFlags": 131073,

  "creativeinventory": {
    "general": [ "*" ],
    "items": [ "*" ],
    "rustboundmagic": [ "*" ]
  },

  "behaviors": [
    {
      "name": "GroundStorable",
      "properties": {
        "layout": "Quadrants",
        "collisionBox": {
          "x1": 0,
          "y1": 0,
          "z1": 0,
          "x2": 1,
          "y2": 0.125,
          "z2": 1
        }
      }
    }
  ],


  "maxstacksize": 1,
  "materialDensity": 600,

  "shapebytype": {
    "*": {
      "base": "items/sigilofawakening"
    }
  },
  "texturesByType": {
    "*": {
      "default": { "base": "default" },
      "obsidian1": { "base": "blocks/sigilring-magictier" },
      "obsidian2": { "base": "blocks/eldrathium" },
      "obsidian3": { "base": "blocks/eldrathium" },
      "middlering": { "base": "magicaura-lesser" },
      "runes-cruxcasing": { "base": "default" },
      "material": { "base": "game:block/machine/statictranslocator/rustyglow" }
    }
  },

  "attributesByType": {
    "*": {
      "displaycaseable": true,
      "shelvable": true,
      "onshelfTransform": {
        "translation": {
          "x": 0,
          "y": -0.1,
          "z": 0
        },
        "scale": 0.8
      },
      "groundStorageTransform": {
        "origin": {
          "x": 0.5,
          "y": -0.32,
          "z": 0.5
        },
        "scale": 0.75
      },
      "handbook": {
        "extraSections": [
          {
            "title": "game:Created by",
            "text": "rustboundmagic:handbook-synthesistier1-text"
          },
          {
            "title": "rustboundmagic:handbook-upgrademagictiertotwo-title",
            "text": "rustboundmagic:handbook-upgrademagictiertotwo-text"
          }
        ]
      }
    }
  },


  "guiTransform": {
    "translation": {
      "x": 3,
      "y": 0,
      "z": 0
    },
    "rotation": {
      "x": 151,
      "y": 125,
      "z": 0
    },
    "origin": {
      "x": 0.5,
      "y": 0.175,
      "z": 0.5
    },
    "scale": 3.5
  },
  "fpHandTransform": {
    "translation": {
      "x": -0.05,
      "y": 0.25,
      "z": 0
    },
    "rotation": {
      "x": 5,
      "y": 100,
      "z": 0
    },
    "origin": {
      "x": 0.5,
      "y": -0.13,
      "z": 0.5
    },
    "scale": 2
  },
  "tpHandTransform": {
    "translation": {
      "x": -0.8699,
      "y": -0.11,
      "z": -0.605
    },
    "rotation": {
      "x": -90,
      "y": 0,
      "z": 0
    },
    "origin": {
      "x": 0.5,
      "y": 0.09,
      "z": 0.5
    },
    "scale": 0.75
  },
  "tpOffHandTransform": {
    "translation": {
      "x": -0.81,
      "y": -0.11,
      "z": -0.575
    },
    "rotation": {
      "x": -90,
      "y": 0,
      "z": 0
    },
    "origin": {
      "x": 0.5,
      "y": 0.09,
      "z": 0.5
    },
    "scale": 0.75
  },
  "groundTransform": {
    "translation": {
      "x": 0,
      "y": 0,
      "z": 0
    },
    "rotation": {
      "x": 0,
      "y": 0,
      "z": 0
    },
    "origin": {
      "x": 0.5,
      "y": 0,
      "z": 0.5
    },
    "scale": 4.0
  }
}
