{
	code: "expandedroofing",
	behaviors: [{name: "HorizontalOrientable", properties: {  dropBlockFace: "east", drop: { type: "block", code: "expandedroofing-{material}-{form}-east-free" }  }}],
	variantgroups: [
		{ code: "material", states: ["fireclay", "blueclay", "redclay", "brownclay"] },
		{ code: "form", states: 
		["normal-half-lower",
		"normal-half-upper",
		"normal-full-steep",
		"normal-full-upper",
		"normal-half-steep",
		"innercorner-half-lower",
		"innercorner-half-upper",
		"innercorner-full-upper",
		"innercorner-half-steep",
		"innercorner-full-steep",
		"outercorner-half-upper",
		"outercorner-half-steep",
		"outercorner-full-steep",
		"outercorner-half-lower",
		"diagonal-half-steep",
		"diagonal-full-steep",
		"point-full",
		"point-half",
		"outercorner-point"] },
		{ loadFromProperties: "abstract/horizontalorientation" },
		{ code: "cover", states: ["free", "snow"] }
	],
	shapeByType: { 
		
		
		"expandedroofing-*clay-*-north-*": { base: "block/roofing/clayshingle/{form}-{cover}", rotateY: 90 },
		"expandedroofing-*clay-*-west-*": { base: "block/roofing/clayshingle/{form}-{cover}", rotateY: 180 },
		"expandedroofing-*clay-*-south-*": { base: "block/roofing/clayshingle/{form}-{cover}", rotateY: 270 },
		"expandedroofing-*clay-*-east-*": { base: "block/roofing/clayshingle/{form}-{cover}", rotateY: 0 },
		
	},
	texturesByType: {
	
		"*-fireclay-point-*-free": {
			"material": { base: "game:block/clay/shingles/fire" },
			"wood":	{ base: "game:block/wood/debarked/oak"}
		},
		"*-blueclay-point-*-free": {
			"material": { base: "game:block/clay/shingles/blue" },
			"wood":	{ base: "game:block/wood/debarked/walnut"}
		},
		"*-redclay-point-*-free": {
			"material": { base: "game:block/clay/shingles/red" },
			"wood":	{ base: "game:block/wood/debarked/acacia"}
		},
		"*-brownclay-point-*-free": {
			"material": { base: "game:block/clay/shingles/brown" },
			"wood":	{ base: "game:block/wood/debarked/veryaged"}
		},
		"*-fireclay-diagonal-full-*-free": {
			"material": { base: "game:block/clay/shingles/fire" },
			"wood":	{ base: "game:block/wood/debarked/oak"}
		},
		"*-blueclay-diagonal-full-*-free": {
			"material": { base: "game:block/clay/shingles/blue" },
			"wood":	{ base: "game:block/wood/debarked/walnut"}
		},
		"*-redclay-diagonal-full-*-free": {
			"material": { base: "game:block/clay/shingles/red" },
			"wood":	{ base: "game:block/wood/debarked/acacia"}
		},
		"*-brownclay-diagonal-full-*-free": {
			"material": { base: "game:block/clay/shingles/brown" },
			"wood":	{ base: "game:block/wood/debarked/veryaged"}
		},
		"*-fireclay-outercorner-point-*-free": {
			"material": { base: "game:block/clay/shingles/fire" },
			"wood":	{ base: "game:block/wood/debarked/oak"}
		},
		"*-blueclay-outercorner-point-*-free": {
			"material": { base: "game:block/clay/shingles/blue" },
			"wood":	{ base: "game:block/wood/debarked/walnut"}
		},
		"*-redclay-outercorner-point-*-free": {
			"material": { base: "game:block/clay/shingles/red" },
			"wood":	{ base: "game:block/wood/debarked/acacia"}
		},
		"*-brownclay-outercorner-point-*-free": {
			"material": { base: "game:block/clay/shingles/brown" },
			"wood":	{ base: "game:block/wood/debarked/veryaged"}
		},

		"*-fireclay-*-free": {
			"material": { base: "game:block/clay/shingles/fire" }
		},
		"*-blueclay-*-free": {
			"material": { base: "game:block/clay/shingles/blue" }
		},
		"*-redclay-*-free": {
			"material": { base: "game:block/clay/shingles/red" }
		},
		"*-brownclay-*-free": {
			"material": { base: "game:block/clay/shingles/brown" }
		},



		"*-fireclay-point-*-snow": {
			"material": { base: "game:block/clay/shingles/fire" },
			"wood":	{ base: "game:block/wood/debarked/oak"},
			"snowcover": { base: "game:block/liquid/snow/normal1"}
		},
		"*-blueclay-point-*-snow": {
			"material": { base: "game:block/clay/shingles/blue" },
			"wood":	{ base: "game:block/wood/debarked/walnut"},
			"snowcover": { base: "game:block/liquid/snow/normal1"}
		},
		"*-redclay-point-*-snow": {
			"material": { base: "game:block/clay/shingles/red" },
			"wood":	{ base: "game:block/wood/debarked/acacia"},
			"snowcover": { base: "game:block/liquid/snow/normal1"}
		},
		"*-brownclay-point-*-snow": {
			"material": { base: "game:block/clay/shingles/brown" },
			"wood":	{ base: "game:block/wood/debarked/veryaged"},
			"snowcover": { base: "game:block/liquid/snow/normal1"}
		},
		"*-fireclay-diagonal-full-*-snow": {
			"material": { base: "game:block/clay/shingles/fire" },
			"wood":	{ base: "game:block/wood/debarked/oak"},
			"snowcover": { base: "game:block/liquid/snow/normal1"}
		},
		"*-blueclay-diagonal-full-*-snow": {
			"material": { base: "game:block/clay/shingles/blue" },
			"wood":	{ base: "game:block/wood/debarked/walnut"},
			"snowcover": { base: "game:block/liquid/snow/normal1"}
		},
		"*-redclay-diagonal-full-*-snow": {
			"material": { base: "game:block/clay/shingles/red" },
			"wood":	{ base: "game:block/wood/debarked/acacia"},
			"snowcover": { base: "game:block/liquid/snow/normal1"}
		},
		"*-brownclay-diagonal-full-*-snow": {
			"material": { base: "game:block/clay/shingles/brown" },
			"wood":	{ base: "game:block/wood/debarked/veryaged"},
			"snowcover": { base: "game:block/liquid/snow/normal1"}
		},
		"*-fireclay-outercorner-point-*-snow": {
			"material": { base: "game:block/clay/shingles/fire" },
			"wood":	{ base: "game:block/wood/debarked/oak"},
			"snowcover": { base: "game:block/liquid/snow/normal1"}
		},
		"*-blueclay-outercorner-point-*-snow": {
			"material": { base: "game:block/clay/shingles/blue" },
			"wood":	{ base: "game:block/wood/debarked/walnut"},
			"snowcover": { base: "game:block/liquid/snow/normal1"}
		},
		"*-redclay-outercorner-point-*-snow": {
			"material": { base: "game:block/clay/shingles/red" },
			"wood":	{ base: "game:block/wood/debarked/acacia"},
			"snowcover": { base: "game:block/liquid/snow/normal1"}
		},
		"*-brownclay-outercorner-point-*-snow": {
			"material": { base: "game:block/clay/shingles/brown" },
			"wood":	{ base: "game:block/wood/debarked/veryaged"},
			"snowcover": { base: "game:block/liquid/snow/normal1"}
		},

		"*-fireclay-*-snow": {
			"material": { base: "game:block/clay/shingles/fire" },
			"snowcover": { base: "game:block/liquid/snow/normal1"}
		},
		"*-blueclay-*-snow": {
			"material": { base: "game:block/clay/shingles/blue" },
			"snowcover": { base: "game:block/liquid/snow/normal1"}
		},
		"*-redclay-*-snow": {
			"material": { base: "game:block/clay/shingles/red" },
			"snowcover": { base: "game:block/liquid/snow/normal1"}
		},
		"*-brownclay-*-snow": {
			"material": { base: "game:block/clay/shingles/brown" },
			"snowcover": { base: "game:block/liquid/snow/normal1"}
		},







		

	},
	drawtype: "json",
	faceCullMode: "NeverCull",
	renderpass: "OpaqueNoCull",
	sidesolid: { all: true },
	sideopaque: { all: false },
	blockmaterialByType: {
		"*-fireclay-*": "Ceramic",
		"*-blueclay-*": "Ceramic",
		"*-redclay-*": "Ceramic",
		"*-brownclay-*": "Ceramic",
	},
	creativeinventory: { "confession": ["*-east-free"] },
	replaceable: 300,
	resistance: 2,
	lightAbsorption: 99,
	emitSideAo: {
		all: true
	},
	collisionSelectionBoxesByType: {
		"*-normal-half-lower-north-*": [{ x1: 0, y1: 0, z1: 0, x2: 0.6, y2: 0.5, z2: 1, rotateY: 270  }, { x1: 0.6, y1: 0, z1: 0, x2: 1, y2: 0.25, z2: 1, rotateY: 270  }],
		"*-normal-half-lower-west-*": [{ x1: 0, y1: 0, z1: 0, x2: 0.6, y2: 0.5, z2: 1  }, { x1: 0.6, y1: 0, z1: 0, x2: 1, y2: 0.25, z2: 1  }],
		"*-normal-half-lower-south-*": [{ x1: 0, y1: 0, z1: 0, x2: 0.6, y2: 0.5, z2: 1, rotateY: 90  }, { x1: 0.6, y1: 0, z1: 0, x2: 1, y2: 0.25, z2: 1, rotateY: 90  }],
		"*-normal-half-lower-east-*": [{ x1: 0, y1: 0, z1: 0, x2: 0.6, y2: 0.5, z2: 1, rotateY: 180 }, { x1: 0.6, y1: 0, z1: 0, x2: 1, y2: 0.25, z2: 1, rotateY: 180  }],
		"*-normal-half-upper-north-*": [{ x1: 0, y1: 0.5, z1: 0, x2: 0.6, y2: 1, z2: 1, rotateY: 270  }, { x1: 0.6, y1: 0.5, z1: 0, x2: 1, y2: 0.75, z2: 1, rotateY: 270  }],
		"*-normal-half-upper-west-*": [{ x1: 0, y1: 0.5, z1: 0, x2: 0.6, y2: 1, z2: 1  }, { x1: 0.6, y1: 0.5, z1: 0, x2: 1, y2: 0.75, z2: 1  }],
		"*-normal-half-upper-south-*": [{ x1: 0, y1: 0.5, z1: 0, x2: 0.6, y2: 1, z2: 1, rotateY: 90  }, { x1: 0.6, y1: 0.5, z1: 0, x2: 1, y2: 0.75, z2: 1, rotateY: 90  }],
		"*-normal-half-upper-east-*": [{ x1: 0, y1: 0.5, z1: 0, x2: 0.6, y2: 1, z2: 1, rotateY: 180 }, { x1: 0.6, y1: 0.5, z1: 0, x2: 1, y2: 0.75, z2: 1, rotateY: 180  }],
		"*-normal-full-steep-north-*": [{ x1: 0, y1: 0, z1: 0, x2: 1, y2: 0.5625, z2: 1, rotateY: 270  }, { x1: 0, y1: 0.5625, z1: 0, x2: 0.6875, y2: 1, z2: 1, rotateY: 270  }],
		"*-normal-full-steep-west-*": [{ x1: 0, y1: 0, z1: 0, x2: 1, y2: 0.5625, z2: 1  }, { x1: 0, y1: 0.5625, z1: 0, x2: 0.6875, y2: 1, z2: 1  }],
		"*-normal-full-steep-south-*": [{ x1: 0, y1: 0, z1: 0, x2: 1, y2: 0.5625, z2: 1, rotateY: 90  }, { x1: 0, y1: 0.5625, z1: 0, x2: 0.6875, y2: 1, z2: 1, rotateY: 90  }],
		"*-normal-full-steep-east-*": [{ x1: 0, y1: 0, z1: 0, x2: 1, y2: 0.5625, z2: 1, rotateY: 180 }, { x1: 0, y1: 0.5625, z1: 0, x2: 0.6875, y2: 1, z2: 1, rotateY: 180  }],
		"*-normal-half-steep-north-*": [{ x1: 0, y1: 0, z1: 0, x2: 0.4, y2: 1, z2: 1, rotateY: 270 }, { x1: 0.4, y1: 0, z1: 0, x2: 0.625, y2: 0.5, z2: 1, rotateY: 270 }],
		"*-normal-half-steep-west-*": [{ x1: 0, y1: 0, z1: 0, x2: 0.4, y2: 1, z2: 1 }, { x1: 0.4, y1: 0, z1: 0, x2: 0.625, y2: 0.5, z2: 1 }],
		"*-normal-half-steep-south-*": [{ x1: 0, y1: 0, z1: 0, x2: 0.4, y2: 1, z2: 1, rotateY: 90 }, { x1: 0.4, y1: 0, z1: 0, x2: 0.625, y2: 0.5, z2: 1, rotateY: 90 }],
		"*-normal-half-steep-east-*": [{ x1: 0, y1: 0, z1: 0, x2: 0.4, y2: 1, z2: 1, rotateY: 180 }, { x1: 0.4, y1: 0, z1: 0, x2: 0.625, y2: 0.5, z2: 1, rotateY: 180 }],
		"*-innercorner-half-lower-*": [{ x1: 0, y1: 0, z1: 0, x2: 1, y2: 0.5, z2: 1 }],
		"*-innercorner-half-upper-*": [{ x1: 0, y1: 0.5, z1: 0, x2: 1, y2: 1, z2: 1 }],
		"*-innercorner-full-upper-north-*": [{ x1: 0, y1: 0, z1: 0, x2: 1, y2: 0.6, z2: 1, rotateY: 270 }, { x1: 0, y1: 0.6, z1: 0, x2: 0.5, y2: 1, z2: 1, rotateY: 270 }, { x1: 1, y1: 0.6, z1: 0.5, x2: 0.5, y2: 1, z2: 1, rotateY: 270 }],
		"*-innercorner-full-upper-west-*": [{ x1: 0, y1: 0, z1: 0, x2: 1, y2: 0.6, z2: 1 }, { x1: 0, y1: 0.6, z1: 0, x2: 0.5, y2: 1, z2: 1 }, { x1: 1, y1: 0.6, z1: 0.5, x2: 0.5, y2: 1, z2: 1 }],
		"*-innercorner-full-upper-south-*": [{ x1: 0, y1: 0, z1: 0, x2: 1, y2: 0.6, z2: 1, rotateY: 90 }, { x1: 0, y1: 0.6, z1: 0, x2: 0.5, y2: 1, z2: 1, rotateY: 90 }, { x1: 1, y1: 0.6, z1: 0.5, x2: 0.5, y2: 1, z2: 1, rotateY: 90 }],
		"*-innercorner-full-upper-east-*": [{ x1: 0, y1: 0, z1: 0, x2: 1, y2: 0.6, z2: 1, rotateY: 180 }, { x1: 0, y1: 0.6, z1: 0, x2: 0.5, y2: 1, z2: 1, rotateY: 180 }, { x1: 1, y1: 0.6, z1: 0.5, x2: 0.5, y2: 1, z2: 1, rotateY: 180 }],	
		"*-innercorner-half-steep-north-*": [{ x1: 0.5, y1: 0, z1: 0.5, x2: 1, y2: 1, z2: 1, rotateY: 270 }, { x1: 0, y1: 0, z1: 0, x2: 0.5, y2: 1, z2: 1, rotateY: 270 }],
		"*-innercorner-half-steep-west-*": [{ x1: 0.5, y1: 0, z1: 0.5, x2: 1, y2: 1, z2: 1 }, { x1: 0, y1: 0, z1: 0, x2: 0.5, y2: 1, z2: 1 }],
		"*-innercorner-half-steep-south-*": [{ x1: 0.5, y1: 0, z1: 0.5, x2: 1, y2: 1, z2: 1, rotateY: 90 }, { x1: 0, y1: 0, z1: 0, x2: 0.5, y2: 1, z2: 1, rotateY: 90 }],
		"*-innercorner-half-steep-east-*": [{ x1: 0.5, y1: 0, z1: 0.5, x2: 1, y2: 1, z2: 1, rotateY: 180 }, { x1: 0, y1: 0, z1: 0, x2: 0.5, y2: 1, z2: 1, rotateY: 180 }],
		"*-innercorner-full-steep-*": [{ x1: 0, y1: 0, z1: 0, x2: 1, y2: 1, z2: 1,  }],
		"*-outercorner-half-lower-*": [{ x1: 0, y1: 0, z1: 0, x2: 1, y2: 0.5, z2: 1 }],
		"*-outercorner-half-upper-*": [{ x1: 0, y1: 0.5, z1: 0, x2: 1, y2: 1, z2: 1 }],	
		"*-outercorner-half-steep-north-*": [{ x1: 0, y1: 0, z1: 0.5, x2: 0.5, y2: 1, z2: 1, rotateY: 270 }],
		"*-outercorner-half-steep-west-*": [{ x1: 0, y1: 0, z1: 0.5, x2: 0.5, y2: 1, z2: 1 }],
		"*-outercorner-half-steep-south-*": [{ x1: 0, y1: 0, z1: 0.5, x2: 0.5, y2: 1, z2: 1, rotateY: 90 }],
		"*-outercorner-half-steep-east-*": [{ x1: 0, y1: 0, z1: 0.5, x2: 0.5, y2: 1, z2: 1, rotateY: 180 }],
		"*-outercorner-full-steep-north-*": [{ x1: 0, y1: 0, z1: 0, x2: 1, y2: 0.6, z2: 1, rotateY: 270 }, { x1: 0, y1: 0.6, z1: 0.4, x2: 0.6, y2: 1, z2: 1, rotateY: 270 }],
		"*-outercorner-full-steep-west-*": [{ x1: 0, y1: 0, z1: 0, x2: 1, y2: 0.6, z2: 1 }, { x1: 0, y1: 0.6, z1: 0.4, x2: 0.6, y2: 1, z2: 1 }],
		"*-outercorner-full-steep-south-*": [{ x1: 0, y1: 0, z1: 0, x2: 1, y2: 0.6, z2: 1, rotateY: 90 }, { x1: 0, y1: 0.6, z1: 0.4, x2: 0.6, y2: 1, z2: 1, rotateY: 90 }],
		"*-outercorner-point-east-*": [{ x1: 0, y1: 0, z1: 0, x2: 1, y2: 0.6, z2: 1, rotateY: 180 }, { x1: 0, y1: 0.6, z1: 0.4, x2: 0.6, y2: 1, z2: 1, rotateY: 180 }],
		"*-outercorner-point-north-*": [{ x1: 0, y1: 0, z1: 0, x2: 1, y2: 0.6, z2: 1, rotateY: 270 }, { x1: 0, y1: 0.6, z1: 0.4, x2: 0.6, y2: 1, z2: 1, rotateY: 270 }],
		"*-outercorner-point-west-*": [{ x1: 0, y1: 0, z1: 0, x2: 1, y2: 0.6, z2: 1 }, { x1: 0, y1: 0.6, z1: 0.4, x2: 0.6, y2: 1, z2: 1 }],
		"*-outercorner-point-south-*": [{ x1: 0, y1: 0, z1: 0, x2: 1, y2: 0.6, z2: 1, rotateY: 90 }, { x1: 0, y1: 0.6, z1: 0.4, x2: 0.6, y2: 1, z2: 1, rotateY: 90 }],
		"*-outercorner-point-east-*": [{ x1: 0, y1: 0, z1: 0, x2: 1, y2: 0.6, z2: 1, rotateY: 180 }, { x1: 0, y1: 0.6, z1: 0.4, x2: 0.6, y2: 1, z2: 1, rotateY: 180 }],
		"*-diagonal-full-steep-north-*": [{ x1: 0, y1: 0, z1: 0, x2: 1, y2: 0.6, z2: 1, rotateY: 270 }, { x1: 0, y1: 0.6, z1: 0.4, x2: 0.6, y2: 1, z2: 1, rotateY: 270 }],
		"*-diagonal-full-steep-west-*": [{ x1: 0, y1: 0, z1: 0, x2: 1, y2: 0.6, z2: 1 }, { x1: 0, y1: 0.6, z1: 0.4, x2: 0.6, y2: 1, z2: 1 }],
		"*-diagonal-full-steep-south-*": [{ x1: 0, y1: 0, z1: 0, x2: 1, y2: 0.6, z2: 1, rotateY: 90 }, { x1: 0, y1: 0.6, z1: 0.4, x2: 0.6, y2: 1, z2: 1, rotateY: 90 }],
		"*-diagonal-full-steep-east-*": [{ x1: 0, y1: 0, z1: 0, x2: 1, y2: 0.6, z2: 1, rotateY: 180 }, { x1: 0, y1: 0.6, z1: 0.4, x2: 0.6, y2: 1, z2: 1, rotateY: 180 }],
		"*-diagonal-half-steep-north-*": [{ x1: 0, y1: 0, z1: 0, x2: 0.4, y2: 1, z2: 0.4, rotateY: 270 }],
		"*-diagonal-half-steep-west-*": [{ x1: 0, y1: 0, z1: 0, x2: 0.4, y2: 1, z2: 0.4 }],
		"*-diagonal-half-steep-south-*": [{ x1: 0, y1: 0, z1: 0, x2: 0.4, y2: 1, z2: 0.4, rotateY: 90 }],
		"*-diagonal-half-steep-east-*": [{ x1: 0, y1: 0, z1: 0, x2: 0.4, y2: 1, z2: 0.4, rotateY: 180 }],
		"*-point-half-north-*": [{ x1: 0, y1: 0, z1: 0.5, x2: 0.5, y2: 1, z2: 1, rotateY: 270 }],
		"*-point-half-west-*": [{ x1: 0, y1: 0, z1: 0.5, x2: 0.5, y2: 1, z2: 1 }],
		"*-point-half-south-*": [{ x1: 0, y1: 0, z1: 0.5, x2: 0.5, y2: 1, z2: 1, rotateY: 90 }],
		"*-point-half-east-*": [{ x1: 0, y1: 0, z1: 0.5, x2: 0.5, y2: 1, z2: 1, rotateY: 180 }],
		"*-point-full-*": [{ x1: 0, y1: 0, z1: 0, x2: 1, y2: 0.5, z2: 1 }, { x1: 0.25, y1: 0.5, z1: 0.25, x2: 0.75, y2: 1.375, z2: 0.75 }],

		
		
	

		
		"*-north-*": [ { x1: 0, y1: 0, z1: 0, x2: 1, y2: 0.5625, z2: 1, rotateY: 90 }, { x1: 0.625, y1: 0.5625, z1: 0, x2: 1, y2: 1, z2: 1, rotateY: 90 } ],
		"*-west-*": [ { x1: 0, y1: 0, z1: 0, x2: 1, y2: 0.5625, z2: 1, rotateY: 180 }, { x1: 0.625, y1: 0.5625, z1: 0, x2: 1, y2: 1, z2: 1, rotateY: 180 } ],
		"*-south-*": [ { x1: 0, y1: 0, z1: 0, x2: 1, y2: 0.5625, z2: 1, rotateY: 270 }, { x1: 0.625, y1: 0.5625, z1: 0, x2: 1, y2: 1, z2: 1, rotateY: 270 } ],
		"*-east-*": [ { x1: 0, y1: 0, z1: 0, x2: 1, y2: 0.5625, z2: 1 }, { x1: 0.625, y1: 0.5625, z1: 0, x2: 1, y2: 1, z2: 1 } ]
	},
	soundsByType: {


		"*-fireclay-*": {
			walk: "game:walk/stone",
			place: "game:block/ceramicplace"
		},
		"*-blueclay-*": {
			walk: "game:walk/stone",
			place: "game:block/ceramicplace"
		},
		"*-redclay-*": {
			walk: "game:walk/stone",
			place: "game:block/ceramicplace"
		},
		"*-brownclay-*": {
			walk: "game:walk/stone",
			place: "game:block/ceramicplace"
		}
	},
	guiTransformByType: {

		"*": {
			rotation: { x: -22.6, y: -40, z: 0 },
			origin: { x: 0.53, y: 0.55, z: 0.46 },
			scale: 0.85
		}
	}
}