{
	code: "romanroofing",
	behaviors: [{name: "HorizontalOrientable", properties: {  dropBlockFace: "east", drop: { type: "block", code: "romanroofing-{material}-{form}-east-free" }  }},
		{ name: "Multiblock", propertiesByType: {
		"*-hend-*": { sizex: 1, sizey: 2, sizez: 1, cposition: { x: 0, y: 0, z: 0 }},
		"*-end-*": { sizex: 1, sizey: 1, sizez: 1, cposition: { x: 0, y: 0, z: 0 }},

		},
	}],
	variantgroups: [
		{ code: "material", states: ["chalk", "limestone", "sandstone", "claystone"] },
		{ code: "form", states: 
		[

		"end-rhalf-upper",
		"end-rhalf-lower",
		"end-lhalf-upper",
		"end-lhalf-lower",
		"hend-rhalf-lower",
		"hend-rhalf-upper",
		"hend-lhalf-lower",
		"hend-lhalf-upper",

		
		
		
		
		
		
		] },
		{ loadFromProperties: "abstract/horizontalorientation" },
		{ code: "cover", states: ["free"] }
	],
	creativeinventory: { "confession": ["*-east-free"] },
	shapeByType: { 
		
		
		"*-end-*-north-*": { base: "block/roofing/roman/{form}-{cover}", rotateY: 0 },
		"*-end-*-west-*": { base: "block/roofing/roman/{form}-{cover}", rotateY: 90 },
		"*-end-*-south-*": { base: "block/roofing/roman/{form}-{cover}", rotateY: 180 },
		"*-end-*-east-*": { base: "block/roofing/roman/{form}-{cover}", rotateY: 270 },
		"*-hend-*-north-*": { base: "block/roofing/roman/{form}-{cover}", rotateY: 0 },
		"*-hend-*-west-*": { base: "block/roofing/roman/{form}-{cover}", rotateY: 90 },
		"*-hend-*-south-*": { base: "block/roofing/roman/{form}-{cover}", rotateY: 180 },
		"*-hend-*-east-*": { base: "block/roofing/roman/{form}-{cover}", rotateY: 270 },

		
	},
	texturesByType: {
	
		"*": {
			"material": { base: "block/stone/shingles/tile1" },
			"wood":	{ base: "game:block/wood/debarked/acacia"},
			"stone":	{ base: "game:block/stone/polishedrock/{material}"},
			"inside":	{ base: "game:block/stone/rock/{material}1", overlays: ["game:block/overlay/cracked1"] },
		},



	},
	drawtype: "json",
	faceCullMode: "NeverCull",
	renderpass: "OpaqueNoCull",
	sidesolid: { all: true },
	sideopaque: { all: false },
	blockmaterialByType: {
		"*": "Wood",

	},
	replaceable: 300,
	resistance: 2,
	lightAbsorption: 99,
	emitSideAo: {
		all: true
	},
	collisionSelectionBoxesByType: {
		
		
		"*": [ { x1: 0, y1: 0, z1: 0, x2: 1, y2: 1, z2: 1 }],

	},
	soundsByType: {


		"*": {
			walk: "game:walk/wood",
			place: "game:block/chop"
		},
	
	},
	guiTransformByType: {

		"*": {
			rotation: { x: -22.6, y: -40, z: 0 },
			origin: { x: 0.53, y: 0.55, z: 0.46 },
			scale: 0.85
		}
	}
}