[
	{
		"ingredientPattern": "TF,XM",
		"ingredients": {
			"X": {
				"type": "block",
				"code": "ritualaltar-burned-north",
				"quantity": 1
			},
			"M": {
				"type": "item",
				"code": "manastone-none",
				"quantity": 4
			},
			"F": {
				"type": "item",
				"code": "shiftingfibers",
				"quantity": 2
			},
			"T": {
				"type": "item",
				"code": "arcanus-lesser",
				"quantity": 2
			}
		},
		"width": 2,
		"height": 2,
		"output": {
			"type": "block",
			"code": "ritualaltar-tier1-north",
			"quantity": 1
		}
	}
]