{
        "code": "ash",
	"enabled": false,
	"variantgroups": [
		{ "code": "category", "states": [
			"organic"
		] },
		{ "code": "type", "states": [
			"plant",
			"wood",
			"sludge"
		] }
	],
	"attributes": {
		"inContainerTexture": { "base": "em:item/resource/ash/{category}/incontainer/{type}" },
		"displaycaseable": false,
		"shelvable": false,
		"onDisplayTransform": {
			"translation": { "x": 0.05, "y": 0, "z": 0 },
			"origin": { "x": 0.5, "y": 0, "z": 0.5 },
			"scale": 0.65
		}
	},
	"attributesByType": {
		"ash-organic-*": {
			"handbook": { "extraSections": [ { "title": "handbook-item-usage", "text": "handbook-item-usage-ash-{category}-{type}" } ] }
		},
		"ash-organic-plant": {
			"displaycaseable": true,
			"shelvable": true
		},
		"ash-organic-wood": {
			"displaycaseable": true,
			"shelvable": true
		}
	},
	"combustiblePropsByType": {
		"ash-organic-sludge": {
			"meltingPoint": 700,
			"meltingDuration": 95,
			"smeltedRatio": 2,
			"smeltingType": "convert",
			"smeltedStack": { "type": "item", "code": "game:potash", "stacksize": 1 },
			"requiresContainer": false
		}
	},
	"replaceable": 900,
	"resistance": 1,
	"emitSideAo": { "all": false },
	"textures": { "all": { "base": "em:item/resource/ash/{category}/incontainer/{type}" } },
        "shapeByType": {
		"*": { "base": "em:item/resource/powdered" }
	},
        "creativeinventoryByType": {
		"*": { "general": ["*"], "items": ["*"] }
	},
        "maxstacksize": 64,
        "materialDensity": 500,
	"heldTpIdleAnimation": "holdbothhands",
	"tpHandTransform": {
		"translation": { "x": -1.67, "y": -1.25, "z": -0.8 },
		"rotation": { "x": 70, "y": 11, "z": -65 },
		"scale": 0.41
        },
        "fpHandTransform": {
		"translation": { "x": 0, "y": 0, "z": 0.15 },
		"rotation": { "x": -170, "y": 90, "z": -172 },
		"scale": 1.4
        },
	"guiTransform": {
		"translation": { "x": -2, "y": 1, "z": -25 },
                "rotation": { "x": 158, "y": 28, "z": 3 },
		"origin": { "x": 0.29, "y": -0.05, "z": 0.8 },
		"scale": 2.5
        }
}
