{
        "code": "powdered-ore",
	"comment": "For backwards compatibility with anyone using EM before 2.4.0. Will be removed in 2.5.0",
	"variantgroups": [ { "code": "oldtype", "states": [ "bauxite", "granite" ] } ],
	"attributes": {
		"inContainerTexture": { "base": "em:item/resource/powdered/stone/incontainer/{oldtype}" },
		"displaycaseable": true,
		"shelvable": true,
		"onDisplayTransform": {
			"translation": { "x": 0.05, "y": 0, "z": 0 },
			"origin": { "x": 0.5, "y": 0, "z": 0.5 },
			"scale": 0.65
		},
		"handbook": { "extraSections": [ { "title": "handbook-item-usage", "text": "handbook-item-usage-powdered-ore-{oldtype}" } ] }
	},
	"textures": { "all": { "base": "em:item/resource/powdered/stone/incontainer/{oldtype}" } },
        "shape": { "base": "em:item/resource/powdered" },
        "creativeinventory": { "general": ["*"], "items": ["*"], "ceramics": ["*"] },
	"combustiblePropsByType": {
		"powdered-ore-bauxite": {
			"meltingPoint": 1159,
			"meltingDuration": 12,
			"smeltingType": "convert",
			"smeltedStack": { "type": "item", "code": "em:powdered-ore-corundum" },
			"requiresContainer": false
		}
        },
        "maxstacksize": 128,
        "materialDensity": 600,
	"heldTpIdleAnimation": "holdbothhands",
	"tpHandTransform": {
		"translation": { "x": -1.67, "y": -1.25, "z": -0.8 },
		"rotation": { "x": 70, "y": 11, "z": -65 },
		"scale": 0.41
        },
        "fpHandTransform": {
		"translation": { "x": 0, "y": 0, "z": 0.15 },
		"rotation": { "x": -170, "y": 90, "z": -172 },
		"scale": 1.4
        },
	"guiTransform": {
		"translation": { "x": -2, "y": 1, "z": -25 },
                "rotation": { "x": 158, "y": 28, "z": 3 },
		"origin": { "x": 0.29, "y": -0.05, "z": 0.8 },
		"scale": 2.5
        }
}
