{
  "code": "spellforge",
  "classByType": {
    "*-burned-*": "BlockStationGenericRM",
    "*-tier1-*": "BlockStationSpellForgeRM"
  },
  "entityclassByType": {
    "*-tier1-*": "BlockEntityStationSpellForgeRM"
  },
  "enabled": true,

  //"storageFlags": 32769,
  "variantgroups": [
    {
      "code": "stage",
      "states": [ "raw", "burned", "tier1" ]
    },
    {
      "code": "side",
      "loadFromProperties": "game:abstract/horizontalorientation"
    }
  ],
  //"skipVariants": [ "*-raw-light-*", "*-burned-light-*", "*-raw-dark-*", "*-burned-dark-*", "*-raw-conduit-*", "*-burned-conduit-*" ],

  //"entityBehaviors": [ { "name": "Animatable" } ],
  "behaviorsByType": {
    "*-raw-*": [
      {
        "name": "GroundStorable",
        "properties": { "layout": "SingleCenter" }
      },
      {
        "name": "Unplaceable",
        "__comment": "The ground storable obsoletes this being a block. Should be an item, but is kept a block for backwards compatibility"
      },
      { "name": "RightClickPickup" }
    ],
    "*": [
      { "name": "HorizontalOrientable" },
      { "name": "Container" } //,
      //{ "name": "BlockBehaviorTransmuteRM" }
    ]
  },
  "combustiblePropsByType": {
    "*-raw-*": {
      "meltingPoint": 600,
      "meltingDuration": 45,
      "smeltedRatio": 1,
      "smeltingType": "fire",
      "smeltedStack": {
        "type": "block",
        "code": "spellforge-burned-north",
        "attributes": { "type": "normal" }
      },
      "requiresContainer": false
    }
  },
  "attributesByType": {
    "*-raw-*": {
      "handbook": {
        "groupBy": [ "spellforge-*" ]
      }
    },
    "*-burned-*": {
      "handbook": {
        "groupBy": [ "spellforge-*" ],
        "extraSections": [
          {
            "title": "game:Created by",
            "text": "game:itemdesc-fireinkiln"
          }
        ]
      }
    },
    "*-tier1-*": {
      "handbookByType": {
        "*-tier1-*": {
          "groupBy": [ "spellforge-*" ],
          "extraSections": [
            {
              "title": "game:Created by",
              "text": "rustboundmagic:handbook-synthesistier1-text"
            },
            {
              "title": "rustboundmagic:handbook-magicstation-title",
              "text": "rustboundmagic:handbook-magicstation-text"
            },
            {
              "title": "rustboundmagic:handbook-essencesystem-title",
              "text": "rustboundmagic:handbook-essencesystem-text"
            }
          ]
        }
      },
      "displaycaseable": false,
      "shelvable": false
    }
  },

  "creativeinventory": {
    "general": [ "*-north" ],
    "items": [ "*-north" ],
    "rustboundmagic": [ "*-north" ]
  },

  //"drawtypeByType": {
  //  "*-free": "JSON",
  //  "*-snow": "JSONAndSnowLayer"
  //},
  "shapeBytype": {
    "*-raw-*": {
      "base": "blocks/stations/spellforge-rawburned",
      "rotateY": 0
    },
    "*-burned-*": {
      "base": "blocks/stations/spellforge-rawburned",
      "rotateY": 0
    },
    "*-north": {
      "base": "blocks/stations/spellforge",
      "rotateY": 0
    },
    "*-south": {
      "base": "blocks/stations/spellforge",
      "rotateY": 180
    },
    "*-east": {
      "base": "blocks/stations/spellforge",
      "rotateY": 270
    },
    "*-west": {
      "base": "blocks/stations/spellforge",
      "rotateY": 90
    }
  },
  "texturesByType": {
    "*-raw-*": {
      "default": { "base": "default" },
      "material": { "base": "game:block/clay/blueclay" }
    },
    "*-burned-*": {
      "default": { "base": "default" },
      "material": { "base": "game:block/clay/ceramic" }
    },
    "*-tier1-*": {
      "default": { "base": "default" },
      "material1": { "base": "game:block/metal/plate/lead" },
      "material2": { "base": "game:block/stone/rock/obsidian1" },
      "material3": { "base": "blocks/manastone/bricksmall/manastonebricksmall-none*" },
      "material4": { "base": "game:block/stone/rock/obsidian1" },
      "rustyglow": { "base": "game:block/machine/statictranslocator/rustyglow" },
      "manastone1": { "base": "blocks/stations/nexusneutral" },
      "obsidian1": { "base": "game:block/stone/rock/obsidian1" },
      "manastone2": { "base": "blocks/stations/nexusneutral" },
      "cloth": { "base": "blocks/stations/clothtop" },
      "clothdecal": { "base": "default" }
    }
  },

  "sidesolid": {
    "all": "false"
  },
  "sideopaque": {
    "all": "false"
  },

  "maxstacksize": 1,
  "blockmaterial": "Other",
  "materialDensity": 1200,
  "replaceable": 300,
  "resistance": 3,
  "lightAbsorption": 0,
  //"heldTpIdleAnimation": "holdbothhands",
  "heldTpUseAnimation": "twohandplaceblock",

  "sounds": {
    "place": "game:block/rock-hit-pickaxe",
    "break": "game:block/rock-hit-pickaxe",
    "hit": "game:walk/stone",
    "walk": "game:walk/stone"
  },

  "collisionSelectionBoxesByType": {
    "*": [
      {
        "x1": 0,
        "y1": 0,
        "z1": 0,
        "x2": 1,
        "y2": 1,
        "z2": 1,
        "rotateYByType": {
          "*": 0
        }
      }
    ]
  },

  "guiTransform": {
    "rotation": {
      "x": -22.6,
      "y": 135,
      "z": 0
    }
  },
  "tpHandTransform": {
    "translation": {
      "x": -1.23,
      "y": -0.91,
      "z": -0.8
    },
    "rotation": {
      "x": -2,
      "y": 25,
      "z": -78
    },
    "scale": 0.4
  }
}
