{
	code: "curtain",
	behaviors: [
	{name: "HorizontalOrientable", properties: {  dropBlockFace: "east", drop: { type: "block", code: "curtain-{pattern}-{metal}-east" }}}
	],
	variantgroups: [
		{ code:"pattern", states: ["menorah", "starofdavid" ] },
		{ code:"metal", states: ["tinbronze", "bismuthbronze", "blackbronze", "copper", "cupronickel", "gold", "iron", "silver", "steel" ] },
		{ loadFromProperties: "abstract/horizontalorientation" }
		
	],
	shapeByType: { 
	"*-north": { base: "block/fabric/curtain", rotateY: 0 },
	"*-west": { base: "block/fabric/curtain", rotateY: 90 },
	"*-south": { base: "block/fabric/curtain", rotateY: 180 },
	"*-east": { base: "block/fabric/curtain", rotateY: 270 }
	},
	heldTpIdleAnimation: "holdbothhandslarge",
	creativeinventory: { "confession": ["*-east"] },
	blockmaterial: "Cloth",
	replaceable: 900,
	resistance: 1.5,
	lightAbsorption: 0,
	emitsideao: { all: false },
	sidesolid: {
		all: false
	},	
	sideopaque: {
		all: false
	},
	sounds: {
		"place": "game:block/cloth",
		"hit": "game:block/cloth",
		"break": "game:block/cloth",
		"walk": "game:walk/cloth"
	},
	combustibleProps: {
		burnTemperature: 400,
		burnDuration: 10,
	},
	texturesByType: {
		"*": {
			"curtainA": { base: "block/fabric/{pattern}-a", overlays: ["overlays/slightlydarker64"] },
			"curtainB": { base: "block/fabric/{pattern}-b", overlays: ["overlays/slightlydarker64"] },
			"curtainC": { base: "block/fabric/{pattern}-c", overlays: ["overlays/slightlydarker64"] },
			"curtainD": { base: "block/fabric/{pattern}-d", overlays: ["overlays/slightlydarker64"] },
			"pole":  { base: "game:block/metal/sheet-plain/{metal}1"},
		}
	},
	collisionSelectionBoxesByType: {
		"*-north": [ { x1: 0.8375, y1: 0.9, z1: -0.86, x2: 1, y2: 1.1875, z2: 1.86, rotateY: 90 }],
		"*-west": [ { x1: 0.8375, y1: 0.9, z1: -0.86, x2: 1, y2: 1.1875, z2: 1.86 , rotateY: 180 }],
		"*-south": [ { x1: 0.8375, y1: 0.9, z1: -0.86, x2: 1, y2: 1.1875, z2: 1.86 , rotateY: 270 }],
		"*-east": [ { x1: 0.8375, y1: 0.9, z1: -0.86, x2: 1, y2: 1.1875, z2: 1.86, rotateY: 0 }]
	},
	materialDensity: 400,
	groundTransformByType: {
	"*": {
		translation: { x: 0, y: 0.33, z: 0 },
		rotation: { x: 0, y: 0, z: -90 },
		origin: { x: 0.5, y: 0, z: 0.5 },
		scale: 3.71
		}
	},
	tpHandTransformByType: {
	"*": {
		translation: { x: -0.1, y: -0.4, z: -0.4 },
		rotation: { x: 18, y: 12, z: -69 },
		scale: 0.86
		}
	},
	fpHandTransformByType: {
	"*": {
		translation: { x: -1.5, y: -0.35, z: 2.6 },
		rotation: { x: 5, y: 49, z: 2 },
		scale: 2.48
		}

	},
	guiTransformByType: {
	"*": {
		translation: { x: 0, y: -4.7, z: 0 },
		rotation: { x: -20, y: -90, z: 0 },
		scale: 0.7
		}
	}
}