[
  { "file": "bricklayers:blocktypes/clay/glazed/glazedbricks.json",			"op": "add", "path": "/storageFlags", "value": 8193 },
  { "file": "bricklayers:blocktypes/clay/glazed/glazedbrickslab.json",			"op": "add", "path": "/storageFlags", "value": 8193 },
  { "file": "bricklayers:blocktypes/clay/glazed/glazedbrickstairs.json",		"op": "add", "path": "/storageFlags", "value": 8193 },
  { "file": "bricklayers:blocktypes/clay/claytile.json",				"op": "add", "path": "/storageFlags", "value": 8193 },
  { "file": "bricklayers:blocktypes/clay/claytiles.json",				"op": "add", "path": "/storageFlags", "value": 8193 },
  { "file": "bricklayers:blocktypes/clay/hardenedclayslab.json",			"op": "add", "path": "/storageFlags", "value": 8193 },
  { "file": "bricklayers:blocktypes/clay/biscuitporcelain.json",			"op": "add", "path": "/storageFlags", "value": 8193 },
  { "file": "bricklayers:blocktypes/clay/biscuitporcelainslab.json",			"op": "add", "path": "/storageFlags", "value": 8193 },
  { "file": "bricklayers:blocktypes/glass/full-colored.json",				"op": "add", "path": "/storageFlags", "value": 8193 },
  { "file": "bricklayers:blocktypes/glass/slab-colored.json",				"op": "add", "path": "/storageFlags", "value": 8193 },
  { "file": "bricklayers:blocktypes/stone/stonebrick/smallstonebricks.json",		"op": "add", "path": "/storageFlags", "value": 8193 },
  { "file": "bricklayers:blocktypes/stone/stonebrick/smallstonebrickslab.json",		"op": "add", "path": "/storageFlags", "value": 8193 },
  { "file": "bricklayers:blocktypes/stone/stonebrick/smallstonebrickstairs.json",	"op": "add", "path": "/storageFlags", "value": 8193 },
  { "file": "bricklayers:blocktypes/stone/tiles/stonetile.json",			"op": "add", "path": "/storageFlags", "value": 8193 },
  { "file": "bricklayers:blocktypes/stone/tiles/stonetiles.json",			"op": "add", "path": "/storageFlags", "value": 8193 },
  { "file": "bricklayers:blocktypes/clay/glazedtile.json",				"op": "add", "path": "/storageFlags", "value": 8193 },
  { "file": "bricklayers:blocktypes/clay/glazedtiles.json",				"op": "add", "path": "/storageFlags", "value": 8193 },

  { "file": "bricklayers:itemtypes/resource/stonetile_raw.json",			"op": "add", "path": "/storageFlags", "value": 8193 },
  { "file": "bricklayers:itemtypes/resource/glazedtile_raw.json",			"op": "add", "path": "/storageFlags", "value": 8193 },
  { "file": "bricklayers:itemtypes/resource/glazedbrick.json",				"op": "add", "path": "/storageFlags", "value": 8193 },
  { "file": "bricklayers:itemtypes/resource/rawclaybrick.json",				"op": "add", "path": "/storageFlags", "value": 8193 },
  { "file": "bricklayers:itemtypes/resource/smallstonebrick.json",			"op": "add", "path": "/storageFlags", "value": 8193 },

  { "file": "game:blocktypes/clay/hardenedclay.json",					"op": "add", "path": "/storageFlags", "value": 8193 },
  { "file": "game:blocktypes/roofing/slantedroofingcorner-inner.json",			"op": "add", "path": "/storageFlags", "value": 8193 },
  { "file": "game:blocktypes/roofing/slantedroofingcorner-outer.json",			"op": "add", "path": "/storageFlags", "value": 8193 },
  { "file": "game:blocktypes/roofing/slantedroofing.json",				"op": "add", "path": "/storageFlags", "value": 8193 },
  { "file": "game:blocktypes/roofing/slantedroofingridge.json",				"op": "add", "path": "/storageFlags", "value": 8193 },
  { "file": "game:blocktypes/roofing/slantedroofingtip.json",				"op": "add", "path": "/storageFlags", "value": 8193 }
]
