{
	"editor": {
		"collapsedPaths": "Root/root/slope2",
		"allAngles": false,
		"entityTextureMode": false
	},
	"textureWidth": 16,
	"textureHeight": 16,
	"textureSizes": {
	},
	
	"elements": [
		{
			"name": "origin",
			"from": [ 16.0, 16.0, 0.0 ],
			"to": [ 16.0, 16.0, 0.0 ],
			"rotationOrigin": [ 16.0, 24.0, -16.0 ],
			"faces": {
			},
			"children": [
				{
					"name": "slope",
					"from": [ -8.0, 16.0, 0.0 ],
					"to": [ -8.0, 16.0, 0.0 ],
					"rotationOrigin": [ -8.0, 16.0, 0.0 ],
					"rotationX": 10.0,
					"faces": {
					},
					"children": [
						{
							"name": "shingle1",
							"from": [ 0.0, -1.0, 0.0 ],
							"to": [ 8.0, 0.0, 4.0 ],
							"rotationOrigin": [ 0.0, -1.0, 0.0 ],
							"faces": {
								"north": { "texture": "#material", "uv": [ 0.0, 0.0, 8.0, 1.0 ] },
								"east": { "texture": "#material", "uv": [ 0.0, 0.0, 4.0, 1.0 ] },
								"south": { "texture": "#material", "uv": [ 0.0, 0.0, 8.0, 1.0 ] },
								"up": { "texture": "#material", "uv": [ 0.0, 0.0, 8.0, 4.0 ] },
								"down": { "texture": "#material", "uv": [ 0.0, 0.0, 8.0, 4.0 ] }
							}
						},
						{
							"name": "shingle2",
							"from": [ 0.0, -2.0, 3.59 ],
							"to": [ 8.0, -1.0, 7.59 ],
							"rotationOrigin": [ 0.0, -2.0, 3.6 ],
							"faces": {
								"north": { "texture": "#material", "uv": [ 0.0, 0.0, 8.0, 1.0 ] },
								"east": { "texture": "#material", "uv": [ 0.0, 0.0, 4.0, 1.0 ] },
								"south": { "texture": "#material", "uv": [ 0.0, 0.0, 8.0, 1.0 ] },
								"up": { "texture": "#material", "uv": [ 0.0, 3.0, 8.0, 7.0 ] },
								"down": { "texture": "#material", "uv": [ 0.0, 3.0, 8.0, 7.0 ] }
							}
						},
						{
							"name": "shingle3",
							"from": [ 0.0, -3.0, 7.18 ],
							"to": [ 8.0, -2.0, 11.18 ],
							"rotationOrigin": [ 0.0, -3.0, 7.2 ],
							"faces": {
								"north": { "texture": "#material", "uv": [ 0.0, 0.0, 8.0, 1.0 ] },
								"east": { "texture": "#material", "uv": [ 0.0, 0.0, 4.0, 1.0 ] },
								"south": { "texture": "#material", "uv": [ 0.0, 0.0, 8.0, 1.0 ] },
								"up": { "texture": "#material", "uv": [ 0.0, 6.5, 8.0, 10.5 ] },
								"down": { "texture": "#material", "uv": [ 0.0, 0.0, 8.0, 4.0 ] }
							}
						},
						{
							"name": "shingle4",
							"from": [ 0.0, -4.0, 10.77 ],
							"to": [ 8.0, -3.0, 14.77 ],
							"rotationOrigin": [ 0.0, -4.0, 10.8 ],
							"faces": {
								"north": { "texture": "#material", "uv": [ 0.0, 0.0, 8.0, 1.0 ] },
								"east": { "texture": "#material", "uv": [ 0.0, 0.0, 4.0, 1.0 ] },
								"south": { "texture": "#material", "uv": [ 0.0, 0.0, 8.0, 1.0 ] },
								"up": { "texture": "#material", "uv": [ 0.0, 10.5, 8.0, 14.5 ] },
								"down": { "texture": "#material", "uv": [ 0.0, 0.0, 8.0, 4.0 ] }
							}
						},
						{
							"name": "shingle5",
							"from": [ 0.0, -5.0, 14.36 ],
							"to": [ 8.0, -4.0, 18.36 ],
							"rotationOrigin": [ 0.0, -5.0, 14.4 ],
							"faces": {
								"north": { "texture": "#material", "uv": [ 0.0, 0.0, 8.0, 1.0 ] },
								"east": { "texture": "#material", "uv": [ 0.0, 0.0, 4.0, 1.0 ] },
								"south": { "texture": "#material", "uv": [ 0.0, 0.0, 8.0, 1.0 ] },
								"west": { "texture": "#material", "uv": [ 0.0, 0.0, 4.0, 1.0 ], "windMode": [-1,-1,-1,-1] },
								"up": { "texture": "#material", "uv": [ 0.0, 0.0, 8.0, 4.0 ] },
								"down": { "texture": "#material", "uv": [ 0.0, 0.0, 8.0, 4.0 ] }
							}
						},
						{
							"name": "Cube2",
							"from": [ 0.02, -2.1, 0.3 ],
							"to": [ 0.52, -1.1, 16.3 ],
							"rotationOrigin": [ 0.0, -2.1, 0.3 ],
							"rotationX": 15.4,
							"faces": {
								"north": { "texture": "#wood", "uv": [ 0.0, 0.0, 0.5, 1.0 ] },
								"east": { "texture": "#wood", "uv": [ 0.0, 0.0, 16.0, 1.0 ] },
								"west": { "texture": "#wood", "uv": [ 0.0, 0.0, 16.0, 1.0 ] },
								"up": { "texture": "#wood", "uv": [ 0.0, 0.0, 0.5, 16.0 ] },
								"down": { "texture": "#wood", "uv": [ 0.0, 0.0, 0.5, 16.0 ] }
							},
							"children": [
								{
									"name": "Cube3",
									"from": [ 0.0, 0.0, 16.0 ],
									"to": [ 0.5, 1.0, 17.63 ],
									"rotationOrigin": [ 0.0, 0.0, 16.0 ],
									"faces": {
										"east": { "texture": "#wood", "uv": [ 0.0, 0.0, 1.5, 1.0 ] },
										"south": { "texture": "#wood", "uv": [ 0.0, 0.0, 0.5, 1.0 ] },
										"west": { "texture": "#wood", "uv": [ 0.0, 0.0, 1.5, 1.0 ] },
										"up": { "texture": "#wood", "uv": [ 0.0, 0.0, 0.5, 1.5 ] },
										"down": { "texture": "#wood", "uv": [ 0.0, 0.0, 0.5, 1.5 ] }
									}
								}
							]
						},
						{
							"name": "Cube4",
							"from": [ 7.48, -2.1, 0.3 ],
							"to": [ 7.98, -1.1, 16.3 ],
							"rotationOrigin": [ 7.5, -2.1, 0.3 ],
							"rotationX": 15.4,
							"faces": {
								"north": { "texture": "#wood", "uv": [ 0.0, 0.0, 0.5, 1.0 ], "windMode": [-1,-1,-1,-1] },
								"east": { "texture": "#wood", "uv": [ 0.0, 0.0, 16.0, 1.0 ], "windMode": [-1,-1,-1,-1] },
								"west": { "texture": "#wood", "uv": [ 0.0, 0.0, 16.0, 1.0 ] },
								"up": { "texture": "#wood", "uv": [ 0.0, 0.0, 0.5, 16.0 ] },
								"down": { "texture": "#wood", "uv": [ 0.0, 0.0, 0.5, 16.0 ] }
							},
							"children": [
								{
									"name": "Cube5",
									"from": [ 0.0, 0.0, 16.0 ],
									"to": [ 0.5, 1.0, 17.63 ],
									"rotationOrigin": [ 0.0, 0.0, 16.0 ],
									"faces": {
										"east": { "texture": "#wood", "uv": [ 0.0, 0.0, 1.5, 1.0 ], "windMode": [-1,-1,-1,-1] },
										"south": { "texture": "#wood", "uv": [ 0.0, 0.0, 0.5, 1.0 ] },
										"west": { "texture": "#wood", "uv": [ 0.0, 0.0, 1.5, 1.0 ] },
										"up": { "texture": "#wood", "uv": [ 0.0, 0.0, 0.5, 1.5 ] },
										"down": { "texture": "#wood", "uv": [ 0.0, 0.0, 0.5, 1.5 ] }
									}
								}
							]
						}
					]
				},
				{
					"name": "beam",
					"from": [ -7.99, 11.2, 0.0 ],
					"to": [ -0.01, 14.2, 3.0 ],
					"rotationOrigin": [ -8.0, 11.2, 0.0 ],
					"faces": {
						"north": { "texture": "#wood", "uv": [ 0.0, 0.0, 7.5, 3.0 ] },
						"east": { "texture": "#wood", "uv": [ 0.0, 0.0, 3.0, 3.0 ], "windMode": [-1,-1,-1,-1] },
						"south": { "texture": "#wood", "uv": [ 0.0, 0.0, 7.5, 3.0 ] },
						"up": { "texture": "#wood", "uv": [ 0.0, 0.0, 7.5, 3.0 ] },
						"down": { "texture": "#wood", "uv": [ 0.0, 0.0, 7.5, 3.0 ] }
					}
				},
				{
					"name": "slope2",
					"from": [ -16.0, 8.0, 15.0 ],
					"to": [ -16.0, 8.0, 15.0 ],
					"rotationOrigin": [ -16.0, 9.3, 15.0 ],
					"faces": {
					},
					"children": [
						{
							"name": "Cube7",
							"from": [ 0.0, -24.0, -15.0 ],
							"to": [ 8.0, -21.0, 1.0 ],
							"rotationOrigin": [ 0.0, -24.0, -15.0 ],
							"faces": {
								"north": { "texture": "#stone", "uv": [ 1.5, 2.0, 9.5, 5.0 ] },
								"east": { "texture": "#stone", "uv": [ 0.0, 13.0, 16.0, 16.0 ] },
								"south": { "texture": "#stone", "uv": [ 7.5, 13.0, 15.5, 16.0 ] },
								"west": { "texture": "#stone", "uv": [ 0.0, 13.0, 16.0, 16.0 ] },
								"up": { "texture": "#stone", "uv": [ 0.0, 0.0, 8.0, 16.0 ] },
								"down": { "texture": "#stone", "uv": [ 0.0, 0.0, 8.0, 16.0 ] }
							}
						},
						{
							"name": "Cube6",
							"from": [ 0.01, 1.05, -0.38 ],
							"to": [ 8.01, 15.05, 2.62 ],
							"rotationOrigin": [ 0.0, 0.9583, 1.1584 ],
							"rotationX": -64.5,
							"faces": {
								"north": { "texture": "#stone", "uv": [ 0.0, 2.0, 8.0, 16.0 ] },
								"east": { "texture": "#stone", "uv": [ 0.0, 2.0, 3.0, 16.0 ] },
								"south": { "texture": "#stone", "uv": [ 0.0, 2.0, 8.0, 16.0 ] },
								"west": { "texture": "#stone", "uv": [ 0.0, 2.0, 3.0, 16.0 ] },
								"down": { "texture": "#stone", "uv": [ 0.0, 0.0, 8.0, 3.0 ] }
							},
							"children": [
								{
									"name": "Cube11",
									"from": [ 0.01, 14.0, 0.0 ],
									"to": [ 8.01, 18.5, 3.0 ],
									"rotationOrigin": [ 0.0, 14.0, 1.5 ],
									"faces": {
										"north": { "texture": "#stone", "uv": [ 0.0, 0.0, 8.0, 4.5 ] },
										"east": { "texture": "#stone", "uv": [ 0.0, 0.0, 3.0, 4.5 ], "windMode": [-1,-1,-1,-1], "windData": [0,1,1,1] },
										"south": { "texture": "#stone", "uv": [ 0.0, 0.0, 8.0, 4.5 ], "windMode": [-1,-1,-1,-1], "windData": [1,1,1,1] },
										"west": { "texture": "#stone", "uv": [ 0.0, 0.0, 3.0, 4.5 ] },
										"up": { "texture": "#stone", "uv": [ 0.0, 0.0, 8.0, 3.0 ], "windMode": [-1,-1,-1,-1], "windData": [1,1,1,1] }
									}
								}
							]
						}
					]
				},
				{
					"name": "inside1",
					"from": [ -10.99, 0.0, 0.0 ],
					"to": [ -7.99, 15.3, 5.0 ],
					"rotationOrigin": [ -11.0, 0.0, 0.0 ],
					"faces": {
						"north": { "texture": "#inside", "uv": [ 0.0, 1.0, 3.0, 16.0 ] },
						"east": { "texture": "#inside", "uv": [ 11.0, 1.0, 16.0, 16.0 ] },
						"west": { "texture": "#inside", "uv": [ 0.0, 1.0, 5.0, 16.0 ] }
					}
				},
				{
					"name": "inside2",
					"from": [ -11.0, 0.0, 5.0 ],
					"to": [ -8.0, 12.8, 11.0 ],
					"rotationOrigin": [ -11.0, 0.0, 5.0 ],
					"faces": {
						"east": { "texture": "#inside", "uv": [ 5.0, 3.5, 11.0, 16.0 ], "windMode": [-1,-1,-1,-1] },
						"west": { "texture": "#inside", "uv": [ 5.0, 3.5, 11.0, 16.0 ] }
					}
				},
				{
					"name": "inside3",
					"from": [ -11.0, 0.0, 11.0 ],
					"to": [ -8.0, 10.1, 16.0 ],
					"rotationOrigin": [ -11.0, 0.0, 11.0 ],
					"faces": {
						"east": { "texture": "#inside", "uv": [ 0.0, 6.0, 5.0, 16.0 ] },
						"south": { "texture": "#inside", "uv": [ 0.0, 6.0, 3.0, 16.0 ], "windMode": [-1,-1,-1,-1] },
						"west": { "texture": "#inside", "uv": [ 11.0, 6.0, 16.0, 16.0 ] }
					}
				},
				{
					"name": "inside4",
					"from": [ -10.97, -13.0, 0.0 ],
					"to": [ -7.97, 0.0, 16.0 ],
					"rotationOrigin": [ -11.0, -13.0, 0.0 ],
					"faces": {
						"north": { "texture": "#inside", "uv": [ 0.0, 0.0, 3.0, 13.0 ], "windMode": [-1,-1,-1,-1], "windData": [0,1,1,0] },
						"east": { "texture": "#inside", "uv": [ 0.0, 0.0, 16.0, 13.0 ], "windMode": [-1,-1,-1,-1], "windData": [0,1,1,0] },
						"south": { "texture": "#inside", "uv": [ 13.0, 0.0, 16.0, 13.0 ], "windMode": [-1,-1,-1,-1], "windData": [0,0,1,1] },
						"west": { "texture": "#inside", "uv": [ 0.0, 0.0, 16.0, 13.0 ] }
					}
				}
			]
		}
	]}