{
  "editor": {
    "allAngles": false,
    "entityTextureMode": false
  },
  "textureWidth": 16,
  "textureHeight": 16,
  "textureSizes": {
  },
  "textures": {
    "oak": "block/oak",
    "iron": "block/iron",
    "copper": "block/copper",
    "zinc": "block/zinc"
  },
  "elements": [
    {
      "name": "Cube1",
      "from": [
        0.0,
        0.0,
        0.0
      ],
      "to": [
        16.0,
        1.0,
        16.0
      ],
      "rotationOrigin": [
        8.0,
        0.0,
        8.0
      ],
      "rotationY": 90.0,
      "faces": {
        "north": {
          "texture": "#iron",
          "uv": [
            0.0,
            0.0,
            16.0,
            1.0
          ]
        },
        "east": {
          "texture": "#iron",
          "uv": [
            0.0,
            0.0,
            15.0,
            1.0
          ]
        },
        "south": {
          "texture": "#iron",
          "uv": [
            0.0,
            0.0,
            16.0,
            1.0
          ]
        },
        "west": {
          "texture": "#iron",
          "uv": [
            0.0,
            0.0,
            15.0,
            1.0
          ]
        },
        "up": {
          "texture": "#iron",
          "uv": [
            0.0,
            0.0,
            16.0,
            15.0
          ]
        },
        "down": {
          "texture": "#iron",
          "uv": [
            0.0,
            0.0,
            16.0,
            15.0
          ]
        }
      }
    },
    {
      "name": "Cube2",
      "from": [
        4.0,
        0.75,
        -4.0
      ],
      "to": [
        12.0,
        1.75,
        4.0
      ],
      "rotationOrigin": [
        12.0,
        1.0,
        4.0
      ],
      "rotationY": 90.0,
      "faces": {
        "north": {
          "texture": "#copper",
          "uv": [
            0.0,
            0.0,
            8.0,
            1.0
          ]
        },
        "east": {
          "texture": "#copper",
          "uv": [
            0.0,
            0.0,
            8.0,
            1.0
          ]
        },
        "south": {
          "texture": "#copper",
          "uv": [
            0.0,
            0.0,
            8.0,
            1.0
          ]
        },
        "west": {
          "texture": "#copper",
          "uv": [
            0.0,
            0.0,
            8.0,
            1.0
          ]
        },
        "up": {
          "texture": "#copper",
          "uv": [
            0.0,
            0.0,
            8.0,
            8.0
          ]
        },
        "down": {
          "texture": "#copper",
          "uv": [
            0.0,
            0.0,
            8.0,
            8.0
          ]
        }
      },
      "children": [
        {
          "name": "Cube3",
          "from": [
            0.0,
            1.25,
            0.0
          ],
          "to": [
            8.0,
            2.25,
            8.0
          ],
          "rotationOrigin": [
            8.0,
            1.0,
            8.0
          ],
          "faces": {
            "north": {
              "texture": "#zinc",
              "uv": [
                0.0,
                0.0,
                8.0,
                1.0
              ]
            },
            "east": {
              "texture": "#zinc",
              "uv": [
                0.0,
                0.0,
                8.0,
                1.0
              ]
            },
            "south": {
              "texture": "#zinc",
              "uv": [
                0.0,
                0.0,
                8.0,
                1.0
              ]
            },
            "west": {
              "texture": "#zinc",
              "uv": [
                0.0,
                0.0,
                8.0,
                1.0
              ]
            },
            "up": {
              "texture": "#zinc",
              "uv": [
                0.0,
                0.0,
                8.0,
                8.0
              ]
            },
            "down": {
              "texture": "#zinc",
              "uv": [
                0.0,
                0.0,
                8.0,
                8.0
              ]
            }
          }
        },
        {
          "name": "Cube5",
          "from": [
            0.0,
            3.75,
            0.0
          ],
          "to": [
            8.0,
            4.75,
            8.0
          ],
          "rotationOrigin": [
            8.0,
            3.5,
            8.0
          ],
          "faces": {
            "north": {
              "texture": "#zinc",
              "uv": [
                0.0,
                0.0,
                8.0,
                1.0
              ]
            },
            "east": {
              "texture": "#zinc",
              "uv": [
                0.0,
                0.0,
                8.0,
                1.0
              ]
            },
            "south": {
              "texture": "#zinc",
              "uv": [
                0.0,
                0.0,
                8.0,
                1.0
              ]
            },
            "west": {
              "texture": "#zinc",
              "uv": [
                0.0,
                0.0,
                8.0,
                1.0
              ]
            },
            "up": {
              "texture": "#zinc",
              "uv": [
                0.0,
                0.0,
                8.0,
                8.0
              ]
            },
            "down": {
              "texture": "#zinc",
              "uv": [
                0.0,
                0.0,
                8.0,
                8.0
              ]
            }
          }
        },
        {
          "name": "Cube4",
          "from": [
            0.0,
            2.5,
            0.0
          ],
          "to": [
            8.0,
            3.5,
            8.0
          ],
          "rotationOrigin": [
            8.0,
            3.0,
            8.0
          ],
          "faces": {
            "north": {
              "texture": "#copper",
              "uv": [
                0.0,
                0.0,
                8.0,
                1.0
              ]
            },
            "east": {
              "texture": "#copper",
              "uv": [
                0.0,
                0.0,
                8.0,
                1.0
              ]
            },
            "south": {
              "texture": "#copper",
              "uv": [
                0.0,
                0.0,
                8.0,
                1.0
              ]
            },
            "west": {
              "texture": "#copper",
              "uv": [
                0.0,
                0.0,
                8.0,
                1.0
              ]
            },
            "up": {
              "texture": "#copper",
              "uv": [
                0.0,
                0.0,
                8.0,
                8.0
              ]
            },
            "down": {
              "texture": "#copper",
              "uv": [
                0.0,
                0.0,
                8.0,
                8.0
              ]
            }
          }
        },
        {
          "name": "Cube7",
          "from": [
            0.0,
            6.25,
            0.0
          ],
          "to": [
            8.0,
            7.25,
            8.0
          ],
          "rotationOrigin": [
            8.0,
            6.0,
            8.0
          ],
          "faces": {
            "north": {
              "texture": "#zinc",
              "uv": [
                0.0,
                0.0,
                8.0,
                1.0
              ]
            },
            "east": {
              "texture": "#zinc",
              "uv": [
                0.0,
                0.0,
                8.0,
                1.0
              ]
            },
            "south": {
              "texture": "#zinc",
              "uv": [
                0.0,
                0.0,
                8.0,
                1.0
              ]
            },
            "west": {
              "texture": "#zinc",
              "uv": [
                0.0,
                0.0,
                8.0,
                1.0
              ]
            },
            "up": {
              "texture": "#zinc",
              "uv": [
                0.0,
                0.0,
                8.0,
                8.0
              ]
            },
            "down": {
              "texture": "#zinc",
              "uv": [
                0.0,
                0.0,
                8.0,
                8.0
              ]
            }
          }
        },
        {
          "name": "Cube8",
          "from": [
            0.0,
            8.75,
            0.0
          ],
          "to": [
            8.0,
            9.75,
            8.0
          ],
          "rotationOrigin": [
            8.0,
            8.5,
            8.0
          ],
          "faces": {
            "north": {
              "texture": "#zinc",
              "uv": [
                0.0,
                0.0,
                8.0,
                1.0
              ]
            },
            "east": {
              "texture": "#zinc",
              "uv": [
                0.0,
                0.0,
                8.0,
                1.0
              ]
            },
            "south": {
              "texture": "#zinc",
              "uv": [
                0.0,
                0.0,
                8.0,
                1.0
              ]
            },
            "west": {
              "texture": "#zinc",
              "uv": [
                0.0,
                0.0,
                8.0,
                1.0
              ]
            },
            "up": {
              "texture": "#zinc",
              "uv": [
                0.0,
                0.0,
                8.0,
                8.0
              ]
            },
            "down": {
              "texture": "#zinc",
              "uv": [
                0.0,
                0.0,
                8.0,
                8.0
              ]
            }
          }
        },
        {
          "name": "Cube13",
          "from": [
            -0.0028,
            12.5,
            0.0028
          ],
          "to": [
            7.9972,
            13.5,
            8.0028
          ],
          "rotationOrigin": [
            8.0,
            13.0,
            8.0
          ],
          "rotationY": -0.02,
          "faces": {
            "north": {
              "texture": "#copper",
              "uv": [
                0.0,
                0.0,
                8.0,
                1.0
              ]
            },
            "east": {
              "texture": "#copper",
              "uv": [
                0.0,
                0.0,
                8.0,
                1.0
              ]
            },
            "south": {
              "texture": "#copper",
              "uv": [
                0.0,
                0.0,
                8.0,
                1.0
              ]
            },
            "west": {
              "texture": "#copper",
              "uv": [
                0.0,
                0.0,
                8.0,
                1.0
              ]
            },
            "up": {
              "texture": "#copper",
              "uv": [
                0.0,
                0.0,
                8.0,
                8.0
              ]
            },
            "down": {
              "texture": "#copper",
              "uv": [
                0.0,
                0.0,
                8.0,
                8.0
              ]
            }
          }
        },
        {
          "name": "Cube12",
          "from": [
            -0.0028,
            13.75,
            0.0028
          ],
          "to": [
            7.9972,
            14.75,
            8.0028
          ],
          "rotationOrigin": [
            8.0,
            13.5,
            8.0
          ],
          "rotationY": -0.02,
          "faces": {
            "north": {
              "texture": "#zinc",
              "uv": [
                0.0,
                0.0,
                8.0,
                1.0
              ]
            },
            "east": {
              "texture": "#zinc",
              "uv": [
                0.0,
                0.0,
                8.0,
                1.0
              ]
            },
            "south": {
              "texture": "#zinc",
              "uv": [
                0.0,
                0.0,
                8.0,
                1.0
              ]
            },
            "west": {
              "texture": "#zinc",
              "uv": [
                0.0,
                0.0,
                8.0,
                1.0
              ]
            },
            "up": {
              "texture": "#zinc",
              "uv": [
                0.0,
                0.0,
                8.0,
                8.0
              ]
            },
            "down": {
              "texture": "#zinc",
              "uv": [
                0.0,
                0.0,
                8.0,
                8.0
              ]
            }
          }
        },
        {
          "name": "Cube11",
          "from": [
            -0.0028,
            11.25,
            0.0028
          ],
          "to": [
            7.9972,
            12.25,
            8.0028
          ],
          "rotationOrigin": [
            8.0,
            11.0,
            8.0
          ],
          "rotationY": -0.02,
          "faces": {
            "north": {
              "texture": "#zinc",
              "uv": [
                0.0,
                0.0,
                8.0,
                1.0
              ]
            },
            "east": {
              "texture": "#zinc",
              "uv": [
                0.0,
                0.0,
                8.0,
                1.0
              ]
            },
            "south": {
              "texture": "#zinc",
              "uv": [
                0.0,
                0.0,
                8.0,
                1.0
              ]
            },
            "west": {
              "texture": "#zinc",
              "uv": [
                0.0,
                0.0,
                8.0,
                1.0
              ]
            },
            "up": {
              "texture": "#zinc",
              "uv": [
                0.0,
                0.0,
                8.0,
                8.0
              ]
            },
            "down": {
              "texture": "#zinc",
              "uv": [
                0.0,
                0.0,
                8.0,
                8.0
              ]
            }
          }
        },
        {
          "name": "Cube9",
          "from": [
            -0.0028,
            7.5,
            0.0028
          ],
          "to": [
            7.9972,
            8.5,
            8.0028
          ],
          "rotationOrigin": [
            8.0,
            8.0,
            8.0
          ],
          "rotationY": -0.02,
          "faces": {
            "north": {
              "texture": "#copper",
              "uv": [
                0.0,
                0.0,
                8.0,
                1.0
              ]
            },
            "east": {
              "texture": "#copper",
              "uv": [
                0.0,
                0.0,
                8.0,
                1.0
              ]
            },
            "south": {
              "texture": "#copper",
              "uv": [
                0.0,
                0.0,
                8.0,
                1.0
              ]
            },
            "west": {
              "texture": "#copper",
              "uv": [
                0.0,
                0.0,
                8.0,
                1.0
              ]
            },
            "up": {
              "texture": "#copper",
              "uv": [
                0.0,
                0.0,
                8.0,
                8.0
              ]
            },
            "down": {
              "texture": "#copper",
              "uv": [
                0.0,
                0.0,
                8.0,
                8.0
              ]
            }
          }
        },
        {
          "name": "Cube6",
          "from": [
            0.0,
            5.0,
            0.0
          ],
          "to": [
            8.0,
            6.0,
            8.0
          ],
          "rotationOrigin": [
            8.0,
            5.0,
            8.0
          ],
          "faces": {
            "north": {
              "texture": "#copper",
              "uv": [
                0.0,
                0.0,
                8.0,
                1.0
              ]
            },
            "east": {
              "texture": "#copper",
              "uv": [
                0.0,
                0.0,
                8.0,
                1.0
              ]
            },
            "south": {
              "texture": "#copper",
              "uv": [
                0.0,
                0.0,
                8.0,
                1.0
              ]
            },
            "west": {
              "texture": "#copper",
              "uv": [
                0.0,
                0.0,
                8.0,
                1.0
              ]
            },
            "up": {
              "texture": "#copper",
              "uv": [
                0.0,
                0.0,
                8.0,
                8.0
              ]
            },
            "down": {
              "texture": "#copper",
              "uv": [
                0.0,
                0.0,
                8.0,
                8.0
              ]
            }
          }
        },
        {
          "name": "Cube10",
          "from": [
            0.0,
            10.0,
            0.0
          ],
          "to": [
            8.0,
            11.0,
            8.0
          ],
          "rotationOrigin": [
            8.0,
            10.0,
            8.0
          ],
          "faces": {
            "north": {
              "texture": "#copper",
              "uv": [
                0.0,
                0.0,
                8.0,
                1.0
              ]
            },
            "east": {
              "texture": "#copper",
              "uv": [
                0.0,
                0.0,
                8.0,
                1.0
              ]
            },
            "south": {
              "texture": "#copper",
              "uv": [
                0.0,
                0.0,
                8.0,
                1.0
              ]
            },
            "west": {
              "texture": "#copper",
              "uv": [
                0.0,
                0.0,
                8.0,
                1.0
              ]
            },
            "up": {
              "texture": "#copper",
              "uv": [
                0.0,
                0.0,
                8.0,
                8.0
              ]
            },
            "down": {
              "texture": "#copper",
              "uv": [
                0.0,
                0.0,
                8.0,
                8.0
              ]
            }
          }
        }
      ]
    },
    {
      "name": "Cube14",
      "from": [
        2.0,
        0.0,
        -2.0
      ],
      "to": [
        14.0,
        1.25,
        10.0
      ],
      "rotationOrigin": [
        10.0,
        0.0,
        6.0
      ],
      "rotationY": 90.0,
      "faces": {
        "north": {
          "texture": "#oak",
          "uv": [
            0.0,
            0.0,
            12.0,
            1.0
          ]
        },
        "east": {
          "texture": "#oak",
          "uv": [
            0.0,
            0.0,
            12.0,
            1.0
          ]
        },
        "south": {
          "texture": "#oak",
          "uv": [
            0.0,
            0.0,
            12.0,
            1.0
          ]
        },
        "west": {
          "texture": "#oak",
          "uv": [
            0.0,
            0.0,
            12.0,
            1.0
          ]
        },
        "up": {
          "texture": "#oak",
          "uv": [
            0.0,
            0.0,
            12.0,
            12.0
          ]
        },
        "down": {
          "texture": "#oak",
          "uv": [
            0.0,
            0.0,
            12.0,
            12.0
          ]
        }
      }
    },
    {
      "name": "Cube15",
      "from": [
        2.0,
        15.0,
        -2.0
      ],
      "to": [
        14.0,
        16.0,
        10.0
      ],
      "rotationOrigin": [
        10.0,
        15.0,
        6.0
      ],
      "rotationY": 90.0,
      "faces": {
        "north": {
          "texture": "#oak",
          "uv": [
            0.0,
            0.0,
            12.0,
            1.0
          ]
        },
        "east": {
          "texture": "#oak",
          "uv": [
            0.0,
            0.0,
            12.0,
            1.0
          ]
        },
        "south": {
          "texture": "#oak",
          "uv": [
            0.0,
            0.0,
            12.0,
            1.0
          ]
        },
        "west": {
          "texture": "#oak",
          "uv": [
            0.0,
            0.0,
            12.0,
            1.0
          ]
        },
        "up": {
          "texture": "#oak",
          "uv": [
            0.0,
            0.0,
            12.0,
            12.0
          ]
        },
        "down": {
          "texture": "#oak",
          "uv": [
            0.0,
            0.0,
            12.0,
            12.0
          ]
        }
      }
    },
    {
      "name": "Cube16",
      "from": [
        2.5,
        1.0,
        2.5
      ],
      "to": [
        3.5,
        16.25,
        3.5
      ],
      "rotationOrigin": [
        3.0,
        0.0,
        3.0
      ],
      "faces": {
        "north": {
          "texture": "#iron",
          "uv": [
            0.0,
            0.0,
            1.0,
            15.0
          ]
        },
        "east": {
          "texture": "#iron",
          "uv": [
            0.0,
            0.0,
            1.0,
            15.0
          ]
        },
        "south": {
          "texture": "#iron",
          "uv": [
            0.0,
            0.0,
            1.0,
            15.0
          ]
        },
        "west": {
          "texture": "#iron",
          "uv": [
            0.0,
            0.0,
            1.0,
            15.0
          ]
        },
        "up": {
          "texture": "#iron",
          "uv": [
            0.0,
            0.0,
            1.0,
            1.0
          ]
        },
        "down": {
          "texture": "#iron",
          "uv": [
            0.0,
            0.0,
            1.0,
            1.0
          ]
        }
      }
    },
    {
      "name": "Cube17",
      "from": [
        12.5,
        1.0,
        2.5
      ],
      "to": [
        13.5,
        16.25,
        3.5
      ],
      "rotationOrigin": [
        13.0,
        0.0,
        3.0
      ],
      "faces": {
        "north": {
          "texture": "#iron",
          "uv": [
            0.0,
            0.0,
            1.0,
            15.0
          ]
        },
        "east": {
          "texture": "#iron",
          "uv": [
            0.0,
            0.0,
            1.0,
            15.0
          ]
        },
        "south": {
          "texture": "#iron",
          "uv": [
            0.0,
            0.0,
            1.0,
            15.0
          ]
        },
        "west": {
          "texture": "#iron",
          "uv": [
            0.0,
            0.0,
            1.0,
            15.0
          ]
        },
        "up": {
          "texture": "#iron",
          "uv": [
            0.0,
            0.0,
            1.0,
            1.0
          ]
        },
        "down": {
          "texture": "#iron",
          "uv": [
            0.0,
            0.0,
            1.0,
            1.0
          ]
        }
      }
    },
    {
      "name": "Cube18",
      "from": [
        12.5,
        1.0,
        12.5
      ],
      "to": [
        13.5,
        16.25,
        13.5
      ],
      "rotationOrigin": [
        13.0,
        0.0,
        13.0
      ],
      "faces": {
        "north": {
          "texture": "#iron",
          "uv": [
            0.0,
            0.0,
            1.0,
            15.0
          ]
        },
        "east": {
          "texture": "#iron",
          "uv": [
            0.0,
            0.0,
            1.0,
            15.0
          ]
        },
        "south": {
          "texture": "#iron",
          "uv": [
            0.0,
            0.0,
            1.0,
            15.0
          ]
        },
        "west": {
          "texture": "#iron",
          "uv": [
            0.0,
            0.0,
            1.0,
            15.0
          ]
        },
        "up": {
          "texture": "#iron",
          "uv": [
            0.0,
            0.0,
            1.0,
            1.0
          ]
        },
        "down": {
          "texture": "#iron",
          "uv": [
            0.0,
            0.0,
            1.0,
            1.0
          ]
        }
      }
    },
    {
      "name": "Cube19",
      "from": [
        2.5,
        1.0,
        12.5
      ],
      "to": [
        3.5,
        16.25,
        13.5
      ],
      "rotationOrigin": [
        3.0,
        0.0,
        13.0
      ],
      "faces": {
        "north": {
          "texture": "#iron",
          "uv": [
            0.0,
            0.0,
            1.0,
            15.0
          ]
        },
        "east": {
          "texture": "#iron",
          "uv": [
            0.0,
            0.0,
            1.0,
            15.0
          ]
        },
        "south": {
          "texture": "#iron",
          "uv": [
            0.0,
            0.0,
            1.0,
            15.0
          ]
        },
        "west": {
          "texture": "#iron",
          "uv": [
            0.0,
            0.0,
            1.0,
            15.0
          ]
        },
        "up": {
          "texture": "#iron",
          "uv": [
            0.0,
            0.0,
            1.0,
            1.0
          ]
        },
        "down": {
          "texture": "#iron",
          "uv": [
            0.0,
            0.0,
            1.0,
            1.0
          ]
        }
      }
    },
    {
      "name": "Cube20",
      "from": [
        5.0,
        1.0,
        -5.0
      ],
      "to": [
        11.0,
        15.5,
        1.0
      ],
      "rotationOrigin": [
        13.0,
        1.0,
        3.0
      ],
      "rotationY": 90.0,
      "faces": {
        "north": {
          "texture": "#oak",
          "uv": [
            0.0,
            0.0,
            6.0,
            14.5
          ]
        },
        "east": {
          "texture": "#oak",
          "uv": [
            0.0,
            0.0,
            6.0,
            14.5
          ]
        },
        "south": {
          "texture": "#oak",
          "uv": [
            0.0,
            0.0,
            6.0,
            14.5
          ]
        },
        "west": {
          "texture": "#oak",
          "uv": [
            0.0,
            0.0,
            6.0,
            14.5
          ]
        },
        "up": {
          "texture": "#oak",
          "uv": [
            0.0,
            0.0,
            6.0,
            6.0
          ]
        },
        "down": {
          "texture": "#oak",
          "uv": [
            0.0,
            0.0,
            6.0,
            6.0
          ]
        }
      }
    }
  ]
}