[
	{
	ingredientPattern: "MHM,SBS,SUS",
	ingredients: {
		"H": { type: "block", code: "game:stonebricks-granite",  },
		"S": { type: "item", code: "game:stonebrick-granite", quantity: 2 },
		"B": { type: "item", code: "game:plank-*" },
		"U": { type: "item", code: "game:stick" },
		"M": { type: "item", code: "game:mortar" }
	},
	width: 3,
	height: 3,
	output: { type: "block", code: "smallarch1-granite-noglass-east", quantity: 1  }
	},
	
	{
	ingredientPattern: "MHM,SBS,SUS",
	ingredients: {
		"H": { type: "block", code: "game:stonebricks-claystone",  },
		"S": { type: "item", code: "game:stonebrick-claystone", quantity: 2 },
		"B": { type: "item", code: "game:plank-*" },
		"U": { type: "item", code: "game:stick" },
		"M": { type: "item", code: "game:mortar" }
	},
	width: 3,
	height: 3,
	output: { type: "block", code: "smallarch1-claystone-noglass-east", quantity: 1  }
	},
	{
	ingredientPattern: "MHM,SBS,SUS",
	ingredients: {
		"H": { type: "block", code: "game:stonebricks-limestone",  },
		"S": { type: "item", code: "game:stonebrick-limestone", quantity: 2 },
		"B": { type: "item", code: "game:plank-*" },
		"U": { type: "item", code: "game:stick" },
		"M": { type: "item", code: "game:mortar" }
	},
	width: 3,
	height: 3,
	output: { type: "block", code: "smallarch1-limestone-noglass-east", quantity: 1  }
	},
	{
	ingredientPattern: "MHM,SBS,SUS",
	ingredients: {
		"H": { type: "block", code: "game:stonebricks-andesite",  },
		"S": { type: "item", code: "game:stonebrick-andesite", quantity: 2 },
		"B": { type: "item", code: "game:plank-*" },
		"U": { type: "item", code: "game:stick" },
		"M": { type: "item", code: "game:mortar" }
	},
	width: 3,
	height: 3,
	output: { type: "block", code: "smallarch1-andesite-noglass-east", quantity: 1  }
	},
	{
	ingredientPattern: "MHM,SBS,SUS",
	ingredients: {
		"H": { type: "block", code: "game:stonebricks-basalt",  },
		"S": { type: "item", code: "game:stonebrick-basalt", quantity: 2 },
		"B": { type: "item", code: "game:plank-*" },
		"U": { type: "item", code: "game:stick" },
		"M": { type: "item", code: "game:mortar" }
	},
	width: 3,
	height: 3,
	output: { type: "block", code: "smallarch1-basalt-noglass-east", quantity: 1  }
	},
	{
	ingredientPattern: "MHM,SBS,SUS",
	ingredients: {
		"H": { type: "block", code: "game:stonebricks-bauxite",  },
		"S": { type: "item", code: "game:stonebrick-bauxite", quantity: 2 },
		"B": { type: "item", code: "game:plank-*" },
		"U": { type: "item", code: "game:stick" },
		"M": { type: "item", code: "game:mortar" }
	},
	width: 3,
	height: 3,
	output: { type: "block", code: "smallarch1-bauxite-noglass-east", quantity: 1  }
	},
	{
	ingredientPattern: "MHM,SBS,SUS",
	ingredients: {
		"H": { type: "block", code: "game:stonebricks-chalk",  },
		"S": { type: "item", code: "game:stonebrick-chalk", quantity: 2 },
		"B": { type: "item", code: "game:plank-*" },
		"U": { type: "item", code: "game:stick" },
		"M": { type: "item", code: "game:mortar" }
	},
	width: 3,
	height: 3,
	output: { type: "block", code: "smallarch1-chalk-noglass-east", quantity: 1  }
	},
	{
	ingredientPattern: "MHM,SBS,SUS",
	ingredients: {
		"H": { type: "block", code: "game:stonebricks-chert",  },
		"S": { type: "item", code: "game:stonebrick-chert", quantity: 2 },
		"B": { type: "item", code: "game:plank-*" },
		"U": { type: "item", code: "game:stick" },
		"M": { type: "item", code: "game:mortar" }
	},
	width: 3,
	height: 3,
	output: { type: "block", code: "smallarch1-chert-noglass-east", quantity: 1  }
	},
	{
	ingredientPattern: "MHM,SBS,SUS",
	ingredients: {
		"H": { type: "block", code: "game:stonebricks-conglomerate",  },
		"S": { type: "item", code: "game:stonebrick-conglomerate", quantity: 2 },
		"B": { type: "item", code: "game:plank-*" },
		"U": { type: "item", code: "game:stick" },
		"M": { type: "item", code: "game:mortar" }
	},
	width: 3,
	height: 3,
	output: { type: "block", code: "smallarch1-conglomerate-noglass-east", quantity: 1  }
	},

	{
	ingredientPattern: "MHM,SBS,SUS",
	ingredients: {
		"H": { type: "block", code: "game:stonebricks-peridotite",  },
		"S": { type: "item", code: "game:stonebrick-peridotite", quantity: 2 },
		"B": { type: "item", code: "game:plank-*" },
		"U": { type: "item", code: "game:stick" },
		"M": { type: "item", code: "game:mortar" }
	},
	width: 3,
	height: 3,
	output: { type: "block", code: "smallarch1-peridotite-noglass-east", quantity: 1  }
	},
	{
	ingredientPattern: "MHM,SBS,SUS",
	ingredients: {
		"H": { type: "block", code: "game:stonebricks-phyllite",  },
		"S": { type: "item", code: "game:stonebrick-phyllite", quantity: 2 },
		"B": { type: "item", code: "game:plank-*" },
		"U": { type: "item", code: "game:stick" },
		"M": { type: "item", code: "game:mortar" }
	},
	width: 3,
	height: 3,
	output: { type: "block", code: "smallarch1-phyllite-noglass-east", quantity: 1  }
	},
	{
	ingredientPattern: "MHM,SBS,SUS",
	ingredients: {
		"H": { type: "block", code: "game:stonebricks-sandstone",  },
		"S": { type: "item", code: "game:stonebrick-sandstone", quantity: 2 },
		"B": { type: "item", code: "game:plank-*" },
		"U": { type: "item", code: "game:stick" },
		"M": { type: "item", code: "game:mortar" }
	},
	width: 3,
	height: 3,
	output: { type: "block", code: "smallarch1-sandstone-noglass-east", quantity: 1  }
	},
	{
	ingredientPattern: "MHM,SBS,SUS",
	ingredients: {
		"H": { type: "block", code: "game:stonebricks-shale",  },
		"S": { type: "item", code: "game:stonebrick-shale", quantity: 2 },
		"B": { type: "item", code: "game:plank-*" },
		"U": { type: "item", code: "game:stick" },
		"M": { type: "item", code: "game:mortar" }
	},
	width: 3,
	height: 3,
	output: { type: "block", code: "smallarch1-shale-noglass-east", quantity: 1  }
	},
	{
	ingredientPattern: "MHM,SBS,SUS",
	ingredients: {
		"H": { type: "block", code: "game:stonebricks-slate",  },
		"S": { type: "item", code: "game:stonebrick-slate", quantity: 2 },
		"B": { type: "item", code: "game:plank-*" },
		"U": { type: "item", code: "game:stick" },
		"M": { type: "item", code: "game:mortar" }
	},
	width: 3,
	height: 3,
	output: { type: "block", code: "smallarch1-slate-noglass-east", quantity: 1  }
	},


	
	
	
	
	
	{
	ingredientPattern: "BCH,BMB",
	ingredients: {
		"B": { type: "block", code: "game:stonebricks-*", name: "stone", allowedVariants: ["granite", "claystone", "limestone", "andesite", "conglomerate", "shale", "peridotite", "phyllite", "sandstone", "slate", "basalt", "chalk", "bauxite"] }, 
		"C": { type: "item", code: "game:chisel-*", isTool: true },
		"H": { type: "item", code: "game:hammer-*", isTool: true },
		"M": { type: "item", code: "game:mortar" }
	},
	width: 3,
	height: 2,
	output: { type: "item", code: "buildblock-{stone}", quantity: 1  }
	},
	
	{
	ingredientPattern: "MCM,CBC,CUC",
	ingredients: {
		"C": { type: "item", code: "buildblock-*", name: "stone", allowedVariants: ["granite", "claystone", "limestone", "andesite", "conglomerate", "shale", "peridotite", "phyllite", "sandstone", "slate", "basalt", "chalk", "bauxite"] }, 
		"B": { type: "item", code: "game:plank-*" },
		"U": { type: "item", code: "game:stick" },
		"M": { type: "item", code: "game:mortar" }
	},
	width: 3,
	height: 3,
	output: { type: "block", code: "hugearch1-{stone}-noglass-east", quantity: 1  }
	},
	{
		ingredientPattern: "MCM,CBC,_U_",
		ingredients: {
			"C": { type: "item", code: "buildblock-*", name: "stone", allowedVariants: ["granite", "claystone", "limestone", "andesite", "conglomerate", "shale", "peridotite", "phyllite", "sandstone", "slate", "basalt", "chalk", "bauxite"] }, 
			"B": { type: "item", code: "game:plank-*" },
			"U": { type: "item", code: "game:stick" },
			"M": { type: "item", code: "game:mortar" }
		},
		width: 3,
		height: 3,
		output: { type: "block", code: "mediumarch1-{stone}-noglass-east", quantity: 1  }
	},
	{
		ingredientPattern: "MCM,CBC,CUC",
		ingredients: {
			"C": { type: "block", code: "game:cobblestone-*", name: "stone", allowedVariants: ["granite", "claystone", "limestone", "andesite", "conglomerate", "shale", "peridotite", "phyllite", "sandstone", "slate", "basalt", "chalk", "bauxite"] }, 
			"B": { type: "item", code: "game:plank-*" },
			"U": { type: "item", code: "game:stick" },
			"M": { type: "item", code: "game:mortar" }
		},
		width: 3,
		height: 3,
		output: { type: "block", code: "mediumarch2-{stone}-noglass-east", quantity: 1  }
	},
	{
		ingredientPattern: "MCM,CBC,CUC",
		ingredients: {
			"C": { type: "block", code: "game:stonebricks-*", name: "stone", allowedVariants: ["granite", "claystone", "limestone", "andesite", "conglomerate", "shale", "peridotite", "phyllite", "sandstone", "slate", "basalt", "chalk", "bauxite"] }, 
			"B": { type: "item", code: "game:plank-*" },
			"U": { type: "item", code: "game:stick" },
			"M": { type: "item", code: "game:mortar" }
		},
		width: 3,
		height: 3,
		output: { type: "block", code: "mediumarch3-{stone}-noglass-east", quantity: 1  }
	},
	{
		ingredientPattern: "MHM,SBS",
		ingredients: {
			"H": { type: "block", code: "game:cobblestone-*", name: "stone", allowedVariants: ["granite", "claystone", "limestone", "andesite", "basalt", "bauxite", "chalk", "chert", "conglomerate", "peridotite", "phyllite", "sandstone", "shale", "slate" ] },   
			"S": { type: "item", code: "game:stonebrick-*",name: "stone", quantity: 2 },
			"B": { type: "item", code: "game:plank-*" },
			"M": { type: "item", code: "game:mortar" }
		},
		width: 3,
		height: 2,
		output: { type: "block", code: "smallarch2-{stone}-cobblestone-noglass-east", quantity: 1  }
	},




	{
		ingredientPattern: "MHM,SBS",
		ingredients: {
			"H": { type: "block", code: "game:stonebricks-granite",  },
			"S": { type: "item", code: "game:stonebrick-granite", quantity: 2 },
			"B": { type: "item", code: "game:plank-*" },
			"M": { type: "item", code: "game:mortar" }
		},
		width: 3,
		height: 2,
		output: { type: "block", code: "smallarch2-granite-brick-noglass-east", quantity: 1  }
	},
	{
		ingredientPattern: "MHM,SBS",
		ingredients: {
			"H": { type: "block", code: "game:stonebricks-claystone",  },
			"S": { type: "item", code: "game:stonebrick-claystone", quantity: 2 },
			"B": { type: "item", code: "game:plank-*" },
			"M": { type: "item", code: "game:mortar" }
		},
		width: 3,
		height: 2,
		output: { type: "block", code: "smallarch2-claystone-brick-noglass-east", quantity: 1  }
	},
	{
		ingredientPattern: "MHM,SBS",
		ingredients: {
			"H": { type: "block", code: "game:stonebricks-limestone",  },
			"S": { type: "item", code: "game:stonebrick-limestone", quantity: 2 },
			"B": { type: "item", code: "game:plank-*" },
			"M": { type: "item", code: "game:mortar" }
		},
		width: 3,
		height: 2,
		output: { type: "block", code: "smallarch2-limestone-brick-noglass-east", quantity: 1  }
	},
	{
		ingredientPattern: "MHM,SBS",
		ingredients: {
			"H": { type: "block", code: "game:stonebricks-andesite",  },
			"S": { type: "item", code: "game:stonebrick-andesite", quantity: 2 },
			"B": { type: "item", code: "game:plank-*" },
			"M": { type: "item", code: "game:mortar" }
		},
		width: 3,
		height: 2,
		output: { type: "block", code: "smallarch2-andesite-brick-noglass-east", quantity: 1  }
	},
	{
		ingredientPattern: "MHM,SBS",
		ingredients: {
			"H": { type: "block", code: "game:stonebricks-basalt",  },
			"S": { type: "item", code: "game:stonebrick-basalt", quantity: 2 },
			"B": { type: "item", code: "game:plank-*" },
			"M": { type: "item", code: "game:mortar" }
		},
		width: 3,
		height: 2,
		output: { type: "block", code: "smallarch2-basalt-brick-noglass-east", quantity: 1  }
	},
	{
		ingredientPattern: "MHM,SBS",
		ingredients: {
			"H": { type: "block", code: "game:stonebricks-bauxite",  },
			"S": { type: "item", code: "game:stonebrick-bauxite", quantity: 2 },
			"B": { type: "item", code: "game:plank-*" },
			"M": { type: "item", code: "game:mortar" }
		},
		width: 3,
		height: 2,
		output: { type: "block", code: "smallarch2-bauxite-brick-noglass-east", quantity: 1  }
	},
	{
		ingredientPattern: "MHM,SBS",
		ingredients: {
			"H": { type: "block", code: "game:stonebricks-chalk",  },
			"S": { type: "item", code: "game:stonebrick-chalk", quantity: 2 },
			"B": { type: "item", code: "game:plank-*" },
			"M": { type: "item", code: "game:mortar" }
		},
		width: 3,
		height: 2,
		output: { type: "block", code: "smallarch2-chalk-brick-noglass-east", quantity: 1  }
	},
	{
		ingredientPattern: "MHM,SBS",
		ingredients: {
			"H": { type: "block", code: "game:stonebricks-chert",  },
			"S": { type: "item", code: "game:stonebrick-chert", quantity: 2 },
			"B": { type: "item", code: "game:plank-*" },
			"M": { type: "item", code: "game:mortar" }
		},
		width: 3,
		height: 2,
		output: { type: "block", code: "smallarch2-chert-brick-noglass-east", quantity: 1  }
	},
	{
		ingredientPattern: "MHM,SBS",
		ingredients: {
			"H": { type: "block", code: "game:stonebricks-conglomerate",  },
			"S": { type: "item", code: "game:stonebrick-conglomerate", quantity: 2 },
			"B": { type: "item", code: "game:plank-*" },
			"M": { type: "item", code: "game:mortar" }
		},
		width: 3,
		height: 2,
		output: { type: "block", code: "smallarch2-conglomerate-brick-noglass-east", quantity: 1  }
	},
	{
		ingredientPattern: "MHM,SBS",
		ingredients: {
			"H": { type: "block", code: "game:stonebricks-peridotite",  },
			"S": { type: "item", code: "game:stonebrick-peridotite", quantity: 2 },
			"B": { type: "item", code: "game:plank-*" },
			"M": { type: "item", code: "game:mortar" }
		},
		width: 3,
		height: 2,
		output: { type: "block", code: "smallarch2-peridotite-brick-noglass-east", quantity: 1  }
	},
	{
		ingredientPattern: "MHM,SBS",
		ingredients: {
			"H": { type: "block", code: "game:stonebricks-phyllite",  },
			"S": { type: "item", code: "game:stonebrick-phyllite", quantity: 2 },
			"B": { type: "item", code: "game:plank-*" },
			"M": { type: "item", code: "game:mortar" }
		},
		width: 3,
		height: 2,
		output: { type: "block", code: "smallarch2-phyllite-brick-noglass-east", quantity: 1  }
	},
	{
		ingredientPattern: "MHM,SBS",
		ingredients: {
			"H": { type: "block", code: "game:stonebricks-sandstone",  },
			"S": { type: "item", code: "game:stonebrick-sandstone", quantity: 2 },
			"B": { type: "item", code: "game:plank-*" },
			"M": { type: "item", code: "game:mortar" }
		},
		width: 3,
		height: 2,
		output: { type: "block", code: "smallarch2-sandstone-brick-noglass-east", quantity: 1  }
	},
	{
		ingredientPattern: "MHM,SBS",
		ingredients: {
			"H": { type: "block", code: "game:stonebricks-shale",  },
			"S": { type: "item", code: "game:stonebrick-shale", quantity: 2 },
			"B": { type: "item", code: "game:plank-*" },
			"M": { type: "item", code: "game:mortar" }
		},
		width: 3,
		height: 2,
		output: { type: "block", code: "smallarch2-shale-brick-noglass-east", quantity: 1  }
	},
	{
		ingredientPattern: "MHM,SBS",
		ingredients: {
			"H": { type: "block", code: "game:stonebricks-slate",  },
			"S": { type: "item", code: "game:stonebrick-slate", quantity: 2 },
			"B": { type: "item", code: "game:plank-*" },
			"M": { type: "item", code: "game:mortar" }
		},
		width: 3,
		height: 2,
		output: { type: "block", code: "smallarch2-slate-brick-noglass-east", quantity: 1  }
	},

	{
		ingredientPattern: "MHM,SBS",
		ingredients: {
			"H": { type: "block", code: "game:cobblestone-*", name: "stone", allowedVariants: ["granite", "claystone", "limestone", "andesite", "basalt", "bauxite", "chalk", "chert", "conglomerate", "peridotite", "phyllite", "sandstone", "shale", "slate" ] }, 
		
			"S": { type: "item", code: "game:stonebrick-*",name: "stone", quantity: 2 },
			"B": { type: "item", code: "game:plank-*" },
			"M": { type: "item", code: "game:mortar" }
		},
		width: 3,
		height: 2,
		output: { type: "block", code: "smallarch2-{stone}-cobblestone-noglass-east", quantity: 1  }
	},





	{
		ingredientPattern: "BAB,BIB,BGB",
		ingredients: {
			"A": { type: "block", code: "smallarch1-*-noglass-east", name: "stone", allowedVariants: ["granite", "claystone", "limestone", "andesite", "basalt", "bauxite", "chalk", "chert", "conglomerate", "peridotite", "phyllite", "sandstone", "shale", "slate"]},
			"B": { type: "item", code: "game:plank-*", quantity: 1 },
			"I": { type: "item", code: "game:ingot-lead", quantity: 1 },
			"G": { type: "block", code: "game:glass-plain", quantity: 1},
		},
		width: 3,
		height: 3,
		output: { type: "block", code: "smallarch1-{stone}-plain-east", quantity: 1  }
	},
	{
		ingredientPattern: "BAB,BIB,BGB",
		ingredients: {
			"A": { type: "block", code: "smallarch1-*-noglass-east", name: "stone", allowedVariants: ["granite", "claystone", "limestone", "andesite", "basalt", "bauxite", "chalk", "chert", "conglomerate", "peridotite", "phyllite", "sandstone", "shale", "slate"]},
			"B": { type: "item", code: "game:plank-*", quantity: 1 },
			"I": { type: "item", code: "game:ingot-lead", quantity: 1 },
			"G": { type: "block", code: "game:glass-red", quantity: 1},
		},
		width: 3,
		height: 3,
		output: { type: "block", code: "smallarch1-{stone}-red-east", quantity: 1  }
	},
	{
		ingredientPattern: "BAB,BIB,BGB",
		ingredients: {
			"A": { type: "block", code: "smallarch1-*-noglass-east", name: "stone", allowedVariants: ["granite", "claystone", "limestone", "andesite", "basalt", "bauxite", "chalk", "chert", "conglomerate", "peridotite", "phyllite", "sandstone", "shale", "slate"]},
			"B": { type: "item", code: "game:plank-*", quantity: 1 },
			"I": { type: "item", code: "game:ingot-lead", quantity: 1 },
			"G": { type: "block", code: "game:glass-blue", quantity: 1},
		},
		width: 3,
		height: 3,
		output: { type: "block", code: "smallarch1-{stone}-blue-east", quantity: 1  }
	},
	{
		ingredientPattern: "BAB,BIB,BGB",
		ingredients: {
			"A": { type: "block", code: "smallarch1-*-noglass-east", name: "stone", allowedVariants: ["granite", "claystone", "limestone", "andesite", "basalt", "bauxite", "chalk", "chert", "conglomerate", "peridotite", "phyllite", "sandstone", "shale", "slate"]},
			"B": { type: "item", code: "game:plank-*", quantity: 1 },
			"I": { type: "item", code: "game:ingot-lead", quantity: 1 },
			"G": { type: "block", code: "game:glass-green", quantity: 1},
		},
		width: 3,
		height: 3,
		output: { type: "block", code: "smallarch1-{stone}-green-east", quantity: 1  }
	},



	{
		ingredientPattern: "BAB,BIB,BGB",
		ingredients: {
			"A": { type: "block", code: "smallarch2-*-brick-noglass-east", name: "stone", allowedVariants: ["granite", "claystone", "limestone", "andesite", "basalt", "bauxite", "chalk", "chert", "conglomerate", "peridotite", "phyllite", "sandstone", "shale", "slate" ]},
			"B": { type: "item", code: "game:plank-*", quantity: 1 },
			"I": { type: "item", code: "game:ingot-lead", quantity: 1 },
			"G": { type: "block", code: "game:glass-plain", quantity: 1},
		},
		width: 3,
		height: 3,
		output: { type: "block", code: "smallarch2-{stone}-brick-plain-east", quantity: 1  }
	},
	{
		ingredientPattern: "BAB,BIB,BGB",
		ingredients: {
			"A": { type: "block", code: "smallarch2-*-brick-noglass-east", name: "stone", allowedVariants: ["granite", "claystone", "limestone", "andesite", "basalt", "bauxite", "chalk", "chert", "conglomerate", "peridotite", "phyllite", "sandstone", "shale", "slate"]},
			"B": { type: "item", code: "game:plank-*", quantity: 1 },
			"I": { type: "item", code: "game:ingot-lead", quantity: 1 },
			"G": { type: "block", code: "game:glass-red", quantity: 1},
		},
		width: 3,
		height: 3,
		output: { type: "block", code: "smallarch2-{stone}-brick-red-east", quantity: 1  }
	},
	{
		ingredientPattern: "BAB,BIB,BGB",
		ingredients: {
			"A": { type: "block", code: "smallarch2-*-brick-noglass-east", name: "stone", allowedVariants: ["granite", "claystone", "limestone", "andesite", "basalt", "bauxite", "chalk", "chert", "conglomerate", "peridotite", "phyllite", "sandstone", "shale", "slate"]},
			"B": { type: "item", code: "game:plank-*", quantity: 1 },
			"I": { type: "item", code: "game:ingot-lead", quantity: 1 },
			"G": { type: "block", code: "game:glass-blue", quantity: 1},
		},
		width: 3,
		height: 3,
		output: { type: "block", code: "smallarch2-{stone}-brick-blue-east", quantity: 1  }
	},
	{
		ingredientPattern: "BAB,BIB,BGB",
		ingredients: {
			"A": { type: "block", code: "smallarch2-*-brick-noglass-east", name: "stone", allowedVariants: ["granite", "claystone", "limestone", "andesite", "basalt", "bauxite", "chalk", "chert", "conglomerate", "peridotite", "phyllite", "sandstone", "shale", "slate"]},
			"B": { type: "item", code: "game:plank-*", quantity: 1 },
			"I": { type: "item", code: "game:ingot-lead", quantity: 1 },
			"G": { type: "block", code: "game:glass-green", quantity: 1},
		},
		width: 3,
		height: 3,
		output: { type: "block", code: "smallarch2-{stone}-brick-green-east", quantity: 1  }
	},





	{
		ingredientPattern: "BAB,BIB,BGB",
		ingredients: {
			"A": { type: "block", code: "smallarch2-*-cobblestone-noglass-east", name: "stone", allowedVariants: ["granite", "claystone", "limestone", "andesite", "basalt", "bauxite", "chalk", "chert", "conglomerate", "peridotite", "phyllite", "sandstone", "shale", "slate" ]},
			"B": { type: "item", code: "game:plank-*", quantity: 1 },
			"I": { type: "item", code: "game:ingot-lead", quantity: 1 },
			"G": { type: "block", code: "game:glass-plain", quantity: 1},
		},
		width: 3,
		height: 3,
		output: { type: "block", code: "smallarch2-{stone}-cobblestone-plain-east", quantity: 1  }
	},
	{
		ingredientPattern: "BAB,BIB,BGB",
		ingredients: {
			"A": { type: "block", code: "smallarch2-*-cobblestone-noglass-east", name: "stone", allowedVariants: ["granite", "claystone", "limestone", "andesite", "basalt", "bauxite", "chalk", "chert", "conglomerate", "peridotite", "phyllite", "sandstone", "shale", "slate"]},
			"B": { type: "item", code: "game:plank-*", quantity: 1 },
			"I": { type: "item", code: "game:ingot-lead", quantity: 1 },
			"G": { type: "block", code: "game:glass-red", quantity: 1},
		},
		width: 3,
		height: 3,
		output: { type: "block", code: "smallarch2-{stone}-cobblestone-red-east", quantity: 1  }
	},
	{
		ingredientPattern: "BAB,BIB,BGB",
		ingredients: {
			"A": { type: "block", code: "smallarch2-*-cobblestone-noglass-east", name: "stone", allowedVariants: ["granite", "claystone", "limestone", "andesite", "basalt", "bauxite", "chalk", "chert", "conglomerate", "peridotite", "phyllite", "sandstone", "shale", "slate"]},
			"B": { type: "item", code: "game:plank-*", quantity: 1 },
			"I": { type: "item", code: "game:ingot-lead", quantity: 1 },
			"G": { type: "block", code: "game:glass-blue", quantity: 1},
		},
		width: 3,
		height: 3,
		output: { type: "block", code: "smallarch2-{stone}-cobblestone-blue-east", quantity: 1  }
	},
	{
		ingredientPattern: "BAB,BIB,BGB",
		ingredients: {
			"A": { type: "block", code: "smallarch2-*-cobblestone-noglass-east", name: "stone", allowedVariants: ["granite", "claystone", "limestone", "andesite", "basalt", "bauxite", "chalk", "chert", "conglomerate", "peridotite", "phyllite", "sandstone", "shale", "slate"]},
			"B": { type: "item", code: "game:plank-*", quantity: 1 },
			"I": { type: "item", code: "game:ingot-lead", quantity: 1 },
			"G": { type: "block", code: "game:glass-green", quantity: 1},
		},
		width: 3,
		height: 3,
		output: { type: "block", code: "smallarch2-{stone}-cobblestone-green-east", quantity: 1  }
	},








	{
		ingredientPattern: "BAB,BII,BGG",
		ingredients: {
			"A": { type: "block", code: "mediumarch1-*-noglass-east", name: "stone", allowedVariants: ["granite", "claystone", "limestone", "andesite", "conglomerate", "shale", "peridotite", "phyllite", "sandstone", "slate", "basalt", "chalk", "bauxite"  ]},
			"B": { type: "item", code: "game:plank-*", quantity: 2 },
			"I": { type: "item", code: "game:ingot-lead", quantity: 1 },
			"G": { type: "block", code: "game:glass-plain", quantity: 1},
		},
		width: 3,
		height: 3,
		output: { type: "block", code: "mediumarch1-{stone}-plain-east", quantity: 1  }
	},
	{
		ingredientPattern: "BAB,BII,BGG",
		ingredients: {
			"A": { type: "block", code: "mediumarch1-*-noglass-east", name: "stone", allowedVariants: ["granite", "claystone", "limestone", "andesite", "conglomerate", "shale", "peridotite", "phyllite", "sandstone", "slate", "basalt", "chalk", "bauxite"  ]},
			"B": { type: "item", code: "game:plank-*", quantity: 2 },
			"I": { type: "item", code: "game:ingot-lead", quantity: 1 },
			"G": { type: "block", code: "game:glass-red", quantity: 1},
		},
		width: 3,
		height: 3,
		output: { type: "block", code: "mediumarch1-{stone}-red-east", quantity: 1  }
	},
	{
		ingredientPattern: "BAB,BII,BGG",
		ingredients: {
			"A": { type: "block", code: "mediumarch1-*-noglass-east", name: "stone", allowedVariants: ["granite", "claystone", "limestone", "andesite", "conglomerate", "shale", "peridotite", "phyllite", "sandstone", "slate", "basalt", "chalk", "bauxite"  ]},
			"B": { type: "item", code: "game:plank-*", quantity: 2 },
			"I": { type: "item", code: "game:ingot-lead", quantity: 1 },
			"G": { type: "block", code: "game:glass-blue", quantity: 1},
		},
		width: 3,
		height: 3,
		output: { type: "block", code: "mediumarch1-{stone}-blue-east", quantity: 1  }
	},
	{
		ingredientPattern: "BAB,BII,BGG",
		ingredients: {
			"A": { type: "block", code: "mediumarch1-*-noglass-east", name: "stone", allowedVariants: ["granite", "claystone", "limestone", "andesite", "conglomerate", "shale", "peridotite", "phyllite", "sandstone", "slate", "basalt", "chalk", "bauxite"  ]},
			"B": { type: "item", code: "game:plank-*", quantity: 2 },
			"I": { type: "item", code: "game:ingot-lead", quantity: 1 },
			"G": { type: "block", code: "game:glass-green", quantity: 1},
		},
		width: 3,
		height: 3,
		output: { type: "block", code: "mediumarch1-{stone}-green-east", quantity: 1  }
	},







	{
		ingredientPattern: "BAB,BII,BGG",
		ingredients: {
			"A": { type: "block", code: "mediumarch2-*-noglass-east", name: "stone", allowedVariants: ["granite", "claystone", "limestone", "andesite", "conglomerate", "shale", "peridotite", "phyllite", "sandstone", "slate", "basalt", "chalk", "bauxite"  ]},
			"B": { type: "item", code: "game:plank-*", quantity: 2 },
			"I": { type: "item", code: "game:ingot-lead", quantity: 1 },
			"G": { type: "block", code: "game:glass-plain", quantity: 1},
		},
		width: 3,
		height: 3,
		output: { type: "block", code: "mediumarch2-{stone}-plain-east", quantity: 1  }
	},
	{
		ingredientPattern: "BAB,BII,BGG",
		ingredients: {
			"A": { type: "block", code: "mediumarch2-*-noglass-east", name: "stone", allowedVariants: ["granite", "claystone", "limestone", "andesite", "conglomerate", "shale", "peridotite", "phyllite", "sandstone", "slate", "basalt", "chalk", "bauxite"  ]},
			"B": { type: "item", code: "game:plank-*", quantity: 2 },
			"I": { type: "item", code: "game:ingot-lead", quantity: 1 },
			"G": { type: "block", code: "game:glass-red", quantity: 1},
		},
		width: 3,
		height: 3,
		output: { type: "block", code: "mediumarch2-{stone}-red-east", quantity: 1  }
	},
	{
		ingredientPattern: "BAB,BII,BGG",
		ingredients: {
			"A": { type: "block", code: "mediumarch2-*-noglass-east", name: "stone", allowedVariants: ["granite", "claystone", "limestone", "andesite", "conglomerate", "shale", "peridotite", "phyllite", "sandstone", "slate", "basalt", "chalk", "bauxite"  ]},
			"B": { type: "item", code: "game:plank-*", quantity: 2 },
			"I": { type: "item", code: "game:ingot-lead", quantity: 1 },
			"G": { type: "block", code: "game:glass-blue", quantity: 1},
		},
		width: 3,
		height: 3,
		output: { type: "block", code: "mediumarch2-{stone}-blue-east", quantity: 1  }
	},
	{
		ingredientPattern: "BAB,BII,BGG",
		ingredients: {
			"A": { type: "block", code: "mediumarch2-*-noglass-east", name: "stone", allowedVariants: ["granite", "claystone", "limestone", "andesite", "conglomerate", "shale", "peridotite", "phyllite", "sandstone", "slate", "basalt", "chalk", "bauxite"  ]},
			"B": { type: "item", code: "game:plank-*", quantity: 2 },
			"I": { type: "item", code: "game:ingot-lead", quantity: 1 },
			"G": { type: "block", code: "game:glass-green", quantity: 1},
		},
		width: 3,
		height: 3,
		output: { type: "block", code: "mediumarch2-{stone}-green-east", quantity: 1  }
	},



	{
		ingredientPattern: "BAB,BII,BGG",
		ingredients: {
			"A": { type: "block", code: "mediumarch3-*-noglass-east", name: "stone", allowedVariants: ["granite", "claystone", "limestone", "andesite", "conglomerate", "shale", "peridotite", "phyllite", "sandstone", "slate", "basalt", "chalk", "bauxite"  ]},
			"B": { type: "item", code: "game:plank-*", quantity: 2 },
			"I": { type: "item", code: "game:ingot-lead", quantity: 1 },
			"G": { type: "block", code: "game:glass-plain", quantity: 1},
		},
		width: 3,
		height: 3,
		output: { type: "block", code: "mediumarch3-{stone}-plain-east", quantity: 1  }
	},
	{
		ingredientPattern: "BAB,BII,BGG",
		ingredients: {
			"A": { type: "block", code: "mediumarch3-*-noglass-east", name: "stone", allowedVariants: ["granite", "claystone", "limestone", "andesite", "conglomerate", "shale", "peridotite", "phyllite", "sandstone", "slate", "basalt", "chalk", "bauxite"  ]},
			"B": { type: "item", code: "game:plank-*", quantity: 2 },
			"I": { type: "item", code: "game:ingot-lead", quantity: 1 },
			"G": { type: "block", code: "game:glass-red", quantity: 1},
		},
		width: 3,
		height: 3,
		output: { type: "block", code: "mediumarch3-{stone}-red-east", quantity: 1  }
	},
	{
		ingredientPattern: "BAB,BII,BGG",
		ingredients: {
			"A": { type: "block", code: "mediumarch3-*-noglass-east", name: "stone", allowedVariants: ["granite", "claystone", "limestone", "andesite", "conglomerate", "shale", "peridotite", "phyllite", "sandstone", "slate", "basalt", "chalk", "bauxite"  ]},
			"B": { type: "item", code: "game:plank-*", quantity: 2 },
			"I": { type: "item", code: "game:ingot-lead", quantity: 1 },
			"G": { type: "block", code: "game:glass-blue", quantity: 1},
		},
		width: 3,
		height: 3,
		output: { type: "block", code: "mediumarch3-{stone}-blue-east", quantity: 1  }
	},
	{
		ingredientPattern: "BAB,BII,BGG",
		ingredients: {
			"A": { type: "block", code: "mediumarch3-*-noglass-east", name: "stone", allowedVariants: ["granite", "claystone", "limestone", "andesite", "conglomerate", "shale", "peridotite", "phyllite", "sandstone", "slate", "basalt", "chalk", "bauxite"  ]},
			"B": { type: "item", code: "game:plank-*", quantity: 2 },
			"I": { type: "item", code: "game:ingot-lead", quantity: 1 },
			"G": { type: "block", code: "game:glass-green", quantity: 1},
		},
		width: 3,
		height: 3,
		output: { type: "block", code: "mediumarch3-{stone}-green-east", quantity: 1  }
	},





	{
		ingredientPattern: "BAB,III,GGG",
		ingredients: {
			"A": { type: "block", code: "hugearch1-*-noglass-east", name: "stone", allowedVariants: ["granite", "claystone", "limestone", "andesite", "conglomerate", "shale", "peridotite", "phyllite", "sandstone", "slate", "basalt", "chalk", "bauxite"  ]},
			"B": { type: "item", code: "game:plank-*", quantity: 6 },
			"I": { type: "item", code: "game:ingot-lead", quantity: 1 },
			"G": { type: "block", code: "game:glass-plain", quantity: 1},
		},
		width: 3,
		height: 3,
		output: { type: "block", code: "hugearch1-{stone}-plain-east", quantity: 1  }
	},
	{
		ingredientPattern: "BAB,III,GGG",
		ingredients: {
			"A": { type: "block", code: "hugearch1-*-noglass-east", name: "stone", allowedVariants: ["granite", "claystone", "limestone", "andesite", "conglomerate", "shale", "peridotite", "phyllite", "sandstone", "slate", "basalt", "chalk", "bauxite"  ]},
			"B": { type: "item", code: "game:plank-*", quantity: 6 },
			"I": { type: "item", code: "game:ingot-lead", quantity: 1 },
			"G": { type: "block", code: "game:glass-red", quantity: 1},
		},
		width: 3,
		height: 3,
		output: { type: "block", code: "hugearch1-{stone}-red-east", quantity: 1  }
	},
	{
		ingredientPattern: "BAB,III,GGG",
		ingredients: {
			"A": { type: "block", code: "hugearch1-*-noglass-east", name: "stone", allowedVariants: ["granite", "claystone", "limestone", "andesite", "conglomerate", "shale", "peridotite", "phyllite", "sandstone", "slate", "basalt", "chalk", "bauxite"  ]},
			"B": { type: "item", code: "game:plank-*", quantity: 6 },
			"I": { type: "item", code: "game:ingot-lead", quantity: 1 },
			"G": { type: "block", code: "game:glass-blue", quantity: 1},
		},
		width: 3,
		height: 3,
		output: { type: "block", code: "hugearch1-{stone}-blue-east", quantity: 1  }
	},
	{
		ingredientPattern: "BAB,III,GGG",
		ingredients: {
			"A": { type: "block", code: "hugearch1-*-noglass-east", name: "stone", allowedVariants: ["granite", "claystone", "limestone", "andesite", "conglomerate", "shale", "peridotite", "phyllite", "sandstone", "slate", "basalt", "chalk", "bauxite"  ]},
			"B": { type: "item", code: "game:plank-*", quantity: 6 },
			"I": { type: "item", code: "game:ingot-lead", quantity: 1 },
			"G": { type: "block", code: "game:glass-green", quantity: 1},
		},
		width: 3,
		height: 3,
		output: { type: "block", code: "hugearch1-{stone}-green-east", quantity: 1  }
	},
	
	
]