[
	{
		ingredientPattern: "NCN,CGC,TCC",
		ingredients: {
			"G": { type: "item", code: "goldleaf", quantity: 2 },
			"N": { type: "item", code: "game:metalnailsandstrips-*", name: "metal", allowedVariants: ["tinbronze", "bismuthbronze", "blackbronze", "copper", "cupronickel", "gold", "iron", "silver", "steel"], quantity: 1 },
			"C": { type: "item", code: "game:cloth-blue", quantity:1 },
			"T": {
			type: "item",
			code: "holybook-star",
			quantity: 1,
			returnedStack: { type: "item", code: "holybook-star" }	
			}
		},
		width: 3,
		height: 3,
		output: { type: "block", code: "curtain-menorah-{metal}-east"  }
	},
	{
		ingredientPattern: "NCN,CCC,CGC",
		ingredients: {
			"G": { type: "item", code: "goldleaf", quantity: 2 },
			"N": { type: "item", code: "game:metalnailsandstrips-*", name: "metal", allowedVariants: ["tinbronze", "bismuthbronze", "blackbronze", "copper", "cupronickel", "gold", "iron", "silver", "steel"], quantity: 1 },
			"C": { type: "item", code: "game:cloth-blue", quantity:1 },
			"T": {
			type: "item",
			code: "holybook-star",
			quantity: 1,
			returnedStack: { type: "item", code: "holybook-star" }	
			}
		},
		width: 3,
		height: 3,
		output: { type: "block", code: "curtain-starofdavid-{metal}-east"  }
	}

]
