[
	{
		ingredientPattern: "P_,DT",
		ingredients: {
			"P": { type: "item", code: "game:plank-*", name: "wood", allowedVariants: ["acacia", "aged", "baldcypress", "birch", "ebony", "kapok", "larch", "maple", "oak", "pine", "purpleheart", "redwood", "walnut" ], quantity: 1 }, 
			"D": { type: "block", code: "game:door-solid-*", name: "wood" },
            "T": { type: "item", code: "woodenhammer", isTool: true }

		},
		shapeless: true,
		width: 2,
		height: 2,
		output: { type: "block", code: "door-arch2door-{wood}", quantity: 1  }
	},
    {
		ingredientPattern: "P_,P_,DT",
		ingredients: {
			"P": { type: "item", code: "game:plank-*", name: "wood", allowedVariants: ["acacia", "aged", "baldcypress", "birch", "ebony", "kapok", "larch", "maple", "oak", "pine", "purpleheart", "redwood", "walnut" ], quantity: 1 }, 
			"D": { type: "block", code: "game:door-solid-*", name: "wood" },
            "T": { type: "item", code: "woodenhammer", isTool: true }

		},
		shapeless: true,
		width: 2,
		height: 3,
		output: { type: "block", code: "door-arch1door-{wood}", quantity: 1  }
	},
	{
		ingredientPattern: "P_,PP,DT",
		ingredients: {
			"P": { type: "item", code: "game:plank-*", name: "wood", allowedVariants: ["acacia", "aged", "baldcypress", "birch", "ebony", "kapok", "larch", "maple", "oak", "pine", "purpleheart", "redwood", "walnut" ], quantity: 1 }, 
			"D": { type: "block", code: "game:door-solid-*", name: "wood" },
            "T": { type: "item", code: "woodenhammer", isTool: true }

		},
		shapeless: true,
		width: 2,
		height: 3,
		output: { type: "block", code: "door-arch3door-{wood}", quantity: 1  }
	},
	{
		ingredientPattern: "PP,PP,DT",
		ingredients: {
			"P": { type: "item", code: "game:plank-*", name: "wood", allowedVariants: ["acacia", "aged", "baldcypress", "birch", "ebony", "kapok", "larch", "maple", "oak", "pine", "purpleheart", "redwood", "walnut" ], quantity: 1 }, 
			"D": { type: "block", code: "game:door-solid-*", name: "wood" },
            "T": { type: "item", code: "woodenhammer", isTool: true }

		},
		shapeless: true,
		width: 2,
		height: 3,
		output: { type: "block", code: "door-arch4door-{wood}", quantity: 1  }
	},
]