[
	{
	ingredientPattern: "_S_,_W_,SSS",
	ingredients: {
		"S": { type: "item", code: "game:shingle-burned-*", name: "color", allowedVariants: ["red", "blue", "brown", "fire"] },
		"W": { type: "item", code: "game:plank-*", quantity: 4 }
	},
	width: 3,
	height: 3,
	output: { type: "block", code: "expandedroofing-{color}clay-point-full-east-free", quantity: 1  }
	},
	{
	ingredientPattern: "S__,W__,SSS",
	ingredients: {
		"S": { type: "item", code: "game:shingle-burned-*", name: "color", allowedVariants: ["red", "blue", "brown", "fire"] },
		"W": { type: "item", code: "game:plank-*", quantity: 1 }
	},
	width: 3,
	height: 3,
	output: { type: "block", code: "expandedroofing-{color}clay-point-half-east-free", quantity: 1  }
	},
	{
	ingredientPattern: "S__,WS_,SSS",
	ingredients: {
		"S": { type: "item", code: "game:shingle-burned-*", name: "color", allowedVariants: ["red", "blue", "brown", "fire"] },
		"W": { type: "item", code: "game:plank-*", quantity: 1 }
	},
	width: 3,
	height: 3,
	output: { type: "block", code: "expandedroofing-{color}clay-outercorner-point-east-free", quantity: 1  }
	},
	{
	ingredientPattern: "_S,_S,SS",
	ingredients: {
		"S": { type: "item", code: "game:shingle-burned-*", name: "color", allowedVariants: ["red", "blue", "brown", "fire"] }
	},
	width: 2,
	height: 3,
	output: { type: "block", code: "expandedroofing-{color}clay-outercorner-half-steep-east-free", quantity: 1  }
	},
	{
	ingredientPattern: "_SS,_S_,SS_",
	ingredients: {
		"S": { type: "item", code: "game:shingle-burned-*", name: "color", allowedVariants: ["red", "blue", "brown", "fire"] }
	},
	width: 3,
	height: 3,
	output: { type: "block", code: "expandedroofing-{color}clay-outercorner-full-steep-east-free", quantity: 1  }
	},
	{
	ingredientPattern: "S_,_S",
	ingredients: {
		"S": { type: "item", code: "game:shingle-burned-*", name: "color", allowedVariants: ["red", "blue", "brown", "fire"] }
	},
	width: 2,
	height: 2,
	output: { type: "block", code: "expandedroofing-{color}clay-diagonal-half-steep-east-free", quantity: 1  }
	},
	{
	ingredientPattern: "S__,WS_,__S",
	ingredients: {
		"S": { type: "item", code: "game:shingle-burned-*", name: "color", allowedVariants: ["red", "blue", "brown", "fire"] },
		"W": { type: "item", code: "game:plank-*", quantity: 2 }
	},
	width: 3,
	height: 3,
	output: { type: "block", code: "expandedroofing-{color}clay-diagonal-full-steep-east-free", quantity: 1  }
	},
	
	
	
	
	{
	ingredientPattern: "SS,_S",
	ingredients: {
		"S": { type: "item", code: "game:shingle-burned-*", name: "color", allowedVariants: ["red", "blue", "brown", "fire"] },
	},
	width: 2,
	height: 2,
	output: { type: "block", code: "expandedroofing-{color}clay-outercorner-half-lower-east-free", quantity: 1  }
	},
	
	{
	ingredientPattern: "T,S",
	ingredients: {
		"S": { type: "block", code: "expandedroofing-*clay-outercorner-half-lower-east-free", name: "color", allowedVariants: ["red", "blue", "brown", "fire"] },
		"T": { type: "item", code: "game:wrench-*", isTool: true}
	},
	width: 1,
	height: 2,
	output: { type: "block", code: "expandedroofing-{color}clay-outercorner-half-upper-east-free", quantity: 1  }
	},
	{
	ingredientPattern: "T,S",
	ingredients: {
		"S": { type: "block", code: "expandedroofing-*clay-outercorner-half-upper-east-free", name: "color", allowedVariants: ["red", "blue", "brown", "fire"] },
		"T": { type: "item", code: "game:wrench-*", isTool: true}
	},
	width: 1,
	height: 2,
	output: { type: "block", code: "expandedroofing-{color}clay-outercorner-half-lower-east-free", quantity: 1  }
	},
	
	
	
	
	
	
	{
	ingredientPattern: "SS,S_",
	ingredients: {
		"S": { type: "item", code: "game:shingle-burned-*", name: "color", allowedVariants: ["red", "blue", "brown", "fire"] },
	},
	width: 2,
	height: 2,
	output: { type: "block", code: "expandedroofing-{color}clay-innercorner-half-lower-east-free", quantity: 1  }
	},
	
	{
	ingredientPattern: "T,S",
	ingredients: {
		"S": { type: "block", code: "expandedroofing-*clay-innercorner-half-lower-east-free", name: "color", allowedVariants: ["red", "blue", "brown", "fire"] },
		"T": { type: "item", code: "game:wrench-*", isTool: true}
		
	},
	width: 1,
	height: 2,
	output: { type: "block", code: "expandedroofing-{color}clay-innercorner-half-upper-east-free", quantity: 1  }
	},
	{
	ingredientPattern: "T,S",
	ingredients: {
		"S": { type: "block", code: "expandedroofing-*clay-innercorner-half-upper-east-free", name: "color", allowedVariants: ["red", "blue", "brown", "fire"] },
		"T": { type: "item", code: "game:wrench-*", isTool: true}
	},
	width: 1,
	height: 2,
	output: { type: "block", code: "expandedroofing-{color}clay-innercorner-half-lower-east-free", quantity: 1  }
	},
	
	
	
	
	
	{
	ingredientPattern: "S,S,S",
	ingredients: {
		"S": { type: "item", code: "game:shingle-burned-*", name: "color", allowedVariants: ["red", "blue", "brown", "fire"] },
	},
	width: 1,
	height: 3,
	output: { type: "block", code: "expandedroofing-{color}clay-normal-half-steep-east-free", quantity: 1  }
	},
	{
	ingredientPattern: "S_,SS,SS",
	ingredients: {
		"S": { type: "item", code: "game:shingle-burned-*", name: "color", allowedVariants: ["red", "blue", "brown", "fire"] },
	},
	width: 2,
	height: 3,
	output: { type: "block", code: "expandedroofing-{color}clay-normal-full-steep-east-free", quantity: 1  }
	},
	
	
	{
	ingredientPattern: "SS_,_SS",
	ingredients: {
		"S": { type: "item", code: "game:shingle-burned-*", name: "color", allowedVariants: ["red", "blue", "brown", "fire"] },
	},
	width: 3,
	height: 2,
	output: { type: "block", code: "expandedroofing-{color}clay-normal-full-upper-east-free", quantity: 1  }
	},
	
	{
	ingredientPattern: "S__,S__,_SS",
	ingredients: {
		"S": { type: "item", code: "game:shingle-burned-*", name: "color", allowedVariants: ["red", "blue", "brown", "fire"] },
	},
	width: 3,
	height: 3,
	output: { type: "block", code: "expandedroofing-{color}clay-innercorner-full-steep-east-free", quantity: 1  }
	},
	{
	ingredientPattern: "__S,__S,SS_",
	ingredients: {
		"S": { type: "item", code: "game:shingle-burned-*", name: "color", allowedVariants: ["red", "blue", "brown", "fire"] },
	},
	width: 3,
	height: 3,
	output: { type: "block", code: "expandedroofing-{color}clay-outercorner-full-steep-east-free", quantity: 1  }
	},
	{
	ingredientPattern: "S__,S__,_S_",
	ingredients: {
		"S": { type: "item", code: "game:shingle-burned-*", name: "color", allowedVariants: ["red", "blue", "brown", "fire"] },
	},
	width: 3,
	height: 3,
	output: { type: "block", code: "expandedroofing-{color}clay-innercorner-half-steep-east-free", quantity: 1  }
	},
	
	
	
	
	{
	ingredientPattern: "SS_,__S",
	ingredients: {
		"S": { type: "item", code: "game:shingle-burned-*", name: "color", allowedVariants: ["red", "blue", "brown", "fire"] },
	},
	width: 3,
	height: 2,
	output: { type: "block", code: "expandedroofing-{color}clay-normal-half-lower-east-free", quantity: 1  }
	},
	{
	ingredientPattern: "T,S",
	ingredients: {
		"S": { type: "block", code: "expandedroofing-*clay-normal-half-lower-east-free", name: "color", allowedVariants: ["red", "blue", "brown", "fire"] },
		"T": { type: "item", code: "game:wrench-*", isTool: true}
	},
	width: 1,
	height: 2,
	output: { type: "block", code: "expandedroofing-{color}clay-normal-half-upper-east-free", quantity: 1  }
	},
	{
	ingredientPattern: "T,S",
	ingredients: {
		"S": { type: "block", code: "expandedroofing-*clay-normal-half-upper-east-free", name: "color", allowedVariants: ["red", "blue", "brown", "fire"] },
		"T": { type: "item", code: "game:wrench-*", isTool: true}
	},
	width: 1,
	height: 2,
	output: { type: "block", code: "expandedroofing-{color}clay-normal-half-lower-east-free", quantity: 1  }
	},
	
	
	
	{
	ingredientPattern: "B,S",
	ingredients: {
		"B": { type: "block", code: "expandedroofing-redclay-normal-half-lower-east-free" },
		"S": { type: "item", code: "game:shingle-burned-red" }
	},
	width: 1,
	height: 2,
	output: { type: "block", code: "expandedroofing-redclay-normal-full-upper-east-free", quantity: 1  }
	},
	{
	ingredientPattern: "B,S",
	ingredients: {
		"B": { type: "block", code: "expandedroofing-redclay-normal-half-upper-east-free" },
		"S": { type: "item", code: "game:shingle-burned-red" }
	},
	width: 1,
	height: 2,
	output: { type: "block", code: "expandedroofing-redclay-normal-full-upper-east-free", quantity: 1  }
	},

	{
	ingredientPattern: "B,S",
	ingredients: {
		"B": { type: "block", code: "expandedroofing-blueclay-normal-half-lower-east-free" },
		"S": { type: "item", code: "game:shingle-burned-blue" }
	},
	width: 1,
	height: 2,
	output: { type: "block", code: "expandedroofing-blueclay-normal-full-upper-east-free", quantity: 1  }
	},
	{
	ingredientPattern: "B,S",
	ingredients: {
		"B": { type: "block", code: "expandedroofing-blueclay-normal-half-upper-east-free" },
		"S": { type: "item", code: "game:shingle-burned-blue" }
	},
	width: 1,
	height: 2,
	output: { type: "block", code: "expandedroofing-blueclay-normal-full-upper-east-free", quantity: 1  }
	},
	
	
	{
	ingredientPattern: "B,S",
	ingredients: {
		"B": { type: "block", code: "expandedroofing-brownclay-normal-half-lower-east-free" },
		"S": { type: "item", code: "game:shingle-burned-brown" }
	},
	width: 1,
	height: 2,
	output: { type: "block", code: "expandedroofing-brownclay-normal-full-upper-east-free", quantity: 1  }
	},
	{
	ingredientPattern: "B,S",
	ingredients: {
		"B": { type: "block", code: "expandedroofing-brownclay-normal-half-upper-east-free" },
		"S": { type: "item", code: "game:shingle-burned-brown" }
	},
	width: 1,
	height: 2,
	output: { type: "block", code: "expandedroofing-brownclay-normal-full-upper-east-free", quantity: 1  }
	},
	
	
	{
	ingredientPattern: "B,S",
	ingredients: {
		"B": { type: "block", code: "expandedroofing-fireclay-normal-half-lower-east-free" },
		"S": { type: "item", code: "game:shingle-burned-fire" }
	},
	width: 1,
	height: 2,
	output: { type: "block", code: "expandedroofing-fireclay-normal-full-upper-east-free", quantity: 1  }
	},
	{
	ingredientPattern: "B,S",
	ingredients: {
		"B": { type: "block", code: "expandedroofing-fireclay-normal-half-upper-east-free" },
		"S": { type: "item", code: "game:shingle-burned-fire" }
	},
	width: 1,
	height: 2,
	output: { type: "block", code: "expandedroofing-fireclay-normal-full-upper-east-free", quantity: 1  }
	},
	
	
	{
	ingredientPattern: "B,S",
	ingredients: {
		"B": { type: "block", code: "expandedroofing-redclay-innercorner-half-lower-east-free" },
		"S": { type: "item", code: "game:shingle-burned-red" }
	},
	width: 1,
	height: 2,
	output: { type: "block", code: "expandedroofing-redclay-innercorner-full-upper-east-free", quantity: 1  }
	},
	{
	ingredientPattern: "B,S",
	ingredients: {
		"B": { type: "block", code: "expandedroofing-redclay-innercorner-half-upper-east-free" },
		"S": { type: "item", code: "game:shingle-burned-red" }
	},
	width: 1,
	height: 2,
	output: { type: "block", code: "expandedroofing-redclay-innercorner-full-upper-east-free", quantity: 1  }
	},

	{
	ingredientPattern: "B,S",
	ingredients: {
		"B": { type: "block", code: "expandedroofing-blueclay-innercorner-half-lower-east-free" },
		"S": { type: "item", code: "game:shingle-burned-blue" }
	},
	width: 1,
	height: 2,
	output: { type: "block", code: "expandedroofing-blueclay-innercorner-full-upper-east-free", quantity: 1  }
	},
	{
	ingredientPattern: "B,S",
	ingredients: {
		"B": { type: "block", code: "expandedroofing-blueclay-innercorner-half-upper-east-free" },
		"S": { type: "item", code: "game:shingle-burned-blue" }
	},
	width: 1,
	height: 2,
	output: { type: "block", code: "expandedroofing-blueclay-innercorner-full-upper-east-free", quantity: 1  }
	},
	
	
	{
	ingredientPattern: "B,S",
	ingredients: {
		"B": { type: "block", code: "expandedroofing-brownclay-innercorner-half-lower-east-free" },
		"S": { type: "item", code: "game:shingle-burned-brown" }
	},
	width: 1,
	height: 2,
	output: { type: "block", code: "expandedroofing-brownclay-innercorner-full-upper-east-free", quantity: 1  }
	},
	{
	ingredientPattern: "B,S",
	ingredients: {
		"B": { type: "block", code: "expandedroofing-brownclay-innercorner-half-upper-east-free" },
		"S": { type: "item", code: "game:shingle-burned-brown" }
	},
	width: 1,
	height: 2,
	output: { type: "block", code: "expandedroofing-brownclay-innercorner-full-upper-east-free", quantity: 1  }
	},
	
	
	{
	ingredientPattern: "B,S",
	ingredients: {
		"B": { type: "block", code: "expandedroofing-fireclay-innercorner-half-lower-east-free" },
		"S": { type: "item", code: "game:shingle-burned-fire" }
	},
	width: 1,
	height: 2,
	output: { type: "block", code: "expandedroofing-fireclay-innercorner-full-upper-east-free", quantity: 1  }
	},
	{
	ingredientPattern: "B,S",
	ingredients: {
		"B": { type: "block", code: "expandedroofing-fireclay-innercorner-half-upper-east-free" },
		"S": { type: "item", code: "game:shingle-burned-fire" }
	},
	width: 1,
	height: 2,
	output: { type: "block", code: "expandedroofing-fireclay-innercorner-full-upper-east-free", quantity: 1  }
	},
	
]