[
	{
		ingredientPattern: "ML,PI,ML",
		ingredients: {
			"L": { type: "item", code: "goldleaf", quantity: 1 },
			"M": { type: "item", code: "game:leather-black", quantity: 1 },
			"I": { type: "item", code: "game:inkandquill", quantity:1 },
			"P": { type: "item", code: "game:paper-parchment", quantity: 8 }
		},
		width: 2,
		height: 3,
		name: "backpack",
		output: { type: "item", code: "holybook-cross"  }
	},
	{
		ingredientPattern: "ML,PI,MC",
		ingredients: {
			"L": { type: "item", code: "goldleaf", quantity: 1 },
			"C": { type: "item", code: "game:dye-green", quantity:1 },
			"I": { type: "item", code: "game:inkandquill", quantity:1 },
			"M": { type: "item", code: "game:leather-gray", quantity: 1 },
			"P": { type: "item", code: "game:paper-parchment", quantity: 8 }
		},
		width: 2,
		height: 3,
		name: "backpack",
		output: { type: "item", code: "holybook-moon"  }
	},
	{
		ingredientPattern: "M_,PI,MC",
		ingredients: {
			"C": { type: "item", code: "game:brineportion", quantity: 1 },
			"M": { type: "item", code: "game:stick", quantity: 1 },
			"I": { type: "item", code: "game:inkandquill", quantity:1 },
			"P": { type: "item", code: "game:paper-parchment", quantity: 8 }
		},
		width: 2,
		height: 3,
		name: "backpack",
		output: { type: "item", code: "holybook-star"  }
	},
	{
		ingredientPattern: "MIM,AMC",
		ingredients: {
			"C": { type: "item", code: "game:brineportion", quantity:1 },
			"I": { type: "item", code: "game:inkandquill", quantity:1 },
			"M": { type: "item", code: "game:plank-*", quantity: 1 },
			"A": { type: "item", code: "game:axe-*", isTool: true }
		},
		width: 3,
		height: 2,
		name: "backpack",
		output: { type: "item", code: "holybook-sun"  }
	},
	{
		ingredientPattern: "_C_,CMC,_CG",
		ingredients: {
			"C": { type: "block", code: "game:metal-scraps", quantity: 1 },
			"G": { type: "item", code: "game:gear-rusty", quantity: 1 },
			"M": { type: "item", code: "game:metalplate-molybdochalkos", quantity: 1 },
		},
		width: 3,
		height: 3,
		name: "backpack",
		output: { type: "item", code: "holybook-gear"  }
	},
]
