[

	{
		ingredientPattern: "H,C,L",
		ingredients: {
			"H": { type: "item", code: "woodenhammer", isTool: true},
			"C": { type: "item", code: "drawknife-*", isTool: true },
			"L": { type: "block", code: "game:debarkedlog-oak-*" }
			
		},
		width: 1,
		height: 3,
		output: { type: "item", code: "woodshingle", quantity: 9  }
	},
	{
		ingredientPattern: "H,C,L",
		ingredients: {
			"H": { type: "item", code: "woodenhammer", isTool: true},
			"C": { type: "item", code: "drawknife-*", isTool: true },
			"L": { type: "block", code: "game:debarkedlog-aged-*" }
			
		},
		width: 1,
		height: 3,
		output: { type: "item", code: "woodshingle", quantity: 9  }
	},
	{
		ingredientPattern: "SSS,CCC,H__",
		ingredients: {
			"H": { type: "item", code: "woodenhammer", isTool: true},
			"C": { type: "item", code: "woodshingle", quantity: 1 },
			"S": { type: "item", code: "game:stick" }
			
		},
		width: 3,
		height: 3,
		output: { type: "block", code: "nordicroofing-wood-end-full-east-free", quantity: 1  }
	},
	
	
	{
		ingredientPattern: "_P_,PSP,_PH",
		ingredients: {
			"H": { type: "item", code: "woodenhammer", isTool: true},
			"P": { type: "block", code: "nordicroofing-wood-end-full-east-free", quantity: 1 },
			"S": { type: "item", code: "game:stick" }
			
		},
		width: 3,
		height: 3,
		output: { type: "block", code: "nordicroofing-wood-end-pointy-east-free", quantity: 1  }
	},
	{
		ingredientPattern: "__P,_PS,PSH",
		ingredients: {
			"H": { type: "item", code: "woodenhammer", isTool: true},
			"P": { type: "block", code: "nordicroofing-wood-end-full-east-free", quantity: 1 },
			"S": { type: "item", code: "game:stick" }
			
		},
		width: 3,
		height: 3,
		output: { type: "block", code: "nordicroofing-wood-normal-full-east-free", quantity: 1  }
	},
	{
		ingredientPattern: "_P_,_PS,PSH",
		ingredients: {
			"H": { type: "item", code: "woodenhammer", isTool: true},
			"P": { type: "block", code: "nordicroofing-wood-end-full-east-free", quantity: 1 },
			"S": { type: "item", code: "game:stick" }
			
		},
		width: 3,
		height: 3,
		output: { type: "block", code: "nordicroofing-wood-steep-full-east-free", quantity: 1  }
	},
	{
		ingredientPattern: "__P,__P,_PH",
		ingredients: {
			"H": { type: "item", code: "woodenhammer", isTool: true},
			"P": { type: "block", code: "nordicroofing-wood-end-full-east-free", quantity: 1 },
			"S": { type: "item", code: "game:stick" }
			
		},
		width: 3,
		height: 3,
		output: { type: "block", code: "nordicroofing-wood-steep-half-east-free", quantity: 1  }
	},
	{
		ingredientPattern: "_P_,PSH",
		ingredients: {
			"H": { type: "item", code: "woodenhammer", isTool: true},
			"P": { type: "block", code: "nordicroofing-wood-end-full-east-free", quantity: 1 },
			"S": { type: "item", code: "game:stick" }
			
		},
		width: 3,
		height: 2,
		output: { type: "block", code: "nordicroofing-wood-normal-half-lower-east-free", quantity: 1  }
	},
	{
		ingredientPattern: "HP",
		ingredients: {
			"H": { type: "item", code: "game:wrench-*", isTool: true},
			"P": { type: "block", code: "nordicroofing-wood-normal-half-upper-east-free", quantity: 1 }
			
		},
		width: 1,
		height: 2,
		output: { type: "block", code: "nordicroofing-wood-normal-half-lower-east-free", quantity: 1  }
	},
	{
		ingredientPattern: "HP",
		ingredients: {
			"H": { type: "item", code: "game:wrench-*", isTool: true},
			"P": { type: "block", code: "nordicroofing-wood-normal-half-lower-east-free", quantity: 1 }
			
		},
		width: 1,
		height: 2,
		output: { type: "block", code: "nordicroofing-wood-normal-half-upper-east-free", quantity: 1  }
	},
	{
		ingredientPattern: "_P_,PSP,__H",
		ingredients: {
			"H": { type: "item", code: "woodenhammer", isTool: true},
			"P": { type: "block", code: "nordicroofing-wood-end-full-east-free", quantity: 1 },
			"S": { type: "item", code: "game:stick" }
			
		},
		width: 3,
		height: 3,
		output: { type: "block", code: "nordicroofing-wood-normal-point-east-free", quantity: 1  }
	},
	{
		ingredientPattern: "PS_,PPH",
		ingredients: {
			"H": { type: "item", code: "woodenhammer", isTool: true},
			"P": { type: "block", code: "nordicroofing-wood-end-full-east-free", quantity: 1 },
			"S": { type: "item", code: "game:stick" }
			
		},
		width: 3,
		height: 2,
		output: { type: "block", code: "nordicroofing-wood-outercorner-half-lower-east-free", quantity: 1  }
	},
	{
		ingredientPattern: "HP",
		ingredients: {
			"H": { type: "item", code: "game:wrench-*", isTool: true},
			"P": { type: "block", code: "nordicroofing-wood-outercorner-half-upper-east-free", quantity: 1 }
			
		},
		width: 1,
		height: 2,
		output: { type: "block", code: "nordicroofing-wood-outercorner-half-lower-east-free", quantity: 1  }
	},
	{
		ingredientPattern: "HP",
		ingredients: {
			"H": { type: "item", code: "game:wrench-*", isTool: true},
			"P": { type: "block", code: "nordicroofing-wood-outercorner-half-lower-east-free", quantity: 1 }
			
		},
		width: 1,
		height: 2,
		output: { type: "block", code: "nordicroofing-wood-outercorner-half-upper-east-free", quantity: 1  }
	},
	{
		ingredientPattern: "P__,SP_,HPP",
		ingredients: {
			"H": { type: "item", code: "woodenhammer", isTool: true},
			"P": { type: "block", code: "nordicroofing-wood-end-full-east-free", quantity: 1 },
			"S": { type: "item", code: "game:stick" }
			
		},
		width: 3,
		height: 3,
		output: { type: "block", code: "nordicroofing-wood-outercorner-full-east-free", quantity: 1  }
	},
	{
		ingredientPattern: "_P_,SP_,HPP",
		ingredients: {
			"H": { type: "item", code: "woodenhammer", isTool: true},
			"P": { type: "block", code: "nordicroofing-wood-end-full-east-free", quantity: 1 },
			"S": { type: "item", code: "game:stick" }
			
		},
		width: 3,
		height: 3,
		output: { type: "block", code: "nordicroofing-wood-outercorner-full-steep-east-free", quantity: 1  }
	},
	{
		ingredientPattern: "SP_,HPP",
		ingredients: {
			"H": { type: "item", code: "woodenhammer", isTool: true},
			"P": { type: "block", code: "nordicroofing-wood-end-full-east-free", quantity: 1 },
			"S": { type: "item", code: "game:stick" }
			
		},
		width: 3,
		height: 2,
		output: { type: "block", code: "nordicroofing-wood-outercorner-half-steep-east-free", quantity: 1  }
	},
	{
		ingredientPattern: "HP",
		ingredients: {
			"H": { type: "item", code: "game:wrench-*", isTool: true},
			"P": { type: "block", code: "nordicroofing-wood-outercorner-half-lower-east-free", quantity: 1 }
			
		},
		width: 1,
		height: 2,
		output: { type: "block", code: "nordicroofing-wood-outercorner-half-upper-east-free", quantity: 1  }
	},
	{
	
		ingredientPattern: "P_,SH",
		ingredients: {
			"H": { type: "item", code: "woodenhammer", isTool: true},
			"P": { type: "block", code: "nordicroofing-wood-end-full-east-free", quantity: 2 },
			"S": { type: "item", code: "game:stick" }
			
		},
		width: 2,
		height: 2,
		output: { type: "block", code: "nordicroofing-wood-half-point-east-free", quantity: 1  }
	},
	{
	
		ingredientPattern: "HB,_P",
		ingredients: {
			"H": { type: "item", code: "woodenhammer", isTool: true},
			"P": { type: "block", code: "nordicroofing-wood-half-point-east-free", quantity: 1 },
			"B": { type: "block", code: "nordicroofing-wood-end-full-east-free", quantity: 1 },
			
		},
		width: 2,
		height: 2,
		output: { type: "block", code: "nordicroofing-wood-end-half-point-east-free", quantity: 1  }
	},
	{
	
		ingredientPattern: "HB,_P",
		ingredients: {
			"H": { type: "item", code: "woodenhammer", isTool: true},
			"P": { type: "block", code: "nordicroofing-wood-normal-point-east-free", quantity: 1 },
			"B": { type: "block", code: "nordicroofing-wood-end-full-east-free", quantity: 1 }
			
		},
		width: 2,
		height: 2,
		output: { type: "block", code: "nordicroofing-wood-end-point-east-free", quantity: 1  }
	},
	{
	
		ingredientPattern: "HB,_P",
		ingredients: {
			"H": { type: "item", code: "woodenhammer", isTool: true},
			"P": { type: "block", code: "nordicroofing-wood-normal-full-east-free", quantity: 1 },
			"B": { type: "block", code: "nordicroofing-wood-end-full-east-free", quantity: 1 },
			
		},
		width: 2,
		height: 2,
		output: { type: "block", code: "nordicroofing-wood-l-end-full-east-free", quantity: 1  }
	},
	{
		ingredientPattern: "HP",
		ingredients: {
			"H": { type: "item", code: "game:wrench-*", isTool: true},
			"P": { type: "block", code: "nordicroofing-wood-l-end-full-east-free", quantity: 1 }
			
		},
		width: 1,
		height: 2,
		output: { type: "block", code: "nordicroofing-wood-r-end-full-east-free", quantity: 1  }
	},
	{
		ingredientPattern: "HP",
		ingredients: {
			"H": { type: "item", code: "game:wrench-*", isTool: true},
			"P": { type: "block", code: "nordicroofing-wood-r-end-full-east-free", quantity: 1 }
			
		},
		width: 1,
		height: 2,
		output: { type: "block", code: "nordicroofing-wood-l-end-full-east-free", quantity: 1  }
	},
	{
		ingredientPattern: "HP",
		ingredients: {
			"H": { type: "item", code: "woodenhammer", isTool: true},
			"P": { type: "block", code: "nordicroofing-wood-outercorner-half-steep-east-free", quantity: 2 }
			
		},
		width: 1,
		height: 2,
		output: { type: "block", code: "nordicroofing-wood-steep-end-east-free", quantity: 1  }
	},
	{
		ingredientPattern: "BH,BC",
		ingredients: {
			"H": { type: "item", code: "woodenhammer", isTool: true},
			"C": { type: "item", code: "game:chisel-*", isTool: true},
			"B": { type: "item", code: "game:plank-oak", quantity: 1 }
			
		},
		width: 2,
		height: 2,
		output: { type: "block", code: "nordicroofing-wood-decoration-head-center-east-free", quantity: 1  }
	},
	{
		ingredientPattern: "B_B,HBC",
		ingredients: {
			"H": { type: "item", code: "woodenhammer", isTool: true},
			"C": { type: "item", code: "game:chisel-*", isTool: true},
			"B": { type: "item", code: "game:plank-oak", quantity: 1 }
			
		},
		width: 3,
		height: 2,
		output: { type: "block", code: "nordicroofing-wood-decoration-head2-center-east-free", quantity: 1  }
	},
	{
		ingredientPattern: "HP",
		ingredients: {
			"H": { type: "item", code: "game:wrench-*", isTool: true},
			"P": { type: "block", code: "nordicroofing-wood-decoration-head2-center-east-free", quantity: 1 }
			
		},
		width: 1,
		height: 2,
		output: { type: "block", code: "nordicroofing-wood-decoration-head2-offcenter-east-free", quantity: 1  }
	},
	{
		ingredientPattern: "HP",
		ingredients: {
			"H": { type: "item", code: "game:wrench-*", isTool: true},
			"P": { type: "block", code: "nordicroofing-wood-decoration-head2-offcenter-east-free", quantity: 1 }
			
		},
		width: 1,
		height: 2,
		output: { type: "block", code: "nordicroofing-wood-decoration-head2-center-east-free", quantity: 1  }
	},
	{
		ingredientPattern: "HP",
		ingredients: {
			"H": { type: "item", code: "game:wrench-*", isTool: true},
			"P": { type: "block", code: "nordicroofing-wood-decoration-head-center-east-free", quantity: 1 }
			
		},
		width: 1,
		height: 2,
		output: { type: "block", code: "nordicroofing-wood-decoration-head-offcenter-east-free", quantity: 1  }
	},
	{
		ingredientPattern: "HP",
		ingredients: {
			"H": { type: "item", code: "game:wrench-*", isTool: true},
			"P": { type: "block", code: "nordicroofing-wood-decoration-head-offcenter-east-free", quantity: 1 }
			
		},
		width: 1,
		height: 2,
		output: { type: "block", code: "nordicroofing-wood-decoration-head-center-east-free", quantity: 1  }
	},
	{
		ingredientPattern: "H,C,B",
		ingredients: {
			"H": { type: "item", code: "woodenhammer", isTool: true},
			"C": { type: "item", code: "game:chisel-*", isTool: true},
			"B": { type: "item", code: "game:plank-oak", quantity: 1 }
			
		},
		width: 1,
		height: 3,
		output: { type: "block", code: "nordicroofing-wood-decoration-center-east-free", quantity: 1  }
	},
	{
		ingredientPattern: "HP",
		ingredients: {
			"H": { type: "item", code: "game:wrench-*", isTool: true},
			"P": { type: "block", code: "nordicroofing-wood-decoration-center-east-free", quantity: 1 }
			
		},
		width: 1,
		height: 2,
		output: { type: "block", code: "nordicroofing-wood-decoration-offcenter-east-free", quantity: 1  }
	},
	{
		ingredientPattern: "HP",
		ingredients: {
			"H": { type: "item", code: "game:wrench-*", isTool: true},
			"P": { type: "block", code: "nordicroofing-wood-decoration-offcenter-east-free", quantity: 1 }
			
		},
		width: 1,
		height: 2,
		output: { type: "block", code: "nordicroofing-wood-decoration-center-east-free", quantity: 1  }
	},
	
	
	{
	
		ingredientPattern: "HB,_P",
		ingredients: {
			"H": { type: "item", code: "woodenhammer", isTool: true},
			"P": { type: "block", code: "nordicroofing-wood-normal-half-lower-east-free", quantity: 1 },
			"B": { type: "block", code: "nordicroofing-wood-end-full-east-free", quantity: 1 }
			
		},
		width: 2,
		height: 2,
		output: { type: "block", code: "nordicroofing-wood-l-end-half-lower-east-free", quantity: 1  }
	},
	{
		ingredientPattern: "HP",
		ingredients: {
			"H": { type: "item", code: "game:wrench-*", isTool: true},
			"P": { type: "block", code: "nordicroofing-wood-l-end-half-lower-east-free", quantity: 1 }
			
		},
		width: 1,
		height: 2,
		output: { type: "block", code: "nordicroofing-wood-r-end-half-lower-east-free", quantity: 1  }
	},
	{
		ingredientPattern: "HP",
		ingredients: {
			"H": { type: "item", code: "game:wrench-*", isTool: true},
			"P": { type: "block", code: "nordicroofing-wood-r-end-half-lower-east-free", quantity: 1 }
			
		},
		width: 1,
		height: 2,
		output: { type: "block", code: "nordicroofing-wood-l-end-half-lower-east-free", quantity: 1  }
	},
	
	
	{
	
		ingredientPattern: "HB,_P",
		ingredients: {
			"H": { type: "item", code: "woodenhammer", isTool: true},
			"P": { type: "block", code: "nordicroofing-wood-normal-half-upper-east-free", quantity: 1 },
			"B": { type: "block", code: "nordicroofing-wood-end-full-east-free", quantity: 1 }
			
		},
		width: 2,
		height: 2,
		output: { type: "block", code: "nordicroofing-wood-l-end-half-upper-east-free", quantity: 1  }
	},
	{
		ingredientPattern: "HP",
		ingredients: {
			"H": { type: "item", code: "game:wrench-*", isTool: true},
			"P": { type: "block", code: "nordicroofing-wood-l-end-half-upper-east-free", quantity: 1 }
			
		},
		width: 1,
		height: 2,
		output: { type: "block", code: "nordicroofing-wood-r-end-half-upper-east-free", quantity: 1  }
	},
	{
		ingredientPattern: "HP",
		ingredients: {
			"H": { type: "item", code: "game:wrench-*", isTool: true},
			"P": { type: "block", code: "nordicroofing-wood-r-end-half-upper-east-free", quantity: 1 }
			
		},
		width: 1,
		height: 2,
		output: { type: "block", code: "nordicroofing-wood-l-end-half-upper-east-free", quantity: 1  }
	},
	
	
	
	
	
	{
	
		ingredientPattern: "HS_,SBS",
		ingredients: {
			"H": { type: "item", code: "woodenhammer", isTool: true},
			"S": { type: "item", code: "game:shingle-burned-red", quantity: 1 },
			"B": { type: "item", code: "game:stick", quantity: 1 }
			
		},
		width: 3,
		height: 2,
		output: { type: "block", code: "nordicroofing-tiles-half-point-east-free", quantity: 1  }
	},
	{
		ingredientPattern: "HP",
		ingredients: {
			"H": { type: "item", code: "game:shingle-burned-red*"},
			"P": { type: "block", code: "nordicroofing-tiles-half-point-east-free", quantity: 1 }
			
		},
		width: 1,
		height: 2,
		output: { type: "block", code: "nordicroofing-tiles-end-half-point-east-free", quantity: 1  }
	},
	{
	
		ingredientPattern: "SSS,BH_",
		ingredients: {
			"H": { type: "item", code: "woodenhammer", isTool: true},
			"S": { type: "item", code: "game:shingle-burned-red", quantity: 1 },
			"B": { type: "item", code: "game:stick", quantity: 1 }
			
		},
		width: 3,
		height: 2,
		output: { type: "block", code: "nordicroofing-tiles-normal-half-upper-east-free", quantity: 1  }
	},
	{
	
		ingredientPattern: "BH_,SSS",
		ingredients: {
			"H": { type: "item", code: "woodenhammer", isTool: true},
			"S": { type: "item", code: "game:shingle-burned-red", quantity: 1 },
			"B": { type: "item", code: "game:stick", quantity: 1 }
			
		},
		width: 3,
		height: 2,
		output: { type: "block", code: "nordicroofing-tiles-normal-half-lower-east-free", quantity: 1  }
	},
	{
		ingredientPattern: "HP",
		ingredients: {
			"H": { type: "item", code: "game:wrench-*", isTool: true},
			"P": { type: "block", code: "nordicroofing-tiles-normal-half-upper-east-free", quantity: 1 }
			
		},
		width: 1,
		height: 2,
		output: { type: "block", code: "nordicroofing-tiles-normal-half-lower-east-free", quantity: 1  }
	},
	{
		ingredientPattern: "HP",
		ingredients: {
			"H": { type: "item", code: "game:wrench-*", isTool: true},
			"P": { type: "block", code: "nordicroofing-tiles-normal-half-lower-east-free", quantity: 1 }
			
		},
		width: 1,
		height: 2,
		output: { type: "block", code: "nordicroofing-tiles-normal-half-upper-east-free", quantity: 1  }
	},
	{
	
		ingredientPattern: "SBH,SS_",
		ingredients: {
			"H": { type: "item", code: "woodenhammer", isTool: true},
			"S": { type: "item", code: "game:shingle-burned-red", quantity: 1 },
			"B": { type: "item", code: "game:stick", quantity: 1 }
			
		},
		width: 3,
		height: 2,
		output: { type: "block", code: "nordicroofing-tiles-outercorner-half-lower-east-free", quantity: 1  }
	},
	{
	
		ingredientPattern: "SS_,SBH",
		ingredients: {
			"H": { type: "item", code: "woodenhammer", isTool: true},
			"S": { type: "item", code: "game:shingle-burned-red", quantity: 1 },
			"B": { type: "item", code: "game:stick", quantity: 1 }
			
		},
		width: 3,
		height: 2,
		output: { type: "block", code: "nordicroofing-tiles-outercorner-half-upper-east-free", quantity: 1  }
	},
	{
		ingredientPattern: "HP",
		ingredients: {
			"H": { type: "item", code: "game:wrench-*", isTool: true},
			"P": { type: "block", code: "nordicroofing-tiles-outercorner-half-upper-east-free", quantity: 1 }
			
		},
		width: 1,
		height: 2,
		output: { type: "block", code: "nordicroofing-tiles-outercorner-half-lower-east-free", quantity: 1  }
	},
	{
		ingredientPattern: "HP",
		ingredients: {
			"H": { type: "item", code: "game:wrench-*", isTool: true},
			"P": { type: "block", code: "nordicroofing-tiles-outercorner-half-lower-east-free", quantity: 1 }
			
		},
		width: 1,
		height: 2,
		output: { type: "block", code: "nordicroofing-tiles-outercorner-half-upper-east-free", quantity: 1  }
	},
	
	
	
	
	
	{
		ingredientPattern: "HC,LR",
		ingredients: {
			"H": { type: "item", code: "woodenhammer", isTool: true},
			"C": { type: "item", code: "game:chisel*", isTool: true },
			"R": { type: "block", code: "nordicroofing-tiles-normal-half-lower-east-free"},
			"L": { type: "block", code: "game:polishedrockslab-*-down-free", name: "stone", allowedVariants: ["claystone", "limestone", "sandstone", "chalk"] }, 
			
		},
		width: 2,
		height: 2,
		output: { type: "block", code: "romanroofing-{stone}-end-rhalf-lower-east-free", quantity: 1  }
	},
	{
		ingredientPattern: "HC,LR",
		ingredients: {
			"H": { type: "item", code: "woodenhammer", isTool: true},
			"C": { type: "item", code: "game:chisel*", isTool: true },
			"R": { type: "block", code: "nordicroofing-tiles-normal-half-upper-east-free"},
			"L": { type: "block", code: "game:rockpolished-*", name: "stone", allowedVariants: ["claystone", "limestone", "sandstone", "chalk"] }, 
			
		},
		width: 2,
		height: 2,
		output: { type: "block", code: "romanroofing-{stone}-end-rhalf-upper-east-free", quantity: 1  }
	},
	{
		ingredientPattern: "HC,LR,S_",
		ingredients: {
			"H": { type: "item", code: "woodenhammer", isTool: true},
			"C": { type: "item", code: "game:chisel*", isTool: true },
			"R": { type: "block", code: "nordicroofing-tiles-normal-half-lower-east-free"},
			"S": { type: "block", code: "game:rockpolished-*", name: "stone", allowedVariants: ["claystone", "limestone", "sandstone", "chalk"] }, 
			"L": { type: "block", code: "game:polishedrockslab-*-down-free", name: "stone", allowedVariants: ["claystone", "limestone", "sandstone", "chalk"] }, 
			
		},
		width: 2,
		height: 3,
		output: { type: "block", code: "romanroofing-{stone}-hend-rhalf-lower-east-free", quantity: 1  }
	},
	{
		ingredientPattern: "HC,SR,S_",
		ingredients: {
			"H": { type: "item", code: "woodenhammer", isTool: true},
			"C": { type: "item", code: "game:chisel*", isTool: true },
			"R": { type: "block", code: "nordicroofing-tiles-normal-half-lower-east-free"},
			"S": { type: "block", code: "game:rockpolished-*", name: "stone", allowedVariants: ["claystone", "limestone", "sandstone", "chalk"] }, 
			
			
		},
		width: 2,
		height: 3,
		output: { type: "block", code: "romanroofing-{stone}-hend-rhalf-upper-east-free", quantity: 1  }
	},
	{
		ingredientPattern: "HC,RL",
		ingredients: {
			"H": { type: "item", code: "woodenhammer", isTool: true},
			"C": { type: "item", code: "game:chisel*", isTool: true },
			"R": { type: "block", code: "nordicroofing-tiles-normal-half-lower-east-free"},
			"L": { type: "block", code: "game:polishedrockslab-*-down-free", name: "stone", allowedVariants: ["claystone", "limestone", "sandstone", "chalk"] }, 
			
		},
		width: 2,
		height: 2,
		output: { type: "block", code: "romanroofing-{stone}-end-lhalf-lower-east-free", quantity: 1  }
	},
	{
		ingredientPattern: "HC,RL",
		ingredients: {
			"H": { type: "item", code: "woodenhammer", isTool: true},
			"C": { type: "item", code: "game:chisel*", isTool: true },
			"R": { type: "block", code: "nordicroofing-tiles-normal-half-upper-east-free"},
			"L": { type: "block", code: "game:rockpolished-*", name: "stone", allowedVariants: ["claystone", "limestone", "sandstone", "chalk"] }, 
			
		},
		width: 2,
		height: 2,
		output: { type: "block", code: "romanroofing-{stone}-end-lhalf-upper-east-free", quantity: 1  }
	},
]