[
	{
		ingredientPattern: "SBS,SBS,CSH",
		ingredients: {
			"B": { type: "item", code: "game:metalplate-brass" },
			"C": { type: "item", code: "game:chisel-*", isTool: true },
			"H": { type: "item", code: "game:hammer-*", isTool: true},
			"S": { type: "block", code: "game:rockpolished-granite" }
		},
		width: 3,
		height: 3,
		output: { type: "block", code: "tabernacle-east", attributes: { type: "granite" }  }
	},
	{
		ingredientPattern: "SBS,SBS,CSH",
		ingredients: {
			"B": { type: "item", code: "game:metalplate-brass" },
			"C": { type: "item", code: "game:chisel-*", isTool: true },
			"H": { type: "item", code: "game:hammer-*", isTool: true},
			"S": { type: "block", code: "game:rockpolished-chert" }
		},
		width: 3,
		height: 3,
		output: { type: "block", code: "tabernacle-east", attributes: { type: "chert" }  }
	},
	{
		ingredientPattern: "SBS,SBS,CSH",
		ingredients: {
			"B": { type: "item", code: "game:metalplate-brass" },
			"C": { type: "item", code: "game:chisel-*", isTool: true },
			"H": { type: "item", code: "game:hammer-*", isTool: true},
			"S": { type: "block", code: "game:rockpolished-claystone" }
		},
		width: 3,
		height: 3,
		output: { type: "block", code: "tabernacle-east", attributes: { type: "claystone" }  }
	},
	{
		ingredientPattern: "SBS,SBS,CSH",
		ingredients: {
			"B": { type: "item", code: "game:metalplate-brass" },
			"C": { type: "item", code: "game:chisel-*", isTool: true },
			"H": { type: "item", code: "game:hammer-*", isTool: true},
			"S": { type: "block", code: "game:rockpolished-limestone" }
		},
		width: 3,
		height: 3,
		output: { type: "block", code: "tabernacle-east", attributes: { type: "limestone" }  }
	},
	{
		ingredientPattern: "SBS,SBS,CSH",
		ingredients: {
			"B": { type: "item", code: "game:metalplate-brass" },
			"C": { type: "item", code: "game:chisel-*", isTool: true },
			"H": { type: "item", code: "game:hammer-*", isTool: true},
			"S": { type: "block", code: "game:rockpolished-peridotite" }
		},
		width: 3,
		height: 3,
		output: { type: "block", code: "tabernacle-east", attributes: { type: "peridotite" }  }
	},
	{
		ingredientPattern: "SBS,SBS,CSH",
		ingredients: {
			"B": { type: "item", code: "game:metalplate-brass" },
			"C": { type: "item", code: "game:chisel-*", isTool: true },
			"H": { type: "item", code: "game:hammer-*", isTool: true},
			"S": { type: "block", code: "game:rockpolished-redmarble" }
		},
		width: 3,
		height: 3,
		output: { type: "block", code: "tabernacle-east", attributes: { type: "redmarble" }  }
	},

	{
		ingredientPattern: "SBS,SBS,CSH",
		ingredients: {
			"B": { type: "item", code: "game:metalplate-brass" },
			"C": { type: "item", code: "game:chisel-*", isTool: true },
			"H": { type: "item", code: "game:hammer-*", isTool: true},
			"S": { type: "block", code: "game:rockpolished-sandstone" }
		},
		width: 3,
		height: 3,
		output: { type: "block", code: "tabernacle-east", attributes: { type: "sandstone" }  }
	},

	{
		ingredientPattern: "SBS,SBS,CSH",
		ingredients: {
			"B": { type: "item", code: "game:metalplate-brass" },
			"C": { type: "item", code: "game:chisel-*", isTool: true },
			"H": { type: "item", code: "game:hammer-*", isTool: true},
			"S": { type: "block", code: "game:rockpolished-slate" }
		},
		width: 3,
		height: 3,
		output: { type: "block", code: "tabernacle-east", attributes: { type: "slate" }  }
	}
]
