[
	{
		ingredientPattern: "HC",
		ingredients: {
			"H": { type: "item", code: "drawknifehead-*", name: "metal" ,allowedVariants: ["copper", "tinbronze", "bismuthbronze", "blackbronze", "silver", "gold", "iron", "meteoriciron", "steel"] },
			"C": { type: "item", code: "game:stick" }
		},
		width: 1,
		height: 2,
		output: { type: "item", code: "drawknife-{metal}", quantity: 1  }
	},
	{
		ingredientPattern: "HK,S_",
		ingredients: {
			"H": { type: "block", code: "game:debarkedlog-*"},
			"K": { type: "item", code: "game:knife-*", isTool: true },
			"S": { type: "item", code: "game:stick" }
		},
		width: 2,
		height: 2,
		output: { type: "item", code: "woodenhammer", quantity: 1  }
	},
	{
		ingredientPattern: "IP,R_",
		ingredients: {
			"I": { type: "item", code: "game:inkandquill"},
			"P": { type: "item", code: "game:paper-parchment"},
			"R": { type: "item", code: "game:rope" }
		},
		width: 2,
		height: 2,
		output: { type: "item", code: "game:measuringrope", quantity: 1  }
	}
	
]