[
	
	{
	ingredientPattern: "BBB,BIB,BGB",
	ingredients: {
		"B": { type: "item", code: "game:plank-*", quantity: 1 },
		"I": { type: "item", code: "game:ingot-lead", quantity: 1 },
		"G": { type: "block", code: "game:glass-blue", quantity: 1},
	},
	width: 3,
	height: 3,
	output: { type: "block", code: "window1top-blue-east", quantity: 1  }
	},
	{
	ingredientPattern: "B_B,BGB,BIB",
	ingredients: {
		"B": { type: "item", code: "game:plank-*", quantity: 1 },
		"I": { type: "item", code: "game:ingot-lead", quantity: 1 },
		"G": { type: "block", code: "game:glass-blue", quantity: 1},
	},
	width: 3,
	height: 3,
	output: { type: "block", code: "window1middle-blue-east", quantity: 1  }
	},
	{
	ingredientPattern: "BGB,BIB,BBB",
	ingredients: {
		"B": { type: "item", code: "game:plank-*", quantity: 1 },
		"I": { type: "item", code: "game:ingot-lead", quantity: 1 },
		"G": { type: "block", code: "game:glass-blue", quantity: 1},
	},
	width: 3,
	height: 3,
	output: { type: "block", code: "window1bottom-blue-east", quantity: 1  }
	},
	{
	ingredientPattern: "BGB,BIB,BBB",
	ingredients: {
		"B": { type: "item", code: "game:plank-*", quantity: 1 },
		"I": { type: "item", code: "game:ingot-lead", quantity: 1 },
		"G": { type: "block", code: "game:glassslab-blue-down-free", quantity: 1},
	},
	width: 3,
	height: 3,
	output: { type: "block", code: "window1-blue-east", quantity: 1  }
	},
	
	
	
	
	
	
	
	{
	ingredientPattern: "BBB,BIB,BGB",
	ingredients: {
		"B": { type: "item", code: "game:plank-*", quantity: 1 },
		"I": { type: "item", code: "game:ingot-lead", quantity: 1 },
		"G": { type: "block", code: "game:glass-red", quantity: 1},
	},
	width: 3,
	height: 3,
	output: { type: "block", code: "window1top-red-east", quantity: 1  }
	},
	{
	ingredientPattern: "B_B,BGB,BIB",
	ingredients: {
		"B": { type: "item", code: "game:plank-*", quantity: 1 },
		"I": { type: "item", code: "game:ingot-lead", quantity: 1 },
		"G": { type: "block", code: "game:glass-red", quantity: 1},
	},
	width: 3,
	height: 3,
	output: { type: "block", code: "window1middle-red-east", quantity: 1  }
	},
	{
	ingredientPattern: "BGB,BIB,BBB",
	ingredients: {
		"B": { type: "item", code: "game:plank-*", quantity: 1 },
		"I": { type: "item", code: "game:ingot-lead", quantity: 1 },
		"G": { type: "block", code: "game:glass-red", quantity: 1},
	},
	width: 3,
	height: 3,
	output: { type: "block", code: "window1bottom-red-east", quantity: 1  }
	},
	{
	ingredientPattern: "BGB,BIB,BBB",
	ingredients: {
		"B": { type: "item", code: "game:plank-*", quantity: 1 },
		"I": { type: "item", code: "game:ingot-lead", quantity: 1 },
		"G": { type: "block", code: "game:glassslab-red-down-free", quantity: 1},
	},
	width: 3,
	height: 3,
	output: { type: "block", code: "window1-red-east", quantity: 1  }
	},
	
	
	
	
	
	
	{
	ingredientPattern: "BBB,BIB,BGB",
	ingredients: {
		"B": { type: "item", code: "game:plank-*", quantity: 1 },
		"I": { type: "item", code: "game:ingot-lead", quantity: 1 },
		"G": { type: "block", code: "game:glass-green", quantity: 1},
	},

	width: 3,
	height: 3,
	output: { type: "block", code: "window1top-green-east", quantity: 1  }
	},
	{
	ingredientPattern: "B_B,BGB,BIB",
	ingredients: {
		"B": { type: "item", code: "game:plank-*", quantity: 1 },
		"I": { type: "item", code: "game:ingot-lead", quantity: 1 },
		"G": { type: "block", code: "game:glass-green", quantity: 1},
	},
	width: 3,
	height: 3,
	output: { type: "block", code: "window1middle-green-east", quantity: 1  }
	},
	{
	ingredientPattern: "BGB,BIB,BBB",
	ingredients: {
		"B": { type: "item", code: "game:plank-*", quantity: 1 },
		"I": { type: "item", code: "game:ingot-lead", quantity: 1 },
		"G": { type: "block", code: "game:glass-green", quantity: 1},
	},
	width: 3,
	height: 3,
	output: { type: "block", code: "window1bottom-green-east", quantity: 1  }
	},
	{
	ingredientPattern: "BGB,BIB,BBB",
	ingredients: {
		"B": { type: "item", code: "game:plank-*", quantity: 1 },
		"I": { type: "item", code: "game:ingot-lead", quantity: 1 },
		"G": { type: "block", code: "game:glassslab-green-down-free", quantity: 1},
	},
	width: 3,
	height: 3,
	output: { type: "block", code: "window1-green-east", quantity: 1  }
	},
	
	
	

	
	{
	ingredientPattern: "_T,GA",
	ingredients: {
		"A": { type: "block", code: "game:rockpolished-*", name: "stone", allowedVariants: ["granite", "greenmarble", "claystone", "limestone", "andesite", "basalt", "bauxite", "chalk", "chert", "conglomerate", "kimberlite", "peridotite", "phyllite", "redmarble", "sandstone", "shale", "slate", "suevite", "whitemarble"] },
		"G": { type: "item", code: "game:mortar", quantity: 1},
		"T": { type: "item", code: "game:chisel-*", isTool: true  },
	},
	width: 2,
	height: 2,
	output: { type: "block", code: "simpleblock-{stone}-windowsill-east", quantity: 1  }
	},

	{
	ingredientPattern: "_T,GA",
	ingredients: {
		"A": { type: "block", code: "game:stonebricks-*", name: "stone", allowedVariants: ["granite", "claystone", "limestone", "andesite", "basalt", "bauxite", "chalk", "chert", "conglomerate", "peridotite", "phyllite", "sandstone", "shale", "slate"] },
		"G": { type: "item", code: "game:mortar", quantity: 1},
		"T": { type: "item", code: "game:chisel-*", isTool: true  },
	},
	width: 2,
	height: 2,
	output: { type: "block", code: "simpleblock-{stone}-brickwindowsill-east", quantity: 1  }
	},

	{
	ingredientPattern: "_T,GA",
	ingredients: {
		"A": { type: "block", code: "game:cobblestone-*", name: "stone", allowedVariants: ["granite", "greenmarble", "claystone", "limestone", "andesite", "basalt", "bauxite", "chalk", "chert", "conglomerate", "kimberlite", "peridotite", "phyllite", "redmarble", "sandstone", "shale", "slate", "suevite", "whitemarble" ] },
		"G": { type: "item", code: "game:mortar", quantity: 1},
		"T": { type: "item", code: "game:chisel-*", isTool: true  },
		},
		width: 2,
		height: 2,
		output: { type: "block", code: "simpleblock-{stone}-cobblewindowsill-east", quantity: 1  }
	},





	
		{
		ingredientPattern: "BBB,BIB,BGB",
		ingredients: {
			"B": { type: "item", code: "game:plank-*", quantity: 1 },
			"I": { type: "item", code: "game:ingot-lead", quantity: 1 },
			"G": { type: "block", code: "game:glass-plain", quantity: 1},
		},
		width: 3,
		height: 3,
		output: { type: "block", code: "window1top-plain-east", quantity: 1  }
		},
		
		{
		ingredientPattern: "B_B,BGB,BIB",
		ingredients: {
			"B": { type: "item", code: "game:plank-*", quantity: 1 },
			"I": { type: "item", code: "game:ingot-lead", quantity: 1 },
			"G": { type: "block", code: "game:glass-plain", quantity: 1},
		},
		width: 3,
		height: 3,
		output: { type: "block", code: "window1middle-plain-east", quantity: 1  }
		},
		{
		ingredientPattern: "BGB,BIB,BBB",
		ingredients: {
			"B": { type: "item", code: "game:plank-*", quantity: 1 },
			"I": { type: "item", code: "game:ingot-lead", quantity: 1 },
			"G": { type: "block", code: "game:glass-plain", quantity: 1},
		},
		width: 3,
		height: 3,
		output: { type: "block", code: "window1bottom-plain-east", quantity: 1  }
		},
		{
		ingredientPattern: "BGB,BIB,BBB",
		ingredients: {
			"B": { type: "item", code: "game:plank-*", quantity: 1 },
			"I": { type: "item", code: "game:ingot-lead", quantity: 1 },
			"G": { type: "block", code: "game:glassslab-plain-down-free", quantity: 1},
		},
		width: 3,
		height: 3,
		output: { type: "block", code: "window1-plain-east", quantity: 1  }
		},
	
	
]