{
    "code": "aa-bladehead",
    "creativeinventory": { "general": ["*"], "items": ["*"], "ancientarmory": ["*"] },
    "variantgroups": [
        { "code": "type", "states": ["gladius", "arming", "claymore", "sabre"] },
        { "code": "metal", "states": ["tinbronze", "bismuthbronze", "blackbronze", "iron", "meteoriciron", "steel"] }
    ],
    "allowedVariants": [
        "*-arming-iron",
        "*-arming-meteoriciron",
        "*-arming-steel",
        "*-claymore-iron",
        "*-claymore-meteoriciron",
        "*-claymore-steel",
        "*-sabre-iron",
        "*-sabre-meteoriciron",
        "*-sabre-steel",
        "*-gladius-*"
        ],
    "attributes": {
        "handbook": { "groupBy": ["aa-bladehead-{type}-*"] },
        "groundStorageTransformByType": {
            "*-gladius-*": { "translation": { "x": 0, "y": 0.33, "z": 0.07 }, "rotation": { "x": 24, "y": 90, "z": -87 }, "scale": 0.63 },
            "*-arming-*": { "translation": { "x": 0, "y": 0.60, "z": 0.08 }, "rotation": { "x": 24, "y": 90, "z": -87 }, "scale": 0.55 },
            "*-claymore-*": { "translation": { "x": 0, "y": 0.97, "z": 0.09 }, "rotation": { "x": 24, "y": 90, "z": -87 }, "scale": 0.55 },
            "*-sabre-*": { "translation": { "x": 0.1, "y": 0.63, "z": 0.15 }, "rotation": { "x": 24, "y": 61, "z": -87 }, "scale": 0.52 }
        }
    },
    "behaviors": [
        {
            "name": "GroundStorable",
            "properties": {
                "layout": "WallHalves",
                "wallOffYByType": {
                    "*-claymore-*": 2,
                    "*-arming-*": 2,
                    "*": 1
                },
                "sprintKey": true,
                "selectionBox": { "x1": 0, "y1": 0, "z1": 0, "x2": 1, "y2": 0.1, "z2": 1 },
                "collisionBox": { "x1": 0, "y1": 0, "z1": 0, "x2": 0, "y2": 0, "z2": 0 }
            }
        }
    ],
    "shape": { "base": "game:item/tool/blade/{type}" },
    "textures": {
        "blackbronze": { "base": "game:block/metal/ingot/{metal}" },
        "handle": { "base": "game:block/transparent" },
        "rubble": { "base": "game:block/transparent" }
    },
    "heldTpUseAnimation": "interactstatic",
    "maxstacksize": 4,
    "guiTransformByType": {
        "*-claymore-*": {
            "translation": { "x": 0, "y": 0, "z": 0 },
            "rotation": { "x": -87, "y": 119, "z": 30 },
            "origin": { "x": 1.15, "y": -0.1, "z": 0.57 },
            "scale": 1.95
        },
        "*-sabre-*": {
            "translation": { "x": 0, "y": 0, "z": 0 },
            "rotation": { "x": -37, "y": 124, "z": -7 },
            "origin": { "x": 0.85, "y": -0.1, "z": 0.57 },
            "scale": 2.06
        },
        "*": {
            "translation": { "x": 0, "y": 0, "z": 0 },
            "rotation": { "x": -53, "y": 118, "z": 8 },
            "origin": { "x": 1.15, "y": 0.2, "z": 0.57 },
            "scale": 1.76
        }
    },
    "fpHandTransformByType": {
        "*-arming-*": {
            "translation": { "x": -0.2, "y": -0.3, "z": 0 },
            "rotation": { "x": -18, "y": 15, "z": 90 },
            "scale": 1.8
        },
        "*-sabre-*": {
            "translation": { "x": -0.2, "y": -0.3, "z": 0 },
            "rotation": { "x": -35, "y": -3, "z": 85 },
            "scale": 1.6
        },
        "*-claymore-*": {
            "translation": { "x": -0.2, "y": -0.4, "z": 0 },
            "rotation": { "x": -25, "y": 5, "z": 85 },
            "scale": 2
        },
        "*": {
            "translation": { "x": -0.2, "y": -0.3, "z": 0 },
            "rotation": { "x": -18, "y": 15, "z": 90 },
            "scale": 1.9
        }
    },
    "groundTransformByType": {
        "*-claymore-*": {
            "translation": { "x": 0, "y": 0.05, "z": 0 },
            "rotation": { "x": 14, "y": 0, "z": 0 },
            "origin": { "x": 0.5, "y": 0, "z": 0.5 },
            "scale": 2.8
        },
        "*-sabre-*": {
            "translation": { "x": 0, "y": 0.05, "z": 0 },
            "rotation": { "x": 14, "y": 0, "z": 0 },
            "origin": { "x": 0.5, "y": 0, "z": 0.5 },
            "scale": 2.5
        },
        "*-arming-*": {
            "translation": { "x": 0, "y": 0.05, "z": 0 },
            "rotation": { "x": 14, "y": 0, "z": 0 },
            "origin": { "x": 0.5, "y": 0, "z": 0.5 },
            "scale": 2.5
        },
        "*": {
            "translation": { "x": 0, "y": 0.04, "z": 0 },
            "rotation": { "x": 0, "y": 0, "z": 0 },
            "origin": { "x": 0.5, "y": 0, "z": 0.5 },
            "scale": 2.5
        }
    },
    "tpHandTransformByType": {
        "*-claymore-*": {
            "translation": { "x": -0.65, "y": 0.05, "z": -0.78 },
            "rotation": { "x": 39, "y": 12, "z": -15 },
            "origin": { "x": 0.46, "y": -0.11, "z": 0.43 },
            "scale": 0.57
        },
        "*-arming-*": {
            "translation": { "x": -1, "y": 0.055, "z": -0.78 },
            "rotation": { "x": 85, "y": 0, "z": 2 },
            "origin": { "x": 0.43, "y": -0.1, "z": 0.39 },
            "scale": 0.52
        },
        "*-sabre-*": {
            "translation": { "x": -0.65, "y": 0.055, "z": -0.78 },
            "rotation": { "x": 85, "y": 0, "z": 2 },
            "origin": { "x": 0.315, "y": -0.05, "z": 0.37 },
            "scale": 0.50
        },
        "*": {
            "translation": { "x": -0.40, "y": 0.055, "z": -0.78 },
            "rotation": { "x": 85, "y": 0, "z": 2 },
            "origin": { "x": 0.5, "y": 0, "z": 0.5 },
            "scale": 0.63
        }
    }
}
