{
    "code": "aa-bladehead",
    "creativeinventory": { "general": ["*"], "items": ["*"], "ancientarmory": ["*"] },
    "variantgroups": [
        { "code": "type", "states": ["longsword"] },
        { "code": "metal", "states": ["iron", "meteoriciron", "steel"] }
    ],
    "allowedVariants": [
        "*-longsword-iron",
        "*-longsword-meteoriciron",
        "*-longsword-steel"
        ],
    "attributes": {
        "handbook": { "groupBy": ["aa-bladehead-{type}-*"] },
        "groundStorageTransformByType": {
            "*-longsword-*": { "translation": { "x": 0, "y": 0.85, "z": 0.08 }, "rotation": { "x": 24, "y": 90, "z": -87 }, "scale": 0.59 }
        }
    },
    "behaviors": [
        {
            "name": "GroundStorable",
            "properties": {
                "layout": "WallHalves",
                "wallOffYByType": {
                    "*-longsword-*": 2
                },
                "sprintKey": true,
                "selectionBox": { "x1": 0, "y1": 0, "z1": 0, "x2": 1, "y2": 0.1, "z2": 1 },
                "collisionBox": { "x1": 0, "y1": 0, "z1": 0, "x2": 0, "y2": 0, "z2": 0 }
            }
        }
    ],
    "shape": { "base": "shapes/{type}" },
    "textures": {
        "metal": { "base": "game:block/metal/ingot/{metal}" },
        "handle": { "base": "game:block/transparent" }
    },
    "heldTpUseAnimation": "interactstatic",
    "maxstacksize": 4,
    "guiTransformByType": {
        "*-longsword-*": {
            "translation": { "x": 0, "y": 0, "z": 0 },
            "rotation": { "x": -87, "y": 119, "z": 30 },
            "origin": { "x": 1.15, "y": -0.1, "z": 0.57 },
            "scale": 1.95
        }
    },
    "fpHandTransformByType": {
        "*-longsword-*": {
            "translation": { "x": -0.2, "y": -0.6, "z": 0 },
            "rotation": { "x": -18, "y": 15, "z": 90 },
            "scale": 1.95
        }
    },
    "groundTransformByType": {
        "*-longsword-*": {
            "translation": { "x": 0, "y": 0.05, "z": 0 },
            "rotation": { "x": 14, "y": 0, "z": 0 },
            "origin": { "x": 0.5, "y": 0, "z": 0.5 },
            "scale": 2.8
        }
    },
    "tpHandTransformByType": {
        "*-longsword-*": {
            "translation": { "x": -0.68, "y": 0.055, "z": -0.77 },
            "rotation": { "x": 85, "y": 0, "z": 2 },
            "origin": { "x": 0.44, "y": -0.05, "z": 0.41 },
            "scale": 0.57
        }
    }
}
