[
  {
    "file": "game:entities/humanoid/player",
    "op": "add",
    "path": "/client/animations/-",
    "value": {
      "code": "zweiswing",
      "animation": "zweiswing",
      "animationSpeed": 1.5,
      "attributes": {
		"damageAtFrame": 24,
        "authorative": true
    },
      "blendMode": "Add",
      "elementWeight": {"UpperArmR": 16, "LowerArmR": 16, "UpperArmL": 16, "LowerArmL": 16, "ItemAnchor": 16},
      "elementBlendMode": {
        "UpperArmR": "AddAverage",
        "LowerArmR": "AddAverage",
        "UpperArmL": "AddAverage",
        "LowerArmL": "AddAverage",
        "ItemAnchor": "AddAverage"
      }
    }
  },
  {
    "file": "game:shapes/entity/humanoid/seraph-faceless",
    "op": "add",
    "path": "/animations/-",
    "value": {
      "name": "ZweiSwing",
			"code": "zweiswing",
			"quantityframes": 55,
			"onActivityStopped": "PlayTillEnd",
			"onAnimationEnd": "EaseOut",
			"keyframes": 
			[
				{
					"frame": 16,
					"elements": {
						"LowerTorso": { "offsetX": 0.3, "offsetY": 0.0, "offsetZ": -0.3, "rotationX": -3.0, "rotationY": -30.0, "rotationZ": -1.0 },
						"UpperTorso": { "offsetX": 0.0, "offsetY": 0.0, "offsetZ": 0.0, "rotationX": 1.0, "rotationY": -15.0, "rotationZ": 2.0 },
						"UpperArmR": { "offsetX": 0.0, "offsetY": 0.5, "offsetZ": 0.0, "rotationX": -18.0, "rotationY": -20.0, "rotationZ": -66.0 },
						"LowerArmR": { "offsetX": 0.0, "offsetY": 1.5, "offsetZ": 0.0, "rotationX": -23.0, "rotationY": 0.0, "rotationZ": -105.0 },
						"ItemAnchor": { "offsetX": 0.0, "offsetY": 0.0, "offsetZ": 0.0, "rotationX": 0.0, "rotationY": 0.0, "rotationZ": 29.0 },
						"UpperArmL": { "offsetX": 0.0, "offsetY": 0.0, "offsetZ": 0.0, "rotationX": 36.0, "rotationY": -14.0, "rotationZ": -66.0 },
						"LowerArmL": { "offsetX": 0.0, "offsetY": 1.0, "offsetZ": 0.0, "rotationX": 0.0, "rotationY": -25.0, "rotationZ": -16.0 },
						"Neck": { "offsetX": 0.0, "offsetY": 0.0, "offsetZ": 0.0, "rotationX": 1.0, "rotationY": 3.0, "rotationZ": -2.0 },
						"Head": { "offsetX": 0.0, "offsetY": 0.0, "offsetZ": 0.0, "rotationX": 1.0, "rotationY": 25.0, "rotationZ": 6.0 },
						"UpperFootL": { "offsetX": 0.0, "offsetY": 0.0, "offsetZ": 0.0, "rotationX": 0.0, "rotationY": 19.0, "rotationZ": -15.0 },
						"LowerFootL": { "offsetX": 0.0, "offsetY": 0.0, "offsetZ": 0.0, "rotationX": 0.0, "rotationY": 0.0, "rotationZ": 25.0 },
						"UpperFootR": { "offsetX": 0.0, "offsetY": 0.0, "offsetZ": 0.0, "rotationX": 0.0, "rotationY": -8.0, "rotationZ": -20.0 },
						"LowerFootR": { "offsetX": 0.0, "offsetY": 0.0, "offsetZ": 0.0, "rotationX": 0.0, "rotationY": 0.0, "rotationZ": 15.0 }
					}
				},
				{
					"frame": 23,
					"elements": {
						"LowerTorso": { "offsetX": 0.3, "offsetY": 0.0, "offsetZ": -0.3, "rotationX": -3.0, "rotationY": 15.0, "rotationZ": -1.0 },
						"UpperTorso": { "offsetX": 0.0, "offsetY": 0.0, "offsetZ": 0.0, "rotationX": 1.0, "rotationY": 30.0, "rotationZ": 2.0 },
						"UpperArmR": { "offsetX": 0.0, "offsetY": 0.5, "offsetZ": 0.0, "rotationX": -81.0, "rotationY": -42.0, "rotationZ": -64.0 },
						"LowerArmR": { "offsetX": 0.0, "offsetY": 1.5, "offsetZ": 0.0, "rotationX": -10.0, "rotationY": 0.0, "rotationZ": -14.0 },
						"ItemAnchor": { "offsetX": -2.0, "offsetY": 0.0, "offsetZ": 0.0, "rotationX": 20.0, "rotationY": 60.0, "rotationZ": 44.0 },
						"UpperArmL": { "offsetX": 0.0, "offsetY": 0.0, "offsetZ": 0.0, "rotationX": -25.0, "rotationY": -22.0, "rotationZ": -26.0 },
						"LowerArmL": { "offsetX": 0.0, "offsetY": 1.0, "offsetZ": 0.0, "rotationX": 0.0, "rotationY": -25.0, "rotationZ": -65.0 },
						"Neck": { "offsetX": 0.0, "offsetY": 0.0, "offsetZ": 0.0, "rotationX": -1.0, "rotationY": -3.0, "rotationZ": -2.0 },
						"Head": { "offsetX": 0.0, "offsetY": 0.0, "offsetZ": 0.0, "rotationX": 1.0, "rotationY": -5.0, "rotationZ": 10.0 },
						"UpperFootL": { "offsetX": 0.0, "offsetY": 0.0, "offsetZ": 0.0, "rotationX": 0.0, "rotationY": 0.0, "rotationZ": -13.0 },
						"LowerFootL": { "offsetX": 0.0, "offsetY": 0.0, "offsetZ": 0.0, "rotationX": 0.0, "rotationY": 0.0, "rotationZ": 10.0 },
						"UpperFootR": { "offsetX": 0.0, "offsetY": -0.5, "offsetZ": 0.0, "rotationX": 2.0, "rotationY": 5.0, "rotationZ": -19.0 },
						"LowerFootR": { "offsetX": 0.0, "offsetY": 0.5, "offsetZ": 0.0, "rotationX": 0.0, "rotationY": 0.0, "rotationZ": 32.0 }
					}
				}
			]
		}
  }
]