{
	"editor": {
		"allAngles": true,
		"entityTextureMode": false
	},

	"elements": [
		{
			"name": "origin",
			"from": [ 8.0, 0.0, 8.0 ],
			"to": [ 8.0, 0.0, 8.0 ],
			"rotationOrigin": [ 8.0, 0.0, 8.0 ],
			"faces": {
			},
			"children": [
				{
					"name": "base",
					"from": [ -1.0, 0.0, -1.0 ],
					"to": [ 1.0, 7.0, 1.0 ],
					"rotationOrigin": [ 0.0, 0.0, 0.0 ],
					"rotationY": 15.0,
					"rotationZ": 22.5,
					"faces": {
						"north": { "texture": "#normal1", "uv": [ 0.0, 7.0, 7.0, 9.0 ], "rotation": 90 },
						"east": { "texture": "#normal1", "uv": [ 1.5, 7.0, 8.5, 9.0 ], "rotation": 90 },
						"south": { "texture": "#normal1", "uv": [ 3.0, 8.0, 10.0, 10.0 ], "rotation": 90 },
						"west": { "texture": "#normal1", "uv": [ 3.0, 12.0, 10.0, 14.0 ], "rotation": 90 },
						"up": { "texture": "#normal1", "uv": [ 8.5, 0.0, 10.5, 2.0 ] },
						"down": { "texture": "#normal1", "uv": [ 1.5, 2.5, 3.5, 4.5 ] }
					},
					"children": [
						{
							"name": "bar-WE",
							"from": [ -6.0, 0.5, 0.5 ],
							"to": [ -1.0, 1.5, 1.5 ],
							"rotationOrigin": [ 1.0, 1.0, 1.0 ],
							"rotationY": 33.0,
							"rotationZ": -16.0,
							"faces": {
								"north": { "texture": "#normal1", "uv": [ 0.0, 3.0, 5.0, 4.0 ] },
								"south": { "texture": "#normal1", "uv": [ 1.0, 7.5, 6.0, 8.5 ] },
								"west": { "texture": "#normal1", "uv": [ 13.0, 2.5, 14.0, 3.5 ] },
								"up": { "texture": "#normal1", "uv": [ 1.0, 8.0, 6.0, 9.0 ] },
								"down": { "texture": "#normal1", "uv": [ 0.5, 7.0, 5.5, 8.0 ] }
							}
						},
						{
							"name": "bar-NS",
							"from": [ 0.5, 1.0, -6.0 ],
							"to": [ 1.5, 2.0, 4.0 ],
							"rotationOrigin": [ 1.0, 1.5, 1.0 ],
							"rotationY": 36.0,
							"faces": {
								"north": { "texture": "#normal1", "uv": [ 12.5, 6.5, 13.5, 7.5 ] },
								"east": { "texture": "#normal1", "uv": [ 1.5, 8.0, 11.5, 9.0 ] },
								"south": { "texture": "#normal1", "uv": [ 14.5, 11.5, 15.5, 12.5 ] },
								"west": { "texture": "#normal1", "uv": [ 0.0, 9.0, 10.0, 10.0 ] },
								"up": { "texture": "#normal1", "uv": [ 0.5, 8.0, 10.5, 9.0 ], "rotation": 90 },
								"down": { "texture": "#normal1", "uv": [ 1.5, 8.0, 11.5, 9.0 ], "rotation": 90 }
							},
							"children": [
								{
									"name": "chunk4",
									"from": [ 0.0, 0.0, 10.0 ],
									"to": [ 0.5, 0.5, 11.0 ],
									"rotationOrigin": [ 0.0, 0.0, 10.0 ],
									"faces": {
										"east": { "texture": "#normal1", "uv": [ 0.0, 0.0, 1.0, 0.5 ] },
										"south": { "texture": "#normal1", "uv": [ 0.0, 0.0, 0.5, 0.5 ] },
										"west": { "texture": "#normal1", "uv": [ 2.0, 6.0, 3.0, 6.5 ] },
										"up": { "texture": "#normal1", "uv": [ 0.0, 0.0, 0.5, 1.0 ] },
										"down": { "texture": "#normal1", "uv": [ 0.0, 0.0, 0.5, 1.0 ] }
									}
								},
								{
									"name": "chunk5",
									"from": [ 0.5, 0.5, 10.0 ],
									"to": [ 1.0, 1.0, 13.0 ],
									"rotationOrigin": [ 0.5, 0.5, 10.0 ],
									"faces": {
										"east": { "texture": "#normal1", "uv": [ 0.0, 0.0, 3.0, 0.5 ] },
										"south": { "texture": "#normal1", "uv": [ 0.0, 0.0, 0.5, 0.5 ] },
										"west": { "texture": "#normal1", "uv": [ 2.0, 6.0, 5.0, 6.5 ] },
										"up": { "texture": "#normal1", "uv": [ 0.0, 0.0, 0.5, 3.0 ] },
										"down": { "texture": "#normal1", "uv": [ 0.0, 0.0, 0.5, 3.0 ] }
									}
								}
							]
						},
						{
							"name": "mid",
							"from": [ -1.0, 0.5, -1.0 ],
							"to": [ 3.0, 2.5, 3.0 ],
							"rotationOrigin": [ 1.0, 0.5, 1.0 ],
							"faces": {
								"north": { "texture": "#normal1", "uv": [ 4.0, 6.0, 8.0, 8.0 ] },
								"east": { "texture": "#normal1", "uv": [ 3.0, 6.5, 7.0, 8.5 ] },
								"south": { "texture": "#normal1", "uv": [ 8.5, 8.0, 12.5, 10.0 ] },
								"west": { "texture": "#normal1", "uv": [ 6.0, 7.5, 10.0, 9.5 ] },
								"up": { "texture": "#normal1", "uv": [ 5.0, 6.0, 9.0, 10.0 ] },
								"down": { "texture": "#normal1", "uv": [ 3.5, 11.5, 7.5, 15.5 ] }
							}
						},
						{
							"name": "chunk1",
							"from": [ 0.0, 7.0, 0.0 ],
							"to": [ 1.0, 10.0, 1.0 ],
							"rotationOrigin": [ 0.0, 7.0, 0.0 ],
							"faces": {
								"north": { "texture": "#normal1", "uv": [ 0.0, 0.0, 1.0, 3.0 ] },
								"east": { "texture": "#normal1", "uv": [ 0.0, 0.0, 1.0, 3.0 ] },
								"south": { "texture": "#normal1", "uv": [ 0.0, 0.0, 1.0, 3.0 ] },
								"west": { "texture": "#normal1", "uv": [ 0.0, 0.0, 1.0, 3.0 ] },
								"up": { "texture": "#normal1", "uv": [ 0.0, 0.0, 1.0, 1.0 ] }
							}
						},
						{
							"name": "chunk2",
							"from": [ 1.0, 7.0, 1.0 ],
							"to": [ 2.0, 9.0, 2.0 ],
							"rotationOrigin": [ 1.0, 7.0, 1.0 ],
							"faces": {
								"north": { "texture": "#normal1", "uv": [ 0.0, 0.0, 1.0, 2.0 ] },
								"east": { "texture": "#normal1", "uv": [ 0.0, 0.0, 1.0, 2.0 ] },
								"south": { "texture": "#normal1", "uv": [ 0.0, 0.0, 1.0, 2.0 ] },
								"west": { "texture": "#normal1", "uv": [ 0.0, 0.0, 1.0, 2.0 ] },
								"up": { "texture": "#normal1", "uv": [ 0.0, 0.0, 1.0, 1.0 ] }
							}
						},
						{
							"name": "chunk3",
							"from": [ 0.5, 7.0, 1.0 ],
							"to": [ 1.0, 12.0, 1.5 ],
							"rotationOrigin": [ 0.5, 7.0, 1.0 ],
							"faces": {
								"north": { "texture": "#normal1", "uv": [ 0.0, 0.0, 0.5, 5.0 ] },
								"east": { "texture": "#normal1", "uv": [ 0.0, 0.0, 0.5, 5.0 ] },
								"south": { "texture": "#normal1", "uv": [ 0.0, 0.0, 0.5, 5.0 ] },
								"west": { "texture": "#normal1", "uv": [ 0.0, 0.0, 0.5, 5.0 ] },
								"up": { "texture": "#normal1", "uv": [ 0.0, 0.0, 0.5, 0.5 ] }
							}
						},
						{
							"name": "chunk6",
							"from": [ 1.5, 7.0, 0.0 ],
							"to": [ 2.0, 12.0, 0.5 ],
							"rotationOrigin": [ 1.5, 7.0, 0.0 ],
							"rotationZ": -14.0,
							"faces": {
								"north": { "texture": "#normal1", "uv": [ 0.0, 0.0, 0.5, 5.0 ] },
								"east": { "texture": "#normal1", "uv": [ 0.0, 0.0, 0.5, 5.0 ] },
								"south": { "texture": "#normal1", "uv": [ 0.0, 0.0, 0.5, 5.0 ] },
								"west": { "texture": "#normal1", "uv": [ 0.0, 0.0, 0.5, 5.0 ] },
								"up": { "texture": "#normal1", "uv": [ 0.0, 0.0, 0.5, 0.5 ] }
							}
						},
						{
							"name": "chunk7",
							"from": [ 2.2, 1.9, 1.3 ],
							"to": [ 3.2, 5.9, 2.3 ],
							"rotationOrigin": [ 2.2, 1.9, 1.3 ],
							"rotationX": 3.0,
							"rotationY": -14.0,
							"rotationZ": -69.0,
							"faces": {
								"north": { "texture": "#normal1", "uv": [ 0.0, 0.0, 1.0, 4.0 ] },
								"east": { "texture": "#normal1", "uv": [ 0.0, 0.0, 1.0, 4.0 ] },
								"south": { "texture": "#normal1", "uv": [ 0.0, 0.0, 1.0, 4.0 ] },
								"west": { "texture": "#normal1", "uv": [ 0.0, 0.0, 1.0, 4.0 ] },
								"up": { "texture": "#normal1", "uv": [ 0.0, 0.0, 1.0, 1.0 ] }
							},
							"children": [
								{
									"name": "chunk8",
									"from": [ 0.0, 4.0, 0.1 ],
									"to": [ 0.8, 7.0, 0.9 ],
									"rotationOrigin": [ 0.0, 4.0, 0.1 ],
									"rotationX": 0.0,
									"rotationY": 0.0,
									"rotationZ": -66.0,
									"faces": {
										"north": { "texture": "#normal1", "uv": [ 0.0, 0.0, 0.5, 3.0 ] },
										"east": { "texture": "#normal1", "uv": [ 0.0, 0.0, 0.5, 3.0 ] },
										"south": { "texture": "#normal1", "uv": [ 0.0, 0.0, 0.5, 3.0 ] },
										"west": { "texture": "#normal1", "uv": [ 0.0, 0.0, 0.5, 3.0 ] },
										"up": { "texture": "#normal1", "uv": [ 0.0, 0.0, 0.5, 0.5 ] }
									}
								}
							]
						},
						{
							"name": "chunk9",
							"from": [ 7.82, 2.28, 2.85 ],
							"to": [ 8.42, 7.68, 3.55 ],
							"rotationOrigin": [ 7.8203, 2.2769, 2.8488 ],
							"rotationX": 1.551,
							"rotationY": -4.114,
							"rotationZ": -176.809,
							"faces": {
								"north": { "texture": "#normal1", "uv": [ 0.0, 0.0, 0.5, 5.0 ] },
								"east": { "texture": "#normal1", "uv": [ 0.0, 0.0, 0.5, 5.0 ] },
								"south": { "texture": "#normal1", "uv": [ 0.0, 0.0, 0.5, 5.0 ] },
								"west": { "texture": "#normal1", "uv": [ 0.0, 0.0, 0.5, 5.0 ] },
								"up": { "texture": "#normal1", "uv": [ 0.0, 0.0, 0.5, 0.5 ] }
							}
						}
					]
				}
			]
		},
		{
			"name": "base ",
			"from": [ 2.8, 8.3, 8.1 ],
			"to": [ 3.8, 14.3, 9.3 ],
			"rotationOrigin": [ 4.3, 11.3, 8.6 ],
			"rotationX": -177.0,
			"rotationY": 33.0,
			"rotationZ": -17.0,
			"faces": {
				"north": { "texture": "#normal3", "uv": [ 0.0, 0.0, 1.0, 6.0 ] },
				"east": { "texture": "#normal3", "uv": [ 0.0, 0.0, 1.0, 6.0 ] },
				"south": { "texture": "#normal3", "uv": [ 9.0, 9.0, 10.0, 15.0 ] },
				"west": { "texture": "#normal3", "uv": [ 0.0, 0.0, 1.0, 6.0 ] },
				"up": { "texture": "#normal3", "uv": [ 7.0, 6.0, 8.0, 7.0 ] },
				"down": { "texture": "#normal3", "uv": [ 5.0, 5.0, 6.0, 6.0 ] }
			},
			"children": [
				{
					"name": "vertical",
					"from": [ 2.0, 0.0, 0.0 ],
					"to": [ 3.0, 6.0, 1.2 ],
					"faces": {
						"north": { "texture": "#normal3", "uv": [ 6.0, 5.0, 7.0, 11.0 ] },
						"east": { "texture": "#normal3", "uv": [ 5.0, 6.0, 6.0, 12.0 ] },
						"south": { "texture": "#normal3", "uv": [ 13.0, 10.0, 14.0, 16.0 ] },
						"west": { "texture": "#normal3", "uv": [ 0.0, 0.0, 1.0, 6.0 ] },
						"up": { "texture": "#normal3", "uv": [ 3.0, 4.0, 4.0, 5.0 ] },
						"down": { "texture": "#normal3", "uv": [ 0.0, 0.0, 1.0, 1.0 ] }
					},
					"children": [
						{
							"name": "Cube1",
							"from": [ 0.5, 3.5, -0.1 ],
							"to": [ 0.7, 3.7, 1.9 ],
							"rotationOrigin": [ 0.6, 2.5, 0.0 ],
							"faces": {
								"north": { "texture": "#normal3", "uv": [ 0.0, 0.0, 0.0, 0.0 ] },
								"east": { "texture": "#normal3", "uv": [ 0.0, 0.0, 2.0, 0.0 ] },
								"south": { "texture": "#normal3", "uv": [ 0.0, 0.0, 0.0, 0.0 ] },
								"west": { "texture": "#normal3", "uv": [ 0.0, 0.0, 2.0, 0.0 ] },
								"up": { "texture": "#normal3", "uv": [ 0.0, 0.0, 0.0, 2.0 ] },
								"down": { "texture": "#normal3", "uv": [ 0.0, 0.0, 0.0, 2.0 ] }
							}
						},
						{
							"name": "Cube10",
							"from": [ -1.5, 2.4, -0.3 ],
							"to": [ -1.3, 2.6, 1.7 ],
							"rotationOrigin": [ 0.6, 2.5, 0.0 ],
							"faces": {
								"north": { "texture": "#normal3", "uv": [ 0.0, 0.0, 0.0, 0.0 ] },
								"east": { "texture": "#normal3", "uv": [ 0.0, 0.0, 2.0, 0.0 ] },
								"south": { "texture": "#normal3", "uv": [ 0.0, 0.0, 0.0, 0.0 ] },
								"west": { "texture": "#normal3", "uv": [ 0.0, 0.0, 2.0, 0.0 ] },
								"up": { "texture": "#normal3", "uv": [ 0.0, 0.0, 0.0, 2.0 ] },
								"down": { "texture": "#normal3", "uv": [ 0.0, 0.0, 0.0, 2.0 ] }
							}
						},
						{
							"name": "Cube11",
							"from": [ -1.0, 4.0, 0.4 ],
							"to": [ -0.8, 4.2, 2.4 ],
							"rotationOrigin": [ 0.6, 2.5, 0.0 ],
							"faces": {
								"north": { "texture": "#normal3", "uv": [ 0.0, 0.0, 0.0, 0.0 ] },
								"east": { "texture": "#normal3", "uv": [ 0.0, 0.0, 2.0, 0.0 ] },
								"south": { "texture": "#normal3", "uv": [ 0.0, 0.0, 0.0, 0.0 ] },
								"west": { "texture": "#normal3", "uv": [ 0.0, 0.0, 2.0, 0.0 ] },
								"up": { "texture": "#normal3", "uv": [ 0.0, 0.0, 0.0, 2.0 ] },
								"down": { "texture": "#normal3", "uv": [ 0.0, 0.0, 0.0, 2.0 ] }
							}
						},
						{
							"name": "Cube12",
							"from": [ -0.2, 2.0, -0.5 ],
							"to": [ 0.0, 2.2, 1.5 ],
							"rotationOrigin": [ 0.6, 2.5, 0.0 ],
							"faces": {
								"north": { "texture": "#normal3", "uv": [ 0.0, 0.0, 0.0, 0.0 ] },
								"east": { "texture": "#normal3", "uv": [ 0.0, 0.0, 2.0, 0.0 ] },
								"south": { "texture": "#normal3", "uv": [ 0.0, 0.0, 0.0, 0.0 ] },
								"west": { "texture": "#normal3", "uv": [ 0.0, 0.0, 2.0, 0.0 ] },
								"up": { "texture": "#normal3", "uv": [ 0.0, 0.0, 0.0, 2.0 ] },
								"down": { "texture": "#normal3", "uv": [ 0.0, 0.0, 0.0, 2.0 ] }
							}
						}
					]
				},
				{
					"name": "horizontal 1",
					"from": [ -1.5, 3.5, -0.1 ],
					"to": [ 4.5, 4.5, 1.3 ],
					"faces": {
						"north": { "texture": "#normal3", "uv": [ 0.0, 1.0, 6.0, 2.0 ] },
						"east": { "texture": "#normal3", "uv": [ 4.0, 0.0, 5.0, 1.0 ] },
						"south": { "texture": "#normal3", "uv": [ 3.0, 7.0, 9.0, 8.0 ] },
						"west": { "texture": "#normal3", "uv": [ 6.0, 7.0, 7.0, 8.0 ] },
						"up": { "texture": "#normal3", "uv": [ 0.0, 1.0, 6.0, 2.0 ] },
						"down": { "texture": "#normal3", "uv": [ 0.0, 0.0, 6.0, 1.0 ] }
					}
				},
				{
					"name": "horizontal 2",
					"from": [ -1.5, 1.5, -0.1 ],
					"to": [ 4.5, 2.5, 1.3 ],
					"faces": {
						"north": { "texture": "#normal3", "uv": [ 0.0, 0.0, 6.0, 1.0 ] },
						"east": { "texture": "#normal3", "uv": [ 2.0, 11.0, 3.0, 12.0 ] },
						"south": { "texture": "#normal3", "uv": [ 9.0, 6.0, 15.0, 7.0 ] },
						"west": { "texture": "#normal3", "uv": [ 13.0, 12.0, 14.0, 13.0 ] },
						"up": { "texture": "#normal3", "uv": [ 0.0, 0.0, 6.0, 1.0 ] },
						"down": { "texture": "#normal3", "uv": [ 0.0, 0.0, 6.0, 1.0 ] }
					}
				},
				{
					"name": "secondary vertical 1",
					"from": [ -1.0, 0.5, 0.1 ],
					"to": [ 0.0, 5.5, 1.1 ],
					"faces": {
						"north": { "texture": "#normal3", "uv": [ 0.0, 0.0, 1.0, 5.0 ] },
						"east": { "texture": "#normal3", "uv": [ 0.0, 0.0, 1.0, 5.0 ] },
						"south": { "texture": "#normal3", "uv": [ 3.0, 3.0, 4.0, 8.0 ] },
						"west": { "texture": "#normal3", "uv": [ 0.0, 0.0, 1.0, 5.0 ] },
						"up": { "texture": "#normal3", "uv": [ 11.0, 4.0, 12.0, 5.0 ] },
						"down": { "texture": "#normal3", "uv": [ 3.0, 9.0, 4.0, 10.0 ] }
					}
				},
				{
					"name": "secondary vertical 2",
					"from": [ 3.0, 0.5, 0.1 ],
					"to": [ 4.0, 5.5, 1.1 ],
					"faces": {
						"north": { "texture": "#normal3", "uv": [ 0.0, 0.0, 1.0, 5.0 ] },
						"east": { "texture": "#normal3", "uv": [ 0.0, 0.0, 1.0, 5.0 ] },
						"south": { "texture": "#normal3", "uv": [ 6.0, 1.0, 7.0, 6.0 ] },
						"west": { "texture": "#normal3", "uv": [ 5.0, 6.0, 6.0, 11.0 ] },
						"up": { "texture": "#normal3", "uv": [ 5.0, 3.0, 6.0, 4.0 ] },
						"down": { "texture": "#normal3", "uv": [ 1.0, 10.0, 2.0, 11.0 ] }
					}
				},
				{
					"name": "cube up",
					"from": [ 1.0, 4.5, 0.1 ],
					"to": [ 2.0, 5.5, 1.1 ],
					"faces": {
						"north": { "texture": "#normal3", "uv": [ 5.0, 13.0, 6.0, 14.0 ] },
						"east": { "texture": "#normal3", "uv": [ 4.0, 6.0, 5.0, 7.0 ] },
						"south": { "texture": "#normal3", "uv": [ 8.0, 6.0, 9.0, 7.0 ] },
						"west": { "texture": "#normal3", "uv": [ 4.0, 11.0, 5.0, 12.0 ] },
						"up": { "texture": "#normal3", "uv": [ 3.0, 4.0, 4.0, 5.0 ] },
						"down": { "texture": "#normal3", "uv": [ 0.0, 0.0, 1.0, 1.0 ] }
					}
				},
				{
					"name": "Cube16",
					"from": [ 1.0, 0.5, 0.1 ],
					"to": [ 2.0, 1.5, 1.1 ],
					"faces": {
						"north": { "texture": "#normal3", "uv": [ 0.0, 0.0, 1.0, 1.0 ] },
						"east": { "texture": "#normal3", "uv": [ 0.0, 0.0, 1.0, 1.0 ] },
						"south": { "texture": "#normal3", "uv": [ 13.0, 15.0, 14.0, 16.0 ] },
						"west": { "texture": "#normal3", "uv": [ 0.0, 0.0, 1.0, 1.0 ] },
						"up": { "texture": "#normal3", "uv": [ 2.0, 3.0, 3.0, 4.0 ] },
						"down": { "texture": "#normal3", "uv": [ 2.0, 1.0, 3.0, 2.0 ] }
					}
				}
			]
		}
	]}