{
	"editor": {
		"allAngles": true,
		"entityTextureMode": false
	},
	"textureWidth": 16,
	"textureHeight": 16,
	"textureSizes": {
	},
	"textures": {
		"stone": "game:block/stone/polishedrock-old/inside/granite",
		"tabernakel": "block/metal/tabernakel",
		"brass": "game:block/metal/plate/brass"
	},
	"elements": [
		{
			"name": "origin",
			"from": [ 1.0, 0.0, 1.0 ],
			"to": [ 1.0, 0.0, 1.0 ],
			"rotationOrigin": [ 1.0, 0.0, 1.0 ],
			"faces": {
			},
			"children": [
				{
					"name": "base",
					"from": [ 0.0, 0.0, 0.0 ],
					"to": [ 14.0, 2.0, 14.0 ],
					"faces": {
						"north": { "texture": "#stone", "uv": [ 0.0, 5.0, 14.0, 7.0 ], "windMode": [-1,-1,-1,-1] },
						"east": { "texture": "#stone", "uv": [ 1.0, 7.0, 15.0, 9.0 ], "windMode": [-1,-1,-1,-1] },
						"south": { "texture": "#stone", "uv": [ 1.5, 7.5, 15.5, 9.5 ], "windMode": [-1,-1,-1,-1] },
						"west": { "texture": "#stone", "uv": [ 1.0, 6.5, 15.0, 8.5 ], "windMode": [-1,-1,-1,-1] },
						"up": { "texture": "#tabernakel", "uv": [ 8.0, 8.0, 16.0, 16.0 ], "rotation": 90, "autoUv": false, "windMode": [-1,-1,-1,-1] },
						"down": { "texture": "#stone", "uv": [ 0.0, 0.0, 16.0, 16.0 ], "rotation": 90, "autoUv": false, "windMode": [-1,-1,-1,-1] }
					},
					"children": [
						{
							"name": "LSide",
							"from": [ -1.0, 1.0, -1.0 ],
							"to": [ 0.0, 15.0, 15.0 ],
							"rotationOrigin": [ -1.0, 1.0, -1.0 ],
							"faces": {
								"north": { "texture": "#stone", "uv": [ 0.0, 0.0, 1.0, 14.0 ] },
								"east": { "texture": "#tabernakel", "uv": [ 8.0, 8.0, 16.0, 16.0 ], "rotation": 90, "autoUv": false },
								"south": { "texture": "#stone", "uv": [ 0.0, 0.0, 1.0, 14.0 ] },
								"west": { "texture": "#stone", "uv": [ 0.0, 0.0, 16.0, 14.0 ] },
								"up": { "texture": "#stone", "uv": [ 0.0, 0.0, 16.0, 1.0 ], "rotation": 90 },
								"down": { "texture": "#stone", "uv": [ 0.0, 0.0, 16.0, 1.0 ], "rotation": 90 }
							}
						},
						{
							"name": "RSide",
							"from": [ 14.0, 1.0, -1.0 ],
							"to": [ 15.0, 15.0, 15.0 ],
							"rotationOrigin": [ -3.0, 1.0, -1.0 ],
							"faces": {
								"north": { "texture": "#stone", "uv": [ 0.0, 0.0, 1.0, 14.0 ], "windMode": [-1,-1,-1,-1] },
								"east": { "texture": "#stone", "uv": [ 0.0, 0.0, 16.0, 14.0 ], "windMode": [-1,-1,-1,-1] },
								"south": { "texture": "#stone", "uv": [ 0.0, 0.0, 1.0, 14.0 ], "windMode": [-1,-1,-1,-1] },
								"west": { "texture": "#tabernakel", "uv": [ 8.0, 8.0, 16.0, 16.0 ], "rotation": 90, "autoUv": false, "windMode": [-1,-1,-1,-1] },
								"up": { "texture": "#stone", "uv": [ 0.0, 0.0, 16.0, 1.0 ], "rotation": 90, "windMode": [-1,-1,-1,-1] },
								"down": { "texture": "#stone", "uv": [ 0.0, 0.0, 16.0, 1.0 ], "rotation": 90, "windMode": [-1,-1,-1,-1] }
							}
						},
						{
							"name": "BSide",
							"from": [ 0.0, 1.0, -1.0 ],
							"to": [ 14.0, 15.0, 0.0 ],
							"rotationOrigin": [ 0.0, 1.0, -1.0 ],
							"faces": {
								"north": { "texture": "#stone", "uv": [ 0.0, 0.0, 14.0, 14.0 ], "windMode": [-1,-1,-1,-1] },
								"south": { "texture": "#tabernakel", "uv": [ 8.0, 8.0, 16.0, 16.0 ], "rotation": 90, "autoUv": false, "windMode": [-1,-1,-1,-1] },
								"up": { "texture": "#stone", "uv": [ 0.0, 0.0, 14.0, 1.0 ], "windMode": [-1,-1,-1,-1] },
								"down": { "texture": "#stone", "uv": [ 0.0, 0.0, 14.0, 1.0 ], "windMode": [-1,-1,-1,-1] }
							}
						},
						{
							"name": "FSideL",
							"from": [ 0.0, 1.0, 14.0 ],
							"to": [ 2.0, 15.0, 15.0 ],
							"rotationOrigin": [ 0.0, 1.0, 14.0 ],
							"faces": {
								"north": { "texture": "#stone", "uv": [ 0.0, 0.0, 2.0, 14.0 ] },
								"east": { "texture": "#stone", "uv": [ 0.0, 0.0, 1.0, 14.0 ], "windMode": [-1,-1,-1,-1] },
								"south": { "texture": "#stone", "uv": [ 0.0, 0.0, 2.0, 14.0 ] },
								"up": { "texture": "#stone", "uv": [ 0.0, 0.0, 1.0, 2.0 ], "rotation": 90 },
								"down": { "texture": "#stone", "uv": [ 0.0, 0.0, 1.0, 2.0 ], "rotation": 90 }
							}
						},
						{
							"name": "FSideR",
							"from": [ 12.0, 1.0, 14.0 ],
							"to": [ 14.0, 15.0, 15.0 ],
							"rotationOrigin": [ 12.0, 1.0, 14.0 ],
							"faces": {
								"north": { "texture": "#stone", "uv": [ 0.0, 0.0, 2.0, 14.0 ] },
								"south": { "texture": "#stone", "uv": [ 0.0, 0.0, 2.0, 14.0 ] },
								"west": { "texture": "#stone", "uv": [ 0.0, 0.0, 1.0, 14.0 ], "windMode": [-1,-1,-1,-1] },
								"up": { "texture": "#stone", "uv": [ 0.0, 0.0, 1.0, 2.0 ], "rotation": 90 },
								"down": { "texture": "#stone", "uv": [ 0.0, 0.0, 1.0, 2.0 ], "rotation": 90 }
							}
						},
						{
							"name": "FSideB",
							"from": [ 2.0, 1.0, 14.0 ],
							"to": [ 12.0, 2.0, 15.0 ],
							"rotationOrigin": [ 2.0, 1.0, 14.0 ],
							"faces": {
								"north": { "texture": "#stone", "uv": [ 0.0, 0.0, 10.0, 1.0 ] },
								"south": { "texture": "#stone", "uv": [ 0.0, 0.0, 10.0, 1.0 ] },
								"up": { "texture": "#stone", "uv": [ 0.0, 0.0, 10.0, 1.0 ] },
								"down": { "texture": "#stone", "uv": [ 0.0, 0.0, 10.0, 1.0 ] }
							}
						},
						{
							"name": "FSideT",
							"from": [ 2.0, 14.0, 14.0 ],
							"to": [ 12.0, 15.0, 15.0 ],
							"rotationOrigin": [ 2.0, 14.0, 14.0 ],
							"faces": {
								"north": { "texture": "#stone", "uv": [ 0.0, 0.0, 10.0, 1.0 ] },
								"south": { "texture": "#stone", "uv": [ 0.0, 0.0, 10.0, 1.0 ] },
								"up": { "texture": "#stone", "uv": [ 0.0, 0.0, 10.0, 1.0 ] },
								"down": { "texture": "#stone", "uv": [ 0.0, 0.0, 10.0, 1.0 ] }
							}
						}
					]
				},
				{
					"name": "basetop",
					"from": [ 0.0, 14.0, 0.0 ],
					"to": [ 14.0, 16.0, 14.0 ],
					"rotationOrigin": [ 0.0, 14.0, 0.0 ],
					"faces": {
						"north": { "texture": "#tabernakel", "uv": [ 8.0, 0.0, 16.0, 1.0 ], "autoUv": false, "windMode": [-1,-1,-1,-1], "windData": [0,1,1,0] },
						"east": { "texture": "#tabernakel", "uv": [ 8.0, 0.0, 16.0, 1.0 ], "autoUv": false },
						"south": { "texture": "#tabernakel", "uv": [ 8.0, 0.0, 16.0, 1.0 ], "autoUv": false },
						"west": { "texture": "#tabernakel", "uv": [ 8.0, 0.0, 16.0, 1.0 ], "autoUv": false },
						"up": { "texture": "#tabernakel", "uv": [ 8.0, 0.0, 16.0, 8.0 ], "autoUv": false },
						"down": { "texture": "#tabernakel", "uv": [ 8.0, 0.0, 16.0, 8.0 ], "autoUv": false }
					},
					"children": [
						{
							"name": "doorL",
							"from": [ 2.0, -12.0, 14.2 ],
							"to": [ 7.0, 0.0, 14.8 ],
							"rotationOrigin": [ 2.0, -12.0, 14.8 ],
							"faces": {
								"north": { "texture": "#tabernakel", "uv": [ 2.5, 0.0, 5.0, 6.0 ], "autoUv": false },
								"east": { "texture": "#tabernakel", "uv": [ 2.25, 0.0, 2.75, 6.0 ], "autoUv": false },
								"south": { "texture": "#tabernakel", "uv": [ 0.0, 0.0, 2.5, 6.0 ], "autoUv": false, "windMode": [-1,-1,-1,-1] },
								"up": { "texture": "#tabernakel", "uv": [ 0.0, 0.0, 2.5, 0.5 ], "autoUv": false },
								"down": { "texture": "#tabernakel", "uv": [ 0.0, 5.5, 2.5, 6.0 ], "autoUv": false }
							},
							"children": [
								{
									"name": "grip",
									"from": [ 5.25, 5.1, 0.6 ],
									"to": [ 6.35, 6.2, 1.0 ],
									"rotationOrigin": [ 5.25, 5.1, 0.6 ],
									"rotationZ": 45.0,
									"faces": {
										"north": { "texture": "#brass", "uv": [ 10.0, 2.0, 11.0, 3.0 ] },
										"east": { "texture": "#brass", "uv": [ 13.0, 4.5, 13.5, 5.5 ] },
										"south": { "texture": "#brass", "uv": [ 11.0, 2.0, 12.0, 3.0 ] },
										"west": { "texture": "#brass", "uv": [ 8.5, 5.5, 9.0, 6.5 ] },
										"up": { "texture": "#brass", "uv": [ 11.0, 15.0, 12.0, 15.5 ] },
										"down": { "texture": "#brass", "uv": [ 3.5, 9.0, 4.5, 9.5 ] }
									}
								}
							]
						},
						{
							"name": "doorR",
							"from": [ 12.0, -12.0, 14.8 ],
							"to": [ 17.0, 0.0, 15.4 ],
							"rotationOrigin": [ 12.0, -12.0, 14.8 ],
							"rotationY": 180.0,
							"faces": {
								"north": { "texture": "#tabernakel", "uv": [ 2.25, 0.0, 4.75, 6.0 ], "autoUv": false },
								"east": { "texture": "#tabernakel", "uv": [ 2.25, 0.0, 2.75, 6.0 ], "autoUv": false, "windMode": [-1,-1,-1,-1] },
								"south": { "texture": "#tabernakel", "uv": [ 0.0, 0.0, 2.5, 6.0 ], "autoUv": false },
								"up": { "texture": "#tabernakel", "uv": [ 0.0, 0.0, 2.5, 0.5 ], "autoUv": false },
								"down": { "texture": "#tabernakel", "uv": [ 0.0, 0.0, 2.5, 0.5 ], "autoUv": false }
							}
						}
					]
				}
			]
		}
	],
	"animations": [
		{
			"name": "lidopen",
			"code": "lidopen",
			"quantityframes": 30,
			"onActivityStopped": "Rewind",
			"onAnimationEnd": "Hold",
			"keyframes": [
				{
					"frame": 0,
					"elements": {
						"doorL": { "rotationX": 0.0, "rotationY": 0.0, "rotationZ": 0.0 },
						"doorR": { "rotationX": 0.0, "rotationY": 0.0, "rotationZ": 0.0 }
					}
				},
				{
					"frame": 29,
					"elements": {
						"doorR": { "rotationX": 0.0, "rotationY": 95.0, "rotationZ": 0.0 },
						"doorL": { "rotationX": 0.0, "rotationY": -95.0, "rotationZ": 0.0 }
					}
				}
			]
		}
	]
}