{
	code: "brickembrasure",
	behaviors: [
	{name: "HorizontalOrientable", properties: {  dropBlockFace: "east", drop: { type: "block", code: "brickembrasure-{stone}-{form}-{type}-east" }}}
	],
	variantgroups: [
		{ code: "stone", states: ["granite", "claystone", "limestone", "andesite", "basalt", "bauxite", "chalk", "chert", "conglomerate", "peridotite", "phyllite", "sandstone", "shale", "slate" ] },
		{ code: "form", states: ["top", "middle", "bottom" ]},
		{ code: "type", states: ["noglass", "blue", "red", "green", "plain" ]},
		{ loadFromProperties: "abstract/horizontalorientation" }
		
		
	],

	creativeinventory: { "confession": ["*-east"] },
	shapeByType: {
		"*-noglass-north": { base: "block/stone/embrasure_noglass_{form}", rotateY: 0 },
		"*-noglass-west": { base: "block/stone/embrasure_noglass_{form}", rotateY: 90 },
		"*-noglass-south": { base: "block/stone/embrasure_noglass_{form}", rotateY: 180 },
		"*-noglass-east": { base: "block/stone/embrasure_noglass_{form}", rotateY: 270 },
		"*-north": { base: "block/stone/embrasure_{form}", rotateY: 0 },
		"*-west": { base: "block/stone/embrasure_{form}", rotateY: 90 },
		"*-south": { base: "block/stone/embrasure_{form}", rotateY: 180 },
		"*-east": { base: "block/stone/embrasure_{form}", rotateY: 270 }
		
	},
	drawtype: "json",
	blockmaterial: "Stone",
	materialDensity: 400,
	sidesolid: {
		all: true
	},	
	lightAbsorption: 1,
	sideopaque: {
		up: true,
		all: false
	},
	texturesByType: {
		"*-top-noglass-*": {
			"A": { base: "game:block/stone/brick/{stone}3" },
			"C": { base: "game:block/stone/rock/chalk1" },
			"B": { base: "game:block/stone/rock/{stone}1" },
			},
		"*-bottom-noglass-*": {
			"A": { base: "game:block/stone/brick/{stone}3" },
			"C": { base: "game:block/stone/rock/chalk1" },
			"B": { base: "game:block/stone/rock/{stone}1" },
			},
		"*-middle-noglass-*": {
			"A": { base: "game:block/stone/brick/{stone}3" },
			},
		"*-top-*": {
			"A": { base: "game:block/stone/brick/{stone}3" },
			"C": { base: "game:block/stone/rock/chalk1" },
			"B": { base: "game:block/stone/rock/{stone}1" },
			"glass": { base: "block/glass/window2/embrasure-{form}-{type}" },
			},
		"*-middle-*": {
			"A": { base: "game:block/stone/brick/{stone}3" },
			"glass": { base: "block/glass/window2/embrasure-{form}-{type}" },
			},
		"*-bottom-*": {
			"A": { base: "game:block/stone/brick/{stone}3" },
			"B": { base: "game:block/stone/rock/{stone}1" },
			"glass": { base: "block/glass/window2/embrasure-{form}-{type}" },
			},
	},
	"replaceable": 140,
	"fertility": 0,
	resistance: 2,
	sounds: {
		"walk": "game:walk/stone",
		byTool: {
			"Pickaxe": { hit: "game:block/rock-hit-pickaxe", break: "game:block/rock-break-pickaxe" }
		}
	},
	collisionSelectionBoxesByType: {
	"*-bottom-noglass-north":  [
		{ x1: 0, y1: 0, z1: 0.7, x2: 0.5, y2: 1, z2: 1, rotateY: 270 },
		{ x1: 0, y1: 0, z1: 0, x2: 0.5, y2: 1, z2: 0.3, rotateY: 270 },
		{ x1: 0, y1: 0, z1: 0.1, x2: 1, y2: 0.2, z2: 0.9, rotateY: 270 },
		{ x1: 0.5, y1: 0, z1: 0.9, x2: 1, y2: 1, z2: 1, rotateY: 270 },
		{ x1: 0.5, y1: 0, z1: 0, x2: 1, y2: 1, z2: 0.1, rotateY: 270 },],
		"*-bottom-noglass-west":  [
		{ x1: 0, y1: 0, z1: 0.7, x2: 0.5, y2: 1, z2: 1, rotateY: 0  },
		{ x1: 0, y1: 0, z1: 0, x2: 0.5, y2: 1, z2: 0.3 , rotateY: 0 },
		{ x1: 0, y1: 0, z1: 0.1, x2: 1, y2: 0.2, z2: 0.9, rotateY: 0  },
		{ x1: 0.5, y1: 0, z1: 0.9, x2: 1, y2: 1, z2: 1, rotateY: 0  },
		{ x1: 0.5, y1: 0, z1: 0, x2: 1, y2: 1, z2: 0.1, rotateY: 0  },],
		"*-bottom-noglass-south":  [
		{ x1: 0, y1: 0, z1: 0.7, x2: 0.5, y2: 1, z2: 1, rotateY: 90 },
		{ x1: 0, y1: 0, z1: 0, x2: 0.5, y2: 1, z2: 0.3, rotateY: 90 },
		{ x1: 0, y1: 0, z1: 0.1, x2: 1, y2: 0.2, z2: 0.9, rotateY: 90 },
		{ x1: 0.5, y1: 0, z1: 0.9, x2: 1, y2: 1, z2: 1, rotateY: 90 },
		{ x1: 0.5, y1: 0, z1: 0, x2: 1, y2: 1, z2: 0.1, rotateY: 90 },],
		"*-bottom-noglass-east":  [
		{ x1: 0, y1: 0, z1: 0.7, x2: 0.5, y2: 1, z2: 1, rotateY: 180  },
		{ x1: 0, y1: 0, z1: 0, x2: 0.5, y2: 1, z2: 0.3, rotateY: 180  },
		{ x1: 0, y1: 0, z1: 0.1, x2: 1, y2: 0.2, z2: 0.9, rotateY: 180  },
		{ x1: 0.5, y1: 0, z1: 0.9, x2: 1, y2: 1, z2: 1, rotateY: 180  },
		{ x1: 0.5, y1: 0, z1: 0, x2: 1, y2: 1, z2: 0.1, rotateY: 180  },],
		
		"*-middle-noglass-north":  [
		{ x1: 0, y1: 0, z1: 0.7, x2: 0.5, y2: 1, z2: 1, rotateY: 270 },
		{ x1: 0, y1: 0, z1: 0, x2: 0.5, y2: 1, z2: 0.3, rotateY: 270 },
		{ x1: 0.5, y1: 0, z1: 0.9, x2: 1, y2: 1, z2: 1, rotateY: 270 },
		{ x1: 0.5, y1: 0, z1: 0, x2: 1, y2: 1, z2: 0.1, rotateY: 270 },],
		"*-middle-noglass-west":  [
		{ x1: 0, y1: 0, z1: 0.7, x2: 0.5, y2: 1, z2: 1, rotateY: 0  },
		{ x1: 0, y1: 0, z1: 0, x2: 0.5, y2: 1, z2: 0.3 , rotateY: 0 },
		{ x1: 0.5, y1: 0, z1: 0.9, x2: 1, y2: 1, z2: 1, rotateY: 0  },
		{ x1: 0.5, y1: 0, z1: 0, x2: 1, y2: 1, z2: 0.1, rotateY: 0  },],
		"*-middle-noglass-south":  [
		{ x1: 0, y1: 0, z1: 0.7, x2: 0.5, y2: 1, z2: 1, rotateY: 90 },
		{ x1: 0, y1: 0, z1: 0, x2: 0.5, y2: 1, z2: 0.3, rotateY: 90 },
		{ x1: 0.5, y1: 0, z1: 0.9, x2: 1, y2: 1, z2: 1, rotateY: 90 },
		{ x1: 0.5, y1: 0, z1: 0, x2: 1, y2: 1, z2: 0.1, rotateY: 90 },],
		"*-middle-noglass-east":  [
		{ x1: 0, y1: 0, z1: 0.7, x2: 0.5, y2: 1, z2: 1, rotateY: 180  },
		{ x1: 0, y1: 0, z1: 0, x2: 0.5, y2: 1, z2: 0.3, rotateY: 180  },
		{ x1: 0.5, y1: 0, z1: 0.9, x2: 1, y2: 1, z2: 1, rotateY: 180  },
		{ x1: 0.5, y1: 0, z1: 0, x2: 1, y2: 1, z2: 0.1, rotateY: 180  },],
		
		"*-top-noglass-north":  [
		{ x1: 0, y1: 0, z1: 0.7, x2: 0.5, y2: 1, z2: 1, rotateY: 270 },
		{ x1: 0, y1: 0, z1: 0, x2: 0.5, y2: 1, z2: 0.3, rotateY: 270 },
		{ x1: 0.1, y1: 0.8, z1: 0, x2: 0.9, y2: 1, z2: 1, rotateY: 270 },
		{ x1: 0.5, y1: 0, z1: 0.9, x2: 1, y2: 1, z2: 1, rotateY: 270 },
		{ x1: 0.5, y1: 0, z1: 0, x2: 1, y2: 1, z2: 0.1, rotateY: 270 },],
		"*-top-noglass-west":  [
		{ x1: 0, y1: 0, z1: 0.7, x2: 0.5, y2: 1, z2: 1, rotateY: 0  },
		{ x1: 0, y1: 0, z1: 0, x2: 0.5, y2: 1, z2: 0.3 , rotateY: 0 },
		{ x1: 0.1, y1: 0.8, z1: 0, x2: 0.9, y2: 1, z2: 1, rotateY: 0  },
		{ x1: 0.5, y1: 0, z1: 0.9, x2: 1, y2: 1, z2: 1, rotateY: 0  },
		{ x1: 0.5, y1: 0, z1: 0, x2: 1, y2: 1, z2: 0.1, rotateY: 0  },],
		"*-top-noglass-south":  [
		{ x1: 0, y1: 0, z1: 0.7, x2: 0.5, y2: 1, z2: 1, rotateY: 90 },
		{ x1: 0, y1: 0, z1: 0, x2: 0.5, y2: 1, z2: 0.3, rotateY: 90 },
		{ x1: 0.1, y1: 0.8, z1: 0, x2: 0.9, y2: 1, z2: 1, rotateY: 90 },
		{ x1: 0.5, y1: 0, z1: 0.9, x2: 1, y2: 1, z2: 1, rotateY: 90 },
		{ x1: 0.5, y1: 0, z1: 0, x2: 1, y2: 1, z2: 0.1, rotateY: 90 },],
		"*-top-noglass-east":  [
		{ x1: 0, y1: 0, z1: 0.7, x2: 0.5, y2: 1, z2: 1, rotateY: 180  },
		{ x1: 0, y1: 0, z1: 0, x2: 0.5, y2: 1, z2: 0.3, rotateY: 180  },
		{ x1: 0.1, y1: 0.8, z1: 0, x2: 0.9, y2: 1, z2: 1, rotateY: 180  },
		{ x1: 0.5, y1: 0, z1: 0.9, x2: 1, y2: 1, z2: 1, rotateY: 180  },
		{ x1: 0.5, y1: 0, z1: 0, x2: 1, y2: 1, z2: 0.1, rotateY: 180  },],
		

	
	},

	heldTpIdleAnimation: "holdbothhandslarge", heldTpUseAnimation: "twohandplaceblock",
	tpHandTransform: {
		translation: { x: -1.23, y: -0.91, z: -0.8 },
		rotation: { x: -2, y: 25, z: -78 },
		scale: 0.4
	}
}