{
	code: "hugearch1",
	behaviors: [
	{name: "HorizontalOrientable", properties: {  dropBlockFace: "east", drop: { type: "block", code: "hugearch1-{stone}-{type}-east" }}},
	{ name: "Multiblock", propertiesByType: {
		

		"*-noglass-east": { sizex: 1, sizey: 2, sizez: 3, cposition: { x: 0, y: 0, z: 1 }},
		"*-noglass-west": { sizex: 1, sizey: 2, sizez: 3, cposition: { x: 0, y: 0, z: 1 }},
		"*-noglass-south": { sizex: 3, sizey: 2, sizez: 1, cposition: { x: 1, y: 0, z: 0 }},
		"*-noglass-north": { sizex: 3, sizey: 2, sizez: 1, cposition: { x: 1, y: 0, z: 0 }},

		"*-east": { sizex: 1, sizey: 3, sizez: 3, cposition: { x: 0, y: 0, z: 1 }},
		"*-west": { sizex: 1, sizey: 3, sizez: 3, cposition: { x: 0, y: 0, z: 1 }},
		"*-south": { sizex: 3, sizey: 3, sizez: 1, cposition: { x: 1, y: 0, z: 0 }},
		"*-north": { sizex: 3, sizey: 3, sizez: 1, cposition: { x: 1, y: 0, z: 0 }}
		},
	}

	],
	variantgroups: [
		{ code: "stone", states: ["granite", "claystone", "limestone", "andesite", "conglomerate", "shale", "peridotite", "phyllite", "sandstone", "slate", "basalt", "chalk", "bauxite"  ] },
		{ code: "type", states: ["noglass", "blue", "red", "green", "plain" ]},
		{ loadFromProperties: "abstract/horizontalorientation" }
		
		
	],

	creativeinventory: { "confession": ["*-east"] },
	shapeByType: {

		"*-noglass-north": { base: "block/stone/huge_arch_1", rotateY: 0 },
		"*-noglass-west": { base: "block/stone/huge_arch_1", rotateY: 270 },
		"*-noglass-south": { base: "block/stone/huge_arch_1", rotateY: 180 },
		"*-noglass-east": { base: "block/stone/huge_arch_1", rotateY: 90 },

		"*-north": { base: "block/stone/huge_arch_1_window", rotateY: 0 },
		"*-west": { base: "block/stone/huge_arch_1_window", rotateY: 270 },
		"*-south": { base: "block/stone/huge_arch_1_window", rotateY: 180 },
		"*-east": { base: "block/stone/huge_arch_1_window", rotateY: 90 }

		
		
	},
	drawtype: "json",
	blockmaterial: "Stone",
	materialDensity: 400,
	sidesolid: {		
		all: true
	},	
	lightAbsorption: 1,
	sideopaque: {
		up: true,
		all: false
	},
	texturesByType: {

		"*-noglass-*": {
			"rock": { base: "game:block/stone/rock/{stone}1" },
			"prock": { base: "game:block/stone/polishedrock/{stone}" },
			"plaster": { base: "game:block/stone/rock/{stone}1" },
			"brick": { base: "game:block/stone/brick/{stone}1" },
		},

		"*": {
			"rock": { base: "game:block/stone/rock/{stone}1" },
			"prock": { base: "game:block/stone/polishedrock/{stone}" },
			"coneglassplane": { base: "block/glass/window1/hugearch/coneglassplane-{type}"},
			"ctwoglassplane": { base: "block/glass/window1/hugearch/ctwoglassplane-{type}"},
			"cthreeglassplane": { base: "block/glass/window1/hugearch/cthreeglassplane-{type}"},
			"roneglassplane": { base: "block/glass/window1/hugearch/roneglassplane-{type}"},
			"rtwoglassplane": { base: "block/glass/window1/hugearch/rtwoglassplane-{type}"},
			"rthreeglassplane": { base: "block/glass/window1/hugearch/rthreeglassplane-{type}"},
			"loneglassplane": { base: "block/glass/window1/hugearch/loneglassplane-{type}"},
			"ltwoglassplane": { base: "block/glass/window1/hugearch/ltwoglassplane-{type}"},
			"lthreeglassplane": { base: "block/glass/window1/hugearch/lthreeglassplane-{type}"},
			"frame": { base: "game:block/wood/debarked/veryagedrotten" },
			"plaster": { base: "game:block/stone/rock/{stone}1" },
			"brick": { base: "game:block/stone/brick/{stone}1" },
		}
		
	},
	"replaceable": 140,
	"fertility": 0,
	resistance: 2,
	sounds: {
		"walk": "game:walk/stone",
		byTool: {
			"Pickaxe": { hit: "game:block/rock-hit-pickaxe", break: "game:block/rock-break-pickaxe" }
		}
	},
	collisionSelectionBoxesByType: {
	

	"*-north": [{ x1: 0, y1: 0, z1: 0, x2: 1, y2: 1, z2: 1, rotateY: 0 }],
	"*-west": [{ x1: 0, y1: 0, z1: 0, x2: 1, y2: 1, z2: 1, rotateY: 270 }],
	"*-south": [{ x1: 0, y1: 0, z1: 0, x2: 1, y2: 1, z2: 1, rotateY: 180 }],
	"*-east": [{ x1: 0, y1: 0, z1: 0, x2: 1, y2: 1, z2: 1, rotateY: 90 }],
	
	
	},

	heldTpIdleAnimation: "holdbothhandslarge", heldTpUseAnimation: "twohandplaceblock",
	fpHandTransform: {
		translation: { x: -1.5, y: -1.15, z: 0.5 },
		rotation: { x: 4, y: 40, z: -2 },
		scale: 1.57
	},
	tpHandTransform: {
		translation: { x: -0.03, y: -1.31, z: -0.7 },
		rotation: { x: 15, y: 10, z: -69 },
		scale: 0.61
	},
	guiTransform: {
		rotation: { x: 1, y: -88, z: 0 },
		origin: { x: 0.5, y: 0.7, z: 0.5 },
		scale: 0.58
	},
}