{
	code: "mediumarch2",
	behaviors: [
	{name: "HorizontalOrientable", properties: {  dropBlockFace: "east", drop: { type: "block", code: "mediumarch2-{stone}-{type}-east" }}},
	{ name: "Multiblock", propertiesByType: {
		"*-east": { sizex: 1, sizey: 1, sizez: 2, cposition: { x: 0, y: 0, z: 0 }},
		"*-west": { sizex: 1, sizey: 1, sizez: 2, cposition: { x: 0, y: 0, z: 1 }},
		"*-south": { sizex: 2, sizey: 1, sizez: 1, cposition: { x: 1, y: 0, z: 0 }},
		"*-north": { sizex: 2, sizey: 1, sizez: 1, cposition: { x: 0, y: 0, z: 0 }}
		},
	}

	],
	variantgroups: [
		{ code: "stone", states: ["granite", "claystone", "limestone", "andesite", "conglomerate", "shale", "peridotite", "phyllite", "sandstone", "slate", "basalt", "chalk", "bauxite"  ] },
		{ code: "type", states: ["noglass", "blue", "red", "green", "plain"]},
		{ loadFromProperties: "abstract/horizontalorientation" }
		
		
	],

	creativeinventory: { "confession": ["*-east"] },
	shapeByType: {



		"*-noglass-north": { base: "block/stone/medium_arch_2", rotateY: 0 },
		"*-noglass-west": { base: "block/stone/medium_arch_2", rotateY: 90 },
		"*-noglass-south": { base: "block/stone/medium_arch_2", rotateY: 180 },
		"*-noglass-east": { base: "block/stone/medium_arch_2", rotateY: 270 },
		"*-north": { base: "block/stone/medium_arch_2_window", rotateY: 0 },
		"*-west": { base: "block/stone/medium_arch_2_window", rotateY: 90 },
		"*-south": { base: "block/stone/medium_arch_2_window", rotateY: 180 },
		"*-east": { base: "block/stone/medium_arch_2_window", rotateY: 270 }
		
	},
	drawtype: "json",
	blockmaterial: "Stone",
	materialDensity: 400,
	sidesolid: {		
		all: true
	},	
	lightAbsorption: 1,
	sideopaque: {
		all: false
	},
	texturesByType: {

		"*-noglass-*": {
			"plaster": { base: "game:block/stone/rock/chalk1" },
			"stone": { base: "game:block/stone/cobblestone/{stone}1" },
			"brick": { base: "game:block/stone/brick/{stone}3" },
		},
		"*": {
			"plaster": { base: "game:block/stone/rock/chalk1" },
			"stone": { base: "game:block/stone/cobblestone/{stone}1" },
			"brick": { base: "game:block/stone/brick/{stone}3" },
			"windowright": { base: "block/glass/window1/mediumarch2/window1top4right-{type}"},
			"windowleft": { base: "block/glass/window1/mediumarch2/window1top4left-{type}"},
			"frame": { base: "game:block/wood/debarked/veryagedrotten" }
		}
	
		
	},
	"replaceable": 140,
	"fertility": 0,
	resistance: 2,
	sounds: {
		"walk": "game:walk/stone",
		byTool: {
			"Pickaxe": { hit: "game:block/rock-hit-pickaxe", break: "game:block/rock-break-pickaxe" }
		}
	},
	collisionSelectionBoxesByType: {
	

	"*": [{ x1: 0, y1: 0, z1: 0, x2: 1, y2: 1, z2: 1 }],
	
	
	},

	heldTpIdleAnimation: "holdbothhandslarge", heldTpUseAnimation: "twohandplaceblock",
	fpHandTransform: {
		translation: { x: -1.5, y: -1.15, z: 0.5 },
		rotation: { x: 4, y: 40, z: -2 },
		scale: 1.57
	},
	tpHandTransform: {
		translation: { x: -0.03, y: -0.7099, z: -0.7 },
		rotation: { x: 15, y: 10, z: -69 },
		origin: { x: -0, y: 0.8, z: 0.8 },
		scale: 0.61
	},
	guiTransform: {
		rotation: { x: 1, y: -88, z: 0 },
		origin: { x: 0.5, y: 0.1, z: 1 },
		scale: 0.58
	},
}