{
	code: "smallarch1",
	behaviors: [
	{name: "HorizontalOrientable", properties: {  dropBlockFace: "east", drop: { type: "block", code: "smallarch1-{stone}-{type}-east" }}}
	],
	variantgroups: [
		{ code: "stone", states: ["granite", "claystone", "limestone", "andesite", "basalt", "bauxite", "chalk", "chert", "conglomerate", "peridotite", "phyllite", "sandstone", "shale", "slate" ] },
		{ code: "type", states: ["noglass", "blue", "red", "green", "plain" ]},
		{ loadFromProperties: "abstract/horizontalorientation" }
		
		
	],

	creativeinventory: { "confession": ["*-east"] },
	shapeByType: {
		"*-noglass-north": { base: "block/stone/small_arch_1", rotateY: 0 },
		"*-noglass-west": { base: "block/stone/small_arch_1", rotateY: 90 },
		"*-noglass-south": { base: "block/stone/small_arch_1", rotateY: 180 },
		"*-noglass-east": { base: "block/stone/small_arch_1", rotateY: 270 },
		"*-north": { base: "block/stone/small_arch_1_window", rotateY: 0 },
		"*-west": { base: "block/stone/small_arch_1_window", rotateY: 90 },
		"*-south": { base: "block/stone/small_arch_1_window", rotateY: 180 },
		"*-east": { base: "block/stone/small_arch_1_window", rotateY: 270 }
		
	},
	drawtype: "json",
	blockmaterial: "Stone",
	materialDensity: 400,
	sidesolid: {
		all: true
	},	
	lightAbsorption: 1,
	sideopaque: {
		up: true,
		all: false
	},
	texturesByType: {
		"*-noglass-*": {
			"brick": { base: "game:block/stone/brick/{stone}3" },
			"plaster": { base: "game:block/stone/rock/{stone}1" },
			},
		"*": {
			"brick": { base: "game:block/stone/brick/{stone}3" },
			"frame": { base: "game:block/wood/debarked/veryagedrotten" },
			"plaster": { base: "game:block/stone/rock/{stone}1" },
			"glass": { base: "block/glass/window1/smallarch1/window1top-{type}" }
		}
	},
	"replaceable": 140,
	"fertility": 0,
	resistance: 2,
	sounds: {
		"walk": "game:walk/stone",
		byTool: {
			"Pickaxe": { hit: "game:block/rock-hit-pickaxe", break: "game:block/rock-break-pickaxe" }
		}
	},
	collisionSelectionBoxesByType: {
	"*-noglass-north": [{ x1: 0.02, y1: 0.98, z1: 0, x2: 0.98, y2: 1, z2: 1 }, { x1: 0, y1: 0, z1: 0, x2: 0.02, y2: 1, z2: 1 }, { x1: 0.98, y1: 0, z1: 0, x2: 1, y2: 1, z2: 1 }],
	"*-noglass-west": [{ x1: 0.02, y1: 0.98, z1: 0, x2: 0.98, y2: 1, z2: 1, rotateY: 270 }, { x1: 0, y1: 0, z1: 0, x2: 0.02, y2: 1, z2: 1, rotateY: 270 }, { x1: 0.98, y1: 0, z1: 0, x2: 1, y2: 1, z2: 1, rotateY: 270 }],
	"*-noglass-south": [{ x1: 0.02, y1: 0.98, z1: 0, x2: 0.98, y2: 1, z2: 1, rotateY: 180 }, { x1: 0, y1: 0, z1: 0, x2: 0.02, y2: 1, z2: 1, rotateY: 180  }, { x1: 0.98, y1: 0, z1: 0, x2: 1, y2: 1, z2: 1, rotateY: 180  }],
	"*-noglass-east": [{ x1: 0.02, y1: 0.98, z1: 0, x2: 0.98, y2: 1, z2: 1, rotateY: 90 }, { x1: 0, y1: 0, z1: 0, x2: 0.02, y2: 1, z2: 1, rotateY: 90 }, { x1: 0.98, y1: 0, z1: 0, x2: 1, y2: 1, z2: 1, rotateY: 90 }],
	"*-north": [{ x1: 0.02, y1: 0.98, z1: 0, x2: 0.98, y2: 1, z2: 1 }, { x1: 0, y1: 0, z1: 0, x2: 0.02, y2: 1, z2: 1 }, { x1: 0.98, y1: 0, z1: 0, x2: 1, y2: 1, z2: 1 }, { x1: 0, y1: 0, z1: 0.25, x2: 1, y2: 1, z2: 0.375 }],
	"*-west": [{ x1: 0.02, y1: 0.98, z1: 0, x2: 0.98, y2: 1, z2: 1, rotateY: 270 }, { x1: 0, y1: 0, z1: 0, x2: 0.02, y2: 1, z2: 1, rotateY: 270 }, { x1: 0.98, y1: 0, z1: 0, x2: 1, y2: 1, z2: 1, rotateY: 270 }, { x1: 0, y1: 0, z1: 0.25, x2: 1, y2: 1, z2: 0.375, rotateY: 270  }],
	"*-south": [{ x1: 0.02, y1: 0.98, z1: 0, x2: 0.98, y2: 1, z2: 1, rotateY: 180 }, { x1: 0, y1: 0, z1: 0, x2: 0.02, y2: 1, z2: 1, rotateY: 180  }, { x1: 0.98, y1: 0, z1: 0, x2: 1, y2: 1, z2: 1, rotateY: 180  }, { x1: 0, y1: 0, z1: 0.25, x2: 1, y2: 1, z2: 0.375, rotateY: 180 }],
	"*-east": [{ x1: 0.02, y1: 0.98, z1: 0, x2: 0.98, y2: 1, z2: 1, rotateY: 90 }, { x1: 0, y1: 0, z1: 0, x2: 0.02, y2: 1, z2: 1, rotateY: 90 }, { x1: 0.98, y1: 0, z1: 0, x2: 1, y2: 1, z2: 1, rotateY: 90 }, { x1: 0, y1: 0, z1: 0.25, x2: 1, y2: 1, z2: 0.375, rotateY: 90 }]
	
	},

	heldTpIdleAnimation: "holdbothhandslarge", heldTpUseAnimation: "twohandplaceblock",
	tpHandTransform: {
		translation: { x: -1.23, y: -0.91, z: -0.8 },
		rotation: { x: -2, y: 25, z: -78 },
		scale: 0.4
	}
}