{
	code: "smallarch2",
	behaviors: [
	{name: "HorizontalOrientable", properties: {  dropBlockFace: "east", drop: { type: "block", code: "smallarch2-{stone}-{type}-{window}-east" }}}
	],
	variantgroups: [
		{ code: "stone", states: ["granite", "claystone", "limestone", "andesite", "basalt", "bauxite", "chalk", "chert", "conglomerate", "peridotite", "phyllite", "sandstone", "shale", "slate" ] },
		{ code: "type", states: ["brick", "cobblestone"]},
		{ code: "window", states: ["noglass", "blue", "red", "green", "plain"]},
		{ loadFromProperties: "abstract/horizontalorientation" }
		
		
	],

	creativeinventory: { "confession": ["*-east"] },
	shapeByType: {
		"*-noglass-north": { base: "block/stone/small_arch_2", rotateY: 0 },
		"*-noglass-west": { base: "block/stone/small_arch_2", rotateY: 90 },
		"*-noglass-south": { base: "block/stone/small_arch_2", rotateY: 180 },
		"*-noglass-east": { base: "block/stone/small_arch_2", rotateY: 270 },
		"*-north": { base: "block/stone/small_arch_2_window", rotateY: 0 },
		"*-west": { base: "block/stone/small_arch_2_window", rotateY: 90 },
		"*-south": { base: "block/stone/small_arch_2_window", rotateY: 180 },
		"*-east": { base: "block/stone/small_arch_2_window", rotateY: 270 }

		
	},
	drawtype: "json",
	blockmaterial: "Stone",
	materialDensity: 400,
	sidesolid: {
		all: true
	},	
	lightAbsorption: 1,
	sideopaque: {
		up: true,
		all: false
	},
	texturesByType: {
		"*-brick-noglass-*": {
			"brick": { base: "game:block/stone/brick/{stone}1" },
			"stone": { base: "game:block/stone/cobblestone/{stone}1" },
			"putty": { base: "game:block/stone/rock/{stone}1" },
			},
		"*-cobblestone-noglass-*": {
			"brick": { base: "game:block/stone/cobblestone/{stone}1" },
			"stone": { base: "game:block/stone/cobblestone/{stone}1" },
			"putty": { base: "game:block/stone/rock/{stone}1" },
			},
		"*-brick-*": {
			"brick": { base: "game:block/stone/brick/{stone}1" },
			"stone": { base: "game:block/stone/cobblestone/{stone}1" },
			"putty": { base: "game:block/stone/rock/{stone}1" },
			"frame": { base: "game:block/wood/debarked/veryagedrotten" },
			"glass": { base: "block/glass/window1/smallarch2/window1top3-{window}" }
			},
		"*-cobblestone-*": {
			"brick": { base: "game:block/stone/cobblestone/{stone}1" },
			"stone": { base: "game:block/stone/cobblestone/{stone}1" },
			"putty": { base: "game:block/stone/rock/{stone}1" },
			"frame": { base: "game:block/wood/debarked/veryagedrotten" },
			"glass": { base: "block/glass/window1/smallarch2/window1top3-{window}" }

		}
		
	},
	"replaceable": 140,
	"fertility": 0,
	resistance: 2,
	sounds: {
		"walk": "game:walk/stone",
		byTool: {
			"Pickaxe": { hit: "game:block/rock-hit-pickaxe", break: "game:block/rock-break-pickaxe" }
		}
	},
	collisionSelectionBoxesByType: {

	"*-north": [{ x1: 0, y1: 0.375, z1: 0, x2: 1, y2: 1, z2: 1 }, { x1: 0, y1: 0, z1: 0, x2: 0.0825, y2: 0.375, z2: 1 }, { x1: 0.9175, y1: 0, z1: 0, x2: 1, y2: 0.375, z2: 1 }],
	"*-west": [{ x1: 0, y1: 0.375, z1: 0, x2: 1, y2: 1, z2: 1, rotateY: 270 }, { x1: 0, y1: 0, z1: 0, x2: 0.0825, y2: 0.375, z2: 1, rotateY: 270 }, { x1: 0.9175, y1: 0, z1: 0, x2: 1, y2: 0.375, z2: 1, rotateY: 270 }],
	"*-south": [{ x1: 0, y1: 0.375, z1: 0, x2: 1, y2: 1, z2: 1, rotateY: 180 }, { x1: 0, y1: 0, z1: 0, x2: 0.0825, y2: 0.375, z2: 1, rotateY: 180 }, { x1: 0.9175, y1: 0, z1: 0, x2: 1, y2: 0.375, z2: 1, rotateY: 180 }],
	"*-east": [{ x1: 0, y1: 0.375, z1: 0, x2: 1, y2: 1, z2: 1, rotateY: 90 }, { x1: 0, y1: 0, z1: 0, x2: 0.0825, y2: 0.375, z2: 1, rotateY: 90 }, { x1: 0.9175, y1: 0, z1: 0, x2: 1, y2: 0.375, z2: 1, rotateY: 90 }],
	
	
	},

	heldTpIdleAnimation: "holdbothhandslarge", heldTpUseAnimation: "twohandplaceblock",
	tpHandTransform: {
		translation: { x: -1.23, y: -0.91, z: -0.8 },
		rotation: { x: -2, y: 25, z: -78 },
		scale: 0.4
	}
}