﻿{
  "code": "toolspellcasting",
  "class": "ItemToolSpellcastingRM",
  "enabled": true,
  "storageFlags": 257,

  "variantgroups": [
    {
      "code": "type",
      "states": [ "makeshift", "apprentice", "magician", "spellweaver", "archmage" ]
      //"states": [ "inert", "tier0", "tier1", "tier2", "tier3", "tier4" ] // [ "inert", "lesser", "greater", "superior", "celestial" ]
    },
    {
      "code": "model",
      "states": [ "staffcrude", "staffconjuror", "staffelvish", "staffclubbed", "staffscholar", "staffdruid", "staffnebula", "staffreaper" ]
      //"states": [ "inert", "tier0", "tier1", "tier2", "tier3", "tier4" ] // [ "inert", "lesser", "greater", "superior", "celestial" ]
    },
    {
      "code": "colorprimary",
      "loadFromProperties": "rustboundmagic:abstract/toolspellcastingcolorprimary"
    }
  ],
  "skipVariants": [ "*-makeshift-*-orange", "*-makeshift-*-black", "*-makeshift-*-red", "*-makeshift-*-blue", "*-makeshift-*-purple", "*-makeshift-*-pink", "*-makeshift-*-white", "*-makeshift-*-yellow", "*-makeshift-*-gray", "*-makeshift-*-green", "*-makeshift-*-teal", "*-makeshift-staffconjuror-*", "*-makeshift-staffclubbed-*", "*-makeshift-staffelvish-*", "*-makeshift-staffscholar-*", "*-makeshift-staffdruid-*", "*-makeshift-staffnebula-*", "*-makeshift-staffreaper-*" ],

  //"storageFlags": 257,

  "attributesByType": {
    "*-makeshift-*": {
      "rackable": true,
      "toolrackTransform": {
        "rotation": {
          "y": 1,
          "z": -1
        },
        "translation": {
          "x": -0.2,
          "y": 0.75,
          "z": 0
        },
        "scale": 1.5
      },
      "handbook": {
        "groupBy": [ "toolspellcasting-*-staffcrude-plain" ],
        "extraSections": [
          {
            "title": "rustboundmagic:handbook-magictooluse-title",
            "text": "rustboundmagic:handbook-toolusespellcasting-text"
          }
        ]
      }
    },
    "*-apprentice-*": {
      "rackable": true,
      "toolrackTransform": {
        "rotation": {
          "y": 1,
          "z": -1
        },
        "translation": {
          "x": -0.2,
          "y": 0.75,
          "z": 0
        },
        "scale": 1.5
      },
      "handbookByType": {
        "*-staffcrude-plain": {
          "groupBy": [ "toolspellcasting-apprentice-*" ],
          "extraSections": [
            {
              "title": "game:Created by",
              "text": "rustboundmagic:handbook-synthesistier1-text"
            },
            {
              "title": "rustboundmagic:handbook-magictooluse-title",
              "text": "rustboundmagic:handbook-toolusespellcasting-text"
            },
            {
              "title": "rustboundmagic:handbook-changablewith-title",
              "text": "rustboundmagic:handbook-transmogstone-text"
            }
          ]
        },
        "*": {
          "groupBy": [ "toolspellcasting-apprentice-*" ],
          "extraSections": [
            {
              "title": "rustboundmagic:handbook-magictooluse-title",
              "text": "rustboundmagic:handbook-toolusespellcasting-text"
            },
            {
              "title": "rustboundmagic:handbook-changablewith-title",
              "text": "rustboundmagic:handbook-transmogstone-text"
            }
          ]
        }
      }
    },
    "*-magician-*": {
      "rackable": true,
      "toolrackTransform": {
        "rotation": {
          "y": 1,
          "z": -1
        },
        "translation": {
          "x": -0.2,
          "y": 0.75,
          "z": 0
        },
        "scale": 1.5
      },
      "handbookByType": {
        "*-staffcrude-plain": {
          "groupBy": [ "toolspellcasting-magician-*" ],
          "extraSections": [
            {
              "title": "game:Created by",
              "text": "rustboundmagic:handbook-synthesistier2-text"
            },
            {
              "title": "rustboundmagic:handbook-magictooluse-title",
              "text": "rustboundmagic:handbook-toolusespellcasting-text"
            },
            {
              "title": "rustboundmagic:handbook-changablewith-title",
              "text": "rustboundmagic:handbook-transmogstone-text"
            }
          ]
        },
        "*": {
          "groupBy": [ "toolspellcasting-magician-*" ],
          "extraSections": [
            {
              "title": "rustboundmagic:handbook-magictooluse-title",
              "text": "rustboundmagic:handbook-toolusespellcasting-text"
            },
            {
              "title": "rustboundmagic:handbook-changablewith-title",
              "text": "rustboundmagic:handbook-transmogstone-text"
            }
          ]
        }
      }
    },
    "*-spellweaver-*": {
      "rackable": true,
      "toolrackTransform": {
        "rotation": {
          "y": 1,
          "z": -1
        },
        "translation": {
          "x": -0.2,
          "y": 0.75,
          "z": 0
        },
        "scale": 1.5
      },
      "handbookByType": {
        "*-staffcrude-plain": {
          "groupBy": [ "toolspellcasting-spellweaver-*" ],
          "extraSections": [
            {
              "title": "game:Created by",
              "text": "rustboundmagic:handbook-synthesistier3-text"
            },
            {
              "title": "rustboundmagic:handbook-magictooluse-title",
              "text": "rustboundmagic:handbook-toolusespellcasting-text"
            },
            {
              "title": "rustboundmagic:handbook-changablewith-title",
              "text": "rustboundmagic:handbook-transmogstone-text"
            }
          ]
        },
        "*": {
          "groupBy": [ "toolspellcasting-spellweaver-*" ],
          "extraSections": [
            {
              "title": "rustboundmagic:handbook-magictooluse-title",
              "text": "rustboundmagic:handbook-toolusespellcasting-text"
            },
            {
              "title": "rustboundmagic:handbook-changablewith-title",
              "text": "rustboundmagic:handbook-transmogstone-text"
            }
          ]
        }
      }
    },
    "*-archmage-*": {
      "rackable": true,
      "toolrackTransform": {
        "rotation": {
          "y": 1,
          "z": -1
        },
        "translation": {
          "x": -0.2,
          "y": 0.75,
          "z": 0
        },
        "scale": 1.5
      },
      "handbookByType": {
        "*-staffcrude-plain": {
          "groupBy": [ "toolspellcasting-archmage-*" ],
          "extraSections": [
            {
              "title": "game:Created by",
              "text": "rustboundmagic:handbook-synthesistier4-text"
            },
            {
              "title": "rustboundmagic:handbook-magictooluse-title",
              "text": "rustboundmagic:handbook-toolusespellcasting-text"
            },
            {
              "title": "rustboundmagic:handbook-changablewith-title",
              "text": "rustboundmagic:handbook-transmogstone-text"
            }
          ]
        },
        "*": {
          "groupBy": [ "toolspellcasting-archmage-*" ],
          "extraSections": [
            {
              "title": "rustboundmagic:handbook-magictooluse-title",
              "text": "rustboundmagic:handbook-toolusespellcasting-text"
            },
            {
              "title": "rustboundmagic:handbook-changablewith-title",
              "text": "rustboundmagic:handbook-transmogstone-text"
            }
          ]
        }
      }
    }
  },



  "creativeinventory": {
    "general": [ "*-plain" ],
    "items": [ "*-plain" ],
    "tools": [ "*-plain" ],
    "rustboundmagicequipment": [ "*" ]
  },

  "maxstacksize": 1,
  "materialDensity": 1200,

  "heldTpHitAnimation": "smithingwide",
  "heldTpUseAnimation": "interactstatic",

  "shapebytype": {
    "*": { "base": "items/tools/toolspellcasting-{model}" }
  },
  "texturesByType": {
    "*-makeshift-*": {
      "default": { "base": "default" },
      "material": { "base": "blocks/tools/colorprimary/{colorprimary}" },
      "linen": { "base": "game:block/cloth/linen/normal1" },
      "linendark": { "base": "game:block/cloth/linen/black" },
      "gem": { "base": "blocks/arcanus/arcanusblock-inert" }
    },
    "*-apprentice-*": {
      "default": { "base": "default" },
      "material": { "base": "blocks/tools/colorprimary/{colorprimary}" },
      "linen": { "base": "game:block/cloth/linen/normal1" },
      "linendark": { "base": "game:block/cloth/linen/black" },
      "gem": { "base": "color-white" },
      "eldrathium": { "base": "blocks/eldrathium" },
      "metal": { "base": "game:block/stone/rock/obsidian1" },
      "temporal": { "base": "game:block/machine/statictranslocator/rustyglow" },
      "cloth1": { "base": "game:block/cloth/linen/normal1" },
      "vines": { "base": "game:block/plant/moss" }
    },
    "*-magician-*": {
      "default": { "base": "default" },
      "material": { "base": "blocks/tools/colorprimary/{colorprimary}" },
      "linen": { "base": "game:block/cloth/linen/normal1" },
      "linendark": { "base": "game:block/cloth/linen/black" },
      "gem": { "base": "color-green" },
      "eldrathium": { "base": "blocks/eldrathium" },
      "metal": { "base": "game:block/stone/rock/obsidian1" },
      "temporal": { "base": "game:block/machine/statictranslocator/rustyglow" },
      "cloth1": { "base": "game:block/cloth/linen/normal1" },
      "vines": { "base": "game:block/plant/moss" }
    },
    "*-spellweaver-*": {
      "default": { "base": "default" },
      "material": { "base": "blocks/tools/colorprimary/{colorprimary}" },
      "linen": { "base": "game:block/cloth/linen/normal1" },
      "linendark": { "base": "game:block/cloth/linen/black" },
      "gem": { "base": "color-blue" },
      "eldrathium": { "base": "blocks/eldrathium" },
      "metal": { "base": "game:block/stone/rock/obsidian1" },
      "temporal": { "base": "game:block/machine/statictranslocator/rustyglow" },
      "cloth1": { "base": "game:block/cloth/linen/normal1" },
      "vines": { "base": "game:block/plant/moss" }
    },
    "*-archmage-*": {
      "default": { "base": "default" },
      "material": { "base": "blocks/tools/colorprimary/{colorprimary}" },
      "linen": { "base": "game:block/cloth/linen/normal1" },
      "linendark": { "base": "game:block/cloth/linen/black" },
      "gem": { "base": "color-purple" },
      "eldrathium": { "base": "blocks/eldrathium" },
      "metal": { "base": "game:block/stone/rock/obsidian1" },
      "temporal": { "base": "game:block/machine/statictranslocator/rustyglow" },
      "cloth1": { "base": "game:block/cloth/linen/normal1" },
      "vines": { "base": "game:block/plant/moss" }
    }

  },

  "damagedby": [ "blockbreaking", "attacking" ],

  "durabilitybytype": {
    "*-makeshift-*": 50,
    "*-apprentice-*": 300,
    "*-magician-*": 700,
    "*-spellweaver-*": 1100,
    "*-archmage-*": 1500
  },

  "tooltierbytype": {
    "*-makeshift-*": 1,
    "*-apprentice-*": 1,
    "*-magician-*": 2,
    "*-spellweaver-*": 3,
    "*-archmage-*": 4
  },
  "attackpowerbytype": {
    "*-makeshift-*": 0.8,
    "*-apprentice-*": 1.0,
    "*-magician-*": 1.3,
    "*-spellweaver-*": 1.7,
    "*-archmage-*": 2.2
  },


  "guiTransformByType": {
    "*-staffdruid-*": {
      "translation": {
        "x": 0,
        "y": 0,
        "z": 0
      },
      "rotation": {
        "x": -77,
        "y": 46,
        "z": 15
      },
      "origin": {
        "x": 0.7,
        "y": 0.5,
        "z": 0.4
      },
      "scale": 1.2
    },
    "*-staffnebula-*": {
      "translation": {
        "x": 0,
        "y": 0,
        "z": 0
      },
      "rotation": {
        "x": -77,
        "y": 46,
        "z": 15
      },
      "origin": {
        "x": 0.7,
        "y": 0.5,
        "z": 0.4
      },
      "scale": 1.2
    },
    "*-staffreaper-*": {
      "translation": {
        "x": 0,
        "y": 0,
        "z": 0
      },
      "rotation": {
        "x": -77,
        "y": 46,
        "z": 15
      },
      "origin": {
        "x": 0.7,
        "y": 0.5,
        "z": 0.3
      },
      "scale": 1.2
    },
    "*": {
      "translation": {
        "x": 0,
        "y": 0,
        "z": 0
      },
      "rotation": {
        "x": -77,
        "y": 46,
        "z": 15
      },
      "origin": {
        "x": 0.8,
        "y": 1,
        "z": 0.3
      },
      "scale": 1.5
    }
  },
  "fpHandTransform": {
    "translation": {
      "x": -0.5,
      "y": -0.2,
      "z": 0
    },
    "rotation": {
      "x": -33,
      "y": 7,
      "z": 90
    },
    "scale": 2.75
  },

  "guiTransform": {
    "translation": {
      "x": 0,
      "y": 0,
      "z": 0
    },
    "rotation": {
      "x": -77,
      "y": 46,
      "z": 15
    },
    "origin": {
      "x": 0.7,
      "y": 0.5,
      "z": 0.3
    },
    "scale": 1.2
  },
  "groundTransform": {
    "translation": {
      "x": 0,
      "y": 0.4,
      "z": 0
    },
    "rotation": {
      "x": 0,
      "y": 0,
      "z": 0
    },
    "origin": {
      "x": 0.5,
      "y": 0.45,
      "z": 0.5
    },
    "scale": 4.5
  },
  "tpHandTransform": {
    "translation": {
      "x": -0.52,
      "y": -0.46,
      "z": -0.03
    },
    "rotation": {
      "x": 90,
      "y": 1,
      "z": 0
    },
    "scale": 1
  }
}