﻿{
  "code": "toolresonator",
  "class": "ItemToolResonatorRM",
  "enabled": true,
  "storageFlags": 696,

  "variantgroups": [
    {
      "code": "type",
      "states": [ "leyline" ]
    }
  ],
  //"skipVariants": [ "*-inert" ],

  //"storageFlags": 257,

  "attributes": {
    "handbook": {
      "groupBy": [ "toolresonator-*" ],
      "extraSections": [
        {
          "title": "rustboundmagic:handbook-magictooluse-title",
          "text": "rustboundmagic:handbook-tooluseleylineresonator-text"
        }
      ]
    },
    "rackable": true,
    "toolrackTransform": {
      "rotation": {
        "y": 1,
        "z": -1
      },
      "translation": {
        "x": -0.2,
        "y": 0.75,
        "z": 0
      },
      "scale": 1.5
    }
  },

  "creativeinventory": {
    "general": [ "*" ],
    "items": [ "*" ],
    "tools": [ "*" ],
    "rustboundmagic": [ "*" ]
  },

  "maxstacksize": 1,
  "materialDensity": 1200,

  "heldTpHitAnimation": "smithingwide",
  "heldTpUseAnimation": "interactstatic",

  "shapebytype": {
    "*-leyline": {
      "base": "items/tools/toolresonator-connect",
      "alternates": [
        { "base": "items/tools/toolresonator-disconnect" },
        { "base": "items/tools/toolresonator-viewer" }
      ]
    }
  },
  "texturesByType": {
    "*": {
      "default": { "base": "default" },
      "core": { "base": "blocks/eldrathium" },
      "cap": { "base": "blocks/manastone/normal/manastoneblock-none*" },
      "glowconnect": { "base": "items/tools/resonator-connect" },
      "glowdisconnect": { "base": "items/tools/resonator-disconnect" },
      "glowviewer": { "base": "items/tools/resonator-viewer" },
      "handle": { "base": "game:block/wood-generic" },
      "handlecap": { "base": "blocks/manastone/normal/manastoneblock-none*" },
      "materialconnect": { "base": "items/tools/resonator-connect" },
      "materialdisconnect": { "base": "items/tools/resonator-disconnect" },
      "materialviewer": { "base": "items/tools/resonator-viewer" }
    }
  },

  //"damagedby": [ "blockbreaking", "attacking" ],

  //"durabilitybytype": {
  //  "*-tier0": 60,
  //  "*-tier1": 300,
  //  "*-tier2": 700,
  //  "*-tier3": 1500,
  //  "*-tier4": 1500
  //},

  //"tooltierbytype": {
  //  "*-tier0": 0,
  //  "*-tier1": 1,
  //  "*-tier2": 2,
  //  "*-tier3": 3,
  //  "*-tier4": 4
  //},
  //"attackpowerbytype": {
  //  "*-tier0": 0.8,
  //  "*-tier1": 1.3,
  //  "*-tier2": 1.7,
  //  "*-tier3": 2.2,
  //  "*-tier4": 2.5,
  //  "*": 0.5
  //},


  "guiTransform": {
    "rotation": {
      "x": -22,
      "y": -42,
      "z": -139
    },
    "origin": {
      "x": 0.87,
      "y": -0.45,
      "z": 0
    },
    "scale": 2.25
  },
  "fpHandTransform": {
    "translation": {
      "x": 0.55,
      "y": -0.2,
      "z": 0
    },
    "rotation": {
      "x": 139,
      "y": 0,
      "z": -92
    },
    "scale": 2.25
  },
  "tpHandTransform": {
    "translation": {
      "x": -0.74,
      "y": -0.2498,
      "z": -0.7499
    },
    "rotation": {
      "x": 0,
      "y": 2,
      "z": 3
    },
    "scale": 0.65
  },
  "groundTransform": {
    "translation": {
      "x": 0,
      "y": 0,
      "z": 0
    },
    "rotation": {
      "x": 0,
      "y": 0,
      "z": 0
    },
    "origin": {
      "x": 0.5,
      "y": -0.03,
      "z": 0.5
    },
    "scale": 4
  }
}