﻿{
  "code": "toolfocus",
  "class": "ItemToolFocusRM",
  "enabled": true,
  //"storageFlags": 696,

  "variantgroups": [
    {
      "code": "variant",
      "states": [ "basic", "advanced" ]
    },
    {
      "code": "type",
      "states": [ "fire", "frost", "electricity", "gravity", "heal", "poison" ]
    }
  ],
  //"skipVariants": [ "*" ],

  "storageFlags": 257,


  "attributesByType": {
    "*-basic-*": {
      "rackable": true,
      "toolrackTransformByType": {
        "*-basic-*": {
          "translation": {
            "x": -1.2,
            "y": 1.3,
            "z": -0.9
          },
          "rotation": {
            "x": 0,
            "y": -180,
            "z": 0
          },
          "origin": {
            "x": 0.59,
            "y": 0.9,
            "z": 0.54
          },
          "scale": 2
        }
      },
      "handbook": {
        "groupBy": [ "toolfocus-basic-*" ],
        "extraSections": [
          {
            "title": "rustboundmagic:handbook-toolfocus-title",
            "text": "rustboundmagic:handbook-toolfocus-text"
          }
        ]
      }
    },
    "*-advanced-*": {
      "rackable": true,
      "toolrackTransformByType": {
        "*-advanced-*": {
          "translation": {
            "x": 0.95,
            "y": -0.72,
            "z": -0.87
          },
          "rotation": {
            "x": 90,
            "y": 0,
            "z": -90
          },
          "scale": 2
        }
      },
      "handbook": {
        "groupBy": [ "toolfocus-advanced-*" ],
        "extraSections": [
          {
            "title": "rustboundmagic:handbook-toolfocus-title",
            "text": "rustboundmagic:handbook-toolfocus-text"
          }
        ]
      }
    }
  },

  "attributes": {
    "handbook": {
      "groupBy": [ "toolfocus-*" ] //,
      //"extraSections": [
      //  {
      //    "title": "rustboundmagic:handbook-toolfocus-title",
      //    "text": "rustboundmagic:handbook-toolfocus-text"
      //  }
      //]
    },
    "rackable": true,
    "toolrackTransformByType": {
      "*-basic-*": {
        "translation": {
          "x": -1.2,
          "y": 1.3,
          "z": -0.9
        },
        "rotation": {
          "x": 0,
          "y": -180,
          "z": 0
        },
        "origin": {
          "x": 0.59,
          "y": 0.9,
          "z": 0.54
        },
        "scale": 2
      },
      "*-advanced-*": {
        "translation": {
          "x": 0.95,
          "y": -0.72,
          "z": -0.87
        },
        "rotation": {
          "x": 90,
          "y": 0,
          "z": -90
        },
        "scale": 2
      }
    },
    "groundStorageTransform": {
      "translation": {
        "x": 0,
        "y": 0.1,
        "z": -0.14
      },
      "rotation": {
        "x": 26,
        "y": 88,
        "z": -87
      },
      "scale": 1.01
    }
  },

  "creativeinventory": {
    "general": [ "*" ],
    "items": [ "*" ],
    "tools": [ "*" ],
    "rustboundmagicequipment": [ "*" ]
  },

  "maxstacksize": 1,
  "materialDensity": 600,

  "heldTpHitAnimation": "smithingwide",
  "heldTpUseAnimation": "interactstatic",

  "shapebytype": {
    "*-basic-*": { "base": "items/tools/toolfocus-basic" },
    "*-advanced-*": { "base": "items/tools/toolfocus-advanced" }
  },
  "texturesByType": {
    "*-basic-*": {
      "default": { "base": "default" },
      "material1": { "base": "blocks/manastone/cobblestone/manastonecobblestone-none*" },
      "fiber": { "base": "items/shiftingfibers" },
      "material2": { "base": "blocks/eldrathium" },
      "material3": { "base": "blocks/eldrathium" },
      "material4": { "base": "blocks/eldrathium" },
      "material5": { "base": "default" },
      "gemstone": { "base": "blocks/manastone/normal/manastoneblock-{type}" },
      "colorblack": { "base": "color-black" }
    },
    "*-advanced-*": {
      "default": { "base": "default" },
      "material1": { "base": "game:block/wood-generic" },
      "material2": { "base": "blocks/eldrathium" },
      "material3": { "base": "blocks/eldrathium" },
      "material4": { "base": "blocks/eldrathium" },
      "material5": { "base": "default" },
      "gemstone": { "base": "blocks/manastone/normal/manastoneblock-{type}" },
      "colorblack": { "base": "color-black" }
    }
  },

  "durabilitybytype": {
    "*-basic-*": 100,
    "*-advanced-*": 350
  },

  "guiTransformByType": {
    "*-basic-*": {
      "translation": {
        "x": 0,
        "y": 0,
        "z": 0
      },
      "rotation": {
        "x": 90,
        "y": -45,
        "z": 150
      },
      "origin": {
        "x": 0.05,
        "y": 0,
        "z": 0.15
      },
      "scale": 3
    },
    "*-advanced-*": {
      "translation": {
        "x": 0,
        "y": 0,
        "z": 50
      },
      "rotation": {
        "x": 34,
        "y": 32,
        "z": -163
      },
      "origin": {
        "x": 0.21,
        "y": -0.24,
        "z": 0.49
      },
      "scale": 3.5
    }
  },
  "fpHandTransformByType": {
    "*-basic-*": {
      "translation": {
        "x": -0.4,
        "y": 0.3,
        "z": 0
      },
      "rotation": {
        "x": 90,
        "y": -98,
        "z": 4
      },
      "origin": {
        "x": 0,
        "y": -0.1,
        "z": 0.3
      },
      "scale": 5.35
    },
    "*-advanced-*": {
      "translation": {
        "x": 0,
        "y": 0,
        "z": 0
      },
      "rotation": {
        "x": -71,
        "y": 0,
        "z": 0
      },
      "origin": {
        "x": 0,
        "y": 0.3,
        "z": 0.1
      },
      "scale": 5.38
    }
  },
  "groundTransform": {
    "translation": {
      "x": 0,
      "y": 0.37,
      "z": 0
    },
    "rotation": {
      "x": -93,
      "y": 0,
      "z": 0
    },
    "origin": {
      "x": 0.5,
      "y": 0,
      "z": 0.43
    },
    "scale": 5
  },
  "tpOffHandTransform": {
    "translation": {
      "x": -0.149,
      "y": -0.1,
      "z": -0.16
    },
    "rotation": {
      "x": 0,
      "y": 180,
      "z": 0
    },
    "origin": {
      "x": 0.5,
      "y": 0,
      "z": 0.5
    },
    "scale": 1
  },
  "tpHandTransform": {
    "translation": {
      "x": -0.085,
      "y": -0.38,
      "z": -0.56
    },
    "rotation": {
      "x": -90,
      "y": 0,
      "z": -180
    },
    "origin": {
      "x": 0.5,
      "y": 0,
      "z": 0.5
    },
    "scale": 1
  }
}