﻿{
  "code": "toolspellcastinglacrima",
  "class": "ItemToolSpellLacrimaRM",
  "enabled": false,
  //"storageFlags": 257,

  //"variantgroups": [
  //  {
  //    "code": "type",
  //    "states": [ "makeshift", "apprentice", "magician", "spellweaver", "archmage" ]
  //    //"states": [ "inert", "tier0", "tier1", "tier2", "tier3", "tier4" ] // [ "inert", "lesser", "greater", "superior", "celestial" ]
  //  },
  //  {
  //    "code": "model",
  //    "states": [ "staffcrude", "staffconjuror", "staffelvish", "staffclubbed", "staffscholar", "staffdruid", "staffnebula", "staffreaper" ]
  //    //"states": [ "inert", "tier0", "tier1", "tier2", "tier3", "tier4" ] // [ "inert", "lesser", "greater", "superior", "celestial" ]
  //  },
  //  {
  //    "code": "colorprimary",
  //    "loadFromProperties": "rustboundmagic:abstract/toolspellcastingcolorprimary"
  //  }
  //],
  //"skipVariants": [ "*-makeshift-*-orange", "*-makeshift-*-black", "*-makeshift-*-red", "*-makeshift-*-blue", "*-makeshift-*-purple", "*-makeshift-*-pink", "*-makeshift-*-white", "*-makeshift-*-yellow", "*-makeshift-*-gray", "*-makeshift-*-green", "*-makeshift-*-teal", "*-makeshift-staffconjuror-*", "*-makeshift-staffclubbed-*", "*-makeshift-staffelvish-*", "*-makeshift-staffscholar-*", "*-makeshift-staffdruid-*", "*-makeshift-staffnebula-*", "*-makeshift-staffreaper-*" ],

  //"storageFlags": 257,

  "attributesByType": {
    "toolspellcastinglacrima": {
      //"rackable": true,
      //"toolrackTransform": {
      //  "rotation": {
      //    "y": 1,
      //    "z": -1
      //  },
      //  "translation": {
      //    "x": -0.2,
      //    "y": 0.75,
      //    "z": 0
      //  },
      //  "scale": 1.5
      //},
      "handbook": {
        "groupBy": [ "toolspellcastinglacrima" ],
        "extraSections": [
          {
            "title": "rustboundmagic:handbook-toolspellcastinglacrima-title",
            "text": "rustboundmagic:handbook-toolspellcastinglacrima-text"
          }
        ]
      }
    }
  },



  "creativeinventory": {
    "general": [ "*" ],
    "items": [ "*" ],
    "tools": [ "*" ],
    "rustboundmagicequipment": [ "*" ]
  },

  "maxstacksize": 1,
  "materialDensity": 1200,

  "heldTpHitAnimation": "smithingwide",
  "heldTpUseAnimation": "interactstatic",

  "shapebytype": {
    "*": { "base": "items/tools/toolspellcastinglacrima" }
  },
  "texturesByType": {
    "toolspellcastinglacrima": {
      "default": { "base": "default" },
      "material": { "base": "lacrima-neutral" },
      "outerenergy": { "base": "lacrima-transparentneutral" },
      "obsidian1": { "base": "blocks/sigilring-magictier" },
      "obsidian2": { "base": "blocks/eldrathium" },
      "obsidian3": { "base": "blocks/eldrathium" },
      "middlering": { "base": "magicaura-lesser" },
      "runes-cruxcasing": { "base": "default" }
    }
  },

  "damagedby": [ "blockbreaking", "attacking" ],

  //"durabilitybytype": {
  //  "*-makeshift-*": 50,
  //  "*-apprentice-*": 300,
  //  "*-magician-*": 700,
  //  "*-spellweaver-*": 1100,
  //  "*-archmage-*": 1500
  //},

  //"tooltierbytype": {
  //  "*-makeshift-*": 1,
  //  "*-apprentice-*": 1,
  //  "*-magician-*": 2,
  //  "*-spellweaver-*": 3,
  //  "*-archmage-*": 4
  //},
  //"attackpowerbytype": {
  //  "*-makeshift-*": 0.8,
  //  "*-apprentice-*": 1.0,
  //  "*-magician-*": 1.3,
  //  "*-spellweaver-*": 1.7,
  //  "*-archmage-*": 2.2
  //},


  "guiTransformByType": {
    "toolspellcastinglacrima": {
      "translation": {
        "x": 0,
        "y": 0,
        "z": 0
      },
      "rotation": {
        "x": -77,
        "y": 46,
        "z": 15
      },
      "origin": {
        "x": 0.7,
        "y": 0.5,
        "z": 0.4
      },
      "scale": 1.2
    },
    "*-staffnebula-*": {
      "translation": {
        "x": 0,
        "y": 0,
        "z": 0
      },
      "rotation": {
        "x": -77,
        "y": 46,
        "z": 15
      },
      "origin": {
        "x": 0.7,
        "y": 0.5,
        "z": 0.4
      },
      "scale": 1.2
    },
    "*-staffreaper-*": {
      "translation": {
        "x": 0,
        "y": 0,
        "z": 0
      },
      "rotation": {
        "x": -77,
        "y": 46,
        "z": 15
      },
      "origin": {
        "x": 0.7,
        "y": 0.5,
        "z": 0.3
      },
      "scale": 1.2
    },
    "*": {
      "translation": {
        "x": 0,
        "y": 0,
        "z": 0
      },
      "rotation": {
        "x": -77,
        "y": 46,
        "z": 15
      },
      "origin": {
        "x": 0.8,
        "y": 1,
        "z": 0.3
      },
      "scale": 1.5
    }
  },
  "fpHandTransform": {
    "translation": {
      "x": -0.5,
      "y": -0.2,
      "z": 0
    },
    "rotation": {
      "x": -33,
      "y": 7,
      "z": 90
    },
    "scale": 2.75
  },

  "guiTransform": {
    "translation": {
      "x": 0,
      "y": 0,
      "z": 0
    },
    "rotation": {
      "x": -77,
      "y": 46,
      "z": 15
    },
    "origin": {
      "x": 0.7,
      "y": 0.5,
      "z": 0.3
    },
    "scale": 1.2
  },
  "groundTransform": {
    "translation": {
      "x": 0,
      "y": 0.4,
      "z": 0
    },
    "rotation": {
      "x": 0,
      "y": 0,
      "z": 0
    },
    "origin": {
      "x": 0.5,
      "y": 0.45,
      "z": 0.5
    },
    "scale": 4.5
  },
  "tpHandTransform": {
    "translation": {
      "x": -0.52,
      "y": -0.46,
      "z": -0.03
    },
    "rotation": {
      "x": 90,
      "y": 1,
      "z": 0
    },
    "scale": 0.5
  }
}