﻿[
	{
		"op": "add",
		"path": "/attributes/salveProperties",
		"value": {
			"isSalveOil": true,
			"langCode": "ancienttools:blockhelp-insert-oil"
		},
		"file": "game:itemtypes/resource/fat",
		"side": "Server",
		"condition": { "when": "SalveEnabled", "isValue": "true" }
	},
	{
		"op": "add",
		"path": "/attributes/handbook",
		"value": {
			extraSections: [{
				title: "ancienttools:handbook-usedfor-handbookinfo",
				text: "ancienttools:handbook-salve-craftinfo-dot"
			}],
		},
		"file": "game:itemtypes/resource/fat",
		"side": "Server",
		"condition": { "when": "SalveEnabled", "isValue": "true" }
	},
	{
		"op": "add",
		"path": "/behaviors",
		"value": [
			{ 
				name: "ConvertBlockUsingIngredient", 
				properties: {
					convertFromBlockCode: "game:claypot-burned",
					convertToBlockCode: "ancienttools:salvepot-empty"
				} 
			}
		],
		"file": "game:itemtypes/resource/fat",
		"side": "Server",
		"condition": { "when": "SalveEnabled", "isValue": "true" }
	}
]