{
  "code": "type",
  "variants": [
    {
      "code": "nospell"
    },

    // Innate:
    {
      "code": "transmutation"
    },



    // Tier 1:
    // Invocation: A school of magic that invokes destructive energies.
    {
      "code": "rustorb1"
    },

    /// Alteration: A school of magic that deals in buffs and healing.
    {
      "code": "plunder1"
    },
    {
      "code": "silentsteps1"
    },
    {
      "code": "equilibrium1"
    },
    {
      "code": "agility1"
    },

    /// Enchantment: A school of magic that manipulates objects properties.
    {
      "code": "befriendanimal1"
    },
    {
      "code": "hydratefarmland1"
    },



    //{
    //  "code": "hydratecrops1"
    //},
    {
      "code": "fertilize1"
    },
    {
      "code": "growth1"
    },
    {
      "code": "resistelements1"
    },
    {
      "code": "truenorth"
    },

    /// Conjuration: A school of magic that summons objects from the void.
    {
      "code": "summonlight1"
    },
    {
      "code": "summoncorpse"
    },



    // Tier 2:
    // Invocation: A school of magic that invokes destructive energies.
    {
      "code": "rustorb2"
    },
    {
      "code": "lifetap"
    },

    /// Alteration: A school of magic that deals in buffs and healing.
    {
      "code": "plunder2"
    },
    {
      "code": "silentsteps2"
    },
    {
      "code": "equilibrium2"
    },
    {
      "code": "agility2"
    },
    {
      "code": "excavation1"
    },
    {
      "code": "nourishingaura1"
    },
    {
      "code": "rapidshot1"
    },
    {
      "code": "strengthen1"
    },
    {
      "code": "swiftness1"
    },
    {
      "code": "tinkerer1"
    },

    /// Enchantment: A school of magic that manipulates objects properties.
    {
      "code": "befriendanimal2"
    },
    {
      "code": "hydratefarmland2"
    },
    //{
    //  "code": "hydratecrops2"
    //},
    {
      "code": "fertilize2"
    },
    {
      "code": "growth2"
    },
    {
      "code": "resistelements2"
    },
    {
      "code": "surfaceascent"
    },
    {
      "code": "endlessbreath"
    },
    {
      "code": "corpseswap"
    },

    /// Conjuration: A school of magic that summons objects from the void.
    {
      "code": "summonlight2"
    },



    // Tier 3:
    // Invocation: A school of magic that invokes destructive energies.
    {
      "code": "rustorb3"
    },
    {
      "code": "rustriposte1"
    },

    /// Alteration: A school of magic that deals in buffs and healing.
    {
      "code": "plunder3"
    },
    {
      "code": "silentsteps3"
    },
    {
      "code": "equilibrium3"
    },
    {
      "code": "agility3"
    },
    {
      "code": "excavation2"
    },
    {
      "code": "nourishingaura2"
    },
    {
      "code": "rapidshot2"
    },
    {
      "code": "strengthen2"
    },
    {
      "code": "swiftness2"
    },
    {
      "code": "tinkerer2"
    },
    {
      "code": "butcher1"
    },
    {
      "code": "velocity1"
    },

    /// Enchantment: A school of magic that manipulates objects properties.
    {
      "code": "befriendanimal3"
    },
    {
      "code": "hydratefarmland3"
    },
    //{
    //  "code": "hydratecrops3"
    //},
    {
      "code": "fertilize3"
    },
    {
      "code": "growth3"
    },
    {
      "code": "resistelements3"
    },
    {
      "code": "featherfall"
    },

    /// Conjuration: A school of magic that summons objects from the void.
    {
      "code": "summonlight3"
    },



    // Tier 4:
    // Invocation: A school of magic that invokes destructive energies.
    {
      "code": "rustorb4"
    },
    {
      "code": "rustriposte2"
    },

    /// Alteration: A school of magic that deals in buffs and healing.
    {
      "code": "plunder4"
    },
    {
      "code": "silentsteps4"
    },
    {
      "code": "equilibrium4"
    },
    {
      "code": "agility4"
    },
    {
      "code": "excavation3"
    },
    {
      "code": "nourishingaura3"
    },
    {
      "code": "rapidshot3"
    },
    {
      "code": "strengthen3"
    },
    {
      "code": "swiftness3"
    },
    {
      "code": "tinkerer3"
    },
    {
      "code": "butcher2"
    },
    {
      "code": "velocity2"
    },
    {
      "code": "prosperity"
    },
    {
      "code": "revive"
    },

    /// Enchantment: A school of magic that manipulates objects properties.
    {
      "code": "befriendanimal4"
    },
    {
      "code": "hydratefarmland4"
    },
    //{
    //  "code": "hydratecrops4"
    //},
    {
      "code": "fertilize4"
    },
    {
      "code": "growth4"
    },
    {
      "code": "resistelements4"
    },
    {
      "code": "fly"
    },

    /// Conjuration: A school of magic that summons objects from the void.
    {
      "code": "summonlight4"
    },
    {
      "code": "duplicate"
    }



  ]
}
