{
	"editor": {
		"allAngles": false,
		"entityTextureMode": false
	},
	"textureWidth": 16,
	"textureHeight": 16,
	"textureSizes": {
	},
	"textures": {
		"side": "game:block/wood/firewood/side",
		"string": "game:item/tool/material/string",
		"metal": "game:block/metal/plate/copper",
		"front": "game:block/wood/firewood/front10",
		"generic": "game:block/wood/planks/generic"
	},
	"elements": [
		{
			"name": "Cube1",
			"from": [ 8.0, 0.0, 5.0 ], 
			"to": [ 10.0, 2.0, 11.0 ], 
			"rotationOrigin": [ 8.0, 0.0, 5.0 ],
			"faces": {
				"north": { "texture": "#generic", "uv": [ 0.0, 0.0, 2.0, 2.0 ] },
				"east": { "texture": "#generic", "uv": [ 0.0, 0.0, 6.0, 2.0 ] },
				"south": { "texture": "#generic", "uv": [ 0.0, 0.0, 2.0, 2.0 ] },
				"west": { "texture": "#generic", "uv": [ 0.0, 0.0, 6.0, 2.0 ] },
				"up": { "texture": "#generic", "uv": [ 0.0, 0.0, 2.0, 6.0 ] },
				"down": { "texture": "#generic", "uv": [ 0.0, 0.0, 2.0, 6.0 ] }
			},
			"children": [
				{
					"name": "Cube9",
					"from": [ 0.5, -0.5, 2.0 ], 
					"to": [ 1.5, 2.5, 3.0 ], 
					"rotationOrigin": [ 1.0, -0.5, 2.5 ],
					"rotationY": 45.0,
					"faces": {
						"north": { "texture": "#side", "uv": [ 0.0, 0.0, 1.0, 3.0 ] },
						"east": { "texture": "#side", "uv": [ 0.0, 0.0, 1.0, 3.0 ] },
						"south": { "texture": "#side", "uv": [ 0.0, 0.0, 1.0, 3.0 ] },
						"west": { "texture": "#side", "uv": [ 0.0, 0.0, 1.0, 3.0 ] },
						"up": { "texture": "#front", "uv": [ 0.0, 0.0, 4.0, 4.0 ], "autoUv": false },
						"down": { "texture": "#front", "uv": [ 0.0, 0.0, 4.0, 4.0 ], "autoUv": false }
					}
				},
				{
					"name": "Cube13",
					"from": [ 0.5, 0.5, 6.0 ], 
					"to": [ 1.5, 1.5, 12.0 ], 
					"rotationOrigin": [ 0.5, 0.5, 6.0 ],
					"faces": {
						"north": { "texture": "#generic", "uv": [ 0.0, 0.0, 1.0, 1.0 ] },
						"east": { "texture": "#generic", "uv": [ 0.0, 0.0, 6.0, 1.0 ] },
						"south": { "texture": "#generic", "uv": [ 0.0, 0.0, 1.0, 1.0 ] },
						"west": { "texture": "#generic", "uv": [ 0.0, 0.0, 6.0, 1.0 ] },
						"up": { "texture": "#generic", "uv": [ 0.0, 0.0, 1.0, 6.0 ] },
						"down": { "texture": "#generic", "uv": [ 0.0, 0.0, 1.0, 6.0 ] }
					},
					"children": [
						{
							"name": "Cube14",
							"from": [ -0.3, -0.3, 2.0 ], 
							"to": [ 1.3, 1.3, 2.3 ], 
							"rotationOrigin": [ -0.3, -0.3, 2.0 ],
							"faces": {
								"north": { "texture": "#string", "uv": [ 0.0, 14.5, 1.5, 16.0 ] },
								"east": { "texture": "#string", "uv": [ 0.0, 14.0, 0.5, 15.5 ] },
								"south": { "texture": "#string", "uv": [ 0.0, 14.5, 1.5, 16.0 ] },
								"west": { "texture": "#string", "uv": [ 0.0, 14.5, 0.5, 16.0 ] },
								"up": { "texture": "#string", "uv": [ 0.0, 15.5, 1.5, 16.0 ] },
								"down": { "texture": "#string", "uv": [ 0.0, 15.5, 1.5, 16.0 ] }
							}
						},
						{
							"name": "Cube15",
							"from": [ -0.1, -0.1, 2.3 ], 
							"to": [ 1.1, 1.1, 5.0 ], 
							"rotationOrigin": [ -0.1, -0.1, 2.3 ],
							"faces": {
								"north": { "texture": "#string", "uv": [ 0.0, 15.0, 1.0, 16.0 ] },
								"east": { "texture": "#string", "uv": [ 0.0, 15.0, 2.5, 16.0 ] },
								"south": { "texture": "#string", "uv": [ 0.0, 15.0, 1.0, 16.0 ] },
								"west": { "texture": "#string", "uv": [ 0.0, 15.0, 2.5, 16.0 ] },
								"up": { "texture": "#string", "uv": [ 0.0, 13.5, 1.0, 16.0 ] },
								"down": { "texture": "#string", "uv": [ 0.0, 13.5, 1.0, 16.0 ] }
							}
						},
						{
							"name": "Cube16",
							"from": [ -0.3, -0.3, 5.0 ], 
							"to": [ 1.3, 1.3, 5.3 ], 
							"rotationOrigin": [ -0.3, -0.3, 5.0 ],
							"faces": {
								"north": { "texture": "#string", "uv": [ 0.0, 14.5, 1.5, 16.0 ] },
								"east": { "texture": "#string", "uv": [ 0.0, 14.0, 0.5, 15.5 ] },
								"south": { "texture": "#string", "uv": [ 0.0, 14.5, 1.5, 16.0 ] },
								"west": { "texture": "#string", "uv": [ 0.0, 14.5, 0.5, 16.0 ] },
								"up": { "texture": "#string", "uv": [ 0.0, 15.5, 1.5, 16.0 ] },
								"down": { "texture": "#string", "uv": [ 0.0, 15.5, 1.5, 16.0 ] }
							}
						}
					]
				}
			]
		},
		{
			"name": "Cube2",
			"from": [ 6.0, 0.5, 10.0 ], 
			"to": [ 7.0, 1.5, 17.0 ], 
			"rotationOrigin": [ 6.0, 0.5, 10.0 ],
			"faces": {
				"north": { "texture": "#generic", "uv": [ 0.0, 0.0, 1.0, 1.0 ] },
				"east": { "texture": "#generic", "uv": [ 0.0, 0.0, 7.0, 1.0 ] },
				"south": { "texture": "#generic", "uv": [ 0.0, 0.0, 1.0, 1.0 ] },
				"west": { "texture": "#generic", "uv": [ 0.0, 0.0, 7.0, 1.0 ] },
				"up": { "texture": "#generic", "uv": [ 0.0, 0.0, 1.0, 7.0 ] },
				"down": { "texture": "#generic", "uv": [ 0.0, 0.0, 1.0, 7.0 ] }
			},
			"children": [
				{
					"name": "Cube3",
					"from": [ 0.0, -0.1, -7.5 ], 
					"to": [ 1.0, 1.1, 0.0 ], 
					"rotationOrigin": [ 0.0, -0.1, 0.0 ],
					"rotationY": -45.0,
					"faces": {
						"north": { "texture": "#generic", "uv": [ 0.0, 0.0, 1.0, 1.0 ] },
						"east": { "texture": "#generic", "uv": [ 0.0, 0.0, 7.5, 1.0 ] },
						"south": { "texture": "#generic", "uv": [ 0.0, 0.0, 1.0, 1.0 ] },
						"west": { "texture": "#generic", "uv": [ 0.0, 0.0, 7.5, 1.0 ] },
						"up": { "texture": "#generic", "uv": [ 0.0, 0.0, 1.0, 7.5 ] },
						"down": { "texture": "#generic", "uv": [ 0.0, 0.0, 1.0, 7.5 ] }
					}
				},
				{
					"name": "Cube8",
					"from": [ 5.4, 0.2, -9.5 ], 
					"to": [ 6.0, 0.8, -4.6 ], 
					"rotationOrigin": [ 5.4, 0.2, -6.5 ],
					"faces": {
						"north": { "texture": "#metal", "uv": [ 0.0, 0.0, 0.5, 0.5 ] },
						"east": { "texture": "#metal", "uv": [ 0.0, 0.0, 4.5, 0.5 ] },
						"south": { "texture": "#metal", "uv": [ 0.0, 0.0, 0.5, 0.5 ] },
						"west": { "texture": "#metal", "uv": [ 0.0, 0.0, 4.5, 0.5 ] },
						"up": { "texture": "#metal", "uv": [ 0.0, 0.0, 0.5, 4.5 ] },
						"down": { "texture": "#metal", "uv": [ 0.0, 0.0, 0.5, 4.5 ] }
					}
				},
				{
					"name": "Cube10",
					"from": [ -0.3, -0.3, 3.0 ], 
					"to": [ 1.3, 1.3, 3.3 ], 
					"rotationOrigin": [ -0.3, -0.3, 3.0 ],
					"faces": {
						"north": { "texture": "#string", "uv": [ 0.0, 14.5, 1.5, 16.0 ] },
						"east": { "texture": "#string", "uv": [ 0.0, 14.0, 0.5, 15.5 ] },
						"south": { "texture": "#string", "uv": [ 0.0, 14.5, 1.5, 16.0 ] },
						"west": { "texture": "#string", "uv": [ 0.0, 14.5, 0.5, 16.0 ] },
						"up": { "texture": "#string", "uv": [ 0.0, 15.5, 1.5, 16.0 ] },
						"down": { "texture": "#string", "uv": [ 0.0, 15.5, 1.5, 16.0 ] }
					}
				},
				{
					"name": "Cube11",
					"from": [ -0.1, -0.1, 3.3 ], 
					"to": [ 1.1, 1.1, 6.0 ], 
					"rotationOrigin": [ -0.1, -0.1, 3.3 ],
					"faces": {
						"north": { "texture": "#string", "uv": [ 0.0, 15.0, 1.0, 16.0 ] },
						"east": { "texture": "#string", "uv": [ 0.0, 15.0, 2.5, 16.0 ] },
						"south": { "texture": "#string", "uv": [ 0.0, 15.0, 1.0, 16.0 ] },
						"west": { "texture": "#string", "uv": [ 0.0, 15.0, 2.5, 16.0 ] },
						"up": { "texture": "#string", "uv": [ 0.0, 13.5, 1.0, 16.0 ] },
						"down": { "texture": "#string", "uv": [ 0.0, 13.5, 1.0, 16.0 ] }
					}
				},
				{
					"name": "Cube12",
					"from": [ -0.3, -0.3, 6.0 ], 
					"to": [ 1.3, 1.3, 6.3 ], 
					"rotationOrigin": [ -0.3, -0.3, 6.0 ],
					"faces": {
						"north": { "texture": "#string", "uv": [ 0.0, 14.5, 1.5, 16.0 ] },
						"east": { "texture": "#string", "uv": [ 0.0, 14.0, 0.5, 15.5 ] },
						"south": { "texture": "#string", "uv": [ 0.0, 14.5, 1.5, 16.0 ] },
						"west": { "texture": "#string", "uv": [ 0.0, 14.5, 0.5, 16.0 ] },
						"up": { "texture": "#string", "uv": [ 0.0, 15.5, 1.5, 16.0 ] },
						"down": { "texture": "#string", "uv": [ 0.0, 15.5, 1.5, 16.0 ] }
					}
				},
				{
					"name": "Cube17",
					"from": [ 4.8, 0.3, -9.0 ], 
					"to": [ 5.4, 0.7, -4.5 ], 
					"rotationOrigin": [ 4.8, 0.3, -6.0 ],
					"faces": {
						"north": { "texture": "#metal", "uv": [ 0.0, 0.0, 0.5, 0.5 ] },
						"east": { "texture": "#metal", "uv": [ 0.0, 0.0, 4.5, 0.5 ] },
						"south": { "texture": "#metal", "uv": [ 0.0, 0.0, 0.5, 0.5 ] },
						"west": { "texture": "#metal", "uv": [ 0.0, 0.0, 4.5, 0.5 ] },
						"up": { "texture": "#metal", "uv": [ 0.0, 0.0, 0.5, 4.5 ] },
						"down": { "texture": "#metal", "uv": [ 0.0, 0.0, 0.5, 4.5 ] }
					}
				}
			]
		},
		{
			"name": "Cube4",
			"from": [ 8.2, 0.7, 0.0 ], 
			"to": [ 9.0, 1.3, 5.0 ], 
			"rotationOrigin": [ 8.2, 0.7, 0.0 ],
			"faces": {
				"north": { "texture": "#metal", "uv": [ 0.0, 0.0, 0.5, 0.5 ] },
				"east": { "texture": "#metal", "uv": [ 0.0, 0.0, 5.0, 0.5 ] },
				"south": { "texture": "#metal", "uv": [ 0.0, 0.0, 0.5, 0.5 ] },
				"west": { "texture": "#metal", "uv": [ 0.0, 0.0, 5.0, 0.5 ] },
				"up": { "texture": "#metal", "uv": [ 0.0, 0.0, 0.5, 5.0 ] },
				"down": { "texture": "#metal", "uv": [ 0.0, 0.0, 0.5, 5.0 ] }
			},
			"children": [
				{
					"name": "Cube5",
					"from": [ 0.8, 0.1, 0.0 ], 
					"to": [ 1.6, 0.5, 1.0 ], 
					"rotationOrigin": [ 0.8, 0.1, 0.0 ],
					"faces": {
						"north": { "texture": "#metal", "uv": [ 0.0, 0.0, 0.5, 0.5 ] },
						"east": { "texture": "#metal", "uv": [ 0.0, 0.0, 1.0, 0.5 ] },
						"south": { "texture": "#metal", "uv": [ 0.0, 0.0, 0.5, 0.5 ] },
						"west": { "texture": "#metal", "uv": [ 0.0, 0.0, 1.0, 0.5 ] },
						"up": { "texture": "#metal", "uv": [ 0.0, 0.0, 0.5, 1.0 ] },
						"down": { "texture": "#metal", "uv": [ 0.0, 0.0, 0.5, 1.0 ] }
					}
				},
				{
					"name": "Cube6",
					"from": [ 0.8, 0.1, 1.5 ], 
					"to": [ 1.6, 0.5, 2.5 ], 
					"rotationOrigin": [ 0.8, 0.1, 1.5 ],
					"faces": {
						"north": { "texture": "#metal", "uv": [ 0.0, 0.0, 0.5, 0.5 ] },
						"east": { "texture": "#metal", "uv": [ 0.0, 0.0, 1.0, 0.5 ] },
						"south": { "texture": "#metal", "uv": [ 0.0, 0.0, 0.5, 0.5 ] },
						"west": { "texture": "#metal", "uv": [ 0.0, 0.0, 1.0, 0.5 ] },
						"up": { "texture": "#metal", "uv": [ 0.0, 0.0, 0.5, 1.0 ] },
						"down": { "texture": "#metal", "uv": [ 0.0, 0.0, 0.5, 1.0 ] }
					}
				},
				{
					"name": "Cube7",
					"from": [ 0.8, 0.1, 3.0 ], 
					"to": [ 1.6, 0.5, 4.0 ], 
					"rotationOrigin": [ 0.8, 0.1, 3.0 ],
					"faces": {
						"north": { "texture": "#metal", "uv": [ 0.0, 0.0, 0.5, 0.5 ] },
						"east": { "texture": "#metal", "uv": [ 0.0, 0.0, 1.0, 0.5 ] },
						"south": { "texture": "#metal", "uv": [ 0.0, 0.0, 0.5, 0.5 ] },
						"west": { "texture": "#metal", "uv": [ 0.0, 0.0, 1.0, 0.5 ] },
						"up": { "texture": "#metal", "uv": [ 0.0, 0.0, 0.5, 1.0 ] },
						"down": { "texture": "#metal", "uv": [ 0.0, 0.0, 0.5, 1.0 ] }
					}
				}
			]
		}
	]}