{
	code: "chiseledforge",
	class: "BlockDecoForge",
	entityClass: "BEDecoForge",
	shape: {
		base: "game:block/stone/forge/forge"
	},
	behaviors: [{"name": "BBChiseledCover"},{ name: "HeatSource" }],
	entityBehaviors: [{"name": "BEBChiseledCover"}],
	attributes: {
		mapColorCode: "settlement"
	},
	blockmaterial: "Stone",
	creativeinventory: { "chiseltools": ["*"] },
	replaceable: 500,
	lightAbsorption: 0,
	resistance: 3.5,
	sounds: {
		walk: "walk/stone",
		byTool: {
			"Pickaxe": { hit: "block/rock-hit-pickaxe", break: "block/rock-break-pickaxe" }
		}
	},
	sidesolid: { all: false },
	sideopaque: { all: false },
	textures: {
		"coal": { base: "game:block/coal/bituminous" },
		"ember": { base: "game:block/coal/ember" }
	},
	collisionbox: { x1: 0.0625, y1: 0, z1: 0.0625, x2: 0.9375, y2: 0.875, z2: 0.9375 },
	selectionbox: { x1: 0.0625, y1: 0, z1: 0.0625, x2: 0.9375, y2: 0.875, z2: 0.9375 },
	heldTpIdleAnimation: "holdbothhandslarge", heldRightReadyAnimation: "heldblockready", heldTpUseAnimation: "twohandplaceblock",
	tpHandTransform: {
		translation: { x: -1.23, y: -0.91, z: -0.8 },
		rotation: { x: -2, y: 25, z: -78 },
		scale: 0.4
	}
}