{
	code: "chiseledflowerpot",
	classByType: {
		
		"*": "BlockDecoPlantContainer"
	},
	entityClassByType: {
		
		"*": "BEDecoPlantContainer"
	},
	behaviorsByType: {
		
		"*": [{"name": "BBChiseledCover"},{name: "UnstableFalling", properties: { attachmentArea: { x1: 5, y1: 0, z1: 5, x2: 10, y2: 0, z2: 10 } }}]
	},
	entityBehaviors: [{"name": "BEBChiseledCover"}],
	attributes: {
		sitHeight: 0.75,
		beeFeedByType: {
			"*-empty": false,
			"*": true
		},
		butterflyFeedByType: {
			"*-empty": false,
			"*": true
		},
		plantContainerSize: "small",
		filledShape: { base: "game:block/clay/flowerpot/full" },
		fillHeight: 0.375
	},
	variantgroups: [
		{ code: "type", states: ["deco"] }
	],
	shape: { base: "game:block/clay/flowerpot/empty" },
	doNotRenderAtLod2: true,
	creativeinventory: { "chiseltools": ["*"] },
	blockmaterial: "Ceramic",
	replaceable: 900,
	resistance: 1.5,
	lightAbsorption: 1,
	maxStackSize: 8,
	texturesByType: {
		
		"*": { 
			sides: {  base: "game:block/clay/planter/soil" },
			topbottom: {  base: "game:block/clay/planter/soil" },
			soil: { base: "game:block/clay/planter/soil" }
		}
	},
	sidesolid: {
		all: false
	},
	sideopaque: {
		all: false
	},
	emitsideao: {
		all: false
	},
	sounds: {
		"walk": "walk/stone",
		"break": "block/ceramicplace",
		"hit": "block/ceramichit",
		"place": "block/ceramicplace"
	},
	combustiblePropsByType: {
		"flowerpot-raw": {
			meltingPoint: 600,
			meltingDuration: 30,
			smeltedRatio: 1,
			smeltingType: "fire",
			smeltedStack: { type: "block", code: "flowerpot-burnt" },
			requiresContainer: false
		}
	},
	collisionbox: {
		x1: 0.3125, y1: 0, z1: 0.3125,
		x2: 0.6875, y2: 0.4375, z2: 0.6875
	},
	selectionbox: {
		x1: 0.3125, y1: 0, z1: 0.3125,
		x2: 0.6875, y2: 0.4375, z2: 0.6875
	},
	tpHandTransform: {
		translation: { x: -1.5, y: -0.9, z: -1 },
		rotation: { x: -78, y: 32, z: -95 },
		scale: 0.45
	},
	guiTransform: {
		origin: { x: 0.5, y: 0.3, z: 0.5 },
		scale: 1.5
	}
}
