{
	code: "chiseleddisplaycase",
	behaviors: [{"name": "BBChiseledCover"}],
	entityBehaviors: [{"name": "BEBChiseledCover"}],	
	
	attributes: {
		height: 0.5
	},
	class: "BlockDecoDisplayCase",
	entityClass: "BEDecoDisplayCase",
	creativeinventory: { "chiseltools": ["*"] },
	shape: { base: "game:block/wood/displaycase/generic" },
	drawtype: "json",
	blockmaterial: "Wood",
	replaceable: 600,
	resistance: 3,
	lightAbsorption: 0,
	heldTpIdleAnimation: "holdbothhandslarge", heldRightReadyAnimation: "heldblockready", heldTpUseAnimation: "twohandplaceblock",
	sounds: {
		"place": "block/planks",
		"break": "block/glass",
		"hit": "block/glass",
		"walk": "walk/glass*",
	},
	collisionSelectionBoxes: [
		{ x1: 0.0625, y1: 0, z1: 0.0625, x2: 0.5, y2: 0.625, z2: 0.5 },
		{ x1: 0.5, y1: 0, z1: 0.0625, x2: 0.9375, y2: 0.625, z2: 0.5 },
		{ x1: 0.0625, y1: 0, z1: 0.5, x2: 0.5, y2: 0.625, z2: 0.9375 },
		{ x1: 0.5, y1: 0, z1: 0.5, x2: 0.9375, y2: 0.625, z2: 0.9375 },
	],
	sideopaque: { all: false },
	sideao: { all: true },
	emitsideao: { all: false },
	sidesolid: { all: false },
	tpHandTransform: {
		translation: { x: -1.34, y: -0.39, z: -0.53 },
		rotation: { x: 8, y: 14, z: -81 },
		origin: { x: 0.5, y: 0.25, z: 0.5 },
		scale: 0.5
	}
}