[
  {
    "ingredientPattern": "OSH,ZP_,IC_",
    "width": 3,
    "height": 3,
    "ingredients": {
      "P": {
        "type": "item",
        "code": "game:plank-*",
        "quantity": 4
      },
      "S": {
        "type": "item",
        "code": "game:saw-*",
        "isTool": true,
        "toolDurabilityCost": 32
      },
      "H": {
        "type": "item",
        "code": "game:hammer-*",
        "isTool": true,
        "toolDurabilityCost": 8
      },
      "I": {
        "type": "item",
        "code": "game:metalplate-iron",
        "quantity": 1
      },
      "O": {
        "type": "item",
        "code": "game:metalplate-copper",
        "quantity": 1
      },
      "Z": {
        "type": "item",
        "code": "game:metalplate-zinc",
        "quantity": 1
      },
      "C": {
        "type": "block",
        "code": "electricity:cable-*",
        "quantity": 8
      }
    },
    "output": {
      "type": "block",
      "code": "electricity:accumulator",
      "quantity": 1
    }
  }
]